geneid,KaKs_bases,KaKs_r,n_blocks,pos_info,KaKs_bases2,KaKs_r2,n_blocks2,pos_info2
FUN_011815,0,0.0,0,pos,0,0.0,0,pos
FUN_006371,0,0.0,0,pos,0,0.0,0,pos
FUN_016742,0,0.0,0,pos,0,0.0,0,pos
FUN_005023,126,0.04007633587786259,3,pos_s1614_e1662_s1680_e1710_s2988_e3036,54,0.01717557251908397,1,pos_s1620_e1662
FUN_007870,216,0.08571428571428572,3,pos_s180_e240_s414_e450_s1638_e1668,0,0.0,0,pos
FUN_009688,0,0.0,0,pos,0,0.0,0,pos
FUN_016766,0,0.0,0,pos,0,0.0,0,pos
FUN_012151,0,0.0,0,pos,0,0.0,0,pos
FUN_003357,126,0.168,2,pos_s222_e294_s426_e468,30,0.04,1,pos_s222_e252
FUN_016859,0,0.0,0,pos,0,0.0,0,pos
FUN_003286,78,0.010333863275039745,0,pos,0,0.0,0,pos
FUN_009186,0,0.0,0,pos,0,0.0,0,pos
FUN_003985,120,0.03361344537815126,1,pos_s762_e822,24,0.0067226890756302525,0,pos
FUN_003858,0,0.0,0,pos,0,0.0,0,pos
FUN_004393,24,0.005188067444876783,0,pos,0,0.0,0,pos
FUN_000334,258,0.1048780487804878,3,pos_s726_e864_s1338_e1392_s1416_e1452,180,0.07317073170731707,3,pos_s816_e864_s1344_e1392_s1416_e1452
FUN_001278,120,0.049019607843137254,1,pos_s1710_e1818,0,0.0,0,pos
FUN_010966,282,0.13428571428571429,4,pos_s162_e234_s252_e282_s612_e684_s822_e852,126,0.06,2,pos_s168_e222_s618_e648
FUN_000433,0,0.0,0,pos,0,0.0,0,pos
FUN_003794,0,0.0,0,pos,0,0.0,0,pos
FUN_002342,0,0.0,0,pos,0,0.0,0,pos
FUN_011482,138,0.052752293577981654,2,pos_s2232_e2268_s2508_e2598,72,0.027522935779816515,1,pos_s2508_e2580
FUN_002191,0,0.0,0,pos,0,0.0,0,pos
FUN_006483,0,0.0,0,pos,0,0.0,0,pos
FUN_000250,42,0.03626943005181347,1,pos_s480_e516,0,0.0,0,pos
FUN_009362,0,0.0,0,pos,0,0.0,0,pos
FUN_004364,0,0.0,0,pos,0,0.0,0,pos
FUN_007453,0,0.0,0,pos,0,0.0,0,pos
FUN_003831,0,0.0,0,pos,0,0.0,0,pos
FUN_007763,126,0.023411371237458192,1,pos_s1224_e1320,0,0.0,0,pos
FUN_005510,192,0.11267605633802817,2,pos_s858_e906_s918_e972,42,0.02464788732394366,1,pos_s942_e972
FUN_009929,0,0.0,0,pos,0,0.0,0,pos
FUN_001436,0,0.0,0,pos,0,0.0,0,pos
FUN_005991,0,0.0,0,pos,0,0.0,0,pos
FUN_000938,42,0.00995732574679943,1,pos_s4032_e4062,0,0.0,0,pos
FUN_001810,0,0.0,0,pos,0,0.0,0,pos
FUN_000206,186,0.028233151183970857,2,pos_s1788_e1890_s1902_e1956,0,0.0,0,pos
FUN_006250,0,0.0,0,pos,0,0.0,0,pos
FUN_005082,0,0.0,0,pos,0,0.0,0,pos
FUN_006553,6,0.003861003861003861,0,pos,0,0.0,0,pos
FUN_003706,12,0.004415011037527594,0,pos,0,0.0,0,pos
FUN_001821,54,0.04591836734693878,0,pos,36,0.030612244897959183,1,pos_s1134_e1170
FUN_001179,0,0.0,0,pos,0,0.0,0,pos
FUN_008163,12,0.003992015968063872,0,pos,0,0.0,0,pos
FUN_003932,6,0.003816793893129771,0,pos,0,0.0,0,pos
FUN_011705,0,0.0,0,pos,0,0.0,0,pos
FUN_003265,0,0.0,0,pos,0,0.0,0,pos
FUN_011575,0,0.0,0,pos,0,0.0,0,pos
FUN_002711,0,0.0,0,pos,0,0.0,0,pos
FUN_016612,0,0.0,0,pos,0,0.0,0,pos
FUN_016496,0,0.0,0,pos,0,0.0,0,pos
FUN_009956,0,0.0,0,pos,0,0.0,0,pos
FUN_003729,0,0.0,0,pos,0,0.0,0,pos
FUN_002885,78,0.029612756264236904,1,pos_s2262_e2316,0,0.0,0,pos
FUN_002408,0,0.0,0,pos,0,0.0,0,pos
FUN_008228,156,0.03951367781155015,2,pos_s792_e840_s3180_e3240,36,0.00911854103343465,1,pos_s3180_e3216
FUN_002577,90,0.07246376811594203,1,pos_s1134_e1224,0,0.0,0,pos
FUN_000666,0,0.0,0,pos,0,0.0,0,pos
FUN_008236,0,0.0,0,pos,0,0.0,0,pos
FUN_005532,0,0.0,0,pos,0,0.0,0,pos
FUN_006657,534,0.08388312912346843,5,pos_s324_e432_s732_e834_s1644_e1686_s2148_e2298_s5916_e5952,252,0.03958529688972667,5,pos_s324_e366_s732_e822_s1650_e1680_s2208_e2238_s2250_e2292
FUN_007354,96,0.003128666405944466,1,pos_s17424_e17520,0,0.0,0,pos
FUN_002081,0,0.0,0,pos,0,0.0,0,pos
FUN_003401,0,0.0,0,pos,0,0.0,0,pos
FUN_016195,0,0.0,0,pos,0,0.0,0,pos
FUN_010252,0,0.0,0,pos,0,0.0,0,pos
FUN_005344,0,0.0,0,pos,0,0.0,0,pos
FUN_009937,12,0.019417475728155338,0,pos,0,0.0,0,pos
FUN_003675,246,0.059077809798270896,4,pos_s198_e282_s894_e924_s2874_e2922_s4056_e4086,114,0.027377521613832854,2,pos_s204_e282_s4056_e4086
FUN_000491,42,0.029661016949152543,1,pos_s402_e444,0,0.0,0,pos
FUN_004164,0,0.0,0,pos,0,0.0,0,pos
FUN_006141,0,0.0,0,pos,0,0.0,0,pos
FUN_004438,0,0.0,0,pos,0,0.0,0,pos
FUN_006206,6,0.00392156862745098,0,pos,0,0.0,0,pos
FUN_008336,0,0.0,0,pos,0,0.0,0,pos
FUN_005300,0,0.0,0,pos,0,0.0,0,pos
FUN_000035,24,0.018018018018018018,0,pos,24,0.018018018018018018,0,pos
FUN_004582,0,0.0,0,pos,0,0.0,0,pos
FUN_003786,0,0.0,0,pos,0,0.0,0,pos
FUN_004308,0,0.0,0,pos,0,0.0,0,pos
FUN_008937,0,0.0,0,pos,0,0.0,0,pos
FUN_004495,6,0.014705882352941176,0,pos,0,0.0,0,pos
FUN_003173,0,0.0,0,pos,0,0.0,0,pos
FUN_008996,0,0.0,0,pos,0,0.0,0,pos
FUN_009474,324,0.07152317880794702,5,pos_s1812_e1902_s3234_e3276_s3282_e3312_s3336_e3378_s4140_e4176,114,0.025165562913907286,2,pos_s1812_e1866_s4146_e4176
FUN_001391,0,0.0,0,pos,0,0.0,0,pos
FUN_002738,30,0.010526315789473684,0,pos,0,0.0,0,pos
FUN_016066,0,0.0,0,pos,0,0.0,0,pos
FUN_005667,0,0.0,0,pos,0,0.0,0,pos
FUN_015434,0,0.0,0,pos,0,0.0,0,pos
FUN_011263,0,0.0,0,pos,0,0.0,0,pos
FUN_010461,0,0.0,0,pos,0,0.0,0,pos
FUN_009945,0,0.0,0,pos,0,0.0,0,pos
FUN_016873,0,0.0,0,pos,0,0.0,0,pos
FUN_002365,42,0.04430379746835443,1,pos_s186_e228,0,0.0,0,pos
FUN_002162,18,0.014925373134328358,0,pos,0,0.0,0,pos
FUN_009720,84,0.0625,1,pos_s432_e492,18,0.013392857142857142,0,pos
FUN_003429,240,0.04008016032064128,2,pos_s1770_e1878_s2010_e2070,66,0.011022044088176353,0,pos
FUN_005443,186,0.06540084388185655,4,pos_s348_e378_s570_e606_s618_e648_s2580_e2628,0,0.0,0,pos
FUN_006804,0,0.0,0,pos,0,0.0,0,pos
FUN_004824,0,0.0,0,pos,0,0.0,0,pos
FUN_008269,438,0.11986863711001643,6,pos_s246_e288_s996_e1044_s1092_e1188_s3204_e3252_s3294_e3336_s3444_e3498,180,0.04926108374384237,2,pos_s1092_e1176_s3456_e3486
FUN_012521,0,0.0,0,pos,0,0.0,0,pos
FUN_002829,0,0.0,0,pos,0,0.0,0,pos
FUN_006265,0,0.0,0,pos,0,0.0,0,pos
FUN_006865,0,0.0,0,pos,0,0.0,0,pos
FUN_001136,0,0.0,0,pos,0,0.0,0,pos
FUN_005784,54,0.0989010989010989,1,pos_s180_e234,24,0.04395604395604396,0,pos
FUN_007464,0,0.0,0,pos,0,0.0,0,pos
FUN_010680,0,0.0,0,pos,0,0.0,0,pos
FUN_000187,0,0.0,0,pos,0,0.0,0,pos
FUN_012541,0,0.0,0,pos,0,0.0,0,pos
FUN_003539,6,0.002506265664160401,0,pos,0,0.0,0,pos
FUN_004434,0,0.0,0,pos,0,0.0,0,pos
FUN_015600,0,0.0,0,pos,0,0.0,0,pos
FUN_012403,54,0.012016021361815754,1,pos_s1572_e1614,48,0.010680907877169559,1,pos_s1572_e1614
FUN_010940,348,0.07733333333333334,3,pos_s1980_e2046_s2484_e2526_s3420_e3474,0,0.0,0,pos
FUN_008282,0,0.0,0,pos,0,0.0,0,pos
FUN_009915,0,0.0,0,pos,0,0.0,0,pos
FUN_016781,0,0.0,0,pos,0,0.0,0,pos
FUN_016238,0,0.0,0,pos,0,0.0,0,pos
FUN_011112,0,0.0,0,pos,0,0.0,0,pos
FUN_005286,0,0.0,0,pos,0,0.0,0,pos
FUN_003821,0,0.0,0,pos,0,0.0,0,pos
FUN_003882,0,0.0,0,pos,0,0.0,0,pos
FUN_006167,30,0.047619047619047616,1,pos_s54_e84,18,0.02857142857142857,0,pos
FUN_001349,0,0.0,0,pos,0,0.0,0,pos
FUN_007609,54,0.08181818181818182,1,pos_s228_e258,12,0.01818181818181818,0,pos
FUN_016615,0,0.0,0,pos,0,0.0,0,pos
FUN_005759,0,0.0,0,pos,0,0.0,0,pos
FUN_008200,0,0.0,0,pos,0,0.0,0,pos
FUN_010556,270,0.11780104712041885,3,pos_s360_e390_s408_e492_s2112_e2238,84,0.03664921465968586,1,pos_s2166_e2226
FUN_016522,0,0.0,0,pos,0,0.0,0,pos
FUN_009964,0,0.0,0,pos,0,0.0,0,pos
FUN_011095,540,0.06488824801730353,8,pos_s2310_e2358_s4176_e4236_s4242_e4284_s5346_e5382_s5844_e5874_s7578_e7656_s7914_e7950_s7956_e7992,96,0.011535688536409516,1,pos_s7590_e7656
FUN_007399,0,0.0,0,pos,0,0.0,0,pos
FUN_005114,0,0.0,0,pos,0,0.0,0,pos
FUN_008623,0,0.0,0,pos,0,0.0,0,pos
FUN_003824,72,0.03669724770642202,2,pos_s456_e486_s696_e738,6,0.0030581039755351682,0,pos
FUN_007787,0,0.0,0,pos,0,0.0,0,pos
FUN_008427,0,0.0,0,pos,0,0.0,0,pos
FUN_015348,0,0.0,0,pos,0,0.0,0,pos
FUN_001554,0,0.0,0,pos,0,0.0,0,pos
FUN_016124,0,0.0,0,pos,0,0.0,0,pos
FUN_016397,96,0.12030075187969924,1,pos_s690_e774,0,0.0,0,pos
FUN_015452,0,0.0,0,pos,0,0.0,0,pos
FUN_004306,0,0.0,0,pos,0,0.0,0,pos
FUN_006336,6,0.0045045045045045045,0,pos,6,0.0045045045045045045,0,pos
FUN_007691,72,0.08,1,pos_s168_e240,0,0.0,0,pos
FUN_000139,0,0.0,0,pos,0,0.0,0,pos
FUN_001200,0,0.0,0,pos,0,0.0,0,pos
FUN_016293,0,0.0,0,pos,0,0.0,0,pos
FUN_010702,360,0.7407407407407407,3,pos_s108_e234_s270_e396_s402_e474,24,0.04938271604938271,0,pos
FUN_011040,42,0.02564102564102564,1,pos_s888_e930,0,0.0,0,pos
FUN_008232,48,0.07766990291262135,1,pos_s420_e450,0,0.0,0,pos
FUN_003145,0,0.0,0,pos,0,0.0,0,pos
FUN_004699,222,0.1417624521072797,2,pos_s258_e342_s558_e672,90,0.05747126436781609,1,pos_s588_e672
FUN_003299,0,0.0,0,pos,0,0.0,0,pos
FUN_000249,0,0.0,0,pos,0,0.0,0,pos
FUN_010194,0,0.0,0,pos,0,0.0,0,pos
FUN_006943,0,0.0,0,pos,0,0.0,0,pos
FUN_010181,0,0.0,0,pos,0,0.0,0,pos
FUN_008030,0,0.0,0,pos,0,0.0,0,pos
FUN_003274,0,0.0,0,pos,0,0.0,0,pos
FUN_015376,0,0.0,0,pos,0,0.0,0,pos
FUN_001575,72,0.029850746268656716,1,pos_s804_e846,6,0.0024875621890547263,0,pos
FUN_008091,48,0.009195402298850575,1,pos_s1086_e1116,0,0.0,0,pos
FUN_016194,0,0.0,0,pos,0,0.0,0,pos
FUN_007592,48,0.0299625468164794,0,pos,18,0.011235955056179775,0,pos
FUN_010928,222,0.0883054892601432,2,pos_s366_e456_s684_e714,48,0.01909307875894988,0,pos
FUN_008546,0,0.0,0,pos,0,0.0,0,pos
FUN_012454,0,0.0,0,pos,0,0.0,0,pos
FUN_002974,0,0.0,0,pos,0,0.0,0,pos
FUN_006725,0,0.0,0,pos,0,0.0,0,pos
FUN_016473,0,0.0,0,pos,0,0.0,0,pos
FUN_009782,0,0.0,0,pos,0,0.0,0,pos
FUN_010669,0,0.0,0,pos,0,0.0,0,pos
FUN_001062,0,0.0,0,pos,0,0.0,0,pos
FUN_015630,0,0.0,0,pos,0,0.0,0,pos
FUN_004069,0,0.0,0,pos,0,0.0,0,pos
FUN_001340,0,0.0,0,pos,0,0.0,0,pos
FUN_010662,0,0.0,0,pos,0,0.0,0,pos
FUN_008187,0,0.0,0,pos,0,0.0,0,pos
FUN_012328,0,0.0,0,pos,0,0.0,0,pos
FUN_003405,0,0.0,0,pos,0,0.0,0,pos
FUN_007550,48,0.027210884353741496,1,pos_s384_e432,24,0.013605442176870748,0,pos
FUN_009320,0,0.0,0,pos,0,0.0,0,pos
FUN_004441,0,0.0,0,pos,0,0.0,0,pos
FUN_006236,6,0.007194244604316547,0,pos,0,0.0,0,pos
FUN_009943,0,0.0,0,pos,0,0.0,0,pos
FUN_001674,0,0.0,0,pos,0,0.0,0,pos
FUN_001112,12,0.021052631578947368,0,pos,0,0.0,0,pos
FUN_002818,78,0.013429752066115703,1,pos_s4920_e4998,18,0.0030991735537190084,0,pos
FUN_015341,0,0.0,0,pos,0,0.0,0,pos
FUN_005894,0,0.0,0,pos,0,0.0,0,pos
FUN_008901,0,0.0,0,pos,0,0.0,0,pos
FUN_009260,0,0.0,0,pos,0,0.0,0,pos
FUN_011546,0,0.0,0,pos,0,0.0,0,pos
FUN_000652,0,0.0,0,pos,0,0.0,0,pos
FUN_000354,0,0.0,0,pos,0,0.0,0,pos
FUN_012302,0,0.0,0,pos,0,0.0,0,pos
FUN_002528,54,0.060810810810810814,0,pos,0,0.0,0,pos
FUN_002705,0,0.0,0,pos,0,0.0,0,pos
FUN_004617,18,0.019736842105263157,0,pos,0,0.0,0,pos
FUN_001415,0,0.0,0,pos,0,0.0,0,pos
FUN_016764,0,0.0,0,pos,0,0.0,0,pos
FUN_003449,0,0.0,0,pos,0,0.0,0,pos
FUN_010353,0,0.0,0,pos,0,0.0,0,pos
FUN_002692,0,0.0,0,pos,0,0.0,0,pos
FUN_016493,0,0.0,0,pos,0,0.0,0,pos
FUN_011036,0,0.0,0,pos,0,0.0,0,pos
FUN_012188,0,0.0,0,pos,0,0.0,0,pos
FUN_002169,12,0.005449591280653951,0,pos,0,0.0,0,pos
FUN_015249,0,0.0,0,pos,0,0.0,0,pos
FUN_010948,0,0.0,0,pos,0,0.0,0,pos
FUN_000953,0,0.0,0,pos,0,0.0,0,pos
FUN_006435,108,0.10843373493975904,1,pos_s774_e882,30,0.030120481927710843,1,pos_s822_e852
FUN_008635,0,0.0,0,pos,0,0.0,0,pos
FUN_010361,72,0.023809523809523808,0,pos,0,0.0,0,pos
FUN_002182,0,0.0,0,pos,0,0.0,0,pos
FUN_009120,90,0.053763440860215055,1,pos_s1170_e1254,24,0.014336917562724014,0,pos
FUN_007230,78,0.06220095693779904,1,pos_s732_e774,0,0.0,0,pos
FUN_009704,144,0.13043478260869565,1,pos_s780_e888,78,0.07065217391304347,1,pos_s786_e864
FUN_012216,0,0.0,0,pos,0,0.0,0,pos
FUN_008327,36,0.012244897959183673,1,pos_s2082_e2118,36,0.012244897959183673,1,pos_s2082_e2118
FUN_012164,0,0.0,0,pos,0,0.0,0,pos
FUN_012269,0,0.0,0,pos,0,0.0,0,pos
FUN_004912,0,0.0,0,pos,0,0.0,0,pos
FUN_005495,0,0.0,0,pos,0,0.0,0,pos
FUN_000277,0,0.0,0,pos,0,0.0,0,pos
FUN_006778,0,0.0,0,pos,0,0.0,0,pos
FUN_015337,0,0.0,0,pos,0,0.0,0,pos
FUN_001018,0,0.0,0,pos,0,0.0,0,pos
FUN_000561,0,0.0,0,pos,0,0.0,0,pos
FUN_004859,150,0.18382352941176472,0,pos,24,0.029411764705882353,0,pos
FUN_007971,162,0.19852941176470587,2,pos_s408_e450_s564_e678,96,0.11764705882352941,1,pos_s582_e678
FUN_008820,0,0.0,0,pos,0,0.0,0,pos
FUN_004620,24,0.024844720496894408,0,pos,0,0.0,0,pos
FUN_001651,0,0.0,0,pos,0,0.0,0,pos
FUN_003337,0,0.0,0,pos,0,0.0,0,pos
FUN_001730,0,0.0,0,pos,0,0.0,0,pos
FUN_007282,0,0.0,0,pos,0,0.0,0,pos
FUN_004813,0,0.0,0,pos,0,0.0,0,pos
FUN_009279,0,0.0,0,pos,0,0.0,0,pos
FUN_007656,0,0.0,0,pos,0,0.0,0,pos
FUN_012281,0,0.0,0,pos,0,0.0,0,pos
FUN_008348,12,0.009523809523809525,0,pos,0,0.0,0,pos
FUN_010297,0,0.0,0,pos,0,0.0,0,pos
FUN_006234,60,0.15151515151515152,0,pos,0,0.0,0,pos
FUN_009230,0,0.0,0,pos,0,0.0,0,pos
FUN_006349,0,0.0,0,pos,0,0.0,0,pos
FUN_005475,0,0.0,0,pos,0,0.0,0,pos
FUN_015598,0,0.0,0,pos,0,0.0,0,pos
FUN_011845,0,0.0,0,pos,0,0.0,0,pos
FUN_012098,0,0.0,0,pos,0,0.0,0,pos
FUN_002960,126,0.07835820895522388,2,pos_s252_e312_s894_e948,0,0.0,0,pos
FUN_009213,0,0.0,0,pos,0,0.0,0,pos
FUN_009383,0,0.0,0,pos,0,0.0,0,pos
FUN_005183,0,0.0,0,pos,0,0.0,0,pos
FUN_005628,0,0.0,0,pos,0,0.0,0,pos
FUN_009862,0,0.0,0,pos,0,0.0,0,pos
FUN_002491,0,0.0,0,pos,0,0.0,0,pos
FUN_000393,234,0.16595744680851063,4,pos_s24_e144_s384_e414_s732_e762_s1344_e1380,114,0.08085106382978724,3,pos_s36_e90_s102_e132_s1350_e1380
FUN_001833,84,0.037037037037037035,1,pos_s870_e924,36,0.015873015873015872,0,pos
FUN_006281,0,0.0,0,pos,0,0.0,0,pos
FUN_009477,0,0.0,0,pos,0,0.0,0,pos
FUN_000772,0,0.0,0,pos,0,0.0,0,pos
FUN_008079,84,0.022187004754358162,1,pos_s1158_e1236,54,0.014263074484944533,1,pos_s1158_e1206
FUN_016861,0,0.0,0,pos,0,0.0,0,pos
FUN_005896,0,0.0,0,pos,0,0.0,0,pos
FUN_004300,0,0.0,0,pos,0,0.0,0,pos
FUN_005555,0,0.0,0,pos,0,0.0,0,pos
FUN_010885,204,0.29310344827586204,1,pos_s54_e258,36,0.05172413793103448,1,pos_s144_e180
FUN_016536,12,0.0025477707006369425,0,pos,0,0.0,0,pos
FUN_003059,0,0.0,0,pos,0,0.0,0,pos
FUN_009932,12,0.017241379310344827,0,pos,0,0.0,0,pos
FUN_004182,6,0.005747126436781609,0,pos,0,0.0,0,pos
FUN_001600,72,0.005937654626422563,1,pos_s7056_e7104,0,0.0,0,pos
FUN_006014,0,0.0,0,pos,0,0.0,0,pos
FUN_016786,0,0.0,0,pos,0,0.0,0,pos
FUN_009420,54,0.05660377358490566,1,pos_s588_e642,0,0.0,0,pos
FUN_005149,0,0.0,0,pos,0,0.0,0,pos
FUN_004648,36,0.0594059405940594,1,pos_s294_e330,12,0.019801980198019802,0,pos
FUN_011168,114,0.08962264150943396,1,pos_s1044_e1116,72,0.05660377358490566,1,pos_s1044_e1116
FUN_004520,0,0.0,0,pos,0,0.0,0,pos
FUN_006488,0,0.0,0,pos,0,0.0,0,pos
FUN_009848,0,0.0,0,pos,0,0.0,0,pos
FUN_004029,90,0.0847457627118644,2,pos_s600_e642_s978_e1014,30,0.02824858757062147,0,pos
FUN_009082,0,0.0,0,pos,0,0.0,0,pos
FUN_000888,0,0.0,0,pos,0,0.0,0,pos
FUN_000638,156,0.14606741573033707,2,pos_s54_e84_s852_e960,18,0.016853932584269662,0,pos
FUN_004957,0,0.0,0,pos,0,0.0,0,pos
FUN_008867,300,0.028768699654775604,5,pos_s4056_e4092_s4290_e4356_s7122_e7164_s9780_e9822_s10302_e10380,12,0.0011507479861910242,0,pos
FUN_000935,0,0.0,0,pos,0,0.0,0,pos
FUN_001395,0,0.0,0,pos,0,0.0,0,pos
FUN_005111,162,0.1067193675889328,2,pos_s216_e252_s702_e756,18,0.011857707509881422,0,pos
FUN_003341,0,0.0,0,pos,0,0.0,0,pos
FUN_015904,0,0.0,0,pos,0,0.0,0,pos
FUN_006933,0,0.0,0,pos,0,0.0,0,pos
FUN_002854,0,0.0,0,pos,0,0.0,0,pos
FUN_010233,78,0.12264150943396226,2,pos_s162_e204_s234_e270,0,0.0,0,pos
FUN_007143,0,0.0,0,pos,0,0.0,0,pos
FUN_006472,0,0.0,0,pos,0,0.0,0,pos
FUN_006176,48,0.07407407407407407,1,pos_s504_e534,0,0.0,0,pos
FUN_009085,0,0.0,0,pos,0,0.0,0,pos
FUN_003282,0,0.0,0,pos,0,0.0,0,pos
FUN_009807,0,0.0,0,pos,0,0.0,0,pos
FUN_012109,0,0.0,0,pos,0,0.0,0,pos
FUN_010659,0,0.0,0,pos,0,0.0,0,pos
FUN_004925,18,0.007712082262210797,0,pos,0,0.0,0,pos
FUN_000756,0,0.0,0,pos,0,0.0,0,pos
FUN_002311,0,0.0,0,pos,0,0.0,0,pos
FUN_005699,0,0.0,0,pos,0,0.0,0,pos
FUN_009854,0,0.0,0,pos,0,0.0,0,pos
FUN_009987,0,0.0,0,pos,0,0.0,0,pos
FUN_001055,84,0.0472972972972973,1,pos_s156_e186,0,0.0,0,pos
FUN_004157,24,0.013157894736842105,0,pos,0,0.0,0,pos
FUN_002195,54,0.047872340425531915,1,pos_s0_e54,0,0.0,0,pos
FUN_004873,0,0.0,0,pos,0,0.0,0,pos
FUN_005651,228,0.27941176470588236,2,pos_s378_e462_s504_e648,192,0.23529411764705882,2,pos_s402_e462_s534_e648
FUN_002026,0,0.0,0,pos,0,0.0,0,pos
FUN_002550,54,0.07964601769911504,0,pos,30,0.04424778761061947,0,pos
FUN_015616,0,0.0,0,pos,0,0.0,0,pos
FUN_005828,0,0.0,0,pos,0,0.0,0,pos
FUN_004345,0,0.0,0,pos,0,0.0,0,pos
FUN_009611,132,0.11398963730569948,2,pos_s294_e354_s378_e420,54,0.046632124352331605,1,pos_s294_e348
FUN_008113,12,0.008032128514056224,0,pos,0,0.0,0,pos
FUN_010597,0,0.0,0,pos,0,0.0,0,pos
FUN_007359,30,0.011904761904761904,0,pos,0,0.0,0,pos
FUN_002835,0,0.0,0,pos,0,0.0,0,pos
FUN_009961,0,0.0,0,pos,0,0.0,0,pos
FUN_007461,0,0.0,0,pos,0,0.0,0,pos
FUN_009632,12,0.003590664272890485,0,pos,0,0.0,0,pos
FUN_002817,54,0.04433497536945813,1,pos_s312_e366,0,0.0,0,pos
FUN_010660,84,0.02564102564102564,1,pos_s2280_e2358,0,0.0,0,pos
FUN_007101,24,0.010075566750629723,0,pos,0,0.0,0,pos
FUN_016460,0,0.0,0,pos,0,0.0,0,pos
FUN_011195,0,0.0,0,pos,0,0.0,0,pos
FUN_007268,0,0.0,0,pos,0,0.0,0,pos
FUN_011932,0,0.0,0,pos,0,0.0,0,pos
FUN_004629,48,0.04819277108433735,1,pos_s222_e270,0,0.0,0,pos
FUN_002234,0,0.0,0,pos,0,0.0,0,pos
FUN_000283,0,0.0,0,pos,0,0.0,0,pos
FUN_007479,0,0.0,0,pos,0,0.0,0,pos
FUN_009336,0,0.0,0,pos,0,0.0,0,pos
FUN_002797,12,0.005154639175257732,0,pos,0,0.0,0,pos
FUN_008500,0,0.0,0,pos,0,0.0,0,pos
FUN_012382,0,0.0,0,pos,0,0.0,0,pos
FUN_008086,0,0.0,0,pos,0,0.0,0,pos
FUN_009332,120,0.12422360248447205,1,pos_s522_e618,42,0.043478260869565216,1,pos_s528_e570
FUN_010146,0,0.0,0,pos,0,0.0,0,pos
FUN_009901,0,0.0,0,pos,0,0.0,0,pos
FUN_003327,18,0.0379746835443038,0,pos,0,0.0,0,pos
FUN_015608,0,0.0,0,pos,0,0.0,0,pos
FUN_000587,0,0.0,0,pos,0,0.0,0,pos
FUN_007124,18,0.009174311926605505,0,pos,0,0.0,0,pos
FUN_010318,0,0.0,0,pos,0,0.0,0,pos
FUN_005251,156,0.065,2,pos_s1596_e1626_s2136_e2214,0,0.0,0,pos
FUN_015831,0,0.0,0,pos,0,0.0,0,pos
FUN_002223,36,0.014018691588785047,0,pos,0,0.0,0,pos
FUN_000238,54,0.03571428571428571,0,pos,12,0.007936507936507936,0,pos
FUN_006033,18,0.017142857142857144,0,pos,0,0.0,0,pos
FUN_005400,0,0.0,0,pos,0,0.0,0,pos
FUN_004027,0,0.0,0,pos,0,0.0,0,pos
FUN_009093,0,0.0,0,pos,0,0.0,0,pos
FUN_007964,102,0.10559006211180125,0,pos,30,0.031055900621118012,0,pos
FUN_003494,0,0.0,0,pos,0,0.0,0,pos
FUN_010268,0,0.0,0,pos,0,0.0,0,pos
FUN_006991,0,0.0,0,pos,0,0.0,0,pos
FUN_005701,0,0.0,0,pos,0,0.0,0,pos
FUN_006551,66,0.047619047619047616,1,pos_s774_e840,0,0.0,0,pos
FUN_011293,0,0.0,0,pos,0,0.0,0,pos
FUN_005093,0,0.0,0,pos,0,0.0,0,pos
FUN_004078,0,0.0,0,pos,0,0.0,0,pos
FUN_000297,0,0.0,0,pos,0,0.0,0,pos
FUN_004981,18,0.014285714285714285,0,pos,0,0.0,0,pos
FUN_002707,0,0.0,0,pos,0,0.0,0,pos
FUN_007975,0,0.0,0,pos,0,0.0,0,pos
FUN_015546,0,0.0,0,pos,0,0.0,0,pos
FUN_000899,0,0.0,0,pos,0,0.0,0,pos
FUN_012315,0,0.0,0,pos,0,0.0,0,pos
FUN_001732,18,0.012048192771084338,0,pos,0,0.0,0,pos
FUN_008707,0,0.0,0,pos,0,0.0,0,pos
FUN_005705,24,0.031496062992125984,0,pos,0,0.0,0,pos
FUN_009889,0,0.0,0,pos,0,0.0,0,pos
FUN_000843,0,0.0,0,pos,0,0.0,0,pos
FUN_011130,606,0.1600633914421553,7,pos_s1290_e1356_s1566_e1596_s2214_e2304_s2310_e2364_s2550_e2580_s3096_e3192_s3234_e3408,174,0.04595879556259905,2,pos_s2310_e2346_s3270_e3330
FUN_010281,0,0.0,0,pos,0,0.0,0,pos
FUN_006199,0,0.0,0,pos,0,0.0,0,pos
FUN_008006,162,0.10037174721189591,1,pos_s138_e246,84,0.05204460966542751,2,pos_s156_e204_s210_e246
FUN_000344,0,0.0,0,pos,0,0.0,0,pos
FUN_001060,24,0.024844720496894408,0,pos,0,0.0,0,pos
FUN_002969,0,0.0,0,pos,0,0.0,0,pos
FUN_002950,0,0.0,0,pos,0,0.0,0,pos
FUN_000203,0,0.0,0,pos,0,0.0,0,pos
FUN_012371,0,0.0,0,pos,0,0.0,0,pos
FUN_004354,0,0.0,0,pos,0,0.0,0,pos
FUN_009295,84,0.04878048780487805,1,pos_s234_e318,30,0.017421602787456445,1,pos_s288_e318
FUN_009178,0,0.0,0,pos,0,0.0,0,pos
FUN_009308,0,0.0,0,pos,0,0.0,0,pos
FUN_008922,42,0.015873015873015872,0,pos,0,0.0,0,pos
FUN_005046,0,0.0,0,pos,0,0.0,0,pos
FUN_002848,0,0.0,0,pos,0,0.0,0,pos
FUN_011071,234,0.40625,2,pos_s114_e144_s300_e486,96,0.16666666666666666,2,pos_s342_e384_s408_e462
FUN_002769,0,0.0,0,pos,0,0.0,0,pos
FUN_016471,0,0.0,0,pos,0,0.0,0,pos
FUN_008537,0,0.0,0,pos,0,0.0,0,pos
FUN_011842,0,0.0,0,pos,0,0.0,0,pos
FUN_006249,42,0.008997429305912597,0,pos,12,0.002570694087403599,0,pos
FUN_006172,0,0.0,0,pos,0,0.0,0,pos
FUN_001301,0,0.0,0,pos,0,0.0,0,pos
FUN_005666,0,0.0,0,pos,0,0.0,0,pos
FUN_001851,0,0.0,0,pos,0,0.0,0,pos
FUN_010479,72,0.005794302269435055,1,pos_s11124_e11154,0,0.0,0,pos
FUN_010482,0,0.0,0,pos,0,0.0,0,pos
FUN_005279,0,0.0,0,pos,0,0.0,0,pos
FUN_004147,0,0.0,0,pos,0,0.0,0,pos
FUN_011385,24,0.0223463687150838,0,pos,18,0.01675977653631285,0,pos
FUN_012339,0,0.0,0,pos,0,0.0,0,pos
FUN_010703,36,0.02666666666666667,0,pos,0,0.0,0,pos
FUN_003649,6,0.007194244604316547,0,pos,0,0.0,0,pos
FUN_008036,54,0.009404388714733543,0,pos,6,0.0010449320794148381,0,pos
FUN_010933,0,0.0,0,pos,0,0.0,0,pos
FUN_003112,24,0.03571428571428571,0,pos,0,0.0,0,pos
FUN_002624,0,0.0,0,pos,0,0.0,0,pos
FUN_011502,0,0.0,0,pos,0,0.0,0,pos
FUN_009246,78,0.026804123711340205,2,pos_s2082_e2112_s2118_e2160,0,0.0,0,pos
FUN_011702,0,0.0,0,pos,0,0.0,0,pos
FUN_000316,0,0.0,0,pos,0,0.0,0,pos
FUN_009657,0,0.0,0,pos,0,0.0,0,pos
FUN_011635,0,0.0,0,pos,0,0.0,0,pos
FUN_008018,0,0.0,0,pos,0,0.0,0,pos
FUN_000041,24,0.03305785123966942,0,pos,0,0.0,0,pos
FUN_006545,0,0.0,0,pos,0,0.0,0,pos
FUN_001253,60,0.04424778761061947,0,pos,0,0.0,0,pos
FUN_004998,36,0.04316546762589928,1,pos_s672_e708,0,0.0,0,pos
FUN_002412,0,0.0,0,pos,0,0.0,0,pos
FUN_007782,0,0.0,0,pos,0,0.0,0,pos
FUN_007697,0,0.0,0,pos,0,0.0,0,pos
FUN_004958,0,0.0,0,pos,0,0.0,0,pos
FUN_003283,18,0.014705882352941176,0,pos,0,0.0,0,pos
FUN_015915,0,0.0,0,pos,0,0.0,0,pos
FUN_010036,0,0.0,0,pos,0,0.0,0,pos
FUN_000436,0,0.0,0,pos,0,0.0,0,pos
FUN_016549,0,0.0,0,pos,0,0.0,0,pos
FUN_008951,0,0.0,0,pos,0,0.0,0,pos
FUN_016455,0,0.0,0,pos,0,0.0,0,pos
FUN_009369,270,0.2556818181818182,2,pos_s720_e864_s942_e1026,60,0.056818181818181816,1,pos_s774_e828
FUN_001671,0,0.0,0,pos,0,0.0,0,pos
FUN_002987,156,0.10655737704918032,1,pos_s1182_e1290,18,0.012295081967213115,0,pos
FUN_006081,0,0.0,0,pos,0,0.0,0,pos
FUN_010063,0,0.0,0,pos,0,0.0,0,pos
FUN_010982,0,0.0,0,pos,0,0.0,0,pos
FUN_004316,0,0.0,0,pos,0,0.0,0,pos
FUN_011182,72,0.024793388429752067,1,pos_s1752_e1824,36,0.012396694214876033,0,pos
FUN_012481,0,0.0,0,pos,0,0.0,0,pos
FUN_009643,0,0.0,0,pos,0,0.0,0,pos
FUN_001908,0,0.0,0,pos,0,0.0,0,pos
FUN_002622,0,0.0,0,pos,0,0.0,0,pos
FUN_005096,0,0.0,0,pos,0,0.0,0,pos
FUN_005657,0,0.0,0,pos,0,0.0,0,pos
FUN_001749,0,0.0,0,pos,0,0.0,0,pos
FUN_010020,0,0.0,0,pos,0,0.0,0,pos
FUN_016675,0,0.0,0,pos,0,0.0,0,pos
FUN_011953,0,0.0,0,pos,0,0.0,0,pos
FUN_010410,6,0.0045045045045045045,0,pos,0,0.0,0,pos
FUN_002189,0,0.0,0,pos,0,0.0,0,pos
FUN_007462,0,0.0,0,pos,0,0.0,0,pos
FUN_000555,0,0.0,0,pos,0,0.0,0,pos
FUN_006114,0,0.0,0,pos,0,0.0,0,pos
FUN_007780,0,0.0,0,pos,0,0.0,0,pos
FUN_008508,84,0.0440251572327044,1,pos_s780_e864,0,0.0,0,pos
FUN_004740,150,0.1,2,pos_s690_e762_s1002_e1080,6,0.004,0,pos
FUN_008841,0,0.0,0,pos,0,0.0,0,pos
FUN_009058,0,0.0,0,pos,0,0.0,0,pos
FUN_004553,0,0.0,0,pos,0,0.0,0,pos
FUN_016790,0,0.0,0,pos,0,0.0,0,pos
FUN_005092,0,0.0,0,pos,0,0.0,0,pos
FUN_003904,0,0.0,0,pos,0,0.0,0,pos
FUN_003217,0,0.0,0,pos,0,0.0,0,pos
FUN_002668,30,0.10416666666666667,0,pos,0,0.0,0,pos
FUN_016580,0,0.0,0,pos,0,0.0,0,pos
FUN_006519,0,0.0,0,pos,0,0.0,0,pos
FUN_002995,0,0.0,0,pos,0,0.0,0,pos
FUN_008944,0,0.0,0,pos,0,0.0,0,pos
FUN_000068,0,0.0,0,pos,0,0.0,0,pos
FUN_011367,168,0.043010752688172046,1,pos_s0_e60,12,0.0030721966205837174,0,pos
FUN_004786,180,0.14423076923076922,3,pos_s54_e84_s96_e132_s252_e342,36,0.028846153846153848,0,pos
FUN_004536,42,0.08641975308641975,0,pos,24,0.04938271604938271,0,pos
FUN_015369,0,0.0,0,pos,0,0.0,0,pos
FUN_009565,0,0.0,0,pos,0,0.0,0,pos
FUN_011279,0,0.0,0,pos,0,0.0,0,pos
FUN_005314,0,0.0,0,pos,0,0.0,0,pos
FUN_010848,24,0.057971014492753624,0,pos,0,0.0,0,pos
FUN_016707,0,0.0,0,pos,0,0.0,0,pos
FUN_001894,0,0.0,0,pos,0,0.0,0,pos
FUN_006216,0,0.0,0,pos,0,0.0,0,pos
FUN_001392,1038,0.04456465739309634,14,pos_s3846_e3882_s4800_e4848_s6990_e7062_s8724_e8754_s11412_e11442_s11940_e11976_s11988_e12054_s12852_e12906_s15000_e15030_s15588_e15618_s17784_e17898_s18744_e18858_s20100_e20214_s20388_e20430,270,0.011591962905718702,3,pos_s17856_e17892_s18810_e18858_s20112_e20196
FUN_004650,0,0.0,0,pos,0,0.0,0,pos
FUN_016753,0,0.0,0,pos,0,0.0,0,pos
FUN_007183,54,0.07964601769911504,0,pos,0,0.0,0,pos
FUN_001808,0,0.0,0,pos,0,0.0,0,pos
FUN_006831,0,0.0,0,pos,0,0.0,0,pos
FUN_008722,66,0.06962025316455696,1,pos_s594_e660,12,0.012658227848101266,0,pos
FUN_002667,0,0.0,0,pos,0,0.0,0,pos
FUN_000704,84,0.06829268292682927,1,pos_s1002_e1068,0,0.0,0,pos
FUN_007573,0,0.0,0,pos,0,0.0,0,pos
FUN_005326,0,0.0,0,pos,0,0.0,0,pos
FUN_006099,696,0.0817477096546864,9,pos_s1098_e1134_s1170_e1200_s3276_e3318_s3528_e3630_s4056_e4086_s5232_e5358_s5376_e5472_s5508_e5586_s5622_e5664,258,0.030303030303030304,3,pos_s5238_e5346_s5388_e5454_s5556_e5586
FUN_002759,168,0.06588235294117648,2,pos_s870_e924_s1704_e1782,36,0.01411764705882353,1,pos_s1704_e1740
FUN_001681,0,0.0,0,pos,0,0.0,0,pos
FUN_001088,0,0.0,0,pos,0,0.0,0,pos
FUN_004730,0,0.0,0,pos,0,0.0,0,pos
FUN_000349,0,0.0,0,pos,0,0.0,0,pos
FUN_005819,48,0.06896551724137931,1,pos_s426_e474,0,0.0,0,pos
FUN_008993,0,0.0,0,pos,0,0.0,0,pos
FUN_004000,0,0.0,0,pos,0,0.0,0,pos
FUN_016867,0,0.0,0,pos,0,0.0,0,pos
FUN_001042,0,0.0,0,pos,0,0.0,0,pos
FUN_003461,360,0.07905138339920949,3,pos_s2520_e2568_s3570_e3660_s4248_e4290,78,0.017127799736495388,2,pos_s2526_e2568_s3612_e3648
FUN_016637,0,0.0,0,pos,0,0.0,0,pos
FUN_006739,96,0.057971014492753624,1,pos_s768_e816,0,0.0,0,pos
FUN_003266,0,0.0,0,pos,0,0.0,0,pos
FUN_015801,0,0.0,0,pos,0,0.0,0,pos
FUN_016266,0,0.0,0,pos,0,0.0,0,pos
FUN_008868,138,0.05974025974025974,1,pos_s1986_e2106,54,0.023376623376623377,1,pos_s2070_e2106
FUN_011500,0,0.0,0,pos,0,0.0,0,pos
FUN_005269,0,0.0,0,pos,0,0.0,0,pos
FUN_009838,54,0.008840864440078585,0,pos,0,0.0,0,pos
FUN_007055,12,0.002844950213371266,0,pos,0,0.0,0,pos
FUN_007690,54,0.038461538461538464,1,pos_s84_e114,0,0.0,0,pos
FUN_009620,0,0.0,0,pos,0,0.0,0,pos
FUN_015947,0,0.0,0,pos,0,0.0,0,pos
FUN_012240,0,0.0,0,pos,0,0.0,0,pos
FUN_006562,0,0.0,0,pos,0,0.0,0,pos
FUN_005245,6,0.010101010101010102,0,pos,0,0.0,0,pos
FUN_016448,0,0.0,0,pos,0,0.0,0,pos
FUN_009351,0,0.0,0,pos,0,0.0,0,pos
FUN_012448,0,0.0,0,pos,0,0.0,0,pos
FUN_008770,60,0.030303030303030304,0,pos,30,0.015151515151515152,0,pos
FUN_009146,24,0.029197080291970802,0,pos,0,0.0,0,pos
FUN_006405,0,0.0,0,pos,0,0.0,0,pos
FUN_008587,0,0.0,0,pos,0,0.0,0,pos
FUN_002715,0,0.0,0,pos,0,0.0,0,pos
FUN_000570,0,0.0,0,pos,0,0.0,0,pos
FUN_003380,0,0.0,0,pos,0,0.0,0,pos
FUN_009528,54,0.05325443786982249,1,pos_s900_e948,0,0.0,0,pos
FUN_016320,0,0.0,0,pos,0,0.0,0,pos
FUN_003131,0,0.0,0,pos,0,0.0,0,pos
FUN_012340,0,0.0,0,pos,0,0.0,0,pos
FUN_010821,0,0.0,0,pos,0,0.0,0,pos
FUN_003548,0,0.0,0,pos,0,0.0,0,pos
FUN_002124,0,0.0,0,pos,0,0.0,0,pos
FUN_009029,0,0.0,0,pos,0,0.0,0,pos
FUN_016220,0,0.0,0,pos,0,0.0,0,pos
FUN_006689,0,0.0,0,pos,0,0.0,0,pos
FUN_008379,0,0.0,0,pos,0,0.0,0,pos
FUN_002486,48,0.017857142857142856,1,pos_s2574_e2616,0,0.0,0,pos
FUN_016102,0,0.0,0,pos,0,0.0,0,pos
FUN_011105,0,0.0,0,pos,0,0.0,0,pos
FUN_001034,0,0.0,0,pos,0,0.0,0,pos
FUN_010118,90,0.12396694214876033,2,pos_s324_e366_s390_e432,0,0.0,0,pos
FUN_001663,0,0.0,0,pos,0,0.0,0,pos
FUN_003245,0,0.0,0,pos,0,0.0,0,pos
FUN_003233,144,0.0221606648199446,2,pos_s1872_e1914_s5328_e5376,0,0.0,0,pos
FUN_012267,0,0.0,0,pos,0,0.0,0,pos
FUN_000088,12,0.015267175572519083,0,pos,0,0.0,0,pos
FUN_009307,0,0.0,0,pos,0,0.0,0,pos
FUN_003577,0,0.0,0,pos,0,0.0,0,pos
FUN_004191,0,0.0,0,pos,0,0.0,0,pos
FUN_016746,0,0.0,0,pos,0,0.0,0,pos
FUN_003529,60,0.03773584905660377,1,pos_s840_e900,60,0.03773584905660377,1,pos_s840_e900
FUN_001751,60,0.01303780964797914,1,pos_s3486_e3522,0,0.0,0,pos
FUN_000269,12,0.005633802816901409,0,pos,0,0.0,0,pos
FUN_005605,0,0.0,0,pos,0,0.0,0,pos
FUN_015366,0,0.0,0,pos,0,0.0,0,pos
FUN_008291,0,0.0,0,pos,0,0.0,0,pos
FUN_005794,90,0.12096774193548387,1,pos_s156_e246,0,0.0,0,pos
FUN_007430,240,0.09732360097323602,4,pos_s594_e642_s1740_e1776_s1818_e1848_s2316_e2418,78,0.031630170316301706,1,pos_s2316_e2382
FUN_005950,0,0.0,0,pos,0,0.0,0,pos
FUN_004311,0,0.0,0,pos,0,0.0,0,pos
FUN_001057,0,0.0,0,pos,0,0.0,0,pos
FUN_005449,0,0.0,0,pos,0,0.0,0,pos
FUN_001860,114,0.25333333333333335,1,pos_s36_e150,18,0.04,0,pos
FUN_006518,0,0.0,0,pos,0,0.0,0,pos
FUN_003809,30,0.027624309392265192,0,pos,0,0.0,0,pos
FUN_001616,0,0.0,0,pos,0,0.0,0,pos
FUN_011297,114,0.04241071428571429,2,pos_s60_e132_s144_e174,48,0.017857142857142856,1,pos_s96_e132
FUN_006208,0,0.0,0,pos,0,0.0,0,pos
FUN_015658,0,0.0,0,pos,0,0.0,0,pos
FUN_007195,18,0.007334963325183374,0,pos,0,0.0,0,pos
FUN_005774,0,0.0,0,pos,0,0.0,0,pos
FUN_015830,0,0.0,0,pos,0,0.0,0,pos
FUN_000586,0,0.0,0,pos,0,0.0,0,pos
FUN_007495,0,0.0,0,pos,0,0.0,0,pos
FUN_004331,0,0.0,0,pos,0,0.0,0,pos
FUN_006709,0,0.0,0,pos,0,0.0,0,pos
FUN_001132,0,0.0,0,pos,0,0.0,0,pos
FUN_016392,0,0.0,0,pos,0,0.0,0,pos
FUN_016590,0,0.0,0,pos,0,0.0,0,pos
FUN_008368,0,0.0,0,pos,0,0.0,0,pos
FUN_001517,0,0.0,0,pos,0,0.0,0,pos
FUN_005348,0,0.0,0,pos,0,0.0,0,pos
FUN_007846,0,0.0,0,pos,0,0.0,0,pos
FUN_006511,0,0.0,0,pos,0,0.0,0,pos
FUN_006496,222,0.06468531468531469,3,pos_s1488_e1524_s1764_e1818_s2190_e2232,12,0.0034965034965034965,0,pos
FUN_010713,0,0.0,0,pos,0,0.0,0,pos
FUN_003578,0,0.0,0,pos,0,0.0,0,pos
FUN_009544,0,0.0,0,pos,0,0.0,0,pos
FUN_016115,0,0.0,0,pos,0,0.0,0,pos
FUN_003682,108,0.16363636363636364,2,pos_s138_e210_s402_e432,30,0.045454545454545456,1,pos_s180_e210
FUN_002395,24,0.08163265306122448,0,pos,0,0.0,0,pos
FUN_008483,0,0.0,0,pos,0,0.0,0,pos
FUN_009947,0,0.0,0,pos,0,0.0,0,pos
FUN_001011,30,0.040983606557377046,0,pos,0,0.0,0,pos
FUN_007103,78,0.03724928366762178,2,pos_s1710_e1752_s1788_e1824,0,0.0,0,pos
FUN_001930,0,0.0,0,pos,0,0.0,0,pos
FUN_007252,120,0.03690036900369004,2,pos_s642_e672_s1158_e1230,42,0.012915129151291513,1,pos_s1164_e1200
FUN_004860,0,0.0,0,pos,0,0.0,0,pos
FUN_010553,0,0.0,0,pos,0,0.0,0,pos
FUN_007920,0,0.0,0,pos,0,0.0,0,pos
FUN_001662,0,0.0,0,pos,0,0.0,0,pos
FUN_000852,0,0.0,0,pos,0,0.0,0,pos
FUN_016809,0,0.0,0,pos,0,0.0,0,pos
FUN_008157,246,0.10594315245478036,4,pos_s564_e624_s768_e804_s978_e1032_s1806_e1866,0,0.0,0,pos
FUN_002175,0,0.0,0,pos,0,0.0,0,pos
FUN_007460,0,0.0,0,pos,0,0.0,0,pos
FUN_015292,0,0.0,0,pos,0,0.0,0,pos
FUN_011064,0,0.0,0,pos,0,0.0,0,pos
FUN_002664,0,0.0,0,pos,0,0.0,0,pos
FUN_003197,0,0.0,0,pos,0,0.0,0,pos
FUN_002101,0,0.0,0,pos,0,0.0,0,pos
FUN_010514,0,0.0,0,pos,0,0.0,0,pos
FUN_000261,60,0.038910505836575876,1,pos_s876_e924,24,0.01556420233463035,0,pos
FUN_005039,0,0.0,0,pos,0,0.0,0,pos
FUN_009239,18,0.058823529411764705,0,pos,12,0.0392156862745098,0,pos
FUN_000413,0,0.0,0,pos,0,0.0,0,pos
FUN_015561,0,0.0,0,pos,0,0.0,0,pos
FUN_007625,0,0.0,0,pos,0,0.0,0,pos
FUN_003509,72,0.024691358024691357,1,pos_s216_e246,0,0.0,0,pos
FUN_004762,0,0.0,0,pos,0,0.0,0,pos
FUN_006829,0,0.0,0,pos,0,0.0,0,pos
FUN_015617,0,0.0,0,pos,0,0.0,0,pos
FUN_007466,0,0.0,0,pos,0,0.0,0,pos
FUN_009421,0,0.0,0,pos,0,0.0,0,pos
FUN_015263,0,0.0,0,pos,0,0.0,0,pos
FUN_006101,0,0.0,0,pos,0,0.0,0,pos
FUN_003893,0,0.0,0,pos,0,0.0,0,pos
FUN_016383,0,0.0,0,pos,0,0.0,0,pos
FUN_000825,84,0.04964539007092199,2,pos_s642_e696_s780_e810,12,0.0070921985815602835,0,pos
FUN_004593,0,0.0,0,pos,0,0.0,0,pos
FUN_006107,252,0.208955223880597,3,pos_s456_e540_s582_e636_s642_e738,60,0.04975124378109453,1,pos_s666_e696
FUN_004723,30,0.040983606557377046,0,pos,0,0.0,0,pos
FUN_010390,0,0.0,0,pos,0,0.0,0,pos
FUN_004700,72,0.037267080745341616,1,pos_s846_e912,0,0.0,0,pos
FUN_007948,0,0.0,0,pos,0,0.0,0,pos
FUN_008116,0,0.0,0,pos,0,0.0,0,pos
FUN_016629,0,0.0,0,pos,0,0.0,0,pos
FUN_004282,0,0.0,0,pos,0,0.0,0,pos
FUN_010023,0,0.0,0,pos,0,0.0,0,pos
FUN_012162,0,0.0,0,pos,0,0.0,0,pos
FUN_008357,18,0.00646551724137931,0,pos,0,0.0,0,pos
FUN_008349,0,0.0,0,pos,0,0.0,0,pos
FUN_001807,0,0.0,0,pos,0,0.0,0,pos
FUN_005624,0,0.0,0,pos,0,0.0,0,pos
FUN_010566,0,0.0,0,pos,0,0.0,0,pos
FUN_000077,24,0.013468013468013467,0,pos,0,0.0,0,pos
FUN_012192,0,0.0,0,pos,0,0.0,0,pos
FUN_003907,18,0.006666666666666667,0,pos,6,0.0022222222222222222,0,pos
FUN_005275,408,0.4892086330935252,3,pos_s108_e222_s228_e414_s528_e558,240,0.28776978417266186,3,pos_s180_e222_s228_e276_s288_e414
FUN_001484,0,0.0,0,pos,0,0.0,0,pos
FUN_010860,0,0.0,0,pos,0,0.0,0,pos
FUN_012361,0,0.0,0,pos,0,0.0,0,pos
FUN_012074,0,0.0,0,pos,0,0.0,0,pos
FUN_015270,0,0.0,0,pos,0,0.0,0,pos
FUN_007414,0,0.0,0,pos,0,0.0,0,pos
FUN_011621,0,0.0,0,pos,0,0.0,0,pos
FUN_000451,66,0.019855595667870037,1,pos_s234_e264,0,0.0,0,pos
FUN_007949,30,0.014705882352941176,0,pos,30,0.014705882352941176,0,pos
FUN_000637,0,0.0,0,pos,0,0.0,0,pos
FUN_007627,0,0.0,0,pos,0,0.0,0,pos
FUN_008022,0,0.0,0,pos,0,0.0,0,pos
FUN_004896,0,0.0,0,pos,0,0.0,0,pos
FUN_016838,0,0.0,0,pos,0,0.0,0,pos
FUN_001429,0,0.0,0,pos,0,0.0,0,pos
FUN_001366,36,0.007633587786259542,1,pos_s3630_e3660,0,0.0,0,pos
FUN_003917,18,0.005,0,pos,0,0.0,0,pos
FUN_008728,0,0.0,0,pos,0,0.0,0,pos
FUN_002562,48,0.0299625468164794,0,pos,6,0.003745318352059925,0,pos
FUN_001053,84,0.04294478527607362,1,pos_s1482_e1530,6,0.003067484662576687,0,pos
FUN_004705,192,0.10847457627118644,2,pos_s930_e1020_s1044_e1146,78,0.04406779661016949,1,pos_s930_e996
FUN_008322,0,0.0,0,pos,0,0.0,0,pos
FUN_011104,90,0.03667481662591687,1,pos_s2178_e2268,84,0.034229828850855744,1,pos_s2178_e2262
FUN_003052,78,0.014908256880733946,1,pos_s4704_e4752,18,0.0034403669724770644,0,pos
FUN_004534,0,0.0,0,pos,0,0.0,0,pos
FUN_009166,78,0.03724928366762178,2,pos_s966_e996_s1002_e1032,42,0.02005730659025788,0,pos
FUN_007043,0,0.0,0,pos,0,0.0,0,pos
FUN_016071,0,0.0,0,pos,0,0.0,0,pos
FUN_011044,114,0.3958333333333333,1,pos_s102_e216,0,0.0,0,pos
FUN_001056,6,0.006493506493506494,0,pos,0,0.0,0,pos
FUN_009453,0,0.0,0,pos,0,0.0,0,pos
FUN_000838,0,0.0,0,pos,0,0.0,0,pos
FUN_004059,6,0.021739130434782608,0,pos,0,0.0,0,pos
FUN_009551,0,0.0,0,pos,0,0.0,0,pos
FUN_001707,0,0.0,0,pos,0,0.0,0,pos
FUN_006731,0,0.0,0,pos,0,0.0,0,pos
FUN_015756,0,0.0,0,pos,0,0.0,0,pos
FUN_002894,0,0.0,0,pos,0,0.0,0,pos
FUN_007793,174,0.09235668789808917,2,pos_s756_e786_s1260_e1368,66,0.03503184713375796,1,pos_s1326_e1368
FUN_012292,0,0.0,0,pos,0,0.0,0,pos
FUN_015851,0,0.0,0,pos,0,0.0,0,pos
FUN_009483,90,0.0528169014084507,1,pos_s984_e1056,60,0.035211267605633804,1,pos_s990_e1050
FUN_015466,0,0.0,0,pos,0,0.0,0,pos
FUN_000991,0,0.0,0,pos,0,0.0,0,pos
FUN_003697,72,0.031331592689295036,1,pos_s858_e930,60,0.02610966057441253,1,pos_s870_e924
FUN_011503,0,0.0,0,pos,0,0.0,0,pos
FUN_016422,0,0.0,0,pos,0,0.0,0,pos
FUN_008382,42,0.00980392156862745,1,pos_s1620_e1662,0,0.0,0,pos
FUN_003641,0,0.0,0,pos,0,0.0,0,pos
FUN_010407,0,0.0,0,pos,0,0.0,0,pos
FUN_010177,0,0.0,0,pos,0,0.0,0,pos
FUN_001073,0,0.0,0,pos,0,0.0,0,pos
FUN_007042,168,0.03723404255319149,1,pos_s3516_e3666,78,0.017287234042553192,1,pos_s3570_e3606
FUN_015382,0,0.0,0,pos,0,0.0,0,pos
FUN_002441,0,0.0,0,pos,0,0.0,0,pos
FUN_000080,0,0.0,0,pos,0,0.0,0,pos
FUN_008043,0,0.0,0,pos,0,0.0,0,pos
FUN_015589,0,0.0,0,pos,0,0.0,0,pos
FUN_000543,0,0.0,0,pos,0,0.0,0,pos
FUN_006331,84,0.3181818181818182,1,pos_s132_e216,78,0.29545454545454547,1,pos_s138_e216
FUN_003843,144,0.18604651162790697,2,pos_s474_e564_s672_e702,12,0.015503875968992248,0,pos
FUN_007629,0,0.0,0,pos,0,0.0,0,pos
FUN_004061,0,0.0,0,pos,0,0.0,0,pos
FUN_008601,0,0.0,0,pos,0,0.0,0,pos
FUN_012357,0,0.0,0,pos,0,0.0,0,pos
FUN_000737,0,0.0,0,pos,0,0.0,0,pos
FUN_000634,0,0.0,0,pos,0,0.0,0,pos
FUN_000857,114,0.02025586353944563,1,pos_s18_e132,54,0.009594882729211088,1,pos_s18_e54
FUN_001222,0,0.0,0,pos,0,0.0,0,pos
FUN_004876,138,0.010150044130626656,1,pos_s3264_e3312,0,0.0,0,pos
FUN_011141,0,0.0,0,pos,0,0.0,0,pos
FUN_010435,258,0.04948216340621404,3,pos_s324_e384_s1944_e1980_s2376_e2442,54,0.010356731875719217,1,pos_s1944_e1980
FUN_015349,0,0.0,0,pos,0,0.0,0,pos
FUN_011497,0,0.0,0,pos,0,0.0,0,pos
FUN_008890,102,0.04415584415584416,2,pos_s2130_e2178_s2238_e2286,0,0.0,0,pos
FUN_003301,42,0.024822695035460994,1,pos_s450_e492,30,0.01773049645390071,1,pos_s462_e492
FUN_009599,198,0.08847184986595175,2,pos_s264_e372_s1302_e1386,96,0.04289544235924933,1,pos_s1314_e1386
FUN_010345,6,0.00423728813559322,0,pos,0,0.0,0,pos
FUN_003841,186,0.16847826086956522,2,pos_s288_e366_s438_e516,60,0.05434782608695652,1,pos_s456_e516
FUN_016533,0,0.0,0,pos,0,0.0,0,pos
FUN_008033,18,0.08108108108108109,0,pos,0,0.0,0,pos
FUN_016651,0,0.0,0,pos,0,0.0,0,pos
FUN_015515,0,0.0,0,pos,0,0.0,0,pos
FUN_010942,42,0.1,1,pos_s54_e90,12,0.02857142857142857,0,pos
FUN_007887,0,0.0,0,pos,0,0.0,0,pos
FUN_011778,0,0.0,0,pos,0,0.0,0,pos
FUN_010477,0,0.0,0,pos,0,0.0,0,pos
FUN_000694,0,0.0,0,pos,0,0.0,0,pos
FUN_009216,0,0.0,0,pos,0,0.0,0,pos
FUN_012204,0,0.0,0,pos,0,0.0,0,pos
FUN_016228,0,0.0,0,pos,0,0.0,0,pos
FUN_001091,0,0.0,0,pos,0,0.0,0,pos
FUN_008330,0,0.0,0,pos,0,0.0,0,pos
FUN_008747,0,0.0,0,pos,0,0.0,0,pos
FUN_015987,0,0.0,0,pos,0,0.0,0,pos
FUN_006217,216,0.011235955056179775,2,pos_s14064_e14172_s14838_e14898,72,0.003745318352059925,1,pos_s14118_e14166
FUN_015577,0,0.0,0,pos,0,0.0,0,pos
FUN_009950,42,0.2692307692307692,0,pos,0,0.0,0,pos
FUN_003047,0,0.0,0,pos,0,0.0,0,pos
FUN_001690,0,0.0,0,pos,0,0.0,0,pos
FUN_002350,66,0.020072992700729927,1,pos_s2964_e3018,42,0.012773722627737226,1,pos_s2964_e2994
FUN_006819,0,0.0,0,pos,0,0.0,0,pos
FUN_007492,0,0.0,0,pos,0,0.0,0,pos
FUN_002316,48,0.02572347266881029,1,pos_s756_e804,0,0.0,0,pos
FUN_006212,0,0.0,0,pos,0,0.0,0,pos
FUN_003415,0,0.0,0,pos,0,0.0,0,pos
FUN_015938,0,0.0,0,pos,0,0.0,0,pos
FUN_016280,0,0.0,0,pos,0,0.0,0,pos
FUN_007963,60,0.05813953488372093,1,pos_s480_e510,0,0.0,0,pos
FUN_007488,0,0.0,0,pos,0,0.0,0,pos
FUN_004755,42,0.08860759493670886,1,pos_s156_e198,0,0.0,0,pos
FUN_005596,0,0.0,0,pos,0,0.0,0,pos
FUN_006517,0,0.0,0,pos,0,0.0,0,pos
FUN_005296,84,0.0374331550802139,1,pos_s1494_e1566,48,0.0213903743315508,1,pos_s1536_e1566
FUN_003818,0,0.0,0,pos,0,0.0,0,pos
FUN_006324,0,0.0,0,pos,0,0.0,0,pos
FUN_012015,0,0.0,0,pos,0,0.0,0,pos
FUN_000484,102,0.10493827160493827,1,pos_s0_e84,6,0.006172839506172839,0,pos
FUN_010798,0,0.0,0,pos,0,0.0,0,pos
FUN_004902,0,0.0,0,pos,0,0.0,0,pos
FUN_003731,0,0.0,0,pos,0,0.0,0,pos
FUN_016014,0,0.0,0,pos,0,0.0,0,pos
FUN_016099,0,0.0,0,pos,0,0.0,0,pos
FUN_006490,0,0.0,0,pos,0,0.0,0,pos
FUN_001024,0,0.0,0,pos,0,0.0,0,pos
FUN_010189,0,0.0,0,pos,0,0.0,0,pos
FUN_003483,12,0.0196078431372549,0,pos,0,0.0,0,pos
FUN_004575,54,0.016216216216216217,1,pos_s3180_e3222,0,0.0,0,pos
FUN_003562,6,0.013157894736842105,0,pos,0,0.0,0,pos
FUN_016563,0,0.0,0,pos,0,0.0,0,pos
FUN_004349,0,0.0,0,pos,0,0.0,0,pos
FUN_004153,6,0.007142857142857143,0,pos,0,0.0,0,pos
FUN_000143,0,0.0,0,pos,0,0.0,0,pos
FUN_003187,24,0.023121387283236993,0,pos,0,0.0,0,pos
FUN_002783,0,0.0,0,pos,0,0.0,0,pos
FUN_001877,24,0.02877697841726619,0,pos,0,0.0,0,pos
FUN_001015,0,0.0,0,pos,0,0.0,0,pos
FUN_000252,0,0.0,0,pos,0,0.0,0,pos
FUN_005282,0,0.0,0,pos,0,0.0,0,pos
FUN_004887,48,0.03076923076923077,0,pos,0,0.0,0,pos
FUN_005123,0,0.0,0,pos,0,0.0,0,pos
FUN_007056,0,0.0,0,pos,0,0.0,0,pos
FUN_004194,174,0.10175438596491228,3,pos_s1080_e1122_s1524_e1584_s1620_e1680,36,0.021052631578947368,0,pos
FUN_008763,294,0.14497041420118342,3,pos_s240_e312_s342_e426_s1686_e1794,12,0.005917159763313609,0,pos
FUN_003648,0,0.0,0,pos,0,0.0,0,pos
FUN_009711,0,0.0,0,pos,0,0.0,0,pos
FUN_003624,0,0.0,0,pos,0,0.0,0,pos
FUN_012426,0,0.0,0,pos,0,0.0,0,pos
FUN_016538,0,0.0,0,pos,0,0.0,0,pos
FUN_003553,0,0.0,0,pos,0,0.0,0,pos
FUN_001258,192,0.1797752808988764,2,pos_s360_e504_s516_e552,138,0.12921348314606743,1,pos_s378_e504
FUN_003595,102,0.09550561797752809,2,pos_s690_e720_s906_e978,12,0.011235955056179775,0,pos
FUN_010508,0,0.0,0,pos,0,0.0,0,pos
FUN_007814,54,0.04245283018867924,1,pos_s918_e966,0,0.0,0,pos
FUN_004972,0,0.0,0,pos,0,0.0,0,pos
FUN_002158,0,0.0,0,pos,0,0.0,0,pos
FUN_015411,0,0.0,0,pos,0,0.0,0,pos
FUN_003351,222,0.07341269841269842,3,pos_s1350_e1404_s1482_e1536_s1662_e1692,42,0.013888888888888888,1,pos_s1482_e1524
FUN_000487,0,0.0,0,pos,0,0.0,0,pos
FUN_000942,192,0.064,4,pos_s1026_e1062_s1860_e1908_s2736_e2796_s2820_e2850,6,0.002,0,pos
FUN_005545,0,0.0,0,pos,0,0.0,0,pos
FUN_016273,0,0.0,0,pos,0,0.0,0,pos
FUN_008447,0,0.0,0,pos,0,0.0,0,pos
FUN_008306,0,0.0,0,pos,0,0.0,0,pos
FUN_010084,102,0.08762886597938144,0,pos,36,0.030927835051546393,1,pos_s1068_e1098
FUN_016261,0,0.0,0,pos,0,0.0,0,pos
FUN_015664,0,0.0,0,pos,0,0.0,0,pos
FUN_016644,0,0.0,0,pos,0,0.0,0,pos
FUN_005989,0,0.0,0,pos,0,0.0,0,pos
FUN_002855,48,0.045454545454545456,0,pos,0,0.0,0,pos
FUN_011981,0,0.0,0,pos,0,0.0,0,pos
FUN_006619,84,0.040229885057471264,1,pos_s1548_e1602,48,0.022988505747126436,1,pos_s1554_e1602
FUN_000312,0,0.0,0,pos,0,0.0,0,pos
FUN_015528,0,0.0,0,pos,0,0.0,0,pos
FUN_001606,0,0.0,0,pos,0,0.0,0,pos
FUN_001105,0,0.0,0,pos,0,0.0,0,pos
FUN_001307,72,0.17142857142857143,1,pos_s132_e204,60,0.14285714285714285,1,pos_s144_e204
FUN_009423,0,0.0,0,pos,0,0.0,0,pos
FUN_012264,0,0.0,0,pos,0,0.0,0,pos
FUN_010704,0,0.0,0,pos,0,0.0,0,pos
FUN_005014,0,0.0,0,pos,0,0.0,0,pos
FUN_008117,12,0.019230769230769232,0,pos,0,0.0,0,pos
FUN_000799,36,0.01284796573875803,1,pos_s690_e726,0,0.0,0,pos
FUN_016339,36,0.004507888805409466,0,pos,24,0.003005259203606311,0,pos
FUN_008167,0,0.0,0,pos,0,0.0,0,pos
FUN_007841,132,0.1004566210045662,2,pos_s402_e450_s810_e858,0,0.0,0,pos
FUN_008876,0,0.0,0,pos,0,0.0,0,pos
FUN_006683,0,0.0,0,pos,0,0.0,0,pos
FUN_015922,0,0.0,0,pos,0,0.0,0,pos
FUN_015361,0,0.0,0,pos,0,0.0,0,pos
FUN_007608,0,0.0,0,pos,0,0.0,0,pos
FUN_010495,0,0.0,0,pos,0,0.0,0,pos
FUN_000315,84,0.05090909090909091,1,pos_s408_e492,48,0.02909090909090909,1,pos_s438_e486
FUN_009983,0,0.0,0,pos,0,0.0,0,pos
FUN_009584,0,0.0,0,pos,0,0.0,0,pos
FUN_000913,210,0.11945392491467577,3,pos_s0_e78_s90_e120_s126_e174,6,0.0034129692832764505,0,pos
FUN_012375,0,0.0,0,pos,0,0.0,0,pos
FUN_002332,0,0.0,0,pos,0,0.0,0,pos
FUN_000862,96,0.03125,1,pos_s1224_e1320,0,0.0,0,pos
FUN_000399,66,0.011247443762781187,1,pos_s1668_e1698,0,0.0,0,pos
FUN_002032,0,0.0,0,pos,0,0.0,0,pos
FUN_004729,72,0.02891566265060241,1,pos_s1158_e1230,66,0.02650602409638554,1,pos_s1164_e1230
FUN_004915,0,0.0,0,pos,0,0.0,0,pos
FUN_002650,0,0.0,0,pos,0,0.0,0,pos
FUN_006198,132,0.025551684088269456,1,pos_s1302_e1404,48,0.009291521486643438,1,pos_s1332_e1380
FUN_000280,0,0.0,0,pos,0,0.0,0,pos
FUN_001624,0,0.0,0,pos,0,0.0,0,pos
FUN_003746,156,0.10038610038610038,2,pos_s372_e450_s594_e666,48,0.03088803088803089,1,pos_s378_e426
FUN_009971,0,0.0,0,pos,0,0.0,0,pos
FUN_012520,0,0.0,0,pos,0,0.0,0,pos
FUN_004589,558,0.07692307692307693,6,pos_s2676_e2718_s2724_e2766_s3150_e3240_s4560_e4734_s5694_e5772_s6282_e6396,336,0.04631927212572374,4,pos_s3168_e3234_s4590_e4620_s4626_e4722_s6282_e6396
FUN_003269,0,0.0,0,pos,0,0.0,0,pos
FUN_016515,0,0.0,0,pos,0,0.0,0,pos
FUN_015459,0,0.0,0,pos,0,0.0,0,pos
FUN_002352,0,0.0,0,pos,0,0.0,0,pos
FUN_001023,0,0.0,0,pos,0,0.0,0,pos
FUN_009897,0,0.0,0,pos,0,0.0,0,pos
FUN_009123,84,0.208955223880597,1,pos_s90_e174,18,0.04477611940298507,0,pos
FUN_002645,78,0.027896995708154508,1,pos_s1668_e1704,18,0.006437768240343348,0,pos
FUN_009130,0,0.0,0,pos,0,0.0,0,pos
FUN_000842,0,0.0,0,pos,0,0.0,0,pos
FUN_010056,0,0.0,0,pos,0,0.0,0,pos
FUN_007778,30,0.1,0,pos,0,0.0,0,pos
FUN_010852,90,0.08620689655172414,1,pos_s708_e798,0,0.0,0,pos
FUN_000754,0,0.0,0,pos,0,0.0,0,pos
FUN_016130,0,0.0,0,pos,0,0.0,0,pos
FUN_000326,72,0.00606366851945427,1,pos_s3270_e3300,30,0.0025265285497726125,1,pos_s3270_e3300
FUN_007965,0,0.0,0,pos,0,0.0,0,pos
FUN_003564,0,0.0,0,pos,0,0.0,0,pos
FUN_003531,0,0.0,0,pos,0,0.0,0,pos
FUN_005230,0,0.0,0,pos,0,0.0,0,pos
FUN_003599,396,0.17142857142857143,3,pos_s582_e642_s1506_e1614_s1842_e1992,84,0.03636363636363636,1,pos_s1944_e1992
FUN_009237,198,0.15,2,pos_s684_e762_s936_e990,18,0.013636363636363636,0,pos
FUN_002444,0,0.0,0,pos,0,0.0,0,pos
FUN_008654,48,0.07920792079207921,1,pos_s78_e126,0,0.0,0,pos
FUN_005015,0,0.0,0,pos,0,0.0,0,pos
FUN_004242,0,0.0,0,pos,0,0.0,0,pos
FUN_002736,0,0.0,0,pos,0,0.0,0,pos
FUN_004116,0,0.0,0,pos,0,0.0,0,pos
FUN_012238,0,0.0,0,pos,0,0.0,0,pos
FUN_012523,0,0.0,0,pos,0,0.0,0,pos
FUN_016881,0,0.0,0,pos,0,0.0,0,pos
FUN_003571,0,0.0,0,pos,0,0.0,0,pos
FUN_001233,6,0.005,0,pos,0,0.0,0,pos
FUN_002852,0,0.0,0,pos,0,0.0,0,pos
FUN_002225,0,0.0,0,pos,0,0.0,0,pos
FUN_003652,0,0.0,0,pos,0,0.0,0,pos
FUN_008968,0,0.0,0,pos,0,0.0,0,pos
FUN_002977,0,0.0,0,pos,0,0.0,0,pos
FUN_002392,240,0.21739130434782608,2,pos_s822_e864_s870_e1050,204,0.18478260869565216,1,pos_s876_e1050
FUN_010559,0,0.0,0,pos,0,0.0,0,pos
FUN_009289,0,0.0,0,pos,0,0.0,0,pos
FUN_006233,54,0.029801324503311258,1,pos_s552_e594,0,0.0,0,pos
FUN_010172,0,0.0,0,pos,0,0.0,0,pos
FUN_005811,0,0.0,0,pos,0,0.0,0,pos
FUN_006695,534,0.09769484083424808,6,pos_s3582_e3624_s3954_e4008_s4068_e4152_s4278_e4452_s4596_e4656_s4842_e4902,174,0.031833150384193196,1,pos_s4278_e4380
FUN_005428,0,0.0,0,pos,0,0.0,0,pos
FUN_007427,0,0.0,0,pos,0,0.0,0,pos
FUN_002293,0,0.0,0,pos,0,0.0,0,pos
FUN_005618,0,0.0,0,pos,0,0.0,0,pos
FUN_004745,42,0.011419249592169658,0,pos,0,0.0,0,pos
FUN_010276,0,0.0,0,pos,0,0.0,0,pos
FUN_016152,0,0.0,0,pos,0,0.0,0,pos
FUN_007407,36,0.010771992818671455,0,pos,12,0.003590664272890485,0,pos
FUN_002589,0,0.0,0,pos,0,0.0,0,pos
FUN_003619,0,0.0,0,pos,0,0.0,0,pos
FUN_001476,54,0.024930747922437674,0,pos,0,0.0,0,pos
FUN_005272,0,0.0,0,pos,0,0.0,0,pos
FUN_001872,0,0.0,0,pos,0,0.0,0,pos
FUN_011294,222,0.03474178403755868,3,pos_s3114_e3216_s3546_e3594_s5970_e6006,72,0.011267605633802818,1,pos_s3114_e3186
FUN_015751,0,0.0,0,pos,0,0.0,0,pos
FUN_010999,96,0.05536332179930796,1,pos_s474_e540,0,0.0,0,pos
FUN_006623,0,0.0,0,pos,0,0.0,0,pos
FUN_006756,0,0.0,0,pos,0,0.0,0,pos
FUN_009363,318,0.2864864864864865,3,pos_s78_e162_s300_e336_s594_e696,24,0.021621621621621623,0,pos
FUN_010005,0,0.0,0,pos,0,0.0,0,pos
FUN_004257,0,0.0,0,pos,0,0.0,0,pos
FUN_008289,24,0.011396011396011397,0,pos,0,0.0,0,pos
FUN_010103,0,0.0,0,pos,0,0.0,0,pos
FUN_003747,0,0.0,0,pos,0,0.0,0,pos
FUN_009682,0,0.0,0,pos,0,0.0,0,pos
FUN_009291,36,0.02390438247011952,1,pos_s1410_e1440,0,0.0,0,pos
FUN_010101,18,0.015625,0,pos,0,0.0,0,pos
FUN_006159,84,0.041791044776119404,1,pos_s420_e498,6,0.0029850746268656717,0,pos
FUN_010186,0,0.0,0,pos,0,0.0,0,pos
FUN_001449,0,0.0,0,pos,0,0.0,0,pos
FUN_016049,0,0.0,0,pos,0,0.0,0,pos
FUN_003338,18,0.027522935779816515,0,pos,0,0.0,0,pos
FUN_004478,0,0.0,0,pos,0,0.0,0,pos
FUN_004849,18,0.02608695652173913,0,pos,6,0.008695652173913044,0,pos
FUN_011190,0,0.0,0,pos,0,0.0,0,pos
FUN_006277,24,0.023952095808383235,0,pos,24,0.023952095808383235,0,pos
FUN_016189,0,0.0,0,pos,0,0.0,0,pos
FUN_000892,0,0.0,0,pos,0,0.0,0,pos
FUN_004077,0,0.0,0,pos,0,0.0,0,pos
FUN_006071,0,0.0,0,pos,0,0.0,0,pos
FUN_015700,0,0.0,0,pos,0,0.0,0,pos
FUN_003051,0,0.0,0,pos,0,0.0,0,pos
FUN_008717,0,0.0,0,pos,0,0.0,0,pos
FUN_001578,24,0.010416666666666666,0,pos,0,0.0,0,pos
FUN_008029,0,0.0,0,pos,0,0.0,0,pos
FUN_006608,30,0.15151515151515152,1,pos_s162_e192,0,0.0,0,pos
FUN_001700,0,0.0,0,pos,0,0.0,0,pos
FUN_002722,0,0.0,0,pos,0,0.0,0,pos
FUN_001836,0,0.0,0,pos,0,0.0,0,pos
FUN_001665,0,0.0,0,pos,0,0.0,0,pos
FUN_008462,54,0.026785714285714284,0,pos,12,0.005952380952380952,0,pos
FUN_015481,0,0.0,0,pos,0,0.0,0,pos
FUN_015920,0,0.0,0,pos,0,0.0,0,pos
FUN_016863,0,0.0,0,pos,0,0.0,0,pos
FUN_016557,0,0.0,0,pos,0,0.0,0,pos
FUN_003781,0,0.0,0,pos,0,0.0,0,pos
FUN_000137,18,0.037037037037037035,0,pos,12,0.024691358024691357,0,pos
FUN_008477,48,0.09523809523809523,1,pos_s438_e468,0,0.0,0,pos
FUN_008832,24,0.004975124378109453,0,pos,0,0.0,0,pos
FUN_003235,0,0.0,0,pos,0,0.0,0,pos
FUN_000956,126,0.12962962962962962,2,pos_s654_e732_s738_e774,60,0.06172839506172839,1,pos_s654_e708
FUN_005636,0,0.0,0,pos,0,0.0,0,pos
FUN_008709,0,0.0,0,pos,0,0.0,0,pos
FUN_006369,12,0.009302325581395349,0,pos,0,0.0,0,pos
FUN_009713,0,0.0,0,pos,0,0.0,0,pos
FUN_015863,0,0.0,0,pos,0,0.0,0,pos
FUN_004611,66,0.035256410256410256,1,pos_s708_e774,0,0.0,0,pos
FUN_006818,114,0.09844559585492228,1,pos_s834_e948,108,0.09326424870466321,2,pos_s834_e876_s882_e948
FUN_010214,162,0.09782608695652174,4,pos_s624_e660_s708_e738_s966_e996_s1002_e1038,12,0.007246376811594203,0,pos
FUN_006090,84,0.006944444444444444,2,pos_s1440_e1470_s6204_e6246,12,0.000992063492063492,0,pos
FUN_008726,294,0.10888888888888888,5,pos_s210_e264_s570_e600_s1032_e1122_s1218_e1260_s1782_e1824,114,0.042222222222222223,2,pos_s210_e258_s1056_e1122
FUN_008723,36,0.10909090909090909,1,pos_s0_e36,30,0.09090909090909091,0,pos
FUN_009502,0,0.0,0,pos,0,0.0,0,pos
FUN_009495,12,0.004347826086956522,0,pos,0,0.0,0,pos
FUN_016777,6,0.006172839506172839,0,pos,0,0.0,0,pos
FUN_007155,72,0.06857142857142857,2,pos_s150_e186_s216_e252,0,0.0,0,pos
FUN_008240,0,0.0,0,pos,0,0.0,0,pos
FUN_001762,36,0.019672131147540985,0,pos,0,0.0,0,pos
FUN_000588,36,0.06,0,pos,0,0.0,0,pos
FUN_012533,0,0.0,0,pos,0,0.0,0,pos
FUN_004532,84,0.0945945945945946,1,pos_s714_e792,0,0.0,0,pos
FUN_010929,0,0.0,0,pos,0,0.0,0,pos
FUN_008381,0,0.0,0,pos,0,0.0,0,pos
FUN_000559,90,0.026785714285714284,1,pos_s1416_e1452,12,0.0035714285714285713,0,pos
FUN_003711,0,0.0,0,pos,0,0.0,0,pos
FUN_003782,264,0.07560137457044673,4,pos_s2100_e2136_s2250_e2304_s2970_e3036_s3210_e3252,66,0.018900343642611683,1,pos_s2994_e3036
FUN_000216,0,0.0,0,pos,0,0.0,0,pos
FUN_007035,12,0.01680672268907563,0,pos,12,0.01680672268907563,0,pos
FUN_001893,0,0.0,0,pos,0,0.0,0,pos
FUN_010904,30,0.028735632183908046,1,pos_s486_e516,0,0.0,0,pos
FUN_010200,0,0.0,0,pos,0,0.0,0,pos
FUN_016122,0,0.0,0,pos,0,0.0,0,pos
FUN_008973,24,0.016666666666666666,0,pos,0,0.0,0,pos
FUN_007033,54,0.06870229007633588,1,pos_s300_e342,0,0.0,0,pos
FUN_003475,0,0.0,0,pos,0,0.0,0,pos
FUN_007065,0,0.0,0,pos,0,0.0,0,pos
FUN_010800,24,0.02197802197802198,0,pos,0,0.0,0,pos
FUN_002317,0,0.0,0,pos,0,0.0,0,pos
FUN_001231,0,0.0,0,pos,0,0.0,0,pos
FUN_010990,0,0.0,0,pos,0,0.0,0,pos
FUN_005953,0,0.0,0,pos,0,0.0,0,pos
FUN_007404,0,0.0,0,pos,0,0.0,0,pos
FUN_010545,0,0.0,0,pos,0,0.0,0,pos
FUN_005234,0,0.0,0,pos,0,0.0,0,pos
FUN_015706,0,0.0,0,pos,0,0.0,0,pos
FUN_008881,0,0.0,0,pos,0,0.0,0,pos
FUN_008578,0,0.0,0,pos,0,0.0,0,pos
FUN_004627,0,0.0,0,pos,0,0.0,0,pos
FUN_007253,0,0.0,0,pos,0,0.0,0,pos
FUN_015988,0,0.0,0,pos,0,0.0,0,pos
FUN_010710,0,0.0,0,pos,0,0.0,0,pos
FUN_010411,48,0.049079754601226995,1,pos_s408_e438,0,0.0,0,pos
FUN_015508,0,0.0,0,pos,0,0.0,0,pos
FUN_004935,114,0.05026455026455026,1,pos_s1656_e1770,96,0.042328042328042326,1,pos_s1692_e1770
FUN_002570,0,0.0,0,pos,0,0.0,0,pos
FUN_008449,12,0.0273972602739726,0,pos,6,0.0136986301369863,0,pos
FUN_015943,0,0.0,0,pos,0,0.0,0,pos
FUN_003722,78,0.04262295081967213,1,pos_s228_e306,0,0.0,0,pos
FUN_008115,0,0.0,0,pos,0,0.0,0,pos
FUN_003671,0,0.0,0,pos,0,0.0,0,pos
FUN_006555,654,0.08993399339933994,11,pos_s0_e72_s1374_e1416_s2028_e2088_s2436_e2478_s2598_e2676_s2790_e2838_s2856_e2904_s2922_e2952_s4056_e4110_s4476_e4542_s6762_e6804,108,0.01485148514851485,2,pos_s0_e36_s2790_e2838
FUN_008746,12,0.01639344262295082,0,pos,0,0.0,0,pos
FUN_011378,0,0.0,0,pos,0,0.0,0,pos
FUN_015480,0,0.0,0,pos,0,0.0,0,pos
FUN_006342,468,0.2591362126245847,5,pos_s330_e378_s522_e588_s1074_e1134_s1290_e1410_s1422_e1524,132,0.07308970099667775,1,pos_s1344_e1386
FUN_004794,30,0.1282051282051282,0,pos,0,0.0,0,pos
FUN_009756,0,0.0,0,pos,0,0.0,0,pos
FUN_002937,30,0.008319467554076539,0,pos,0,0.0,0,pos
FUN_011082,0,0.0,0,pos,0,0.0,0,pos
FUN_012507,0,0.0,0,pos,0,0.0,0,pos
FUN_011018,0,0.0,0,pos,0,0.0,0,pos
FUN_000711,0,0.0,0,pos,0,0.0,0,pos
FUN_000011,354,0.06621773288439955,4,pos_s246_e276_s3270_e3366_s4638_e4692_s4950_e4992,90,0.016835016835016835,0,pos
FUN_003574,0,0.0,0,pos,0,0.0,0,pos
FUN_005708,30,0.034013605442176874,0,pos,0,0.0,0,pos
FUN_001795,132,0.027777777777777776,2,pos_s888_e948_s4122_e4182,30,0.006313131313131313,0,pos
FUN_003766,6,0.002967359050445104,0,pos,0,0.0,0,pos
FUN_004791,0,0.0,0,pos,0,0.0,0,pos
FUN_009706,0,0.0,0,pos,0,0.0,0,pos
FUN_006918,30,0.034722222222222224,0,pos,0,0.0,0,pos
FUN_009794,48,0.017278617710583154,0,pos,12,0.004319654427645789,0,pos
FUN_002449,0,0.0,0,pos,0,0.0,0,pos
FUN_008802,150,0.33783783783783783,1,pos_s48_e186,102,0.22972972972972974,2,pos_s60_e120_s126_e168
FUN_012466,0,0.0,0,pos,0,0.0,0,pos
FUN_007156,24,0.05063291139240506,0,pos,6,0.012658227848101266,0,pos
FUN_007105,0,0.0,0,pos,0,0.0,0,pos
FUN_007376,12,0.02127659574468085,0,pos,0,0.0,0,pos
FUN_005575,0,0.0,0,pos,0,0.0,0,pos
FUN_002310,0,0.0,0,pos,0,0.0,0,pos
FUN_007760,0,0.0,0,pos,0,0.0,0,pos
FUN_006721,0,0.0,0,pos,0,0.0,0,pos
FUN_009583,0,0.0,0,pos,0,0.0,0,pos
FUN_007375,0,0.0,0,pos,0,0.0,0,pos
FUN_004934,0,0.0,0,pos,0,0.0,0,pos
FUN_002531,156,0.11016949152542373,3,pos_s108_e174_s510_e552_s558_e594,78,0.05508474576271186,0,pos
FUN_010917,0,0.0,0,pos,0,0.0,0,pos
FUN_010573,0,0.0,0,pos,0,0.0,0,pos
FUN_006237,0,0.0,0,pos,0,0.0,0,pos
FUN_002523,0,0.0,0,pos,0,0.0,0,pos
FUN_009360,102,0.11643835616438356,1,pos_s570_e660,0,0.0,0,pos
FUN_002766,108,0.030252100840336135,1,pos_s2610_e2652,24,0.0067226890756302525,0,pos
FUN_005968,0,0.0,0,pos,0,0.0,0,pos
FUN_015329,0,0.0,0,pos,0,0.0,0,pos
FUN_005228,0,0.0,0,pos,0,0.0,0,pos
FUN_010979,300,0.04830917874396135,4,pos_s2184_e2256_s2376_e2412_s4974_e5016_s6048_e6162,48,0.007729468599033816,1,pos_s6090_e6138
FUN_007030,18,0.011152416356877323,0,pos,0,0.0,0,pos
FUN_008777,0,0.0,0,pos,0,0.0,0,pos
FUN_003921,0,0.0,0,pos,0,0.0,0,pos
FUN_011883,0,0.0,0,pos,0,0.0,0,pos
FUN_006317,0,0.0,0,pos,0,0.0,0,pos
FUN_012557,0,0.0,0,pos,0,0.0,0,pos
FUN_016272,0,0.0,0,pos,0,0.0,0,pos
FUN_001140,0,0.0,0,pos,0,0.0,0,pos
FUN_002963,0,0.0,0,pos,0,0.0,0,pos
FUN_000134,0,0.0,0,pos,0,0.0,0,pos
FUN_016160,0,0.0,0,pos,0,0.0,0,pos
FUN_007903,222,0.09585492227979274,2,pos_s1326_e1440_s1884_e1974,108,0.046632124352331605,2,pos_s1410_e1440_s1884_e1962
FUN_011764,0,0.0,0,pos,0,0.0,0,pos
FUN_000438,0,0.0,0,pos,0,0.0,0,pos
FUN_006054,0,0.0,0,pos,0,0.0,0,pos
FUN_010750,0,0.0,0,pos,0,0.0,0,pos
FUN_015903,0,0.0,0,pos,0,0.0,0,pos
FUN_009899,102,0.09770114942528736,1,pos_s936_e1014,84,0.08045977011494253,1,pos_s936_e1014
FUN_007398,0,0.0,0,pos,0,0.0,0,pos
FUN_010722,0,0.0,0,pos,0,0.0,0,pos
FUN_004352,0,0.0,0,pos,0,0.0,0,pos
FUN_009774,54,0.015358361774744027,1,pos_s2424_e2454,0,0.0,0,pos
FUN_005442,156,0.040880503144654086,3,pos_s894_e960_s966_e1026_s2598_e2628,24,0.006289308176100629,0,pos
FUN_003948,0,0.0,0,pos,0,0.0,0,pos
FUN_003184,0,0.0,0,pos,0,0.0,0,pos
FUN_009042,0,0.0,0,pos,0,0.0,0,pos
FUN_008069,0,0.0,0,pos,0,0.0,0,pos
FUN_009217,0,0.0,0,pos,0,0.0,0,pos
FUN_009054,66,0.014230271668822769,1,pos_s4422_e4470,30,0.00646830530401035,1,pos_s4434_e4464
FUN_007162,0,0.0,0,pos,0,0.0,0,pos
FUN_010242,54,0.02127659574468085,1,pos_s1476_e1530,6,0.002364066193853428,0,pos
FUN_000828,0,0.0,0,pos,0,0.0,0,pos
FUN_001211,0,0.0,0,pos,0,0.0,0,pos
FUN_009696,0,0.0,0,pos,0,0.0,0,pos
FUN_010091,0,0.0,0,pos,0,0.0,0,pos
FUN_016111,0,0.0,0,pos,0,0.0,0,pos
FUN_007111,24,0.18181818181818182,0,pos,0,0.0,0,pos
FUN_008514,0,0.0,0,pos,0,0.0,0,pos
FUN_007067,24,0.013888888888888888,0,pos,0,0.0,0,pos
FUN_008230,18,0.009523809523809525,0,pos,0,0.0,0,pos
FUN_010421,0,0.0,0,pos,0,0.0,0,pos
FUN_010594,0,0.0,0,pos,0,0.0,0,pos
FUN_005673,24,0.01238390092879257,0,pos,24,0.01238390092879257,0,pos
FUN_015802,0,0.0,0,pos,0,0.0,0,pos
FUN_004430,24,0.01593625498007968,0,pos,0,0.0,0,pos
FUN_011938,0,0.0,0,pos,0,0.0,0,pos
FUN_005217,0,0.0,0,pos,0,0.0,0,pos
FUN_012262,0,0.0,0,pos,0,0.0,0,pos
FUN_011531,0,0.0,0,pos,0,0.0,0,pos
FUN_008538,0,0.0,0,pos,0,0.0,0,pos
FUN_001842,12,0.006097560975609756,0,pos,0,0.0,0,pos
FUN_004797,0,0.0,0,pos,0,0.0,0,pos
FUN_008320,0,0.0,0,pos,0,0.0,0,pos
FUN_001259,228,0.16666666666666666,2,pos_s492_e600_s1194_e1260,96,0.07017543859649122,1,pos_s492_e588
FUN_005453,36,0.03278688524590164,1,pos_s696_e732,0,0.0,0,pos
FUN_015538,0,0.0,0,pos,0,0.0,0,pos
FUN_004139,0,0.0,0,pos,0,0.0,0,pos
FUN_000988,66,0.062146892655367235,1,pos_s522_e588,0,0.0,0,pos
FUN_016229,0,0.0,0,pos,0,0.0,0,pos
FUN_009238,0,0.0,0,pos,0,0.0,0,pos
FUN_015503,0,0.0,0,pos,0,0.0,0,pos
FUN_002813,102,0.06159420289855073,1,pos_s696_e774,6,0.0036231884057971015,0,pos
FUN_012161,0,0.0,0,pos,0,0.0,0,pos
FUN_006162,0,0.0,0,pos,0,0.0,0,pos
FUN_011703,0,0.0,0,pos,0,0.0,0,pos
FUN_015960,0,0.0,0,pos,0,0.0,0,pos
FUN_006464,30,0.00562429696287964,0,pos,0,0.0,0,pos
FUN_007916,30,0.03355704697986577,0,pos,0,0.0,0,pos
FUN_010163,0,0.0,0,pos,0,0.0,0,pos
FUN_007422,0,0.0,0,pos,0,0.0,0,pos
FUN_000707,12,0.009259259259259259,0,pos,0,0.0,0,pos
FUN_015558,0,0.0,0,pos,0,0.0,0,pos
FUN_000019,0,0.0,0,pos,0,0.0,0,pos
FUN_010856,42,0.03867403314917127,1,pos_s120_e162,0,0.0,0,pos
FUN_006053,0,0.0,0,pos,0,0.0,0,pos
FUN_001170,162,0.09278350515463918,1,pos_s1578_e1734,108,0.061855670103092786,2,pos_s1578_e1644_s1650_e1692
FUN_009344,114,0.0892018779342723,1,pos_s462_e576,60,0.046948356807511735,1,pos_s504_e558
FUN_011982,0,0.0,0,pos,0,0.0,0,pos
FUN_000248,0,0.0,0,pos,0,0.0,0,pos
FUN_010551,0,0.0,0,pos,0,0.0,0,pos
FUN_000459,0,0.0,0,pos,0,0.0,0,pos
FUN_010348,0,0.0,0,pos,0,0.0,0,pos
FUN_016308,0,0.0,0,pos,0,0.0,0,pos
FUN_004781,0,0.0,0,pos,0,0.0,0,pos
FUN_010415,12,0.011904761904761904,0,pos,0,0.0,0,pos
FUN_007024,0,0.0,0,pos,0,0.0,0,pos
FUN_015534,0,0.0,0,pos,0,0.0,0,pos
FUN_015888,0,0.0,0,pos,0,0.0,0,pos
FUN_009635,0,0.0,0,pos,0,0.0,0,pos
FUN_009744,84,0.1076923076923077,1,pos_s48_e120,0,0.0,0,pos
FUN_002379,78,0.10743801652892562,1,pos_s570_e648,48,0.06611570247933884,1,pos_s600_e648
FUN_015710,0,0.0,0,pos,0,0.0,0,pos
FUN_001330,12,0.16666666666666666,0,pos,0,0.0,0,pos
FUN_007329,0,0.0,0,pos,0,0.0,0,pos
FUN_006221,6,0.0036496350364963502,0,pos,0,0.0,0,pos
FUN_008162,0,0.0,0,pos,0,0.0,0,pos
FUN_015473,0,0.0,0,pos,0,0.0,0,pos
FUN_010197,0,0.0,0,pos,0,0.0,0,pos
FUN_001904,0,0.0,0,pos,0,0.0,0,pos
FUN_004945,0,0.0,0,pos,0,0.0,0,pos
FUN_007149,168,0.56,1,pos_s0_e48,78,0.26,1,pos_s180_e222
FUN_007833,36,0.022727272727272728,1,pos_s702_e738,0,0.0,0,pos
FUN_008244,0,0.0,0,pos,0,0.0,0,pos
FUN_003492,0,0.0,0,pos,0,0.0,0,pos
FUN_001562,18,0.013452914798206279,0,pos,0,0.0,0,pos
FUN_012234,0,0.0,0,pos,0,0.0,0,pos
FUN_016731,0,0.0,0,pos,0,0.0,0,pos
FUN_002239,0,0.0,0,pos,0,0.0,0,pos
FUN_006365,0,0.0,0,pos,0,0.0,0,pos
FUN_007739,0,0.0,0,pos,0,0.0,0,pos
FUN_008039,0,0.0,0,pos,0,0.0,0,pos
FUN_011239,84,0.08433734939759036,0,pos,54,0.05421686746987952,0,pos
FUN_002416,90,0.2054794520547945,1,pos_s264_e354,24,0.0547945205479452,0,pos
FUN_001553,0,0.0,0,pos,0,0.0,0,pos
FUN_004099,0,0.0,0,pos,0,0.0,0,pos
FUN_010846,108,0.06976744186046512,1,pos_s240_e348,72,0.046511627906976744,1,pos_s270_e336
FUN_004212,54,0.013782542113323124,1,pos_s66_e114,36,0.009188361408882083,1,pos_s78_e114
FUN_003767,0,0.0,0,pos,0,0.0,0,pos
FUN_012470,0,0.0,0,pos,0,0.0,0,pos
FUN_003750,0,0.0,0,pos,0,0.0,0,pos
FUN_005822,6,0.0014388489208633094,0,pos,0,0.0,0,pos
FUN_016351,0,0.0,0,pos,0,0.0,0,pos
FUN_009797,12,0.005115089514066497,0,pos,0,0.0,0,pos
FUN_005807,0,0.0,0,pos,0,0.0,0,pos
FUN_008443,0,0.0,0,pos,0,0.0,0,pos
FUN_007668,0,0.0,0,pos,0,0.0,0,pos
FUN_001778,0,0.0,0,pos,0,0.0,0,pos
FUN_011085,0,0.0,0,pos,0,0.0,0,pos
FUN_003259,0,0.0,0,pos,0,0.0,0,pos
FUN_008135,0,0.0,0,pos,0,0.0,0,pos
FUN_005116,6,0.0049261083743842365,0,pos,0,0.0,0,pos
FUN_011819,0,0.0,0,pos,0,0.0,0,pos
FUN_006730,30,0.10638297872340426,1,pos_s174_e204,0,0.0,0,pos
FUN_001205,0,0.0,0,pos,0,0.0,0,pos
FUN_016714,0,0.0,0,pos,0,0.0,0,pos
FUN_009589,0,0.0,0,pos,0,0.0,0,pos
FUN_012516,0,0.0,0,pos,0,0.0,0,pos
FUN_004974,18,0.008403361344537815,0,pos,0,0.0,0,pos
FUN_002602,0,0.0,0,pos,0,0.0,0,pos
FUN_005474,0,0.0,0,pos,0,0.0,0,pos
FUN_007301,90,0.05514705882352941,1,pos_s492_e570,0,0.0,0,pos
FUN_001505,0,0.0,0,pos,0,0.0,0,pos
FUN_006129,174,0.07631578947368421,2,pos_s120_e156_s1086_e1176,66,0.02894736842105263,1,pos_s1086_e1152
FUN_007596,0,0.0,0,pos,0,0.0,0,pos
FUN_011737,0,0.0,0,pos,0,0.0,0,pos
FUN_009271,0,0.0,0,pos,0,0.0,0,pos
FUN_000065,18,0.01775147928994083,0,pos,0,0.0,0,pos
FUN_004405,0,0.0,0,pos,0,0.0,0,pos
FUN_011832,0,0.0,0,pos,0,0.0,0,pos
FUN_009728,0,0.0,0,pos,0,0.0,0,pos
FUN_008384,90,0.1048951048951049,2,pos_s204_e234_s438_e498,6,0.006993006993006993,0,pos
FUN_002754,0,0.0,0,pos,0,0.0,0,pos
FUN_007946,42,0.02702702702702703,1,pos_s0_e42,24,0.015444015444015444,0,pos
FUN_015754,0,0.0,0,pos,0,0.0,0,pos
FUN_002512,0,0.0,0,pos,0,0.0,0,pos
FUN_005569,432,0.09195402298850575,5,pos_s216_e258_s540_e642_s1404_e1494_s3966_e4026_s4398_e4428,96,0.020434227330779056,1,pos_s1440_e1470
FUN_007587,0,0.0,0,pos,0,0.0,0,pos
FUN_006384,342,0.10270270270270271,4,pos_s36_e114_s186_e228_s246_e294_s2646_e2736,30,0.009009009009009009,0,pos
FUN_005658,0,0.0,0,pos,0,0.0,0,pos
FUN_003798,0,0.0,0,pos,0,0.0,0,pos
FUN_009091,0,0.0,0,pos,0,0.0,0,pos
FUN_008687,0,0.0,0,pos,0,0.0,0,pos
FUN_009752,0,0.0,0,pos,0,0.0,0,pos
FUN_003000,18,0.06521739130434782,0,pos,0,0.0,0,pos
FUN_007396,18,0.02127659574468085,0,pos,18,0.02127659574468085,0,pos
FUN_000015,0,0.0,0,pos,0,0.0,0,pos
FUN_011055,0,0.0,0,pos,0,0.0,0,pos
FUN_001609,0,0.0,0,pos,0,0.0,0,pos
FUN_012509,162,0.12272727272727273,2,pos_s0_e54_s378_e468,144,0.10909090909090909,2,pos_s0_e54_s378_e456
FUN_002492,18,0.0189873417721519,0,pos,0,0.0,0,pos
FUN_010665,0,0.0,0,pos,0,0.0,0,pos
FUN_006664,0,0.0,0,pos,0,0.0,0,pos
FUN_016484,0,0.0,0,pos,0,0.0,0,pos
FUN_004953,102,0.04857142857142857,2,pos_s1692_e1722_s1830_e1872,0,0.0,0,pos
FUN_000281,0,0.0,0,pos,0,0.0,0,pos
FUN_007090,132,0.049773755656108594,1,pos_s744_e816,36,0.013574660633484163,1,pos_s780_e816
FUN_012158,0,0.0,0,pos,0,0.0,0,pos
FUN_006042,24,0.011834319526627219,0,pos,0,0.0,0,pos
FUN_006842,18,0.010869565217391304,0,pos,0,0.0,0,pos
FUN_015539,0,0.0,0,pos,0,0.0,0,pos
FUN_002095,0,0.0,0,pos,0,0.0,0,pos
FUN_016156,0,0.0,0,pos,0,0.0,0,pos
FUN_009509,0,0.0,0,pos,0,0.0,0,pos
FUN_005562,0,0.0,0,pos,0,0.0,0,pos
FUN_006408,0,0.0,0,pos,0,0.0,0,pos
FUN_012367,0,0.0,0,pos,0,0.0,0,pos
FUN_012430,0,0.0,0,pos,0,0.0,0,pos
FUN_007002,0,0.0,0,pos,0,0.0,0,pos
FUN_005544,0,0.0,0,pos,0,0.0,0,pos
FUN_004343,0,0.0,0,pos,0,0.0,0,pos
FUN_007410,222,0.060556464811783964,2,pos_s438_e474_s2670_e2760,66,0.01800327332242226,2,pos_s438_e468_s2724_e2754
FUN_016294,0,0.0,0,pos,0,0.0,0,pos
FUN_010292,6,0.004807692307692308,0,pos,0,0.0,0,pos
FUN_004857,0,0.0,0,pos,0,0.0,0,pos
FUN_009328,540,0.29411764705882354,5,pos_s456_e552_s870_e942_s1014_e1044_s1170_e1314_s1326_e1458,210,0.11437908496732026,4,pos_s480_e510_s516_e552_s1176_e1218_s1242_e1308
FUN_003142,0,0.0,0,pos,0,0.0,0,pos
FUN_003185,0,0.0,0,pos,0,0.0,0,pos
FUN_009330,138,0.030263157894736843,3,pos_s60_e114_s2268_e2298_s3528_e3576,30,0.006578947368421052,0,pos
FUN_000565,0,0.0,0,pos,0,0.0,0,pos
FUN_009265,6,0.0021413276231263384,0,pos,0,0.0,0,pos
FUN_015653,0,0.0,0,pos,0,0.0,0,pos
FUN_007940,84,0.055776892430278883,1,pos_s900_e936,0,0.0,0,pos
FUN_006006,0,0.0,0,pos,0,0.0,0,pos
FUN_011124,0,0.0,0,pos,0,0.0,0,pos
FUN_005169,0,0.0,0,pos,0,0.0,0,pos
FUN_011945,0,0.0,0,pos,0,0.0,0,pos
FUN_015791,0,0.0,0,pos,0,0.0,0,pos
FUN_015647,0,0.0,0,pos,0,0.0,0,pos
FUN_007669,0,0.0,0,pos,0,0.0,0,pos
FUN_012550,0,0.0,0,pos,0,0.0,0,pos
FUN_005177,18,0.0064516129032258064,0,pos,0,0.0,0,pos
FUN_010286,42,0.014198782961460446,0,pos,0,0.0,0,pos
FUN_003177,0,0.0,0,pos,0,0.0,0,pos
FUN_001203,0,0.0,0,pos,0,0.0,0,pos
FUN_007109,0,0.0,0,pos,0,0.0,0,pos
FUN_000367,42,0.020114942528735632,1,pos_s1974_e2016,0,0.0,0,pos
FUN_006678,0,0.0,0,pos,0,0.0,0,pos
FUN_004952,0,0.0,0,pos,0,0.0,0,pos
FUN_005397,360,0.11131725417439703,3,pos_s738_e864_s1176_e1284_s3078_e3150,180,0.055658627087198514,2,pos_s738_e834_s1176_e1242
FUN_001706,0,0.0,0,pos,0,0.0,0,pos
FUN_000109,0,0.0,0,pos,0,0.0,0,pos
FUN_015660,0,0.0,0,pos,0,0.0,0,pos
FUN_002161,24,0.011904761904761904,0,pos,6,0.002976190476190476,0,pos
FUN_016058,0,0.0,0,pos,0,0.0,0,pos
FUN_004145,0,0.0,0,pos,0,0.0,0,pos
FUN_006326,0,0.0,0,pos,0,0.0,0,pos
FUN_002972,0,0.0,0,pos,0,0.0,0,pos
FUN_007205,0,0.0,0,pos,0,0.0,0,pos
FUN_004533,108,0.05921052631578947,1,pos_s1332_e1380,0,0.0,0,pos
FUN_000509,30,0.027472527472527472,1,pos_s306_e336,0,0.0,0,pos
FUN_007560,0,0.0,0,pos,0,0.0,0,pos
FUN_003635,0,0.0,0,pos,0,0.0,0,pos
FUN_003355,84,0.016928657799274487,1,pos_s4674_e4716,54,0.010882708585247884,1,pos_s4674_e4716
FUN_001313,0,0.0,0,pos,0,0.0,0,pos
FUN_015448,0,0.0,0,pos,0,0.0,0,pos
FUN_006422,0,0.0,0,pos,0,0.0,0,pos
FUN_001135,0,0.0,0,pos,0,0.0,0,pos
FUN_007243,0,0.0,0,pos,0,0.0,0,pos
FUN_007122,66,0.04564315352697095,1,pos_s1128_e1194,0,0.0,0,pos
FUN_003587,144,0.23529411764705882,1,pos_s420_e546,6,0.00980392156862745,0,pos
FUN_005567,0,0.0,0,pos,0,0.0,0,pos
FUN_003612,12,0.005449591280653951,0,pos,0,0.0,0,pos
FUN_012283,0,0.0,0,pos,0,0.0,0,pos
FUN_004955,42,0.03932584269662921,1,pos_s528_e564,0,0.0,0,pos
FUN_016009,0,0.0,0,pos,0,0.0,0,pos
FUN_000752,0,0.0,0,pos,0,0.0,0,pos
FUN_016196,0,0.0,0,pos,0,0.0,0,pos
FUN_015897,0,0.0,0,pos,0,0.0,0,pos
FUN_003374,0,0.0,0,pos,0,0.0,0,pos
FUN_015537,0,0.0,0,pos,0,0.0,0,pos
FUN_004473,0,0.0,0,pos,0,0.0,0,pos
FUN_002842,0,0.0,0,pos,0,0.0,0,pos
FUN_000149,0,0.0,0,pos,0,0.0,0,pos
FUN_002537,0,0.0,0,pos,0,0.0,0,pos
FUN_012225,0,0.0,0,pos,0,0.0,0,pos
FUN_016744,0,0.0,0,pos,0,0.0,0,pos
FUN_000152,0,0.0,0,pos,0,0.0,0,pos
FUN_000047,258,0.15034965034965034,4,pos_s0_e66_s132_e162_s396_e468_s1440_e1470,114,0.06643356643356643,2,pos_s0_e42_s402_e468
FUN_005720,90,0.052083333333333336,1,pos_s306_e390,72,0.041666666666666664,1,pos_s312_e384
FUN_015293,0,0.0,0,pos,0,0.0,0,pos
FUN_010125,0,0.0,0,pos,0,0.0,0,pos
FUN_004903,0,0.0,0,pos,0,0.0,0,pos
FUN_007678,144,0.03870967741935484,2,pos_s732_e804_s2508_e2568,12,0.0032258064516129032,0,pos
FUN_011620,0,0.0,0,pos,0,0.0,0,pos
FUN_015913,0,0.0,0,pos,0,0.0,0,pos
FUN_003879,0,0.0,0,pos,0,0.0,0,pos
FUN_004317,0,0.0,0,pos,0,0.0,0,pos
FUN_001637,0,0.0,0,pos,0,0.0,0,pos
FUN_008377,0,0.0,0,pos,0,0.0,0,pos
FUN_015373,12,0.010256410256410256,0,pos,6,0.005128205128205128,0,pos
FUN_007015,0,0.0,0,pos,0,0.0,0,pos
FUN_012406,0,0.0,0,pos,0,0.0,0,pos
FUN_011998,0,0.0,0,pos,0,0.0,0,pos
FUN_012166,0,0.0,0,pos,0,0.0,0,pos
FUN_007835,0,0.0,0,pos,0,0.0,0,pos
FUN_012116,0,0.0,0,pos,0,0.0,0,pos
FUN_009287,30,0.1388888888888889,1,pos_s72_e102,0,0.0,0,pos
FUN_000544,0,0.0,0,pos,0,0.0,0,pos
FUN_005411,0,0.0,0,pos,0,0.0,0,pos
FUN_002724,12,0.04081632653061224,0,pos,0,0.0,0,pos
FUN_003313,0,0.0,0,pos,0,0.0,0,pos
FUN_001040,0,0.0,0,pos,0,0.0,0,pos
FUN_004604,0,0.0,0,pos,0,0.0,0,pos
FUN_015815,0,0.0,0,pos,0,0.0,0,pos
FUN_012273,0,0.0,0,pos,0,0.0,0,pos
FUN_003261,0,0.0,0,pos,0,0.0,0,pos
FUN_006603,30,0.008635578583765112,0,pos,0,0.0,0,pos
FUN_007018,18,0.02912621359223301,0,pos,0,0.0,0,pos
FUN_003421,30,0.026737967914438502,1,pos_s198_e228,0,0.0,0,pos
FUN_011995,0,0.0,0,pos,0,0.0,0,pos
FUN_009766,6,0.0045871559633027525,0,pos,0,0.0,0,pos
FUN_011338,0,0.0,0,pos,0,0.0,0,pos
FUN_015963,0,0.0,0,pos,0,0.0,0,pos
FUN_003668,0,0.0,0,pos,0,0.0,0,pos
FUN_008682,0,0.0,0,pos,0,0.0,0,pos
FUN_008007,96,0.04664723032069971,1,pos_s360_e444,0,0.0,0,pos
FUN_003250,0,0.0,0,pos,0,0.0,0,pos
FUN_003446,6,0.006896551724137931,0,pos,0,0.0,0,pos
FUN_005390,6,0.006211180124223602,0,pos,0,0.0,0,pos
FUN_001316,18,0.09375,0,pos,0,0.0,0,pos
FUN_007297,0,0.0,0,pos,0,0.0,0,pos
FUN_006613,0,0.0,0,pos,0,0.0,0,pos
FUN_015669,0,0.0,0,pos,0,0.0,0,pos
FUN_015506,0,0.0,0,pos,0,0.0,0,pos
FUN_009978,30,0.04032258064516129,0,pos,30,0.04032258064516129,0,pos
FUN_001948,0,0.0,0,pos,0,0.0,0,pos
FUN_000669,0,0.0,0,pos,0,0.0,0,pos
FUN_016183,0,0.0,0,pos,0,0.0,0,pos
FUN_000377,0,0.0,0,pos,0,0.0,0,pos
FUN_010723,96,0.034261241970021415,1,pos_s954_e1044,72,0.02569593147751606,1,pos_s972_e1044
FUN_005460,18,0.03260869565217391,0,pos,0,0.0,0,pos
FUN_016511,0,0.0,0,pos,0,0.0,0,pos
FUN_002364,0,0.0,0,pos,0,0.0,0,pos
FUN_006529,120,0.03418803418803419,1,pos_s162_e258,60,0.017094017094017096,1,pos_s162_e222
FUN_004070,0,0.0,0,pos,0,0.0,0,pos
FUN_001270,72,0.05687203791469194,1,pos_s1134_e1164,0,0.0,0,pos
FUN_009710,48,0.035398230088495575,0,pos,0,0.0,0,pos
FUN_000998,120,0.013063357282821686,1,pos_s4230_e4308,42,0.0045721750489875895,1,pos_s4248_e4278
FUN_002348,0,0.0,0,pos,0,0.0,0,pos
FUN_009240,0,0.0,0,pos,0,0.0,0,pos
FUN_015646,0,0.0,0,pos,0,0.0,0,pos
FUN_002612,0,0.0,0,pos,0,0.0,0,pos
FUN_000875,36,0.026200873362445413,1,pos_s234_e270,0,0.0,0,pos
FUN_016481,0,0.0,0,pos,0,0.0,0,pos
FUN_008032,54,0.04918032786885246,1,pos_s480_e534,0,0.0,0,pos
FUN_003591,0,0.0,0,pos,0,0.0,0,pos
FUN_011409,0,0.0,0,pos,0,0.0,0,pos
FUN_005932,282,0.5164835164835165,2,pos_s96_e288_s342_e402,60,0.10989010989010989,1,pos_s102_e138
FUN_009595,0,0.0,0,pos,0,0.0,0,pos
FUN_016017,0,0.0,0,pos,0,0.0,0,pos
FUN_005478,0,0.0,0,pos,0,0.0,0,pos
FUN_011049,0,0.0,0,pos,0,0.0,0,pos
FUN_000803,0,0.0,0,pos,0,0.0,0,pos
FUN_015485,0,0.0,0,pos,0,0.0,0,pos
FUN_006133,12,0.008064516129032258,0,pos,0,0.0,0,pos
FUN_016018,0,0.0,0,pos,0,0.0,0,pos
FUN_001710,24,0.07407407407407407,0,pos,0,0.0,0,pos
FUN_010466,0,0.0,0,pos,0,0.0,0,pos
FUN_007216,252,0.18421052631578946,4,pos_s42_e72_s456_e486_s552_e594_s1098_e1164,12,0.008771929824561403,0,pos
FUN_016011,0,0.0,0,pos,0,0.0,0,pos
FUN_004624,108,0.049586776859504134,2,pos_s456_e486_s612_e654,0,0.0,0,pos
FUN_004780,0,0.0,0,pos,0,0.0,0,pos
FUN_008842,0,0.0,0,pos,0,0.0,0,pos
FUN_004868,0,0.0,0,pos,0,0.0,0,pos
FUN_009163,0,0.0,0,pos,0,0.0,0,pos
FUN_010602,126,0.03511705685618729,1,pos_s2178_e2292,54,0.015050167224080268,1,pos_s2190_e2244
FUN_009986,0,0.0,0,pos,0,0.0,0,pos
FUN_015810,0,0.0,0,pos,0,0.0,0,pos
FUN_001080,6,0.041666666666666664,0,pos,0,0.0,0,pos
FUN_005427,90,0.04120879120879121,1,pos_s1368_e1452,12,0.005494505494505495,0,pos
FUN_015499,0,0.0,0,pos,0,0.0,0,pos
FUN_003423,0,0.0,0,pos,0,0.0,0,pos
FUN_009487,60,0.019193857965451054,1,pos_s2628_e2658,6,0.0019193857965451055,0,pos
FUN_010593,114,0.10674157303370786,1,pos_s0_e90,84,0.07865168539325842,1,pos_s18_e90
FUN_009406,0,0.0,0,pos,0,0.0,0,pos
FUN_004205,96,0.023054755043227664,2,pos_s2598_e2628_s3786_e3816,0,0.0,0,pos
FUN_015352,0,0.0,0,pos,0,0.0,0,pos
FUN_010544,0,0.0,0,pos,0,0.0,0,pos
FUN_009531,90,0.03303964757709251,2,pos_s1698_e1734_s2286_e2316,0,0.0,0,pos
FUN_004129,6,0.004132231404958678,0,pos,0,0.0,0,pos
FUN_004009,72,0.037383177570093455,1,pos_s144_e180,0,0.0,0,pos
FUN_011022,0,0.0,0,pos,0,0.0,0,pos
FUN_003937,0,0.0,0,pos,0,0.0,0,pos
FUN_011978,0,0.0,0,pos,0,0.0,0,pos
FUN_015620,0,0.0,0,pos,0,0.0,0,pos
FUN_009562,0,0.0,0,pos,0,0.0,0,pos
FUN_015878,0,0.0,0,pos,0,0.0,0,pos
FUN_011821,0,0.0,0,pos,0,0.0,0,pos
FUN_003978,0,0.0,0,pos,0,0.0,0,pos
FUN_011996,0,0.0,0,pos,0,0.0,0,pos
FUN_008700,0,0.0,0,pos,0,0.0,0,pos
FUN_008343,6,0.00909090909090909,0,pos,0,0.0,0,pos
FUN_004482,0,0.0,0,pos,0,0.0,0,pos
FUN_005165,0,0.0,0,pos,0,0.0,0,pos
FUN_011521,0,0.0,0,pos,0,0.0,0,pos
FUN_006173,60,0.023148148148148147,1,pos_s444_e474,0,0.0,0,pos
FUN_008869,0,0.0,0,pos,0,0.0,0,pos
FUN_002803,0,0.0,0,pos,0,0.0,0,pos
FUN_004185,216,0.0997229916897507,3,pos_s720_e798_s1008_e1044_s1656_e1758,114,0.05263157894736842,2,pos_s732_e798_s1692_e1734
FUN_016414,0,0.0,0,pos,0,0.0,0,pos
FUN_010164,0,0.0,0,pos,0,0.0,0,pos
FUN_011178,0,0.0,0,pos,0,0.0,0,pos
FUN_004227,0,0.0,0,pos,0,0.0,0,pos
FUN_010139,0,0.0,0,pos,0,0.0,0,pos
FUN_007411,0,0.0,0,pos,0,0.0,0,pos
FUN_007132,0,0.0,0,pos,0,0.0,0,pos
FUN_010806,0,0.0,0,pos,0,0.0,0,pos
FUN_005528,0,0.0,0,pos,0,0.0,0,pos
FUN_007836,0,0.0,0,pos,0,0.0,0,pos
FUN_011568,0,0.0,0,pos,0,0.0,0,pos
FUN_000205,0,0.0,0,pos,0,0.0,0,pos
FUN_011162,18,0.043478260869565216,0,pos,0,0.0,0,pos
FUN_007505,0,0.0,0,pos,0,0.0,0,pos
FUN_005144,0,0.0,0,pos,0,0.0,0,pos
FUN_002720,138,0.030789825970548863,2,pos_s3282_e3312_s4218_e4302,42,0.009370816599732263,0,pos
FUN_009000,0,0.0,0,pos,0,0.0,0,pos
FUN_004517,0,0.0,0,pos,0,0.0,0,pos
FUN_010601,90,0.03480278422273782,0,pos,0,0.0,0,pos
FUN_006639,0,0.0,0,pos,0,0.0,0,pos
FUN_000242,0,0.0,0,pos,0,0.0,0,pos
FUN_003546,216,0.07272727272727272,2,pos_s570_e642_s786_e846,30,0.010101010101010102,0,pos
FUN_002582,48,0.02,1,pos_s270_e306,12,0.005,0,pos
FUN_009175,0,0.0,0,pos,0,0.0,0,pos
FUN_010799,0,0.0,0,pos,0,0.0,0,pos
FUN_016727,0,0.0,0,pos,0,0.0,0,pos
FUN_010733,0,0.0,0,pos,0,0.0,0,pos
FUN_002418,138,0.27710843373493976,2,pos_s168_e222_s252_e318,18,0.03614457831325301,0,pos
FUN_000564,6,0.006944444444444444,0,pos,0,0.0,0,pos
FUN_002588,114,0.13286713286713286,1,pos_s96_e210,30,0.03496503496503497,0,pos
FUN_004137,0,0.0,0,pos,0,0.0,0,pos
FUN_000699,0,0.0,0,pos,0,0.0,0,pos
FUN_000092,408,0.02974628171478565,5,pos_s480_e510_s570_e612_s1884_e1974_s2778_e2832_s7656_e7764,132,0.009623797025371828,1,pos_s7656_e7758
FUN_003973,522,0.09334763948497854,6,pos_s870_e918_s2112_e2202_s2280_e2370_s2376_e2406_s2796_e2844_s2910_e2952,90,0.016094420600858368,2,pos_s2148_e2178_s2280_e2340
FUN_009802,0,0.0,0,pos,0,0.0,0,pos
FUN_002367,6,0.003703703703703704,0,pos,0,0.0,0,pos
FUN_003208,0,0.0,0,pos,0,0.0,0,pos
FUN_016499,0,0.0,0,pos,0,0.0,0,pos
FUN_005016,0,0.0,0,pos,0,0.0,0,pos
FUN_003008,0,0.0,0,pos,0,0.0,0,pos
FUN_010198,0,0.0,0,pos,0,0.0,0,pos
FUN_001096,0,0.0,0,pos,0,0.0,0,pos
FUN_006700,0,0.0,0,pos,0,0.0,0,pos
FUN_004658,114,0.01630901287553648,2,pos_s606_e654_s2130_e2166,12,0.0017167381974248926,0,pos
FUN_006207,12,0.005780346820809248,0,pos,0,0.0,0,pos
FUN_005259,0,0.0,0,pos,0,0.0,0,pos
FUN_002038,0,0.0,0,pos,0,0.0,0,pos
FUN_006398,0,0.0,0,pos,0,0.0,0,pos
FUN_015766,0,0.0,0,pos,0,0.0,0,pos
FUN_001558,114,0.04960835509138381,1,pos_s1122_e1152,18,0.007832898172323759,0,pos
FUN_011058,234,0.0967741935483871,3,pos_s270_e300_s954_e1002_s1032_e1128,0,0.0,0,pos
FUN_008413,0,0.0,0,pos,0,0.0,0,pos
FUN_004305,126,0.05898876404494382,1,pos_s906_e1008,0,0.0,0,pos
FUN_001631,0,0.0,0,pos,0,0.0,0,pos
FUN_008027,0,0.0,0,pos,0,0.0,0,pos
FUN_006581,138,0.056511056511056514,2,pos_s246_e318_s1092_e1158,84,0.0343980343980344,2,pos_s270_e306_s1092_e1140
FUN_002836,18,0.008064516129032258,0,pos,0,0.0,0,pos
FUN_011397,48,0.03333333333333333,1,pos_s1188_e1236,24,0.016666666666666666,0,pos
FUN_011759,0,0.0,0,pos,0,0.0,0,pos
FUN_004640,204,0.06938775510204082,2,pos_s1932_e2052_s2064_e2112,48,0.0163265306122449,1,pos_s2016_e2046
FUN_000691,0,0.0,0,pos,0,0.0,0,pos
FUN_000427,0,0.0,0,pos,0,0.0,0,pos
FUN_005167,36,0.008391608391608392,1,pos_s2616_e2646,24,0.005594405594405594,0,pos
FUN_010395,0,0.0,0,pos,0,0.0,0,pos
FUN_004131,0,0.0,0,pos,0,0.0,0,pos
FUN_011356,0,0.0,0,pos,0,0.0,0,pos
FUN_015496,0,0.0,0,pos,0,0.0,0,pos
FUN_010955,0,0.0,0,pos,0,0.0,0,pos
FUN_005587,126,0.05785123966942149,2,pos_s2034_e2112_s2118_e2154,42,0.01928374655647383,1,pos_s2034_e2076
FUN_016869,0,0.0,0,pos,0,0.0,0,pos
FUN_009032,0,0.0,0,pos,0,0.0,0,pos
FUN_000734,24,0.016194331983805668,0,pos,0,0.0,0,pos
FUN_005410,72,0.02564102564102564,1,pos_s1668_e1728,0,0.0,0,pos
FUN_015866,12,0.009950248756218905,0,pos,6,0.004975124378109453,0,pos
FUN_012220,0,0.0,0,pos,0,0.0,0,pos
FUN_004628,174,0.033218785796105384,2,pos_s492_e558_s4566_e4650,12,0.002290950744558992,0,pos
FUN_003490,0,0.0,0,pos,0,0.0,0,pos
FUN_012278,0,0.0,0,pos,0,0.0,0,pos
FUN_009637,78,0.04642857142857143,1,pos_s618_e660,36,0.02142857142857143,1,pos_s624_e660
FUN_006189,1392,0.06019719771665802,18,pos_s3180_e3222_s8634_e8736_s8760_e8796_s9000_e9060_s9156_e9234_s9252_e9288_s9294_e9366_s9576_e9672_s9816_e9870_s9894_e9948_s10152_e10182_s10398_e10428_s10506_e10602_s11604_e11688_s13014_e13056_s13836_e13914_s21144_e21216_s21984_e22062,336,0.014530358069538143,4,pos_s8652_e8682_s8694_e8736_s9000_e9060_s9174_e9204
FUN_009957,144,0.07228915662650602,3,pos_s108_e156_s174_e216_s1638_e1686,6,0.0030120481927710845,0,pos
FUN_000329,0,0.0,0,pos,0,0.0,0,pos
FUN_015836,0,0.0,0,pos,0,0.0,0,pos
FUN_000416,0,0.0,0,pos,0,0.0,0,pos
FUN_015574,0,0.0,0,pos,0,0.0,0,pos
FUN_002078,0,0.0,0,pos,0,0.0,0,pos
FUN_009549,0,0.0,0,pos,0,0.0,0,pos
FUN_009596,360,0.12,3,pos_s834_e954_s1428_e1518_s2064_e2100,174,0.058,2,pos_s840_e918_s1446_e1518
FUN_002183,0,0.0,0,pos,0,0.0,0,pos
FUN_001393,0,0.0,0,pos,0,0.0,0,pos
FUN_007994,6,0.0020833333333333333,0,pos,0,0.0,0,pos
FUN_003657,6,0.0049261083743842365,0,pos,6,0.0049261083743842365,0,pos
FUN_009603,0,0.0,0,pos,0,0.0,0,pos
FUN_009229,54,0.011292346298619825,1,pos_s4398_e4446,0,0.0,0,pos
FUN_000488,12,0.006535947712418301,0,pos,0,0.0,0,pos
FUN_008172,0,0.0,0,pos,0,0.0,0,pos
FUN_007886,48,0.02056555269922879,1,pos_s1860_e1902,0,0.0,0,pos
FUN_006839,84,0.04590163934426229,1,pos_s1098_e1182,78,0.04262295081967213,1,pos_s1098_e1176
FUN_007541,0,0.0,0,pos,0,0.0,0,pos
FUN_005162,0,0.0,0,pos,0,0.0,0,pos
FUN_015344,0,0.0,0,pos,0,0.0,0,pos
FUN_007098,0,0.0,0,pos,0,0.0,0,pos
FUN_004506,0,0.0,0,pos,0,0.0,0,pos
FUN_002811,0,0.0,0,pos,0,0.0,0,pos
FUN_012395,0,0.0,0,pos,0,0.0,0,pos
FUN_010295,78,0.09923664122137404,1,pos_s162_e240,78,0.09923664122137404,1,pos_s162_e240
FUN_005539,0,0.0,0,pos,0,0.0,0,pos
FUN_006413,96,0.06986899563318777,0,pos,36,0.026200873362445413,0,pos
FUN_009731,0,0.0,0,pos,0,0.0,0,pos
FUN_008833,72,0.01892744479495268,1,pos_s576_e648,42,0.011041009463722398,0,pos
FUN_015844,0,0.0,0,pos,0,0.0,0,pos
FUN_000262,0,0.0,0,pos,0,0.0,0,pos
FUN_007553,0,0.0,0,pos,0,0.0,0,pos
FUN_015916,0,0.0,0,pos,0,0.0,0,pos
FUN_001556,36,0.17142857142857143,0,pos,24,0.11428571428571428,0,pos
FUN_003019,36,0.043478260869565216,1,pos_s162_e198,0,0.0,0,pos
FUN_001644,0,0.0,0,pos,0,0.0,0,pos
FUN_006220,0,0.0,0,pos,0,0.0,0,pos
FUN_009670,0,0.0,0,pos,0,0.0,0,pos
FUN_010627,30,0.013089005235602094,0,pos,0,0.0,0,pos
FUN_008781,138,0.10454545454545454,1,pos_s348_e432,60,0.045454545454545456,1,pos_s354_e414
FUN_004379,0,0.0,0,pos,0,0.0,0,pos
FUN_003179,126,0.03969754253308128,2,pos_s252_e318_s324_e354,66,0.020793950850661626,1,pos_s258_e306
FUN_010692,0,0.0,0,pos,0,0.0,0,pos
FUN_005294,72,0.05454545454545454,1,pos_s1116_e1164,6,0.004545454545454545,0,pos
FUN_008389,0,0.0,0,pos,0,0.0,0,pos
FUN_007972,0,0.0,0,pos,0,0.0,0,pos
FUN_007983,120,0.29411764705882354,1,pos_s318_e402,6,0.014705882352941176,0,pos
FUN_002605,0,0.0,0,pos,0,0.0,0,pos
FUN_012107,0,0.0,0,pos,0,0.0,0,pos
FUN_009415,186,0.1220472440944882,1,pos_s1176_e1356,66,0.04330708661417323,0,pos
FUN_015622,0,0.0,0,pos,0,0.0,0,pos
FUN_015727,0,0.0,0,pos,0,0.0,0,pos
FUN_001924,150,0.044722719141323794,2,pos_s2190_e2244_s2724_e2796,0,0.0,0,pos
FUN_016236,0,0.0,0,pos,0,0.0,0,pos
FUN_003168,0,0.0,0,pos,0,0.0,0,pos
FUN_007710,0,0.0,0,pos,0,0.0,0,pos
FUN_007313,0,0.0,0,pos,0,0.0,0,pos
FUN_016667,0,0.0,0,pos,0,0.0,0,pos
FUN_009719,0,0.0,0,pos,0,0.0,0,pos
FUN_006154,0,0.0,0,pos,0,0.0,0,pos
FUN_016415,0,0.0,0,pos,0,0.0,0,pos
FUN_005091,198,0.14798206278026907,4,pos_s204_e240_s822_e852_s990_e1020_s1152_e1230,72,0.053811659192825115,1,pos_s1182_e1230
FUN_000426,0,0.0,0,pos,0,0.0,0,pos
FUN_001774,0,0.0,0,pos,0,0.0,0,pos
FUN_006174,0,0.0,0,pos,0,0.0,0,pos
FUN_016828,0,0.0,0,pos,0,0.0,0,pos
FUN_008019,120,0.012360939431396786,1,pos_s7968_e8028,24,0.002472187886279357,0,pos
FUN_007135,0,0.0,0,pos,0,0.0,0,pos
FUN_007151,0,0.0,0,pos,0,0.0,0,pos
FUN_002878,36,0.0023501762632197414,1,pos_s15276_e15312,0,0.0,0,pos
FUN_015721,0,0.0,0,pos,0,0.0,0,pos
FUN_001819,0,0.0,0,pos,0,0.0,0,pos
FUN_002934,0,0.0,0,pos,0,0.0,0,pos
FUN_000255,0,0.0,0,pos,0,0.0,0,pos
FUN_008097,84,0.06060606060606061,2,pos_s642_e672_s1272_e1320,0,0.0,0,pos
FUN_000133,0,0.0,0,pos,0,0.0,0,pos
FUN_005373,168,0.037991858887381276,2,pos_s3066_e3096_s3972_e4080,30,0.0067842605156037995,1,pos_s3996_e4026
FUN_015856,0,0.0,0,pos,0,0.0,0,pos
FUN_001886,0,0.0,0,pos,0,0.0,0,pos
FUN_004023,0,0.0,0,pos,0,0.0,0,pos
FUN_001288,108,0.04736842105263158,2,pos_s936_e966_s2172_e2250,24,0.010526315789473684,0,pos
FUN_006696,324,0.09764918625678119,6,pos_s594_e684_s1452_e1488_s1518_e1554_s2748_e2796_s3132_e3174_s3216_e3246,30,0.009041591320072333,0,pos
FUN_010434,0,0.0,0,pos,0,0.0,0,pos
FUN_007774,0,0.0,0,pos,0,0.0,0,pos
FUN_016656,0,0.0,0,pos,0,0.0,0,pos
FUN_006272,36,0.015789473684210527,1,pos_s1074_e1104,6,0.002631578947368421,0,pos
FUN_002911,0,0.0,0,pos,0,0.0,0,pos
FUN_009852,0,0.0,0,pos,0,0.0,0,pos
FUN_003687,0,0.0,0,pos,0,0.0,0,pos
FUN_005444,0,0.0,0,pos,0,0.0,0,pos
FUN_001422,0,0.0,0,pos,0,0.0,0,pos
FUN_012258,0,0.0,0,pos,0,0.0,0,pos
FUN_008476,6,0.0024390243902439024,0,pos,0,0.0,0,pos
FUN_002323,408,0.14166666666666666,3,pos_s216_e246_s942_e1128_s2052_e2160,270,0.09375,2,pos_s966_e1128_s2052_e2148
FUN_000189,96,0.07207207207207207,1,pos_s1212_e1308,0,0.0,0,pos
FUN_016081,0,0.0,0,pos,0,0.0,0,pos
FUN_003732,18,0.016304347826086956,0,pos,0,0.0,0,pos
FUN_002653,6,0.002061855670103093,0,pos,0,0.0,0,pos
FUN_005457,6,0.003424657534246575,0,pos,0,0.0,0,pos
FUN_011757,0,0.0,0,pos,0,0.0,0,pos
FUN_015374,0,0.0,0,pos,0,0.0,0,pos
FUN_011741,0,0.0,0,pos,0,0.0,0,pos
FUN_009525,0,0.0,0,pos,0,0.0,0,pos
FUN_011849,0,0.0,0,pos,0,0.0,0,pos
FUN_006150,0,0.0,0,pos,0,0.0,0,pos
FUN_000668,0,0.0,0,pos,0,0.0,0,pos
FUN_004588,24,0.006042296072507553,0,pos,0,0.0,0,pos
FUN_016524,0,0.0,0,pos,0,0.0,0,pos
FUN_010173,72,0.26666666666666666,2,pos_s84_e126_s144_e174,12,0.044444444444444446,0,pos
FUN_008960,18,0.006818181818181818,0,pos,0,0.0,0,pos
FUN_005242,0,0.0,0,pos,0,0.0,0,pos
FUN_006508,0,0.0,0,pos,0,0.0,0,pos
FUN_002301,0,0.0,0,pos,0,0.0,0,pos
FUN_005799,0,0.0,0,pos,0,0.0,0,pos
FUN_005469,0,0.0,0,pos,0,0.0,0,pos
FUN_005812,0,0.0,0,pos,0,0.0,0,pos
FUN_007236,12,0.007518796992481203,0,pos,0,0.0,0,pos
FUN_004086,90,0.12396694214876033,1,pos_s612_e684,42,0.05785123966942149,1,pos_s624_e666
FUN_004722,0,0.0,0,pos,0,0.0,0,pos
FUN_006232,0,0.0,0,pos,0,0.0,0,pos
FUN_010924,60,0.07142857142857142,1,pos_s762_e804,0,0.0,0,pos
FUN_002443,0,0.0,0,pos,0,0.0,0,pos
FUN_006543,0,0.0,0,pos,0,0.0,0,pos
FUN_010937,0,0.0,0,pos,0,0.0,0,pos
FUN_012377,0,0.0,0,pos,0,0.0,0,pos
FUN_001583,72,0.01348314606741573,2,pos_s336_e366_s570_e600,0,0.0,0,pos
FUN_001447,12,0.02631578947368421,0,pos,0,0.0,0,pos
FUN_007585,0,0.0,0,pos,0,0.0,0,pos
FUN_015843,0,0.0,0,pos,0,0.0,0,pos
FUN_009911,0,0.0,0,pos,0,0.0,0,pos
FUN_002106,54,0.03409090909090909,1,pos_s42_e96,0,0.0,0,pos
FUN_012122,0,0.0,0,pos,0,0.0,0,pos
FUN_004203,0,0.0,0,pos,0,0.0,0,pos
FUN_011612,0,0.0,0,pos,0,0.0,0,pos
FUN_007381,0,0.0,0,pos,0,0.0,0,pos
FUN_003099,210,0.05718954248366013,4,pos_s198_e246_s1008_e1062_s1644_e1692_s1758_e1806,42,0.011437908496732025,0,pos
FUN_012124,0,0.0,0,pos,0,0.0,0,pos
FUN_005339,24,0.016,0,pos,0,0.0,0,pos
FUN_004963,36,0.030927835051546393,1,pos_s882_e918,0,0.0,0,pos
FUN_000397,0,0.0,0,pos,0,0.0,0,pos
FUN_000351,6,0.0044444444444444444,0,pos,0,0.0,0,pos
FUN_006787,0,0.0,0,pos,0,0.0,0,pos
FUN_000964,156,0.038980509745127435,1,pos_s1662_e1788,60,0.014992503748125937,1,pos_s1716_e1764
FUN_005988,30,0.034013605442176874,0,pos,0,0.0,0,pos
FUN_004004,0,0.0,0,pos,0,0.0,0,pos
FUN_009886,0,0.0,0,pos,0,0.0,0,pos
FUN_006257,0,0.0,0,pos,0,0.0,0,pos
FUN_015333,0,0.0,0,pos,0,0.0,0,pos
FUN_015673,0,0.0,0,pos,0,0.0,0,pos
FUN_016093,0,0.0,0,pos,0,0.0,0,pos
FUN_008243,0,0.0,0,pos,0,0.0,0,pos
FUN_016882,0,0.0,0,pos,0,0.0,0,pos
FUN_002210,0,0.0,0,pos,0,0.0,0,pos
FUN_005100,12,0.01020408163265306,0,pos,0,0.0,0,pos
FUN_007568,0,0.0,0,pos,0,0.0,0,pos
FUN_004870,48,0.009422850412249705,0,pos,0,0.0,0,pos
FUN_008106,18,0.05172413793103448,0,pos,18,0.05172413793103448,0,pos
FUN_003306,0,0.0,0,pos,0,0.0,0,pos
FUN_004594,0,0.0,0,pos,0,0.0,0,pos
FUN_015957,0,0.0,0,pos,0,0.0,0,pos
FUN_006808,0,0.0,0,pos,0,0.0,0,pos
FUN_001607,0,0.0,0,pos,0,0.0,0,pos
FUN_005097,90,0.05639097744360902,1,pos_s1332_e1422,0,0.0,0,pos
FUN_000975,0,0.0,0,pos,0,0.0,0,pos
FUN_004919,156,0.10317460317460317,3,pos_s660_e720_s912_e942_s1314_e1362,60,0.03968253968253968,1,pos_s660_e720
FUN_005595,0,0.0,0,pos,0,0.0,0,pos
FUN_016724,0,0.0,0,pos,0,0.0,0,pos
FUN_007612,96,0.04177545691906005,1,pos_s0_e72,60,0.02610966057441253,1,pos_s0_e60
FUN_007657,0,0.0,0,pos,0,0.0,0,pos
FUN_003585,0,0.0,0,pos,0,0.0,0,pos
FUN_008600,0,0.0,0,pos,0,0.0,0,pos
FUN_004056,0,0.0,0,pos,0,0.0,0,pos
FUN_002968,210,0.03919372900335946,3,pos_s1794_e1860_s2478_e2508_s3330_e3366,0,0.0,0,pos
FUN_000129,18,0.025210084033613446,0,pos,18,0.025210084033613446,0,pos
FUN_008440,30,0.010615711252653927,0,pos,0,0.0,0,pos
FUN_004418,0,0.0,0,pos,0,0.0,0,pos
FUN_008489,0,0.0,0,pos,0,0.0,0,pos
FUN_002168,6,0.002849002849002849,0,pos,0,0.0,0,pos
FUN_000014,0,0.0,0,pos,0,0.0,0,pos
FUN_005788,30,0.030303030303030304,0,pos,0,0.0,0,pos
FUN_009966,0,0.0,0,pos,0,0.0,0,pos
FUN_015955,0,0.0,0,pos,0,0.0,0,pos
FUN_003820,0,0.0,0,pos,0,0.0,0,pos
FUN_012130,0,0.0,0,pos,0,0.0,0,pos
FUN_003156,0,0.0,0,pos,0,0.0,0,pos
FUN_008493,252,0.0821917808219178,3,pos_s1476_e1560_s1710_e1746_s2850_e2946,96,0.03131115459882583,1,pos_s1476_e1548
FUN_005063,6,0.014705882352941176,0,pos,0,0.0,0,pos
FUN_003700,0,0.0,0,pos,0,0.0,0,pos
FUN_012092,0,0.0,0,pos,0,0.0,0,pos
FUN_009119,114,0.036608863198458574,2,pos_s360_e444_s2676_e2706,18,0.005780346820809248,0,pos
FUN_002302,0,0.0,0,pos,0,0.0,0,pos
FUN_003424,0,0.0,0,pos,0,0.0,0,pos
FUN_016402,0,0.0,0,pos,0,0.0,0,pos
FUN_006404,12,0.014925373134328358,0,pos,0,0.0,0,pos
FUN_000407,0,0.0,0,pos,0,0.0,0,pos
FUN_003124,0,0.0,0,pos,0,0.0,0,pos
FUN_007038,0,0.0,0,pos,0,0.0,0,pos
FUN_004657,18,0.008620689655172414,0,pos,0,0.0,0,pos
FUN_008466,0,0.0,0,pos,0,0.0,0,pos
FUN_004155,42,0.07,0,pos,0,0.0,0,pos
FUN_012065,0,0.0,0,pos,0,0.0,0,pos
FUN_006724,48,0.01873536299765808,1,pos_s102_e150,48,0.01873536299765808,1,pos_s102_e150
FUN_015655,0,0.0,0,pos,0,0.0,0,pos
FUN_010640,108,0.04072398190045249,1,pos_s2136_e2232,0,0.0,0,pos
FUN_009538,0,0.0,0,pos,0,0.0,0,pos
FUN_000408,102,0.017435897435897435,1,pos_s3852_e3906,0,0.0,0,pos
FUN_006469,36,0.01092896174863388,1,pos_s1140_e1176,0,0.0,0,pos
FUN_007520,6,0.001834862385321101,0,pos,0,0.0,0,pos
FUN_016269,6,0.007692307692307693,0,pos,0,0.0,0,pos
FUN_007285,246,0.3253968253968254,3,pos_s174_e234_s366_e462_s468_e540,120,0.15873015873015872,2,pos_s396_e456_s468_e498
FUN_010630,6,0.006134969325153374,0,pos,0,0.0,0,pos
FUN_001956,0,0.0,0,pos,0,0.0,0,pos
FUN_010309,120,0.013577732518669382,2,pos_s2880_e2934_s3084_e3114,0,0.0,0,pos
FUN_004719,42,0.03349282296650718,0,pos,6,0.004784688995215311,0,pos
FUN_005174,0,0.0,0,pos,0,0.0,0,pos
FUN_005331,24,0.03305785123966942,0,pos,0,0.0,0,pos
FUN_010438,18,0.006036217303822937,0,pos,6,0.002012072434607646,0,pos
FUN_007525,0,0.0,0,pos,0,0.0,0,pos
FUN_004805,72,0.013777267508610792,1,pos_s954_e984,24,0.004592422502870264,0,pos
FUN_005062,54,0.05,0,pos,0,0.0,0,pos
FUN_007998,60,0.0625,1,pos_s378_e408,0,0.0,0,pos
FUN_003810,0,0.0,0,pos,0,0.0,0,pos
FUN_015259,0,0.0,0,pos,0,0.0,0,pos
FUN_011872,0,0.0,0,pos,0,0.0,0,pos
FUN_006682,0,0.0,0,pos,0,0.0,0,pos
FUN_011597,0,0.0,0,pos,0,0.0,0,pos
FUN_006202,96,0.06299212598425197,1,pos_s174_e270,0,0.0,0,pos
FUN_012293,0,0.0,0,pos,0,0.0,0,pos
FUN_008742,0,0.0,0,pos,0,0.0,0,pos
FUN_003505,0,0.0,0,pos,0,0.0,0,pos
FUN_015832,0,0.0,0,pos,0,0.0,0,pos
FUN_007484,0,0.0,0,pos,0,0.0,0,pos
FUN_010705,0,0.0,0,pos,0,0.0,0,pos
FUN_009273,282,0.1857707509881423,3,pos_s12_e48_s66_e180_s414_e498,234,0.1541501976284585,2,pos_s66_e174_s420_e498
FUN_000624,0,0.0,0,pos,0,0.0,0,pos
FUN_000876,18,0.005791505791505791,0,pos,0,0.0,0,pos
FUN_015390,0,0.0,0,pos,0,0.0,0,pos
FUN_004250,0,0.0,0,pos,0,0.0,0,pos
FUN_012083,114,0.13194444444444445,1,pos_s390_e504,42,0.04861111111111111,0,pos
FUN_001092,0,0.0,0,pos,0,0.0,0,pos
FUN_004376,0,0.0,0,pos,0,0.0,0,pos
FUN_001387,12,0.125,0,pos,0,0.0,0,pos
FUN_006240,18,0.006493506493506494,0,pos,0,0.0,0,pos
FUN_002116,0,0.0,0,pos,0,0.0,0,pos
FUN_002006,0,0.0,0,pos,0,0.0,0,pos
FUN_008809,0,0.0,0,pos,0,0.0,0,pos
FUN_005864,0,0.0,0,pos,0,0.0,0,pos
FUN_006493,0,0.0,0,pos,0,0.0,0,pos
FUN_015641,0,0.0,0,pos,0,0.0,0,pos
FUN_007914,6,0.0019193857965451055,0,pos,0,0.0,0,pos
FUN_007316,0,0.0,0,pos,0,0.0,0,pos
FUN_010653,0,0.0,0,pos,0,0.0,0,pos
FUN_001443,18,0.01948051948051948,0,pos,0,0.0,0,pos
FUN_009127,162,0.04671280276816609,2,pos_s1416_e1530_s3156_e3186,66,0.01903114186851211,1,pos_s1416_e1482
FUN_002003,336,0.08974358974358974,4,pos_s444_e552_s2196_e2238_s3234_e3276_s3396_e3510,144,0.038461538461538464,2,pos_s3396_e3426_s3432_e3510
FUN_000619,0,0.0,0,pos,0,0.0,0,pos
FUN_008149,90,0.1388888888888889,1,pos_s0_e78,54,0.08333333333333333,1,pos_s0_e54
FUN_003993,114,0.10919540229885058,1,pos_s306_e420,114,0.10919540229885058,1,pos_s306_e420
FUN_009438,12,0.125,0,pos,0,0.0,0,pos
FUN_008752,0,0.0,0,pos,0,0.0,0,pos
FUN_002114,0,0.0,0,pos,0,0.0,0,pos
FUN_008441,0,0.0,0,pos,0,0.0,0,pos
FUN_005549,0,0.0,0,pos,0,0.0,0,pos
FUN_001338,0,0.0,0,pos,0,0.0,0,pos
FUN_008660,0,0.0,0,pos,0,0.0,0,pos
FUN_015724,0,0.0,0,pos,0,0.0,0,pos
FUN_009930,18,0.023076923076923078,0,pos,0,0.0,0,pos
FUN_005465,0,0.0,0,pos,0,0.0,0,pos
FUN_004143,0,0.0,0,pos,0,0.0,0,pos
FUN_008714,36,0.006018054162487462,0,pos,12,0.0020060180541624875,0,pos
FUN_002461,0,0.0,0,pos,0,0.0,0,pos
FUN_016157,0,0.0,0,pos,0,0.0,0,pos
FUN_007502,0,0.0,0,pos,0,0.0,0,pos
FUN_006644,0,0.0,0,pos,0,0.0,0,pos
FUN_000580,180,0.15151515151515152,2,pos_s42_e72_s738_e798,12,0.010101010101010102,0,pos
FUN_004524,6,0.0038910505836575876,0,pos,0,0.0,0,pos
FUN_006533,42,0.04,1,pos_s882_e912,0,0.0,0,pos
FUN_008748,0,0.0,0,pos,0,0.0,0,pos
FUN_008790,54,0.025210084033613446,1,pos_s1536_e1572,0,0.0,0,pos
FUN_000553,0,0.0,0,pos,0,0.0,0,pos
FUN_004109,0,0.0,0,pos,0,0.0,0,pos
FUN_011234,0,0.0,0,pos,0,0.0,0,pos
FUN_016108,0,0.0,0,pos,0,0.0,0,pos
FUN_010024,0,0.0,0,pos,0,0.0,0,pos
FUN_008977,0,0.0,0,pos,0,0.0,0,pos
FUN_015906,0,0.0,0,pos,0,0.0,0,pos
FUN_010341,0,0.0,0,pos,0,0.0,0,pos
FUN_007891,0,0.0,0,pos,0,0.0,0,pos
FUN_000578,0,0.0,0,pos,0,0.0,0,pos
FUN_000753,24,0.01951219512195122,0,pos,6,0.004878048780487805,0,pos
FUN_000323,0,0.0,0,pos,0,0.0,0,pos
FUN_007361,0,0.0,0,pos,0,0.0,0,pos
FUN_007601,0,0.0,0,pos,0,0.0,0,pos
FUN_004095,0,0.0,0,pos,0,0.0,0,pos
FUN_003377,0,0.0,0,pos,0,0.0,0,pos
FUN_005876,0,0.0,0,pos,0,0.0,0,pos
FUN_004018,0,0.0,0,pos,0,0.0,0,pos
FUN_010711,0,0.0,0,pos,0,0.0,0,pos
FUN_001625,54,0.033707865168539325,1,pos_s1464_e1518,0,0.0,0,pos
FUN_012300,0,0.0,0,pos,0,0.0,0,pos
FUN_010092,0,0.0,0,pos,0,0.0,0,pos
FUN_001017,258,0.03640982218458933,6,pos_s990_e1044_s1050_e1080_s1302_e1356_s1512_e1542_s1548_e1578_s5868_e5898,42,0.0059271803556308214,1,pos_s1314_e1356
FUN_000869,0,0.0,0,pos,0,0.0,0,pos
FUN_016059,0,0.0,0,pos,0,0.0,0,pos
FUN_011955,0,0.0,0,pos,0,0.0,0,pos
FUN_006499,0,0.0,0,pos,0,0.0,0,pos
FUN_004891,0,0.0,0,pos,0,0.0,0,pos
FUN_000157,0,0.0,0,pos,0,0.0,0,pos
FUN_016464,0,0.0,0,pos,0,0.0,0,pos
FUN_002844,0,0.0,0,pos,0,0.0,0,pos
FUN_011607,0,0.0,0,pos,0,0.0,0,pos
FUN_010587,102,0.22666666666666666,2,pos_s54_e90_s168_e204,42,0.09333333333333334,1,pos_s174_e204
FUN_003330,48,0.014109347442680775,1,pos_s3216_e3264,30,0.008818342151675485,1,pos_s3216_e3246
FUN_000474,0,0.0,0,pos,0,0.0,0,pos
FUN_016824,0,0.0,0,pos,0,0.0,0,pos
FUN_011618,0,0.0,0,pos,0,0.0,0,pos
FUN_000916,180,0.05639097744360902,3,pos_s0_e30_s438_e468_s522_e552,12,0.0037593984962406013,0,pos
FUN_008783,72,0.11650485436893204,1,pos_s570_e600,6,0.009708737864077669,0,pos
FUN_010312,264,0.020493712156497437,1,pos_s10056_e10290,228,0.017699115044247787,1,pos_s10056_e10278
FUN_005614,0,0.0,0,pos,0,0.0,0,pos
FUN_012114,0,0.0,0,pos,0,0.0,0,pos
FUN_011943,0,0.0,0,pos,0,0.0,0,pos
FUN_007759,0,0.0,0,pos,0,0.0,0,pos
FUN_001309,0,0.0,0,pos,0,0.0,0,pos
FUN_007345,276,0.1270718232044199,2,pos_s528_e576_s1260_e1308,108,0.049723756906077346,2,pos_s528_e576_s2118_e2154
FUN_006355,84,0.1590909090909091,1,pos_s96_e132,0,0.0,0,pos
FUN_006746,0,0.0,0,pos,0,0.0,0,pos
FUN_002805,0,0.0,0,pos,0,0.0,0,pos
FUN_015548,0,0.0,0,pos,0,0.0,0,pos
FUN_006230,18,0.016042780748663103,0,pos,0,0.0,0,pos
FUN_015477,0,0.0,0,pos,0,0.0,0,pos
FUN_004933,42,0.013671875,0,pos,0,0.0,0,pos
FUN_007700,0,0.0,0,pos,0,0.0,0,pos
FUN_004053,84,0.041791044776119404,1,pos_s1620_e1698,0,0.0,0,pos
FUN_001865,0,0.0,0,pos,0,0.0,0,pos
FUN_006798,0,0.0,0,pos,0,0.0,0,pos
FUN_003994,144,0.03488372093023256,2,pos_s2412_e2478_s4044_e4116,54,0.01308139534883721,1,pos_s4062_e4116
FUN_010698,12,0.015151515151515152,0,pos,0,0.0,0,pos
FUN_007871,0,0.0,0,pos,0,0.0,0,pos
FUN_004885,12,0.01092896174863388,0,pos,0,0.0,0,pos
FUN_006195,6,0.005813953488372093,0,pos,0,0.0,0,pos
FUN_003292,144,0.08053691275167785,1,pos_s1650_e1704,60,0.03355704697986577,1,pos_s1650_e1704
FUN_001126,0,0.0,0,pos,0,0.0,0,pos
FUN_000531,150,0.022686025408348458,1,pos_s3576_e3630,12,0.0018148820326678765,0,pos
FUN_011991,0,0.0,0,pos,0,0.0,0,pos
FUN_003946,0,0.0,0,pos,0,0.0,0,pos
FUN_006676,0,0.0,0,pos,0,0.0,0,pos
FUN_001085,0,0.0,0,pos,0,0.0,0,pos
FUN_004342,6,0.0053475935828877,0,pos,0,0.0,0,pos
FUN_005401,0,0.0,0,pos,0,0.0,0,pos
FUN_001912,12,0.06060606060606061,0,pos,0,0.0,0,pos
FUN_006219,12,0.017391304347826087,0,pos,0,0.0,0,pos
FUN_011314,0,0.0,0,pos,0,0.0,0,pos
FUN_004383,0,0.0,0,pos,0,0.0,0,pos
FUN_002892,0,0.0,0,pos,0,0.0,0,pos
FUN_016624,0,0.0,0,pos,0,0.0,0,pos
FUN_009051,0,0.0,0,pos,0,0.0,0,pos
FUN_015728,0,0.0,0,pos,0,0.0,0,pos
FUN_000013,12,0.011428571428571429,0,pos,0,0.0,0,pos
FUN_016506,0,0.0,0,pos,0,0.0,0,pos
FUN_005949,0,0.0,0,pos,0,0.0,0,pos
FUN_004100,42,0.013232514177693762,0,pos,6,0.001890359168241966,0,pos
FUN_003116,0,0.0,0,pos,0,0.0,0,pos
FUN_005281,0,0.0,0,pos,0,0.0,0,pos
FUN_011189,0,0.0,0,pos,0,0.0,0,pos
FUN_001856,0,0.0,0,pos,0,0.0,0,pos
FUN_011330,0,0.0,0,pos,0,0.0,0,pos
FUN_005677,0,0.0,0,pos,0,0.0,0,pos
FUN_009370,18,0.015384615384615385,0,pos,0,0.0,0,pos
FUN_000925,0,0.0,0,pos,0,0.0,0,pos
FUN_010935,12,0.006153846153846154,0,pos,0,0.0,0,pos
FUN_011052,0,0.0,0,pos,0,0.0,0,pos
FUN_002439,0,0.0,0,pos,0,0.0,0,pos
FUN_008103,42,0.021148036253776436,1,pos_s1830_e1872,0,0.0,0,pos
FUN_011101,36,0.029556650246305417,0,pos,0,0.0,0,pos
FUN_010695,0,0.0,0,pos,0,0.0,0,pos
FUN_009055,54,0.05172413793103448,1,pos_s360_e402,24,0.022988505747126436,0,pos
FUN_000358,0,0.0,0,pos,0,0.0,0,pos
FUN_008123,0,0.0,0,pos,0,0.0,0,pos
FUN_011415,0,0.0,0,pos,0,0.0,0,pos
FUN_000053,0,0.0,0,pos,0,0.0,0,pos
FUN_008414,0,0.0,0,pos,0,0.0,0,pos
FUN_006437,0,0.0,0,pos,0,0.0,0,pos
FUN_010371,0,0.0,0,pos,0,0.0,0,pos
FUN_004119,0,0.0,0,pos,0,0.0,0,pos
FUN_004525,0,0.0,0,pos,0,0.0,0,pos
FUN_006544,0,0.0,0,pos,0,0.0,0,pos
FUN_008392,108,0.19148936170212766,2,pos_s0_e78_s84_e114,18,0.031914893617021274,0,pos
FUN_006095,0,0.0,0,pos,0,0.0,0,pos
FUN_012500,0,0.0,0,pos,0,0.0,0,pos
FUN_010259,270,0.09297520661157024,3,pos_s1050_e1080_s1326_e1428_s1734_e1800,102,0.03512396694214876,1,pos_s1338_e1428
FUN_011175,264,0.04835164835164835,2,pos_s804_e900_s1362_e1512,180,0.03296703296703297,2,pos_s822_e894_s1386_e1488
FUN_008972,0,0.0,0,pos,0,0.0,0,pos
FUN_003799,0,0.0,0,pos,0,0.0,0,pos
FUN_015380,0,0.0,0,pos,0,0.0,0,pos
FUN_007959,0,0.0,0,pos,0,0.0,0,pos
FUN_003169,66,0.04230769230769231,1,pos_s930_e960,0,0.0,0,pos
FUN_008659,0,0.0,0,pos,0,0.0,0,pos
FUN_012093,0,0.0,0,pos,0,0.0,0,pos
FUN_010428,0,0.0,0,pos,0,0.0,0,pos
FUN_006341,0,0.0,0,pos,0,0.0,0,pos
FUN_006379,0,0.0,0,pos,0,0.0,0,pos
FUN_004340,192,0.06837606837606838,3,pos_s162_e192_s426_e498_s1356_e1404,0,0.0,0,pos
FUN_011053,6,0.006097560975609756,0,pos,0,0.0,0,pos
FUN_009463,24,0.01762114537444934,0,pos,0,0.0,0,pos
FUN_010204,114,0.06884057971014493,1,pos_s1224_e1314,18,0.010869565217391304,0,pos
FUN_007355,0,0.0,0,pos,0,0.0,0,pos
FUN_015331,0,0.0,0,pos,0,0.0,0,pos
FUN_015985,0,0.0,0,pos,0,0.0,0,pos
FUN_000155,48,0.021052631578947368,1,pos_s1092_e1140,48,0.021052631578947368,1,pos_s1092_e1140
FUN_000410,0,0.0,0,pos,0,0.0,0,pos
FUN_012484,0,0.0,0,pos,0,0.0,0,pos
FUN_000005,0,0.0,0,pos,0,0.0,0,pos
FUN_015440,0,0.0,0,pos,0,0.0,0,pos
FUN_010183,0,0.0,0,pos,0,0.0,0,pos
FUN_008211,48,0.047619047619047616,1,pos_s894_e936,0,0.0,0,pos
FUN_002432,0,0.0,0,pos,0,0.0,0,pos
FUN_016561,0,0.0,0,pos,0,0.0,0,pos
FUN_005476,0,0.0,0,pos,0,0.0,0,pos
FUN_011347,132,0.24444444444444444,1,pos_s306_e438,78,0.14444444444444443,1,pos_s342_e420
FUN_000515,0,0.0,0,pos,0,0.0,0,pos
FUN_004417,90,0.025951557093425604,2,pos_s42_e96_s3270_e3300,0,0.0,0,pos
FUN_016510,0,0.0,0,pos,0,0.0,0,pos
FUN_002160,0,0.0,0,pos,0,0.0,0,pos
FUN_008945,0,0.0,0,pos,0,0.0,0,pos
FUN_006218,90,0.39473684210526316,0,pos,0,0.0,0,pos
FUN_000921,0,0.0,0,pos,0,0.0,0,pos
FUN_003220,0,0.0,0,pos,0,0.0,0,pos
FUN_000874,0,0.0,0,pos,0,0.0,0,pos
FUN_007244,0,0.0,0,pos,0,0.0,0,pos
FUN_006822,54,0.20930232558139536,1,pos_s48_e102,18,0.06976744186046512,0,pos
FUN_009700,0,0.0,0,pos,0,0.0,0,pos
FUN_006774,0,0.0,0,pos,0,0.0,0,pos
FUN_002928,42,0.014925373134328358,1,pos_s378_e420,0,0.0,0,pos
FUN_004410,150,0.15723270440251572,2,pos_s504_e600_s696_e744,42,0.0440251572327044,1,pos_s504_e534
FUN_011890,0,0.0,0,pos,0,0.0,0,pos
FUN_006192,0,0.0,0,pos,0,0.0,0,pos
FUN_003980,6,0.004016064257028112,0,pos,0,0.0,0,pos
FUN_011222,0,0.0,0,pos,0,0.0,0,pos
FUN_002996,0,0.0,0,pos,0,0.0,0,pos
FUN_009211,180,0.05964214711729622,2,pos_s732_e816_s2778_e2856,60,0.019880715705765408,1,pos_s738_e786
FUN_006137,0,0.0,0,pos,0,0.0,0,pos
FUN_007202,30,0.012953367875647668,0,pos,0,0.0,0,pos
FUN_016855,0,0.0,0,pos,0,0.0,0,pos
FUN_009476,0,0.0,0,pos,0,0.0,0,pos
FUN_011625,0,0.0,0,pos,0,0.0,0,pos
FUN_005755,0,0.0,0,pos,0,0.0,0,pos
FUN_003006,90,0.08823529411764706,2,pos_s468_e498_s582_e642,0,0.0,0,pos
FUN_008458,0,0.0,0,pos,0,0.0,0,pos
FUN_015618,0,0.0,0,pos,0,0.0,0,pos
FUN_007089,0,0.0,0,pos,0,0.0,0,pos
FUN_006297,0,0.0,0,pos,0,0.0,0,pos
FUN_015330,0,0.0,0,pos,0,0.0,0,pos
FUN_005295,90,0.10135135135135136,1,pos_s456_e546,72,0.08108108108108109,1,pos_s456_e528
FUN_009622,24,0.005641748942172073,0,pos,0,0.0,0,pos
FUN_000103,0,0.0,0,pos,0,0.0,0,pos
FUN_011800,54,0.225,1,pos_s54_e84,0,0.0,0,pos
FUN_000510,72,0.038338658146964855,1,pos_s108_e180,0,0.0,0,pos
FUN_004243,90,0.022935779816513763,1,pos_s2148_e2184,18,0.0045871559633027525,0,pos
FUN_003796,0,0.0,0,pos,0,0.0,0,pos
FUN_002096,0,0.0,0,pos,0,0.0,0,pos
FUN_016468,0,0.0,0,pos,0,0.0,0,pos
FUN_008622,30,0.043859649122807015,1,pos_s0_e30,0,0.0,0,pos
FUN_002781,0,0.0,0,pos,0,0.0,0,pos
FUN_010356,0,0.0,0,pos,0,0.0,0,pos
FUN_002334,0,0.0,0,pos,0,0.0,0,pos
FUN_008562,30,0.033112582781456956,1,pos_s42_e72,30,0.033112582781456956,1,pos_s42_e72
FUN_005747,54,0.041666666666666664,1,pos_s1236_e1284,0,0.0,0,pos
FUN_005341,18,0.009174311926605505,0,pos,0,0.0,0,pos
FUN_016819,0,0.0,0,pos,0,0.0,0,pos
FUN_003971,0,0.0,0,pos,0,0.0,0,pos
FUN_015973,0,0.0,0,pos,0,0.0,0,pos
FUN_015934,0,0.0,0,pos,0,0.0,0,pos
FUN_006084,0,0.0,0,pos,0,0.0,0,pos
FUN_011590,0,0.0,0,pos,0,0.0,0,pos
FUN_011876,0,0.0,0,pos,0,0.0,0,pos
FUN_016541,0,0.0,0,pos,0,0.0,0,pos
FUN_001661,0,0.0,0,pos,0,0.0,0,pos
FUN_002503,0,0.0,0,pos,0,0.0,0,pos
FUN_001155,0,0.0,0,pos,0,0.0,0,pos
FUN_012524,0,0.0,0,pos,0,0.0,0,pos
FUN_003117,0,0.0,0,pos,0,0.0,0,pos
FUN_011319,0,0.0,0,pos,0,0.0,0,pos
FUN_003906,24,0.008791208791208791,0,pos,0,0.0,0,pos
FUN_008024,0,0.0,0,pos,0,0.0,0,pos
FUN_003839,0,0.0,0,pos,0,0.0,0,pos
FUN_009926,0,0.0,0,pos,0,0.0,0,pos
FUN_012150,0,0.0,0,pos,0,0.0,0,pos
FUN_005906,0,0.0,0,pos,0,0.0,0,pos
FUN_007514,0,0.0,0,pos,0,0.0,0,pos
FUN_010836,0,0.0,0,pos,0,0.0,0,pos
FUN_002490,18,0.005025125628140704,0,pos,12,0.0033500837520938024,0,pos
FUN_008008,126,0.03488372093023256,1,pos_s1332_e1380,6,0.0016611295681063123,0,pos
FUN_007164,0,0.0,0,pos,0,0.0,0,pos
FUN_007443,0,0.0,0,pos,0,0.0,0,pos
FUN_004642,0,0.0,0,pos,0,0.0,0,pos
FUN_010511,6,0.0040650406504065045,0,pos,0,0.0,0,pos
FUN_007992,90,0.15625,1,pos_s0_e36,36,0.0625,0,pos
FUN_007569,0,0.0,0,pos,0,0.0,0,pos
FUN_011878,0,0.0,0,pos,0,0.0,0,pos
FUN_003420,0,0.0,0,pos,0,0.0,0,pos
FUN_008597,0,0.0,0,pos,0,0.0,0,pos
FUN_003496,0,0.0,0,pos,0,0.0,0,pos
FUN_004539,0,0.0,0,pos,0,0.0,0,pos
FUN_011046,0,0.0,0,pos,0,0.0,0,pos
FUN_008400,114,0.19,1,pos_s372_e486,54,0.09,1,pos_s384_e438
FUN_006246,0,0.0,0,pos,0,0.0,0,pos
FUN_007883,0,0.0,0,pos,0,0.0,0,pos
FUN_003050,0,0.0,0,pos,0,0.0,0,pos
FUN_012428,0,0.0,0,pos,0,0.0,0,pos
FUN_011619,0,0.0,0,pos,0,0.0,0,pos
FUN_004750,6,0.0035335689045936395,0,pos,0,0.0,0,pos
FUN_011498,0,0.0,0,pos,0,0.0,0,pos
FUN_003127,18,0.016042780748663103,0,pos,0,0.0,0,pos
FUN_005958,0,0.0,0,pos,0,0.0,0,pos
FUN_004251,162,0.20149253731343283,2,pos_s0_e90_s576_e630,78,0.09701492537313433,1,pos_s12_e66
FUN_010418,24,0.018604651162790697,0,pos,0,0.0,0,pos
FUN_001402,12,0.012422360248447204,0,pos,0,0.0,0,pos
FUN_001178,0,0.0,0,pos,0,0.0,0,pos
FUN_003305,0,0.0,0,pos,0,0.0,0,pos
FUN_007605,6,0.007194244604316547,0,pos,0,0.0,0,pos
FUN_006279,0,0.0,0,pos,0,0.0,0,pos
FUN_006078,0,0.0,0,pos,0,0.0,0,pos
FUN_005289,144,0.05417607223476298,3,pos_s414_e462_s2028_e2058_s2106_e2154,42,0.01580135440180587,0,pos
FUN_003542,0,0.0,0,pos,0,0.0,0,pos
FUN_011006,108,0.04017857142857143,1,pos_s2250_e2280,18,0.006696428571428571,0,pos
FUN_011980,0,0.0,0,pos,0,0.0,0,pos
FUN_006953,12,0.021052631578947368,0,pos,0,0.0,0,pos
FUN_004291,0,0.0,0,pos,0,0.0,0,pos
FUN_006568,0,0.0,0,pos,0,0.0,0,pos
FUN_009501,654,0.11065989847715736,6,pos_s2628_e2742_s2802_e2916_s3018_e3114_s3132_e3366_s4968_e4998_s5010_e5040,522,0.0883248730964467,6,pos_s2628_e2742_s2808_e2916_s3030_e3114_s3132_e3234_s4968_e4998_s5010_e5040
FUN_009067,258,0.13149847094801223,2,pos_s348_e438_s846_e978,114,0.0581039755351682,1,pos_s846_e954
FUN_000069,0,0.0,0,pos,0,0.0,0,pos
FUN_016796,0,0.0,0,pos,0,0.0,0,pos
FUN_001679,78,0.05909090909090909,2,pos_s48_e78_s1260_e1308,48,0.03636363636363636,1,pos_s1260_e1308
FUN_012480,0,0.0,0,pos,0,0.0,0,pos
FUN_006147,30,0.013227513227513227,1,pos_s1566_e1596,0,0.0,0,pos
FUN_004089,0,0.0,0,pos,0,0.0,0,pos
FUN_010753,0,0.0,0,pos,0,0.0,0,pos
FUN_010489,102,0.02526002971768202,2,pos_s2118_e2154_s2274_e2310,12,0.0029717682020802376,0,pos
FUN_008387,6,0.0041841004184100415,0,pos,0,0.0,0,pos
FUN_016251,0,0.0,0,pos,0,0.0,0,pos
FUN_009842,0,0.0,0,pos,0,0.0,0,pos
FUN_005325,72,0.028708133971291867,1,pos_s2442_e2502,36,0.014354066985645933,0,pos
FUN_001973,48,0.11764705882352941,0,pos,0,0.0,0,pos
FUN_003354,54,0.023936170212765957,1,pos_s54_e102,36,0.015957446808510637,1,pos_s54_e84
FUN_005404,0,0.0,0,pos,0,0.0,0,pos
FUN_007013,18,0.0035460992907801418,0,pos,0,0.0,0,pos
FUN_011807,0,0.0,0,pos,0,0.0,0,pos
FUN_000798,0,0.0,0,pos,0,0.0,0,pos
FUN_009403,0,0.0,0,pos,0,0.0,0,pos
FUN_010054,30,0.022123893805309734,0,pos,0,0.0,0,pos
FUN_012101,0,0.0,0,pos,0,0.0,0,pos
FUN_003659,0,0.0,0,pos,0,0.0,0,pos
FUN_015868,0,0.0,0,pos,0,0.0,0,pos
FUN_005140,0,0.0,0,pos,0,0.0,0,pos
FUN_003372,0,0.0,0,pos,0,0.0,0,pos
FUN_012498,96,0.5714285714285714,0,pos,72,0.42857142857142855,0,pos
FUN_016535,0,0.0,0,pos,0,0.0,0,pos
FUN_006002,0,0.0,0,pos,0,0.0,0,pos
FUN_000783,42,0.041916167664670656,1,pos_s480_e516,6,0.005988023952095809,0,pos
FUN_005542,78,0.07386363636363637,2,pos_s942_e984_s996_e1026,12,0.011363636363636364,0,pos
FUN_007935,0,0.0,0,pos,0,0.0,0,pos
FUN_005141,0,0.0,0,pos,0,0.0,0,pos
FUN_016304,0,0.0,0,pos,0,0.0,0,pos
FUN_008697,0,0.0,0,pos,0,0.0,0,pos
FUN_006856,0,0.0,0,pos,0,0.0,0,pos
FUN_011332,150,0.04051863857374392,3,pos_s522_e564_s660_e696_s1638_e1674,18,0.004862236628849271,0,pos
FUN_006000,0,0.0,0,pos,0,0.0,0,pos
FUN_010334,174,0.12083333333333333,2,pos_s300_e354_s414_e498,0,0.0,0,pos
FUN_012335,0,0.0,0,pos,0,0.0,0,pos
FUN_011020,0,0.0,0,pos,0,0.0,0,pos
FUN_011839,0,0.0,0,pos,0,0.0,0,pos
FUN_003511,0,0.0,0,pos,0,0.0,0,pos
FUN_008139,156,0.0420032310177706,2,pos_s1374_e1488_s1698_e1734,48,0.012924071082390954,1,pos_s1440_e1482
FUN_003126,6,0.008264462809917356,0,pos,0,0.0,0,pos
FUN_011518,0,0.0,0,pos,0,0.0,0,pos
FUN_006530,0,0.0,0,pos,0,0.0,0,pos
FUN_015958,0,0.0,0,pos,0,0.0,0,pos
FUN_010060,0,0.0,0,pos,0,0.0,0,pos
FUN_009902,48,0.0446927374301676,1,pos_s816_e846,6,0.00558659217877095,0,pos
FUN_003939,0,0.0,0,pos,0,0.0,0,pos
FUN_008225,0,0.0,0,pos,0,0.0,0,pos
FUN_005488,0,0.0,0,pos,0,0.0,0,pos
FUN_001542,0,0.0,0,pos,0,0.0,0,pos
FUN_002673,42,0.023026315789473683,1,pos_s1500_e1530,18,0.009868421052631578,0,pos
FUN_010111,174,0.06872037914691943,2,pos_s252_e306_s1446_e1524,0,0.0,0,pos
FUN_016176,0,0.0,0,pos,0,0.0,0,pos
FUN_005597,18,0.019867549668874173,0,pos,0,0.0,0,pos
FUN_006801,0,0.0,0,pos,0,0.0,0,pos
FUN_010910,0,0.0,0,pos,0,0.0,0,pos
FUN_003016,0,0.0,0,pos,0,0.0,0,pos
FUN_000675,0,0.0,0,pos,0,0.0,0,pos
FUN_003470,0,0.0,0,pos,0,0.0,0,pos
FUN_005451,90,0.08875739644970414,1,pos_s750_e840,12,0.011834319526627219,0,pos
FUN_001455,168,0.4444444444444444,3,pos_s96_e156_s162_e204_s228_e294,18,0.047619047619047616,0,pos
FUN_001568,42,0.040229885057471264,1,pos_s1002_e1032,0,0.0,0,pos
FUN_008516,42,0.017456359102244388,1,pos_s0_e42,42,0.017456359102244388,1,pos_s0_e42
FUN_016646,0,0.0,0,pos,0,0.0,0,pos
FUN_005042,18,0.012711864406779662,0,pos,0,0.0,0,pos
FUN_000208,48,0.049689440993788817,1,pos_s606_e636,0,0.0,0,pos
FUN_009063,0,0.0,0,pos,0,0.0,0,pos
FUN_006650,114,0.01207115628970775,2,pos_s6252_e6288_s8424_e8484,0,0.0,0,pos
FUN_003300,0,0.0,0,pos,0,0.0,0,pos
FUN_010900,36,0.021897810218978103,1,pos_s1152_e1188,0,0.0,0,pos
FUN_002787,0,0.0,0,pos,0,0.0,0,pos
FUN_010563,0,0.0,0,pos,0,0.0,0,pos
FUN_006400,126,0.10714285714285714,2,pos_s732_e762_s1008_e1092,0,0.0,0,pos
FUN_010219,0,0.0,0,pos,0,0.0,0,pos
FUN_016165,0,0.0,0,pos,0,0.0,0,pos
FUN_001502,0,0.0,0,pos,0,0.0,0,pos
FUN_000171,0,0.0,0,pos,0,0.0,0,pos
FUN_003175,0,0.0,0,pos,0,0.0,0,pos
FUN_016813,0,0.0,0,pos,0,0.0,0,pos
FUN_005103,96,0.02465331278890601,1,pos_s2580_e2676,0,0.0,0,pos
FUN_011803,0,0.0,0,pos,0,0.0,0,pos
FUN_016669,0,0.0,0,pos,0,0.0,0,pos
FUN_010677,24,0.04819277108433735,0,pos,0,0.0,0,pos
FUN_007198,0,0.0,0,pos,0,0.0,0,pos
FUN_005323,0,0.0,0,pos,0,0.0,0,pos
FUN_000649,0,0.0,0,pos,0,0.0,0,pos
FUN_008346,18,0.009375,0,pos,0,0.0,0,pos
FUN_000887,24,0.028985507246376812,0,pos,0,0.0,0,pos
FUN_015529,0,0.0,0,pos,0,0.0,0,pos
FUN_015552,0,0.0,0,pos,0,0.0,0,pos
FUN_007813,84,0.2857142857142857,1,pos_s78_e150,0,0.0,0,pos
FUN_008506,54,0.05521472392638037,1,pos_s300_e336,18,0.018404907975460124,0,pos
FUN_002618,0,0.0,0,pos,0,0.0,0,pos
FUN_007405,0,0.0,0,pos,0,0.0,0,pos
FUN_015309,0,0.0,0,pos,0,0.0,0,pos
FUN_000898,6,0.0032258064516129032,0,pos,0,0.0,0,pos
FUN_004878,12,0.007017543859649123,0,pos,0,0.0,0,pos
FUN_009903,0,0.0,0,pos,0,0.0,0,pos
FUN_008683,0,0.0,0,pos,0,0.0,0,pos
FUN_006348,0,0.0,0,pos,0,0.0,0,pos
FUN_008716,282,0.12020460358056266,1,pos_s1818_e2070,186,0.0792838874680307,3,pos_s1818_e1908_s1920_e1956_s1986_e2028
FUN_003358,24,0.02702702702702703,0,pos,24,0.02702702702702703,0,pos
FUN_001660,0,0.0,0,pos,0,0.0,0,pos
FUN_006729,48,0.02,0,pos,0,0.0,0,pos
FUN_005860,0,0.0,0,pos,0,0.0,0,pos
FUN_007937,0,0.0,0,pos,0,0.0,0,pos
FUN_005559,0,0.0,0,pos,0,0.0,0,pos
FUN_015806,0,0.0,0,pos,0,0.0,0,pos
FUN_007360,24,0.013029315960912053,0,pos,0,0.0,0,pos
FUN_007207,18,0.03571428571428571,0,pos,18,0.03571428571428571,0,pos
FUN_011125,414,0.1954674220963173,4,pos_s0_e150_s186_e282_s792_e840_s960_e1002,102,0.04815864022662889,0,pos
FUN_006329,96,0.125,1,pos_s66_e126,36,0.046875,1,pos_s84_e120
FUN_004702,0,0.0,0,pos,0,0.0,0,pos
FUN_004127,0,0.0,0,pos,0,0.0,0,pos
FUN_001965,0,0.0,0,pos,0,0.0,0,pos
FUN_002073,78,0.012218045112781954,2,pos_s1470_e1506_s2460_e2496,0,0.0,0,pos
FUN_005312,0,0.0,0,pos,0,0.0,0,pos
FUN_001138,324,0.0345489443378119,3,pos_s624_e738_s1764_e1818_s5634_e5748,180,0.019193857965451054,2,pos_s624_e738_s5670_e5736
FUN_006840,0,0.0,0,pos,0,0.0,0,pos
FUN_006444,0,0.0,0,pos,0,0.0,0,pos
FUN_005650,0,0.0,0,pos,0,0.0,0,pos
FUN_011225,0,0.0,0,pos,0,0.0,0,pos
FUN_008675,78,0.022298456260720412,1,pos_s2916_e2982,12,0.003430531732418525,0,pos
FUN_001920,0,0.0,0,pos,0,0.0,0,pos
FUN_005816,36,0.012121212121212121,1,pos_s228_e258,0,0.0,0,pos
FUN_005931,0,0.0,0,pos,0,0.0,0,pos
FUN_012444,0,0.0,0,pos,0,0.0,0,pos
FUN_002035,192,0.15609756097560976,2,pos_s402_e450_s1098_e1128,78,0.06341463414634146,0,pos
FUN_010655,0,0.0,0,pos,0,0.0,0,pos
FUN_008193,0,0.0,0,pos,0,0.0,0,pos
FUN_010249,0,0.0,0,pos,0,0.0,0,pos
FUN_005824,0,0.0,0,pos,0,0.0,0,pos
FUN_001538,0,0.0,0,pos,0,0.0,0,pos
FUN_004568,0,0.0,0,pos,0,0.0,0,pos
FUN_008690,0,0.0,0,pos,0,0.0,0,pos
FUN_005574,0,0.0,0,pos,0,0.0,0,pos
FUN_001320,0,0.0,0,pos,0,0.0,0,pos
FUN_012163,0,0.0,0,pos,0,0.0,0,pos
FUN_005888,0,0.0,0,pos,0,0.0,0,pos
FUN_000568,0,0.0,0,pos,0,0.0,0,pos
FUN_009968,0,0.0,0,pos,0,0.0,0,pos
FUN_009962,0,0.0,0,pos,0,0.0,0,pos
FUN_007269,90,0.06944444444444445,1,pos_s606_e696,0,0.0,0,pos
FUN_003085,0,0.0,0,pos,0,0.0,0,pos
FUN_001608,0,0.0,0,pos,0,0.0,0,pos
FUN_008928,0,0.0,0,pos,0,0.0,0,pos
FUN_004961,0,0.0,0,pos,0,0.0,0,pos
FUN_011073,216,0.1651376146788991,3,pos_s828_e858_s888_e936_s1128_e1266,96,0.07339449541284404,2,pos_s828_e858_s888_e924
FUN_015576,0,0.0,0,pos,0,0.0,0,pos
FUN_011613,0,0.0,0,pos,0,0.0,0,pos
FUN_015874,0,0.0,0,pos,0,0.0,0,pos
FUN_012341,0,0.0,0,pos,0,0.0,0,pos
FUN_006456,114,0.05604719764011799,1,pos_s1278_e1356,6,0.0029498525073746312,0,pos
FUN_000767,240,0.08830022075055188,3,pos_s54_e114_s828_e918_s1086_e1170,90,0.033112582781456956,1,pos_s1116_e1170
FUN_006574,0,0.0,0,pos,0,0.0,0,pos
FUN_000815,42,0.021021021021021023,0,pos,0,0.0,0,pos
FUN_002425,0,0.0,0,pos,0,0.0,0,pos
FUN_016602,0,0.0,0,pos,0,0.0,0,pos
FUN_010693,0,0.0,0,pos,0,0.0,0,pos
FUN_008931,0,0.0,0,pos,0,0.0,0,pos
FUN_016378,0,0.0,0,pos,0,0.0,0,pos
FUN_015883,0,0.0,0,pos,0,0.0,0,pos
FUN_006758,0,0.0,0,pos,0,0.0,0,pos
FUN_006916,0,0.0,0,pos,0,0.0,0,pos
FUN_012127,0,0.0,0,pos,0,0.0,0,pos
FUN_005942,0,0.0,0,pos,0,0.0,0,pos
FUN_015588,0,0.0,0,pos,0,0.0,0,pos
FUN_016178,0,0.0,0,pos,0,0.0,0,pos
FUN_006601,0,0.0,0,pos,0,0.0,0,pos
FUN_003495,0,0.0,0,pos,0,0.0,0,pos
FUN_000274,0,0.0,0,pos,0,0.0,0,pos
FUN_000955,132,0.07692307692307693,3,pos_s1194_e1260_s1308_e1338_s1512_e1548,6,0.0034965034965034965,0,pos
FUN_015281,0,0.0,0,pos,0,0.0,0,pos
FUN_012217,0,0.0,0,pos,0,0.0,0,pos
FUN_006105,42,0.03535353535353535,0,pos,0,0.0,0,pos
FUN_010474,114,0.059748427672955975,1,pos_s1368_e1482,12,0.006289308176100629,0,pos
FUN_009071,0,0.0,0,pos,0,0.0,0,pos
FUN_008196,0,0.0,0,pos,0,0.0,0,pos
FUN_007246,0,0.0,0,pos,0,0.0,0,pos
FUN_010368,12,0.0392156862745098,0,pos,12,0.0392156862745098,0,pos
FUN_005901,0,0.0,0,pos,0,0.0,0,pos
FUN_000841,0,0.0,0,pos,0,0.0,0,pos
FUN_006817,90,0.030364372469635626,1,pos_s12_e102,0,0.0,0,pos
FUN_010608,36,0.05357142857142857,0,pos,0,0.0,0,pos
FUN_004415,0,0.0,0,pos,0,0.0,0,pos
FUN_011493,0,0.0,0,pos,0,0.0,0,pos
FUN_008486,0,0.0,0,pos,0,0.0,0,pos
FUN_008017,0,0.0,0,pos,0,0.0,0,pos
FUN_010303,0,0.0,0,pos,0,0.0,0,pos
FUN_011147,30,0.027472527472527472,0,pos,0,0.0,0,pos
FUN_002586,0,0.0,0,pos,0,0.0,0,pos
FUN_007102,0,0.0,0,pos,0,0.0,0,pos
FUN_006291,0,0.0,0,pos,0,0.0,0,pos
FUN_006504,0,0.0,0,pos,0,0.0,0,pos
FUN_004606,0,0.0,0,pos,0,0.0,0,pos
FUN_007147,0,0.0,0,pos,0,0.0,0,pos
FUN_007654,0,0.0,0,pos,0,0.0,0,pos
FUN_001909,204,0.046703296703296704,2,pos_s396_e486_s2154_e2196,6,0.0013736263736263737,0,pos
FUN_011804,0,0.0,0,pos,0,0.0,0,pos
FUN_007197,156,0.014772727272727272,2,pos_s1212_e1260_s5334_e5388,48,0.004545454545454545,1,pos_s1212_e1248
FUN_003089,0,0.0,0,pos,0,0.0,0,pos
FUN_011266,156,0.052,2,pos_s192_e234_s522_e594,12,0.004,0,pos
FUN_006325,0,0.0,0,pos,0,0.0,0,pos
FUN_011738,0,0.0,0,pos,0,0.0,0,pos
FUN_004090,0,0.0,0,pos,0,0.0,0,pos
FUN_005049,0,0.0,0,pos,0,0.0,0,pos
FUN_000214,96,0.0855614973262032,1,pos_s90_e186,0,0.0,0,pos
FUN_015821,0,0.0,0,pos,0,0.0,0,pos
FUN_000641,222,0.12802768166089964,4,pos_s324_e360_s396_e438_s618_e654_s780_e882,30,0.01730103806228374,0,pos
FUN_008399,0,0.0,0,pos,0,0.0,0,pos
FUN_002521,12,0.008064516129032258,0,pos,0,0.0,0,pos
FUN_008219,6,0.03125,0,pos,0,0.0,0,pos
FUN_012013,0,0.0,0,pos,0,0.0,0,pos
FUN_009028,0,0.0,0,pos,0,0.0,0,pos
FUN_009960,0,0.0,0,pos,0,0.0,0,pos
FUN_005041,78,0.014994232987312572,1,pos_s1020_e1080,0,0.0,0,pos
FUN_011941,0,0.0,0,pos,0,0.0,0,pos
FUN_009281,0,0.0,0,pos,0,0.0,0,pos
FUN_012198,0,0.0,0,pos,0,0.0,0,pos
FUN_015551,0,0.0,0,pos,0,0.0,0,pos
FUN_015502,102,0.1588785046728972,1,pos_s276_e360,0,0.0,0,pos
FUN_010500,0,0.0,0,pos,0,0.0,0,pos
FUN_015717,0,0.0,0,pos,0,0.0,0,pos
FUN_000597,0,0.0,0,pos,0,0.0,0,pos
FUN_009292,0,0.0,0,pos,0,0.0,0,pos
FUN_004451,192,0.06118546845124283,2,pos_s306_e366_s786_e882,42,0.01338432122370937,1,pos_s846_e876
FUN_010686,12,0.008695652173913044,0,pos,0,0.0,0,pos
FUN_002014,108,0.046153846153846156,1,pos_s2130_e2238,30,0.01282051282051282,0,pos
FUN_006622,174,0.21014492753623187,2,pos_s468_e570_s600_e654,0,0.0,0,pos
FUN_006693,0,0.0,0,pos,0,0.0,0,pos
FUN_005937,54,0.12,1,pos_s30_e84,0,0.0,0,pos
FUN_007952,0,0.0,0,pos,0,0.0,0,pos
FUN_002232,0,0.0,0,pos,0,0.0,0,pos
FUN_008637,18,0.022556390977443608,0,pos,0,0.0,0,pos
FUN_009346,0,0.0,0,pos,0,0.0,0,pos
FUN_007731,0,0.0,0,pos,0,0.0,0,pos
FUN_012376,0,0.0,0,pos,0,0.0,0,pos
FUN_011302,0,0.0,0,pos,0,0.0,0,pos
FUN_006264,372,0.06702702702702702,5,pos_s234_e324_s1062_e1098_s1698_e1758_s3504_e3534_s4752_e4854,36,0.006486486486486486,1,pos_s264_e294
FUN_016136,0,0.0,0,pos,0,0.0,0,pos
FUN_002326,0,0.0,0,pos,0,0.0,0,pos
FUN_011442,96,0.18181818181818182,0,pos,54,0.10227272727272728,1,pos_s474_e516
FUN_008702,12,0.02040816326530612,0,pos,6,0.01020408163265306,0,pos
FUN_002039,0,0.0,0,pos,0,0.0,0,pos
FUN_008419,0,0.0,0,pos,0,0.0,0,pos
FUN_006087,0,0.0,0,pos,0,0.0,0,pos
FUN_012432,0,0.0,0,pos,0,0.0,0,pos
FUN_004552,30,0.012077294685990338,0,pos,0,0.0,0,pos
FUN_006117,0,0.0,0,pos,0,0.0,0,pos
FUN_007597,18,0.008902077151335312,0,pos,0,0.0,0,pos
FUN_007181,0,0.0,0,pos,0,0.0,0,pos
FUN_007513,0,0.0,0,pos,0,0.0,0,pos
FUN_002592,0,0.0,0,pos,0,0.0,0,pos
FUN_005886,12,0.012578616352201259,0,pos,0,0.0,0,pos
FUN_016722,0,0.0,0,pos,0,0.0,0,pos
FUN_001163,0,0.0,0,pos,0,0.0,0,pos
FUN_009377,0,0.0,0,pos,0,0.0,0,pos
FUN_012463,0,0.0,0,pos,0,0.0,0,pos
FUN_008371,0,0.0,0,pos,0,0.0,0,pos
FUN_007850,744,0.1157796451914099,8,pos_s456_e564_s852_e936_s1542_e1584_s2274_e2310_s4878_e4992_s5190_e5280_s5316_e5376_s6258_e6402,204,0.031746031746031744,1,pos_s456_e564
FUN_012398,0,0.0,0,pos,0,0.0,0,pos
FUN_008910,0,0.0,0,pos,0,0.0,0,pos
FUN_011560,0,0.0,0,pos,0,0.0,0,pos
FUN_007215,390,0.1282051282051282,4,pos_s1434_e1548_s1776_e1824_s1830_e1890_s2262_e2310,222,0.07297830374753451,1,pos_s1476_e1548
FUN_000458,0,0.0,0,pos,0,0.0,0,pos
FUN_006985,0,0.0,0,pos,0,0.0,0,pos
FUN_009881,6,0.0020242914979757085,0,pos,0,0.0,0,pos
FUN_016341,0,0.0,0,pos,0,0.0,0,pos
FUN_010113,66,0.07586206896551724,1,pos_s378_e444,0,0.0,0,pos
FUN_008315,0,0.0,0,pos,0,0.0,0,pos
FUN_000548,96,0.060836501901140684,2,pos_s6_e60_s66_e108,0,0.0,0,pos
FUN_015694,0,0.0,0,pos,0,0.0,0,pos
FUN_008053,0,0.0,0,pos,0,0.0,0,pos
FUN_010782,0,0.0,0,pos,0,0.0,0,pos
FUN_005733,42,0.01440329218106996,0,pos,0,0.0,0,pos
FUN_001035,156,0.020651310563939634,3,pos_s336_e432_s678_e708_s714_e744,78,0.010325655281969817,1,pos_s342_e420
FUN_010321,30,0.017123287671232876,1,pos_s1320_e1350,12,0.00684931506849315,0,pos
FUN_011462,18,0.014084507042253521,0,pos,0,0.0,0,pos
FUN_001059,48,0.011834319526627219,1,pos_s3618_e3654,12,0.0029585798816568047,0,pos
FUN_003579,0,0.0,0,pos,0,0.0,0,pos
FUN_005702,0,0.0,0,pos,0,0.0,0,pos
FUN_005546,0,0.0,0,pos,0,0.0,0,pos
FUN_012233,0,0.0,0,pos,0,0.0,0,pos
FUN_016138,0,0.0,0,pos,0,0.0,0,pos
FUN_000927,0,0.0,0,pos,0,0.0,0,pos
FUN_009624,36,0.05,0,pos,0,0.0,0,pos
FUN_012171,0,0.0,0,pos,0,0.0,0,pos
FUN_001636,0,0.0,0,pos,0,0.0,0,pos
FUN_007567,0,0.0,0,pos,0,0.0,0,pos
FUN_002600,0,0.0,0,pos,0,0.0,0,pos
FUN_004714,0,0.0,0,pos,0,0.0,0,pos
FUN_003805,0,0.0,0,pos,0,0.0,0,pos
FUN_004344,0,0.0,0,pos,0,0.0,0,pos
FUN_015745,0,0.0,0,pos,0,0.0,0,pos
FUN_005090,0,0.0,0,pos,0,0.0,0,pos
FUN_008082,0,0.0,0,pos,0,0.0,0,pos
FUN_008442,0,0.0,0,pos,0,0.0,0,pos
FUN_016100,0,0.0,0,pos,0,0.0,0,pos
FUN_010420,0,0.0,0,pos,0,0.0,0,pos
FUN_010460,0,0.0,0,pos,0,0.0,0,pos
FUN_005727,120,0.06134969325153374,2,pos_s468_e504_s840_e918,36,0.018404907975460124,1,pos_s870_e906
FUN_005695,0,0.0,0,pos,0,0.0,0,pos
FUN_011325,6,0.0058823529411764705,0,pos,6,0.0058823529411764705,0,pos
FUN_012172,0,0.0,0,pos,0,0.0,0,pos
FUN_011267,0,0.0,0,pos,0,0.0,0,pos
FUN_006620,48,0.03389830508474576,1,pos_s1350_e1386,12,0.00847457627118644,0,pos
FUN_016006,0,0.0,0,pos,0,0.0,0,pos
FUN_002197,0,0.0,0,pos,0,0.0,0,pos
FUN_007622,0,0.0,0,pos,0,0.0,0,pos
FUN_002778,0,0.0,0,pos,0,0.0,0,pos
FUN_006970,0,0.0,0,pos,0,0.0,0,pos
FUN_003128,42,0.014084507042253521,1,pos_s252_e282,0,0.0,0,pos
FUN_001045,0,0.0,0,pos,0,0.0,0,pos
FUN_007248,0,0.0,0,pos,0,0.0,0,pos
FUN_008974,0,0.0,0,pos,0,0.0,0,pos
FUN_007337,0,0.0,0,pos,0,0.0,0,pos
FUN_006522,30,0.013888888888888888,0,pos,30,0.013888888888888888,0,pos
FUN_007531,0,0.0,0,pos,0,0.0,0,pos
FUN_003226,0,0.0,0,pos,0,0.0,0,pos
FUN_006628,0,0.0,0,pos,0,0.0,0,pos
FUN_003829,0,0.0,0,pos,0,0.0,0,pos
FUN_001081,18,0.00804289544235925,0,pos,0,0.0,0,pos
FUN_008335,0,0.0,0,pos,0,0.0,0,pos
FUN_006590,0,0.0,0,pos,0,0.0,0,pos
FUN_000715,0,0.0,0,pos,0,0.0,0,pos
FUN_009399,0,0.0,0,pos,0,0.0,0,pos
FUN_004459,0,0.0,0,pos,0,0.0,0,pos
FUN_000165,18,0.01910828025477707,0,pos,0,0.0,0,pos
FUN_005249,0,0.0,0,pos,0,0.0,0,pos
FUN_002687,0,0.0,0,pos,0,0.0,0,pos
FUN_005694,18,0.00967741935483871,0,pos,0,0.0,0,pos
FUN_012062,0,0.0,0,pos,0,0.0,0,pos
FUN_003025,0,0.0,0,pos,0,0.0,0,pos
FUN_000230,12,0.012269938650306749,0,pos,12,0.012269938650306749,0,pos
FUN_015336,0,0.0,0,pos,0,0.0,0,pos
FUN_008183,0,0.0,0,pos,0,0.0,0,pos
FUN_010372,84,0.09655172413793103,1,pos_s594_e678,0,0.0,0,pos
FUN_000066,90,0.09146341463414634,2,pos_s234_e276_s588_e624,36,0.036585365853658534,1,pos_s234_e264
FUN_005447,66,0.06470588235294118,1,pos_s888_e948,0,0.0,0,pos
FUN_007432,0,0.0,0,pos,0,0.0,0,pos
FUN_010618,0,0.0,0,pos,0,0.0,0,pos
FUN_015774,0,0.0,0,pos,0,0.0,0,pos
FUN_006527,0,0.0,0,pos,0,0.0,0,pos
FUN_004918,0,0.0,0,pos,0,0.0,0,pos
FUN_009353,174,0.07651715039577836,2,pos_s1644_e1674_s2022_e2136,108,0.047493403693931395,1,pos_s2064_e2136
FUN_003267,0,0.0,0,pos,0,0.0,0,pos
FUN_004698,264,0.02386117136659436,2,pos_s10362_e10428_s10494_e10608,78,0.0070498915401301515,1,pos_s10494_e10554
FUN_000886,84,0.15053763440860216,1,pos_s372_e450,0,0.0,0,pos
FUN_004519,0,0.0,0,pos,0,0.0,0,pos
FUN_010867,0,0.0,0,pos,0,0.0,0,pos
FUN_009717,18,0.014423076923076924,0,pos,0,0.0,0,pos
FUN_001867,0,0.0,0,pos,0,0.0,0,pos
FUN_007031,0,0.0,0,pos,0,0.0,0,pos
FUN_003137,0,0.0,0,pos,0,0.0,0,pos
FUN_003909,156,0.17567567567567569,3,pos_s252_e318_s738_e780_s846_e876,30,0.033783783783783786,0,pos
FUN_002978,174,0.056862745098039215,1,pos_s2550_e2700,60,0.0196078431372549,1,pos_s2604_e2664
FUN_008753,66,0.0291005291005291,0,pos,0,0.0,0,pos
FUN_006439,0,0.0,0,pos,0,0.0,0,pos
FUN_011485,24,0.07272727272727272,0,pos,0,0.0,0,pos
FUN_005877,6,0.004807692307692308,0,pos,0,0.0,0,pos
FUN_011713,0,0.0,0,pos,0,0.0,0,pos
FUN_002775,0,0.0,0,pos,0,0.0,0,pos
FUN_003876,0,0.0,0,pos,0,0.0,0,pos
FUN_000411,186,0.09597523219814241,3,pos_s342_e384_s732_e762_s1638_e1704,30,0.015479876160990712,0,pos
FUN_008025,24,0.04,0,pos,0,0.0,0,pos
FUN_005034,0,0.0,0,pos,0,0.0,0,pos
FUN_007491,0,0.0,0,pos,0,0.0,0,pos
FUN_002649,0,0.0,0,pos,0,0.0,0,pos
FUN_004809,12,0.029850746268656716,0,pos,0,0.0,0,pos
FUN_007711,66,0.05789473684210526,1,pos_s186_e252,0,0.0,0,pos
FUN_002575,0,0.0,0,pos,0,0.0,0,pos
FUN_006946,0,0.0,0,pos,0,0.0,0,pos
FUN_000265,0,0.0,0,pos,0,0.0,0,pos
FUN_011246,42,0.009873060648801129,1,pos_s3414_e3456,0,0.0,0,pos
FUN_001684,60,0.06896551724137931,2,pos_s600_e630_s636_e666,0,0.0,0,pos
FUN_015869,0,0.0,0,pos,0,0.0,0,pos
FUN_002964,0,0.0,0,pos,0,0.0,0,pos
FUN_001630,0,0.0,0,pos,0,0.0,0,pos
FUN_009223,0,0.0,0,pos,0,0.0,0,pos
FUN_007822,192,0.12260536398467432,2,pos_s144_e258_s318_e384,150,0.09578544061302682,2,pos_s144_e258_s342_e378
FUN_004481,222,0.05674846625766871,3,pos_s1470_e1536_s1548_e1584_s1650_e1734,0,0.0,0,pos
FUN_000146,0,0.0,0,pos,0,0.0,0,pos
FUN_005749,60,0.03257328990228013,1,pos_s858_e912,54,0.029315960912052116,1,pos_s858_e912
FUN_011533,0,0.0,0,pos,0,0.0,0,pos
FUN_003303,24,0.007462686567164179,0,pos,0,0.0,0,pos
FUN_006805,36,0.03508771929824561,1,pos_s0_e36,0,0.0,0,pos
FUN_000760,24,0.005673758865248227,0,pos,0,0.0,0,pos
FUN_006259,6,0.037037037037037035,0,pos,0,0.0,0,pos
FUN_010294,0,0.0,0,pos,0,0.0,0,pos
FUN_001876,0,0.0,0,pos,0,0.0,0,pos
FUN_003602,36,0.013363028953229399,0,pos,0,0.0,0,pos
FUN_016216,0,0.0,0,pos,0,0.0,0,pos
FUN_004440,0,0.0,0,pos,0,0.0,0,pos
FUN_015688,0,0.0,0,pos,0,0.0,0,pos
FUN_006039,198,0.06680161943319839,3,pos_s1482_e1512_s1518_e1590_s2268_e2340,6,0.0020242914979757085,0,pos
FUN_007804,438,0.21407624633431085,4,pos_s828_e996_s1002_e1092_s1242_e1374_s1458_e1488,294,0.1436950146627566,4,pos_s828_e930_s942_e996_s1032_e1074_s1248_e1332
FUN_010193,24,0.04081632653061224,0,pos,0,0.0,0,pos
FUN_004880,0,0.0,0,pos,0,0.0,0,pos
FUN_009757,0,0.0,0,pos,0,0.0,0,pos
FUN_016765,60,0.07042253521126761,1,pos_s126_e156,30,0.035211267605633804,0,pos
FUN_016472,0,0.0,0,pos,0,0.0,0,pos
FUN_007849,252,0.15789473684210525,2,pos_s690_e726_s738_e936,126,0.07894736842105263,1,pos_s810_e918
FUN_000403,12,0.010526315789473684,0,pos,0,0.0,0,pos
FUN_006445,0,0.0,0,pos,0,0.0,0,pos
FUN_003725,0,0.0,0,pos,0,0.0,0,pos
FUN_015279,0,0.0,0,pos,0,0.0,0,pos
FUN_016151,0,0.0,0,pos,0,0.0,0,pos
FUN_008454,0,0.0,0,pos,0,0.0,0,pos
FUN_000465,222,0.01869631126831733,1,pos_s1902_e1974,84,0.007074279939363315,1,pos_s1902_e1938
FUN_003510,216,0.16143497757847533,3,pos_s1032_e1080_s1134_e1206_s1224_e1278,42,0.03139013452914798,0,pos
FUN_010658,0,0.0,0,pos,0,0.0,0,pos
FUN_005688,114,0.045454545454545456,1,pos_s390_e462,12,0.004784688995215311,0,pos
FUN_010217,0,0.0,0,pos,0,0.0,0,pos
FUN_011339,18,0.006382978723404255,0,pos,0,0.0,0,pos
FUN_016758,0,0.0,0,pos,0,0.0,0,pos
FUN_005738,0,0.0,0,pos,0,0.0,0,pos
FUN_009052,0,0.0,0,pos,0,0.0,0,pos
FUN_009524,0,0.0,0,pos,0,0.0,0,pos
FUN_004465,0,0.0,0,pos,0,0.0,0,pos
FUN_009571,0,0.0,0,pos,0,0.0,0,pos
FUN_004387,0,0.0,0,pos,0,0.0,0,pos
FUN_001283,0,0.0,0,pos,0,0.0,0,pos
FUN_015346,0,0.0,0,pos,0,0.0,0,pos
FUN_015949,0,0.0,0,pos,0,0.0,0,pos
FUN_000497,144,0.183206106870229,2,pos_s102_e144_s696_e774,48,0.061068702290076333,1,pos_s744_e774
FUN_005626,0,0.0,0,pos,0,0.0,0,pos
FUN_009951,0,0.0,0,pos,0,0.0,0,pos
FUN_009507,0,0.0,0,pos,0,0.0,0,pos
FUN_000721,0,0.0,0,pos,0,0.0,0,pos
FUN_003416,24,0.009900990099009901,0,pos,0,0.0,0,pos
FUN_004279,0,0.0,0,pos,0,0.0,0,pos
FUN_015335,0,0.0,0,pos,0,0.0,0,pos
FUN_009548,606,0.11981020166073547,8,pos_s1104_e1176_s1650_e1740_s1764_e1848_s2130_e2166_s2196_e2310_s2364_e2424_s2610_e2646_s3066_e3102,78,0.01542111506524318,1,pos_s1770_e1800
FUN_011005,114,0.08482142857142858,2,pos_s396_e426_s456_e492,6,0.004464285714285714,0,pos
FUN_004596,0,0.0,0,pos,0,0.0,0,pos
FUN_000706,0,0.0,0,pos,0,0.0,0,pos
FUN_015343,0,0.0,0,pos,0,0.0,0,pos
FUN_016475,0,0.0,0,pos,0,0.0,0,pos
FUN_015266,0,0.0,0,pos,0,0.0,0,pos
FUN_009034,264,0.17054263565891473,3,pos_s1254_e1362_s1368_e1416_s1422_e1452,132,0.08527131782945736,2,pos_s1254_e1314_s1374_e1404
FUN_010062,138,0.02237354085603113,2,pos_s2562_e2664_s3162_e3192,0,0.0,0,pos
FUN_015755,0,0.0,0,pos,0,0.0,0,pos
FUN_010888,0,0.0,0,pos,0,0.0,0,pos
FUN_007127,0,0.0,0,pos,0,0.0,0,pos
FUN_009822,0,0.0,0,pos,0,0.0,0,pos
FUN_008341,0,0.0,0,pos,0,0.0,0,pos
FUN_001504,12,0.022988505747126436,0,pos,0,0.0,0,pos
FUN_009695,0,0.0,0,pos,0,0.0,0,pos
FUN_004470,216,0.05429864253393665,4,pos_s744_e792_s2370_e2442_s2808_e2850_s3798_e3852,0,0.0,0,pos
FUN_005246,0,0.0,0,pos,0,0.0,0,pos
FUN_009455,0,0.0,0,pos,0,0.0,0,pos
FUN_016832,0,0.0,0,pos,0,0.0,0,pos
FUN_015467,78,0.06666666666666667,1,pos_s738_e816,78,0.06666666666666667,1,pos_s738_e816
FUN_006900,282,0.14114114114114115,5,pos_s1002_e1074_s1086_e1116_s1290_e1338_s1356_e1452_s1548_e1578,72,0.036036036036036036,1,pos_s1032_e1068
FUN_010535,0,0.0,0,pos,0,0.0,0,pos
FUN_009248,0,0.0,0,pos,0,0.0,0,pos
FUN_010636,0,0.0,0,pos,0,0.0,0,pos
FUN_000782,60,0.03322259136212625,0,pos,6,0.0033222591362126247,0,pos
FUN_011037,66,0.06626506024096386,1,pos_s714_e774,0,0.0,0,pos
FUN_007807,24,0.017543859649122806,0,pos,0,0.0,0,pos
FUN_016432,0,0.0,0,pos,0,0.0,0,pos
FUN_002832,0,0.0,0,pos,0,0.0,0,pos
FUN_001903,0,0.0,0,pos,0,0.0,0,pos
FUN_006134,6,0.0018656716417910447,0,pos,0,0.0,0,pos
FUN_009857,0,0.0,0,pos,0,0.0,0,pos
FUN_010609,0,0.0,0,pos,0,0.0,0,pos
FUN_001701,0,0.0,0,pos,0,0.0,0,pos
FUN_016224,0,0.0,0,pos,0,0.0,0,pos
FUN_016606,0,0.0,0,pos,0,0.0,0,pos
FUN_008450,528,0.19298245614035087,9,pos_s480_e516_s738_e768_s1164_e1224_s1344_e1398_s1536_e1608_s1746_e1782_s2382_e2454_s2496_e2544_s2598_e2646,42,0.015350877192982455,1,pos_s2400_e2430
FUN_005148,54,0.04326923076923077,1,pos_s456_e510,0,0.0,0,pos
FUN_012102,0,0.0,0,pos,0,0.0,0,pos
FUN_005072,0,0.0,0,pos,0,0.0,0,pos
FUN_002469,0,0.0,0,pos,0,0.0,0,pos
FUN_011269,0,0.0,0,pos,0,0.0,0,pos
FUN_016693,0,0.0,0,pos,0,0.0,0,pos
FUN_009663,216,0.2482758620689655,3,pos_s36_e150_s612_e654_s798_e858,72,0.08275862068965517,1,pos_s78_e150
FUN_000677,0,0.0,0,pos,0,0.0,0,pos
FUN_005187,42,0.03723404255319149,1,pos_s582_e624,0,0.0,0,pos
FUN_006010,54,0.032490974729241874,1,pos_s66_e102,0,0.0,0,pos
FUN_011166,0,0.0,0,pos,0,0.0,0,pos
FUN_003791,144,0.09302325581395349,2,pos_s330_e414_s798_e840,30,0.01937984496124031,0,pos
FUN_006021,0,0.0,0,pos,0,0.0,0,pos
FUN_008655,0,0.0,0,pos,0,0.0,0,pos
FUN_002473,0,0.0,0,pos,0,0.0,0,pos
FUN_007832,168,0.27184466019417475,1,pos_s270_e438,72,0.11650485436893204,2,pos_s294_e336_s372_e402
FUN_002884,0,0.0,0,pos,0,0.0,0,pos
FUN_010969,0,0.0,0,pos,0,0.0,0,pos
FUN_012422,6,0.007751937984496124,0,pos,6,0.007751937984496124,0,pos
FUN_011629,0,0.0,0,pos,0,0.0,0,pos
FUN_011048,0,0.0,0,pos,0,0.0,0,pos
FUN_001118,0,0.0,0,pos,0,0.0,0,pos
FUN_002080,0,0.0,0,pos,0,0.0,0,pos
FUN_009434,12,0.058823529411764705,0,pos,0,0.0,0,pos
FUN_011544,0,0.0,0,pos,0,0.0,0,pos
FUN_016844,0,0.0,0,pos,0,0.0,0,pos
FUN_002431,0,0.0,0,pos,0,0.0,0,pos
FUN_000201,66,0.03754266211604096,1,pos_s822_e852,0,0.0,0,pos
FUN_007874,138,0.10952380952380952,1,pos_s936_e1038,90,0.07142857142857142,1,pos_s936_e1026
FUN_005561,42,0.045454545454545456,0,pos,0,0.0,0,pos
FUN_002760,0,0.0,0,pos,0,0.0,0,pos
FUN_012112,0,0.0,0,pos,0,0.0,0,pos
FUN_002426,0,0.0,0,pos,0,0.0,0,pos
FUN_011477,0,0.0,0,pos,0,0.0,0,pos
FUN_000789,0,0.0,0,pos,0,0.0,0,pos
FUN_008913,132,0.08835341365461848,2,pos_s810_e840_s1254_e1308,6,0.004016064257028112,0,pos
FUN_005346,0,0.0,0,pos,0,0.0,0,pos
FUN_001183,0,0.0,0,pos,0,0.0,0,pos
FUN_015864,0,0.0,0,pos,0,0.0,0,pos
FUN_002263,0,0.0,0,pos,0,0.0,0,pos
FUN_009652,348,0.02193645990922844,6,pos_s1920_e1968_s2946_e2976_s9804_e9840_s10224_e10302_s13350_e13398_s13626_e13668,42,0.00264750378214826,0,pos
FUN_009909,24,0.057971014492753624,0,pos,18,0.043478260869565216,0,pos
FUN_004884,0,0.0,0,pos,0,0.0,0,pos
FUN_004229,0,0.0,0,pos,0,0.0,0,pos
FUN_001442,114,0.027696793002915453,2,pos_s804_e864_s1680_e1716,36,0.008746355685131196,0,pos
FUN_000318,0,0.0,0,pos,0,0.0,0,pos
FUN_005135,60,0.03355704697986577,1,pos_s1722_e1782,36,0.020134228187919462,1,pos_s1722_e1758
FUN_016149,0,0.0,0,pos,0,0.0,0,pos
FUN_011238,0,0.0,0,pos,0,0.0,0,pos
FUN_011418,42,0.027888446215139442,0,pos,0,0.0,0,pos
FUN_007433,0,0.0,0,pos,0,0.0,0,pos
FUN_001334,0,0.0,0,pos,0,0.0,0,pos
FUN_009858,204,0.06181818181818182,4,pos_s546_e618_s738_e768_s774_e804_s1284_e1314,6,0.0018181818181818182,0,pos
FUN_002319,0,0.0,0,pos,0,0.0,0,pos
FUN_007855,0,0.0,0,pos,0,0.0,0,pos
FUN_000971,6,0.0038022813688212928,0,pos,0,0.0,0,pos
FUN_004686,0,0.0,0,pos,0,0.0,0,pos
FUN_006123,0,0.0,0,pos,0,0.0,0,pos
FUN_011473,0,0.0,0,pos,0,0.0,0,pos
FUN_004976,72,0.12371134020618557,2,pos_s396_e432_s456_e492,18,0.030927835051546393,0,pos
FUN_002877,0,0.0,0,pos,0,0.0,0,pos
FUN_006407,0,0.0,0,pos,0,0.0,0,pos
FUN_006732,126,0.0549738219895288,2,pos_s1176_e1218_s2130_e2208,0,0.0,0,pos
FUN_003538,18,0.12,0,pos,18,0.12,0,pos
FUN_009472,0,0.0,0,pos,0,0.0,0,pos
FUN_016042,0,0.0,0,pos,0,0.0,0,pos
FUN_005927,0,0.0,0,pos,0,0.0,0,pos
FUN_008576,0,0.0,0,pos,0,0.0,0,pos
FUN_011213,0,0.0,0,pos,0,0.0,0,pos
FUN_002957,48,0.16326530612244897,0,pos,6,0.02040816326530612,0,pos
FUN_005918,162,0.5510204081632653,4,pos_s6_e54_s60_e90_s144_e174_s180_e210,0,0.0,0,pos
FUN_001294,60,0.07194244604316546,1,pos_s624_e684,24,0.02877697841726619,0,pos
FUN_000755,0,0.0,0,pos,0,0.0,0,pos
FUN_000546,0,0.0,0,pos,0,0.0,0,pos
FUN_005258,12,0.005970149253731343,0,pos,0,0.0,0,pos
FUN_015972,0,0.0,0,pos,0,0.0,0,pos
FUN_006626,0,0.0,0,pos,0,0.0,0,pos
FUN_001713,24,0.008676789587852495,0,pos,0,0.0,0,pos
FUN_003480,36,0.008426966292134831,0,pos,0,0.0,0,pos
FUN_016129,0,0.0,0,pos,0,0.0,0,pos
FUN_015493,0,0.0,0,pos,0,0.0,0,pos
FUN_000623,168,0.08888888888888889,2,pos_s288_e324_s1332_e1368,18,0.009523809523809525,0,pos
FUN_000902,0,0.0,0,pos,0,0.0,0,pos
FUN_007255,60,0.15873015873015872,1,pos_s150_e210,0,0.0,0,pos
FUN_001563,126,0.10344827586206896,1,pos_s162_e264,90,0.07389162561576355,1,pos_s180_e264
FUN_016725,0,0.0,0,pos,0,0.0,0,pos
FUN_003622,0,0.0,0,pos,0,0.0,0,pos
FUN_011977,0,0.0,0,pos,0,0.0,0,pos
FUN_002257,12,0.008733624454148471,0,pos,0,0.0,0,pos
FUN_004322,0,0.0,0,pos,0,0.0,0,pos
FUN_005934,0,0.0,0,pos,0,0.0,0,pos
FUN_004683,366,0.06594594594594595,6,pos_s528_e570_s1176_e1230_s1932_e1968_s4614_e4686_s4722_e4764_s5478_e5508,12,0.002162162162162162,0,pos
FUN_016676,0,0.0,0,pos,0,0.0,0,pos
FUN_009760,0,0.0,0,pos,0,0.0,0,pos
FUN_009880,0,0.0,0,pos,0,0.0,0,pos
FUN_007088,0,0.0,0,pos,0,0.0,0,pos
FUN_002159,0,0.0,0,pos,0,0.0,0,pos
FUN_006634,0,0.0,0,pos,0,0.0,0,pos
FUN_015581,0,0.0,0,pos,0,0.0,0,pos
FUN_001803,72,0.059113300492610835,1,pos_s762_e834,24,0.019704433497536946,0,pos
FUN_004616,0,0.0,0,pos,0,0.0,0,pos
FUN_011142,0,0.0,0,pos,0,0.0,0,pos
FUN_003370,0,0.0,0,pos,0,0.0,0,pos
FUN_015837,0,0.0,0,pos,0,0.0,0,pos
FUN_011847,0,0.0,0,pos,0,0.0,0,pos
FUN_002594,0,0.0,0,pos,0,0.0,0,pos
FUN_002240,0,0.0,0,pos,0,0.0,0,pos
FUN_005367,30,0.006060606060606061,1,pos_s4902_e4932,0,0.0,0,pos
FUN_008939,0,0.0,0,pos,0,0.0,0,pos
FUN_009499,12,0.0070921985815602835,0,pos,0,0.0,0,pos
FUN_007758,0,0.0,0,pos,0,0.0,0,pos
FUN_009341,0,0.0,0,pos,0,0.0,0,pos
FUN_008774,42,0.014492753623188406,0,pos,24,0.008281573498964804,0,pos
FUN_008539,30,0.014164305949008499,0,pos,0,0.0,0,pos
FUN_002825,0,0.0,0,pos,0,0.0,0,pos
FUN_011150,0,0.0,0,pos,0,0.0,0,pos
FUN_002713,0,0.0,0,pos,0,0.0,0,pos
FUN_002824,324,0.226890756302521,4,pos_s798_e846_s978_e1092_s1116_e1152_s1284_e1368,228,0.15966386554621848,4,pos_s978_e1092_s1296_e1326_s1338_e1368_s1386_e1416
FUN_012120,0,0.0,0,pos,0,0.0,0,pos
FUN_005655,0,0.0,0,pos,0,0.0,0,pos
FUN_004851,0,0.0,0,pos,0,0.0,0,pos
FUN_004456,0,0.0,0,pos,0,0.0,0,pos
FUN_016404,0,0.0,0,pos,0,0.0,0,pos
FUN_015798,18,0.01282051282051282,0,pos,0,0.0,0,pos
FUN_002233,0,0.0,0,pos,0,0.0,0,pos
FUN_007908,0,0.0,0,pos,0,0.0,0,pos
FUN_002733,6,0.000724112961622013,0,pos,0,0.0,0,pos
FUN_010436,0,0.0,0,pos,0,0.0,0,pos
FUN_003925,12,0.005208333333333333,0,pos,6,0.0026041666666666665,0,pos
FUN_007856,36,0.020618556701030927,1,pos_s960_e996,0,0.0,0,pos
FUN_016253,0,0.0,0,pos,0,0.0,0,pos
FUN_002756,0,0.0,0,pos,0,0.0,0,pos
FUN_001051,0,0.0,0,pos,0,0.0,0,pos
FUN_005189,0,0.0,0,pos,0,0.0,0,pos
FUN_001378,18,0.0055248618784530384,0,pos,0,0.0,0,pos
FUN_007581,0,0.0,0,pos,0,0.0,0,pos
FUN_016029,0,0.0,0,pos,0,0.0,0,pos
FUN_002471,6,0.0136986301369863,0,pos,0,0.0,0,pos
FUN_002482,0,0.0,0,pos,0,0.0,0,pos
FUN_008287,0,0.0,0,pos,0,0.0,0,pos
FUN_001664,0,0.0,0,pos,0,0.0,0,pos
FUN_005964,0,0.0,0,pos,0,0.0,0,pos
FUN_006965,0,0.0,0,pos,0,0.0,0,pos
FUN_010534,48,0.011904761904761904,0,pos,48,0.011904761904761904,0,pos
FUN_009247,54,0.06666666666666667,0,pos,54,0.06666666666666667,0,pos
FUN_003203,102,0.096045197740113,1,pos_s954_e1056,90,0.0847457627118644,2,pos_s954_e1008_s1014_e1050
FUN_016074,0,0.0,0,pos,0,0.0,0,pos
FUN_010822,12,0.008333333333333333,0,pos,12,0.008333333333333333,0,pos
FUN_002282,0,0.0,0,pos,0,0.0,0,pos
FUN_006085,0,0.0,0,pos,0,0.0,0,pos
FUN_007312,0,0.0,0,pos,0,0.0,0,pos
FUN_003816,0,0.0,0,pos,0,0.0,0,pos
FUN_007176,18,0.022900763358778626,0,pos,0,0.0,0,pos
FUN_015391,0,0.0,0,pos,0,0.0,0,pos
FUN_004908,0,0.0,0,pos,0,0.0,0,pos
FUN_009634,0,0.0,0,pos,0,0.0,0,pos
FUN_008004,0,0.0,0,pos,0,0.0,0,pos
FUN_004598,78,0.043478260869565216,1,pos_s186_e246,6,0.0033444816053511705,0,pos
FUN_015315,0,0.0,0,pos,0,0.0,0,pos
FUN_009411,132,0.10138248847926268,2,pos_s252_e288_s1008_e1062,6,0.004608294930875576,0,pos
FUN_008758,0,0.0,0,pos,0,0.0,0,pos
FUN_003070,60,0.018691588785046728,1,pos_s66_e102,0,0.0,0,pos
FUN_008559,0,0.0,0,pos,0,0.0,0,pos
FUN_008888,144,0.04006677796327212,2,pos_s510_e546_s1416_e1494,42,0.011686143572621035,1,pos_s1440_e1470
FUN_001758,0,0.0,0,pos,0,0.0,0,pos
FUN_008889,0,0.0,0,pos,0,0.0,0,pos
FUN_007401,66,0.09401709401709402,1,pos_s420_e468,0,0.0,0,pos
FUN_001910,0,0.0,0,pos,0,0.0,0,pos
FUN_003626,0,0.0,0,pos,0,0.0,0,pos
FUN_003071,0,0.0,0,pos,0,0.0,0,pos
FUN_004690,0,0.0,0,pos,0,0.0,0,pos
FUN_004189,0,0.0,0,pos,0,0.0,0,pos
FUN_004828,0,0.0,0,pos,0,0.0,0,pos
FUN_001544,18,0.022556390977443608,0,pos,0,0.0,0,pos
FUN_006702,30,0.020242914979757085,0,pos,0,0.0,0,pos
FUN_001347,48,0.06896551724137931,1,pos_s330_e366,0,0.0,0,pos
FUN_002002,0,0.0,0,pos,0,0.0,0,pos
FUN_000516,276,0.05616605616605617,3,pos_s2364_e2424_s3084_e3180_s3204_e3318,84,0.017094017094017096,1,pos_s3204_e3288
FUN_000346,0,0.0,0,pos,0,0.0,0,pos
FUN_007889,102,0.18085106382978725,2,pos_s102_e162_s168_e210,54,0.09574468085106383,1,pos_s102_e132
FUN_001804,30,0.025,0,pos,0,0.0,0,pos
FUN_002591,0,0.0,0,pos,0,0.0,0,pos
FUN_016589,0,0.0,0,pos,0,0.0,0,pos
FUN_002944,0,0.0,0,pos,0,0.0,0,pos
FUN_001611,0,0.0,0,pos,0,0.0,0,pos
FUN_000211,12,0.0106951871657754,0,pos,0,0.0,0,pos
FUN_004831,0,0.0,0,pos,0,0.0,0,pos
FUN_000299,0,0.0,0,pos,0,0.0,0,pos
FUN_004984,0,0.0,0,pos,0,0.0,0,pos
FUN_009016,0,0.0,0,pos,0,0.0,0,pos
FUN_015487,0,0.0,0,pos,0,0.0,0,pos
FUN_016737,0,0.0,0,pos,0,0.0,0,pos
FUN_015602,0,0.0,0,pos,0,0.0,0,pos
FUN_016016,0,0.0,0,pos,0,0.0,0,pos
FUN_010379,0,0.0,0,pos,0,0.0,0,pos
FUN_009959,42,0.01876675603217158,0,pos,18,0.00804289544235925,0,pos
FUN_002202,12,0.008888888888888889,0,pos,0,0.0,0,pos
FUN_003406,72,0.08571428571428572,1,pos_s192_e264,42,0.05,1,pos_s216_e258
FUN_003707,0,0.0,0,pos,0,0.0,0,pos
FUN_003262,12,0.005970149253731343,0,pos,0,0.0,0,pos
FUN_008935,54,0.10465116279069768,1,pos_s246_e276,0,0.0,0,pos
FUN_003504,0,0.0,0,pos,0,0.0,0,pos
FUN_009379,0,0.0,0,pos,0,0.0,0,pos
FUN_004122,108,0.18,1,pos_s0_e84,90,0.15,1,pos_s0_e84
FUN_015526,102,0.059027777777777776,1,pos_s1590_e1680,6,0.003472222222222222,0,pos
FUN_009475,12,0.0035650623885918,0,pos,0,0.0,0,pos
FUN_010446,96,0.020752269779507133,1,pos_s3156_e3252,54,0.011673151750972763,1,pos_s3186_e3216
FUN_008953,0,0.0,0,pos,0,0.0,0,pos
FUN_016028,0,0.0,0,pos,0,0.0,0,pos
FUN_001492,0,0.0,0,pos,0,0.0,0,pos
FUN_009949,0,0.0,0,pos,0,0.0,0,pos
FUN_005392,48,0.02099737532808399,1,pos_s354_e384,0,0.0,0,pos
FUN_011754,0,0.0,0,pos,0,0.0,0,pos
FUN_012214,0,0.0,0,pos,0,0.0,0,pos
FUN_007724,198,0.06804123711340206,3,pos_s144_e234_s762_e798_s804_e846,54,0.018556701030927835,1,pos_s150_e204
FUN_010740,0,0.0,0,pos,0,0.0,0,pos
FUN_011236,66,0.015406162464985995,1,pos_s2256_e2286,0,0.0,0,pos
FUN_015707,0,0.0,0,pos,0,0.0,0,pos
FUN_003808,0,0.0,0,pos,0,0.0,0,pos
FUN_016754,0,0.0,0,pos,0,0.0,0,pos
FUN_015393,0,0.0,0,pos,0,0.0,0,pos
FUN_012289,0,0.0,0,pos,0,0.0,0,pos
FUN_004369,0,0.0,0,pos,0,0.0,0,pos
FUN_001375,0,0.0,0,pos,0,0.0,0,pos
FUN_006572,60,0.02570694087403599,1,pos_s1434_e1488,0,0.0,0,pos
FUN_010403,258,0.1482758620689655,1,pos_s540_e786,126,0.07241379310344828,2,pos_s582_e642_s678_e726
FUN_005756,54,0.011658031088082901,1,pos_s168_e222,0,0.0,0,pos
FUN_010949,0,0.0,0,pos,0,0.0,0,pos
FUN_004420,12,0.024691358024691357,0,pos,0,0.0,0,pos
FUN_015595,0,0.0,0,pos,0,0.0,0,pos
FUN_005977,270,0.018072289156626505,4,pos_s2856_e2934_s12720_e12810_s14562_e14622_s14754_e14796,0,0.0,0,pos
FUN_016050,0,0.0,0,pos,0,0.0,0,pos
FUN_009046,0,0.0,0,pos,0,0.0,0,pos
FUN_004765,78,0.020933977455716585,1,pos_s774_e834,0,0.0,0,pos
FUN_005608,0,0.0,0,pos,0,0.0,0,pos
FUN_002539,276,0.016776075857038657,3,pos_s5826_e5922_s15378_e15492_s15678_e15744,156,0.009482129832239242,1,pos_s15378_e15492
FUN_015512,0,0.0,0,pos,0,0.0,0,pos
FUN_006462,36,0.03225806451612903,0,pos,0,0.0,0,pos
FUN_010006,0,0.0,0,pos,0,0.0,0,pos
FUN_012201,0,0.0,0,pos,0,0.0,0,pos
FUN_011030,0,0.0,0,pos,0,0.0,0,pos
FUN_004200,0,0.0,0,pos,0,0.0,0,pos
FUN_008819,42,0.059322033898305086,1,pos_s612_e654,0,0.0,0,pos
FUN_016594,0,0.0,0,pos,0,0.0,0,pos
FUN_006491,0,0.0,0,pos,0,0.0,0,pos
FUN_004673,0,0.0,0,pos,0,0.0,0,pos
FUN_010288,6,0.004464285714285714,0,pos,0,0.0,0,pos
FUN_006411,12,0.02857142857142857,0,pos,0,0.0,0,pos
FUN_005421,12,0.008695652173913044,0,pos,0,0.0,0,pos
FUN_009427,0,0.0,0,pos,0,0.0,0,pos
FUN_010004,0,0.0,0,pos,0,0.0,0,pos
FUN_007223,0,0.0,0,pos,0,0.0,0,pos
FUN_007768,0,0.0,0,pos,0,0.0,0,pos
FUN_015420,0,0.0,0,pos,0,0.0,0,pos
FUN_003447,0,0.0,0,pos,0,0.0,0,pos
FUN_005900,0,0.0,0,pos,0,0.0,0,pos
FUN_009913,78,0.09219858156028368,1,pos_s564_e630,0,0.0,0,pos
FUN_006851,0,0.0,0,pos,0,0.0,0,pos
FUN_005826,0,0.0,0,pos,0,0.0,0,pos
FUN_015414,0,0.0,0,pos,0,0.0,0,pos
FUN_000957,0,0.0,0,pos,0,0.0,0,pos
FUN_003378,0,0.0,0,pos,0,0.0,0,pos
FUN_016328,0,0.0,0,pos,0,0.0,0,pos
FUN_016382,0,0.0,0,pos,0,0.0,0,pos
FUN_002339,0,0.0,0,pos,0,0.0,0,pos
FUN_015317,0,0.0,0,pos,0,0.0,0,pos
FUN_015402,132,0.05057471264367816,1,pos_s1242_e1374,90,0.034482758620689655,2,pos_s1242_e1302_s1314_e1344
FUN_016148,0,0.0,0,pos,0,0.0,0,pos
FUN_003855,0,0.0,0,pos,0,0.0,0,pos
FUN_002547,0,0.0,0,pos,0,0.0,0,pos
FUN_012452,66,0.10091743119266056,0,pos,66,0.10091743119266056,0,pos
FUN_002508,0,0.0,0,pos,0,0.0,0,pos
FUN_005459,0,0.0,0,pos,0,0.0,0,pos
FUN_000244,66,0.039711191335740074,1,pos_s1476_e1542,6,0.0036101083032490976,0,pos
FUN_000449,6,0.0018726591760299626,0,pos,0,0.0,0,pos
FUN_002643,0,0.0,0,pos,0,0.0,0,pos
FUN_011740,42,0.07526881720430108,1,pos_s492_e522,0,0.0,0,pos
FUN_016547,0,0.0,0,pos,0,0.0,0,pos
FUN_015771,0,0.0,0,pos,0,0.0,0,pos
FUN_016025,0,0.0,0,pos,0,0.0,0,pos
FUN_011519,84,0.017326732673267328,1,pos_s4026_e4110,6,0.0012376237623762376,0,pos
FUN_001811,66,0.0267639902676399,1,pos_s228_e258,0,0.0,0,pos
FUN_004803,6,0.0017543859649122807,0,pos,0,0.0,0,pos
FUN_015571,0,0.0,0,pos,0,0.0,0,pos
FUN_010880,0,0.0,0,pos,0,0.0,0,pos
FUN_006461,162,0.09215017064846416,2,pos_s558_e594_s1182_e1278,66,0.03754266211604096,1,pos_s1182_e1248
FUN_011850,0,0.0,0,pos,0,0.0,0,pos
FUN_010284,12,0.003952569169960474,0,pos,0,0.0,0,pos
FUN_004550,24,0.004993757802746567,0,pos,0,0.0,0,pos
FUN_004964,258,0.18454935622317598,4,pos_s300_e372_s918_e948_s1104_e1146_s1152_e1242,12,0.008583690987124463,0,pos
FUN_003739,0,0.0,0,pos,0,0.0,0,pos
FUN_006516,0,0.0,0,pos,0,0.0,0,pos
FUN_010376,0,0.0,0,pos,0,0.0,0,pos
FUN_001390,228,0.027798098024871983,3,pos_s2814_e2844_s4812_e4848_s4860_e4926,0,0.0,0,pos
FUN_009134,0,0.0,0,pos,0,0.0,0,pos
FUN_003547,0,0.0,0,pos,0,0.0,0,pos
FUN_006707,0,0.0,0,pos,0,0.0,0,pos
FUN_007233,0,0.0,0,pos,0,0.0,0,pos
FUN_002729,42,0.05,0,pos,0,0.0,0,pos
FUN_005430,0,0.0,0,pos,0,0.0,0,pos
FUN_010136,0,0.0,0,pos,0,0.0,0,pos
FUN_010134,36,0.1016949152542373,1,pos_s108_e138,0,0.0,0,pos
FUN_002048,0,0.0,0,pos,0,0.0,0,pos
FUN_010939,0,0.0,0,pos,0,0.0,0,pos
FUN_009458,48,0.08247422680412371,1,pos_s102_e150,0,0.0,0,pos
FUN_011826,0,0.0,0,pos,0,0.0,0,pos
FUN_003662,42,0.027559055118110236,1,pos_s1170_e1206,6,0.003937007874015748,0,pos
FUN_005513,0,0.0,0,pos,0,0.0,0,pos
FUN_010967,162,0.05410821643286573,2,pos_s2808_e2844_s2850_e2976,78,0.026052104208416832,1,pos_s2880_e2940
FUN_009601,0,0.0,0,pos,0,0.0,0,pos
FUN_000598,42,0.014344262295081968,1,pos_s630_e660,0,0.0,0,pos
FUN_016854,0,0.0,0,pos,0,0.0,0,pos
FUN_005553,0,0.0,0,pos,0,0.0,0,pos
FUN_012117,0,0.0,0,pos,0,0.0,0,pos
FUN_011192,24,0.016736401673640166,0,pos,0,0.0,0,pos
FUN_007542,576,0.17647058823529413,9,pos_s894_e924_s930_e984_s1140_e1176_s1182_e1242_s1890_e1992_s2328_e2364_s2634_e2718_s2748_e2784_s2832_e2910,162,0.04963235294117647,1,pos_s930_e984
FUN_009118,0,0.0,0,pos,0,0.0,0,pos
FUN_007074,24,0.023809523809523808,0,pos,0,0.0,0,pos
FUN_010572,0,0.0,0,pos,0,0.0,0,pos
FUN_004916,0,0.0,0,pos,0,0.0,0,pos
FUN_004485,0,0.0,0,pos,0,0.0,0,pos
FUN_007815,0,0.0,0,pos,0,0.0,0,pos
FUN_005147,0,0.0,0,pos,0,0.0,0,pos
FUN_016780,0,0.0,0,pos,0,0.0,0,pos
FUN_001673,336,0.08497723823975721,4,pos_s90_e138_s408_e468_s2016_e2070_s2484_e2580,102,0.025796661608497723,2,pos_s2022_e2070_s2508_e2556
FUN_001444,0,0.0,0,pos,0,0.0,0,pos
FUN_004542,0,0.0,0,pos,0,0.0,0,pos
FUN_005441,6,0.0028328611898017,0,pos,0,0.0,0,pos
FUN_000142,0,0.0,0,pos,0,0.0,0,pos
FUN_015713,0,0.0,0,pos,0,0.0,0,pos
FUN_002268,0,0.0,0,pos,0,0.0,0,pos
FUN_007725,48,0.01909307875894988,1,pos_s1644_e1692,30,0.011933174224343675,1,pos_s1650_e1680
FUN_004180,0,0.0,0,pos,0,0.0,0,pos
FUN_001534,0,0.0,0,pos,0,0.0,0,pos
FUN_003705,150,0.0681198910081744,2,pos_s708_e756_s1272_e1362,66,0.02997275204359673,1,pos_s1284_e1332
FUN_000049,138,0.0888030888030888,2,pos_s1200_e1254_s1260_e1326,24,0.015444015444015444,0,pos
FUN_002660,462,0.11273792093704246,5,pos_s1044_e1098_s1104_e1212_s1236_e1350_s2226_e2310_s2694_e2796,168,0.040995607613469986,3,pos_s1056_e1098_s1158_e1188_s2280_e2310
FUN_004351,0,0.0,0,pos,0,0.0,0,pos
FUN_009372,42,0.06363636363636363,1,pos_s162_e192,0,0.0,0,pos
FUN_002010,0,0.0,0,pos,0,0.0,0,pos
FUN_005919,732,0.4357142857142857,5,pos_s54_e216_s462_e492_s954_e1044_s1314_e1452_s1458_e1644,408,0.24285714285714285,4,pos_s60_e156_s954_e1020_s1338_e1416_s1494_e1638
FUN_009825,66,0.0625,1,pos_s474_e522,0,0.0,0,pos
FUN_015746,0,0.0,0,pos,0,0.0,0,pos
FUN_015522,0,0.0,0,pos,0,0.0,0,pos
FUN_008199,0,0.0,0,pos,0,0.0,0,pos
FUN_001001,0,0.0,0,pos,0,0.0,0,pos
FUN_008916,0,0.0,0,pos,0,0.0,0,pos
FUN_015845,0,0.0,0,pos,0,0.0,0,pos
FUN_004911,0,0.0,0,pos,0,0.0,0,pos
FUN_015645,0,0.0,0,pos,0,0.0,0,pos
FUN_001003,0,0.0,0,pos,0,0.0,0,pos
FUN_016620,0,0.0,0,pos,0,0.0,0,pos
FUN_005722,0,0.0,0,pos,0,0.0,0,pos
FUN_008886,0,0.0,0,pos,0,0.0,0,pos
FUN_003160,0,0.0,0,pos,0,0.0,0,pos
FUN_005524,0,0.0,0,pos,0,0.0,0,pos
FUN_011173,0,0.0,0,pos,0,0.0,0,pos
FUN_009445,0,0.0,0,pos,0,0.0,0,pos
FUN_003753,0,0.0,0,pos,0,0.0,0,pos
FUN_010887,0,0.0,0,pos,0,0.0,0,pos
FUN_006494,0,0.0,0,pos,0,0.0,0,pos
FUN_009296,42,0.013157894736842105,0,pos,0,0.0,0,pos
FUN_009480,0,0.0,0,pos,0,0.0,0,pos
FUN_007501,0,0.0,0,pos,0,0.0,0,pos
FUN_003695,0,0.0,0,pos,0,0.0,0,pos
FUN_016458,0,0.0,0,pos,0,0.0,0,pos
FUN_010664,0,0.0,0,pos,0,0.0,0,pos
FUN_006121,12,0.06896551724137931,0,pos,0,0.0,0,pos
FUN_004290,0,0.0,0,pos,0,0.0,0,pos
FUN_016159,0,0.0,0,pos,0,0.0,0,pos
FUN_003988,0,0.0,0,pos,0,0.0,0,pos
FUN_015586,0,0.0,0,pos,0,0.0,0,pos
FUN_007826,84,0.06140350877192982,1,pos_s360_e402,0,0.0,0,pos
FUN_007764,0,0.0,0,pos,0,0.0,0,pos
FUN_000145,0,0.0,0,pos,0,0.0,0,pos
FUN_007962,0,0.0,0,pos,0,0.0,0,pos
FUN_005186,0,0.0,0,pos,0,0.0,0,pos
FUN_012132,0,0.0,0,pos,0,0.0,0,pos
FUN_007951,0,0.0,0,pos,0,0.0,0,pos
FUN_008459,54,0.019522776572668113,1,pos_s1416_e1464,42,0.015184381778741865,1,pos_s1422_e1464
FUN_001262,0,0.0,0,pos,0,0.0,0,pos
FUN_015899,0,0.0,0,pos,0,0.0,0,pos
FUN_003651,24,0.02040816326530612,0,pos,0,0.0,0,pos
FUN_015770,0,0.0,0,pos,0,0.0,0,pos
FUN_011050,0,0.0,0,pos,0,0.0,0,pos
FUN_003807,0,0.0,0,pos,0,0.0,0,pos
FUN_006673,156,0.047706422018348627,1,pos_s2328_e2406,6,0.001834862385321101,0,pos
FUN_000295,0,0.0,0,pos,0,0.0,0,pos
FUN_009102,42,0.026923076923076925,1,pos_s720_e750,12,0.007692307692307693,0,pos
FUN_000245,66,0.017107309486780714,0,pos,0,0.0,0,pos
FUN_006323,0,0.0,0,pos,0,0.0,0,pos
FUN_009701,0,0.0,0,pos,0,0.0,0,pos
FUN_009057,102,0.04292929292929293,2,pos_s138_e180_s834_e882,12,0.005050505050505051,0,pos
FUN_007144,0,0.0,0,pos,0,0.0,0,pos
FUN_002590,0,0.0,0,pos,0,0.0,0,pos
FUN_006362,0,0.0,0,pos,0,0.0,0,pos
FUN_002184,0,0.0,0,pos,0,0.0,0,pos
FUN_005302,36,0.09375,1,pos_s114_e144,6,0.015625,0,pos
FUN_012213,0,0.0,0,pos,0,0.0,0,pos
FUN_007346,0,0.0,0,pos,0,0.0,0,pos
FUN_006351,0,0.0,0,pos,0,0.0,0,pos
FUN_002786,0,0.0,0,pos,0,0.0,0,pos
FUN_011278,0,0.0,0,pos,0,0.0,0,pos
FUN_016403,0,0.0,0,pos,0,0.0,0,pos
FUN_016810,0,0.0,0,pos,0,0.0,0,pos
FUN_005179,0,0.0,0,pos,0,0.0,0,pos
FUN_012342,0,0.0,0,pos,0,0.0,0,pos
FUN_015937,0,0.0,0,pos,0,0.0,0,pos
FUN_012276,0,0.0,0,pos,0,0.0,0,pos
FUN_002940,30,0.024154589371980676,0,pos,0,0.0,0,pos
FUN_012449,0,0.0,0,pos,0,0.0,0,pos
FUN_001629,0,0.0,0,pos,0,0.0,0,pos
FUN_000259,0,0.0,0,pos,0,0.0,0,pos
FUN_004778,54,0.04477611940298507,1,pos_s444_e486,24,0.01990049751243781,0,pos
FUN_009049,114,0.0778688524590164,2,pos_s246_e318_s1152_e1182,24,0.01639344262295082,0,pos
FUN_012139,0,0.0,0,pos,0,0.0,0,pos
FUN_016203,0,0.0,0,pos,0,0.0,0,pos
FUN_010889,126,0.03595890410958904,2,pos_s2982_e3042_s3054_e3102,78,0.02226027397260274,2,pos_s2994_e3042_s3054_e3084
FUN_004839,144,0.05321507760532151,2,pos_s2400_e2436_s2556_e2640,6,0.0022172949002217295,0,pos
FUN_001219,12,0.0023446658851113715,0,pos,0,0.0,0,pos
FUN_001239,0,0.0,0,pos,0,0.0,0,pos
FUN_001348,6,0.019230769230769232,0,pos,0,0.0,0,pos
FUN_007852,0,0.0,0,pos,0,0.0,0,pos
FUN_004501,24,0.013289036544850499,0,pos,0,0.0,0,pos
FUN_001148,6,0.001996007984031936,0,pos,0,0.0,0,pos
FUN_016718,0,0.0,0,pos,0,0.0,0,pos
FUN_010874,102,0.03019538188277087,1,pos_s1380_e1464,18,0.0053285968028419185,0,pos
FUN_015668,0,0.0,0,pos,0,0.0,0,pos
FUN_008734,0,0.0,0,pos,0,0.0,0,pos
FUN_003362,0,0.0,0,pos,0,0.0,0,pos
FUN_004046,0,0.0,0,pos,0,0.0,0,pos
FUN_003521,24,0.046511627906976744,0,pos,0,0.0,0,pos
FUN_011725,0,0.0,0,pos,0,0.0,0,pos
FUN_008657,18,0.008287292817679558,0,pos,0,0.0,0,pos
FUN_003194,96,0.058394160583941604,2,pos_s1350_e1380_s1404_e1434,0,0.0,0,pos
FUN_002489,6,0.0014492753623188406,0,pos,0,0.0,0,pos
FUN_000421,42,0.008894536213468869,0,pos,0,0.0,0,pos
FUN_015404,0,0.0,0,pos,0,0.0,0,pos
FUN_008499,0,0.0,0,pos,0,0.0,0,pos
FUN_008471,84,0.058823529411764705,1,pos_s198_e282,0,0.0,0,pos
FUN_015954,0,0.0,0,pos,0,0.0,0,pos
FUN_000193,0,0.0,0,pos,0,0.0,0,pos
FUN_011963,0,0.0,0,pos,0,0.0,0,pos
FUN_005833,0,0.0,0,pos,0,0.0,0,pos
FUN_004041,0,0.0,0,pos,0,0.0,0,pos
FUN_009496,42,0.012612612612612612,0,pos,6,0.0018018018018018018,0,pos
FUN_009646,0,0.0,0,pos,0,0.0,0,pos
FUN_004397,0,0.0,0,pos,0,0.0,0,pos
FUN_000380,0,0.0,0,pos,0,0.0,0,pos
FUN_005709,42,0.026119402985074626,1,pos_s1410_e1446,0,0.0,0,pos
FUN_010316,114,0.028273809523809524,1,pos_s3936_e3978,12,0.002976190476190476,0,pos
FUN_008370,0,0.0,0,pos,0,0.0,0,pos
FUN_012355,0,0.0,0,pos,0,0.0,0,pos
FUN_009371,36,0.045454545454545456,0,pos,0,0.0,0,pos
FUN_011994,0,0.0,0,pos,0,0.0,0,pos
FUN_006415,0,0.0,0,pos,0,0.0,0,pos
FUN_006248,0,0.0,0,pos,0,0.0,0,pos
FUN_001341,0,0.0,0,pos,0,0.0,0,pos
FUN_004141,0,0.0,0,pos,0,0.0,0,pos
FUN_005723,150,0.017934002869440458,1,pos_s5076_e5124,0,0.0,0,pos
FUN_000759,0,0.0,0,pos,0,0.0,0,pos
FUN_005004,0,0.0,0,pos,0,0.0,0,pos
FUN_016317,0,0.0,0,pos,0,0.0,0,pos
FUN_002377,276,0.1411042944785276,3,pos_s672_e792_s870_e900_s1452_e1530,36,0.018404907975460124,0,pos
FUN_006668,0,0.0,0,pos,0,0.0,0,pos
FUN_015472,0,0.0,0,pos,0,0.0,0,pos
FUN_006214,0,0.0,0,pos,0,0.0,0,pos
FUN_001268,0,0.0,0,pos,0,0.0,0,pos
FUN_010235,66,0.037037037037037035,1,pos_s1446_e1488,0,0.0,0,pos
FUN_010220,12,0.007662835249042145,0,pos,0,0.0,0,pos
FUN_012266,0,0.0,0,pos,0,0.0,0,pos
FUN_000375,0,0.0,0,pos,0,0.0,0,pos
FUN_006282,0,0.0,0,pos,0,0.0,0,pos
FUN_000166,24,0.019230769230769232,0,pos,0,0.0,0,pos
FUN_002012,0,0.0,0,pos,0,0.0,0,pos
FUN_006794,0,0.0,0,pos,0,0.0,0,pos
FUN_006540,72,0.08108108108108109,1,pos_s810_e876,54,0.060810810810810814,1,pos_s810_e864
FUN_000750,0,0.0,0,pos,0,0.0,0,pos
FUN_007019,0,0.0,0,pos,0,0.0,0,pos
FUN_006460,0,0.0,0,pos,0,0.0,0,pos
FUN_001593,6,0.008264462809917356,0,pos,0,0.0,0,pos
FUN_016732,0,0.0,0,pos,0,0.0,0,pos
FUN_011813,0,0.0,0,pos,0,0.0,0,pos
FUN_006271,72,0.04743083003952569,1,pos_s1272_e1314,0,0.0,0,pos
FUN_001737,0,0.0,0,pos,0,0.0,0,pos
FUN_016061,0,0.0,0,pos,0,0.0,0,pos
FUN_010335,54,0.037037037037037035,1,pos_s1224_e1278,18,0.012345679012345678,0,pos
FUN_001844,108,0.19148936170212766,1,pos_s348_e390,36,0.06382978723404255,0,pos
FUN_004537,204,0.14655172413793102,4,pos_s486_e534_s690_e720_s906_e942_s1206_e1236,30,0.021551724137931036,0,pos
FUN_000579,6,0.0014858841010401188,0,pos,0,0.0,0,pos
FUN_003391,0,0.0,0,pos,0,0.0,0,pos
FUN_015449,0,0.0,0,pos,0,0.0,0,pos
FUN_016206,0,0.0,0,pos,0,0.0,0,pos
FUN_006523,78,0.07471264367816093,1,pos_s0_e60,0,0.0,0,pos
FUN_007533,0,0.0,0,pos,0,0.0,0,pos
FUN_006030,0,0.0,0,pos,0,0.0,0,pos
FUN_005129,0,0.0,0,pos,0,0.0,0,pos
FUN_002391,0,0.0,0,pos,0,0.0,0,pos
FUN_016587,0,0.0,0,pos,0,0.0,0,pos
FUN_003688,0,0.0,0,pos,0,0.0,0,pos
FUN_001870,0,0.0,0,pos,0,0.0,0,pos
FUN_004832,0,0.0,0,pos,0,0.0,0,pos
FUN_002520,12,0.013071895424836602,0,pos,0,0.0,0,pos
FUN_005073,0,0.0,0,pos,0,0.0,0,pos
FUN_002883,0,0.0,0,pos,0,0.0,0,pos
FUN_008003,0,0.0,0,pos,0,0.0,0,pos
FUN_012417,0,0.0,0,pos,0,0.0,0,pos
FUN_000037,0,0.0,0,pos,0,0.0,0,pos
FUN_001362,0,0.0,0,pos,0,0.0,0,pos
FUN_012306,0,0.0,0,pos,0,0.0,0,pos
FUN_004560,6,0.009433962264150943,0,pos,0,0.0,0,pos
FUN_003656,0,0.0,0,pos,0,0.0,0,pos
FUN_004008,12,0.005763688760806916,0,pos,0,0.0,0,pos
FUN_006416,6,0.003745318352059925,0,pos,0,0.0,0,pos
FUN_005305,0,0.0,0,pos,0,0.0,0,pos
FUN_000786,96,0.03864734299516908,1,pos_s546_e618,18,0.007246376811594203,0,pos
FUN_003471,0,0.0,0,pos,0,0.0,0,pos
FUN_016733,0,0.0,0,pos,0,0.0,0,pos
FUN_015321,0,0.0,0,pos,0,0.0,0,pos
FUN_006381,0,0.0,0,pos,0,0.0,0,pos
FUN_008603,186,0.14903846153846154,3,pos_s576_e624_s684_e714_s1086_e1158,6,0.004807692307692308,0,pos
FUN_001525,42,0.03398058252427184,1,pos_s198_e240,0,0.0,0,pos
FUN_009334,0,0.0,0,pos,0,0.0,0,pos
FUN_000121,0,0.0,0,pos,0,0.0,0,pos
FUN_009297,0,0.0,0,pos,0,0.0,0,pos
FUN_016325,0,0.0,0,pos,0,0.0,0,pos
FUN_008564,24,0.034482758620689655,0,pos,0,0.0,0,pos
FUN_007478,0,0.0,0,pos,0,0.0,0,pos
FUN_005643,0,0.0,0,pos,0,0.0,0,pos
FUN_007242,234,0.3979591836734694,3,pos_s192_e276_s288_e324_s360_e474,174,0.29591836734693877,2,pos_s228_e258_s360_e474
FUN_004173,0,0.0,0,pos,0,0.0,0,pos
FUN_003520,84,0.041791044776119404,2,pos_s180_e210_s1098_e1140,6,0.0029850746268656717,0,pos
FUN_006958,42,0.09859154929577464,1,pos_s300_e342,6,0.014084507042253521,0,pos
FUN_009569,216,0.04878048780487805,3,pos_s1644_e1704_s1728_e1758_s2034_e2130,84,0.018970189701897018,1,pos_s2034_e2106
FUN_010140,12,0.02127659574468085,0,pos,0,0.0,0,pos
FUN_006667,0,0.0,0,pos,0,0.0,0,pos
FUN_016841,84,0.04929577464788732,1,pos_s1632_e1698,0,0.0,0,pos
FUN_005110,0,0.0,0,pos,0,0.0,0,pos
FUN_010869,0,0.0,0,pos,0,0.0,0,pos
FUN_012559,0,0.0,0,pos,0,0.0,0,pos
FUN_002671,0,0.0,0,pos,0,0.0,0,pos
FUN_002259,18,0.007614213197969543,0,pos,0,0.0,0,pos
FUN_008810,0,0.0,0,pos,0,0.0,0,pos
FUN_016361,0,0.0,0,pos,0,0.0,0,pos
FUN_002237,0,0.0,0,pos,0,0.0,0,pos
FUN_006860,0,0.0,0,pos,0,0.0,0,pos
FUN_005368,30,0.006963788300835654,0,pos,0,0.0,0,pos
FUN_006627,0,0.0,0,pos,0,0.0,0,pos
FUN_015358,0,0.0,0,pos,0,0.0,0,pos
FUN_008197,0,0.0,0,pos,0,0.0,0,pos
FUN_007752,12,0.013157894736842105,0,pos,0,0.0,0,pos
FUN_004990,0,0.0,0,pos,0,0.0,0,pos
FUN_005928,0,0.0,0,pos,0,0.0,0,pos
FUN_008798,0,0.0,0,pos,0,0.0,0,pos
FUN_007802,0,0.0,0,pos,0,0.0,0,pos
FUN_007915,24,0.03007518796992481,0,pos,0,0.0,0,pos
FUN_003727,0,0.0,0,pos,0,0.0,0,pos
FUN_002008,0,0.0,0,pos,0,0.0,0,pos
FUN_015682,0,0.0,0,pos,0,0.0,0,pos
FUN_000978,0,0.0,0,pos,0,0.0,0,pos
FUN_000673,0,0.0,0,pos,0,0.0,0,pos
FUN_008316,0,0.0,0,pos,0,0.0,0,pos
FUN_005564,12,0.013245033112582781,0,pos,0,0.0,0,pos
FUN_002336,60,0.024154589371980676,1,pos_s1074_e1116,0,0.0,0,pos
FUN_000939,60,0.10638297872340426,0,pos,0,0.0,0,pos
FUN_002549,198,0.06547619047619048,2,pos_s1872_e1950_s2274_e2328,90,0.02976190476190476,1,pos_s1878_e1950
FUN_000678,0,0.0,0,pos,0,0.0,0,pos
FUN_006065,126,0.07342657342657342,1,pos_s1200_e1302,0,0.0,0,pos
FUN_009348,372,0.23846153846153847,5,pos_s0_e36_s1068_e1104_s1110_e1158_s1254_e1374_s1380_e1494,132,0.08461538461538462,2,pos_s0_e36_s1410_e1446
FUN_003961,0,0.0,0,pos,0,0.0,0,pos
FUN_004513,90,0.04559270516717325,1,pos_s30_e120,0,0.0,0,pos
FUN_001344,0,0.0,0,pos,0,0.0,0,pos
FUN_000893,0,0.0,0,pos,0,0.0,0,pos
FUN_004103,0,0.0,0,pos,0,0.0,0,pos
FUN_002802,0,0.0,0,pos,0,0.0,0,pos
FUN_006997,42,0.047619047619047616,1,pos_s720_e762,0,0.0,0,pos
FUN_005334,0,0.0,0,pos,0,0.0,0,pos
FUN_005809,0,0.0,0,pos,0,0.0,0,pos
FUN_008698,0,0.0,0,pos,0,0.0,0,pos
FUN_016664,0,0.0,0,pos,0,0.0,0,pos
FUN_006340,0,0.0,0,pos,0,0.0,0,pos
FUN_006956,0,0.0,0,pos,0,0.0,0,pos
FUN_003919,0,0.0,0,pos,0,0.0,0,pos
FUN_009876,18,0.01875,0,pos,0,0.0,0,pos
FUN_009442,54,0.3103448275862069,1,pos_s0_e48,0,0.0,0,pos
FUN_008760,6,0.0025380710659898475,0,pos,0,0.0,0,pos
FUN_010546,0,0.0,0,pos,0,0.0,0,pos
FUN_005055,66,0.07051282051282051,1,pos_s636_e702,0,0.0,0,pos
FUN_016153,0,0.0,0,pos,0,0.0,0,pos
FUN_010494,0,0.0,0,pos,0,0.0,0,pos
FUN_002916,0,0.0,0,pos,0,0.0,0,pos
FUN_000896,0,0.0,0,pos,0,0.0,0,pos
FUN_003216,300,0.041981528127623846,4,pos_s5700_e5814_s6582_e6660_s6684_e6750_s6756_e6786,204,0.028547439126784216,2,pos_s5700_e5814_s6582_e6660
FUN_006179,162,0.04918032786885246,2,pos_s1110_e1158_s2928_e3042,18,0.00546448087431694,0,pos
FUN_015855,0,0.0,0,pos,0,0.0,0,pos
FUN_007116,0,0.0,0,pos,0,0.0,0,pos
FUN_007245,132,0.09401709401709402,1,pos_s912_e1008,0,0.0,0,pos
FUN_006231,174,0.023368251410153102,3,pos_s0_e60_s744_e798_s2166_e2214,36,0.004834810636583401,1,pos_s762_e798
FUN_008393,0,0.0,0,pos,0,0.0,0,pos
FUN_012458,96,0.08,1,pos_s738_e834,0,0.0,0,pos
FUN_000639,0,0.0,0,pos,0,0.0,0,pos
FUN_005841,66,0.0658682634730539,0,pos,0,0.0,0,pos
FUN_009952,0,0.0,0,pos,0,0.0,0,pos
FUN_009882,0,0.0,0,pos,0,0.0,0,pos
FUN_001382,162,0.013132295719844358,2,pos_s564_e624_s2562_e2610,0,0.0,0,pos
FUN_015286,0,0.0,0,pos,0,0.0,0,pos
FUN_012506,0,0.0,0,pos,0,0.0,0,pos
FUN_016821,0,0.0,0,pos,0,0.0,0,pos
FUN_016831,0,0.0,0,pos,0,0.0,0,pos
FUN_012393,0,0.0,0,pos,0,0.0,0,pos
FUN_015703,0,0.0,0,pos,0,0.0,0,pos
FUN_011243,54,0.02452316076294278,1,pos_s2082_e2124,0,0.0,0,pos
FUN_010577,0,0.0,0,pos,0,0.0,0,pos
FUN_006961,0,0.0,0,pos,0,0.0,0,pos
FUN_001046,0,0.0,0,pos,0,0.0,0,pos
FUN_016281,0,0.0,0,pos,0,0.0,0,pos
FUN_008451,198,0.1625615763546798,2,pos_s702_e732_s984_e1068,90,0.07389162561576355,1,pos_s984_e1050
FUN_009928,0,0.0,0,pos,0,0.0,0,pos
FUN_011542,0,0.0,0,pos,0,0.0,0,pos
FUN_003905,0,0.0,0,pos,0,0.0,0,pos
FUN_003977,18,0.016304347826086956,0,pos,0,0.0,0,pos
FUN_005795,66,0.03363914373088685,1,pos_s420_e486,0,0.0,0,pos
FUN_000498,0,0.0,0,pos,0,0.0,0,pos
FUN_015379,0,0.0,0,pos,0,0.0,0,pos
FUN_016274,0,0.0,0,pos,0,0.0,0,pos
FUN_012095,0,0.0,0,pos,0,0.0,0,pos
FUN_005560,0,0.0,0,pos,0,0.0,0,pos
FUN_010524,54,0.014084507042253521,1,pos_s510_e552,54,0.014084507042253521,1,pos_s510_e552
FUN_006294,0,0.0,0,pos,0,0.0,0,pos
FUN_011334,348,0.07601572739187418,4,pos_s1158_e1236_s2574_e2646_s2664_e2700_s3504_e3612,192,0.04193971166448231,2,pos_s1182_e1236_s3504_e3600
FUN_012165,0,0.0,0,pos,0,0.0,0,pos
FUN_012419,0,0.0,0,pos,0,0.0,0,pos
FUN_003453,0,0.0,0,pos,0,0.0,0,pos
FUN_004156,6,0.07142857142857142,0,pos,0,0.0,0,pos
FUN_012511,0,0.0,0,pos,0,0.0,0,pos
FUN_007218,120,0.022753128555176336,3,pos_s1260_e1290_s1332_e1386_s2910_e2940,0,0.0,0,pos
FUN_004502,0,0.0,0,pos,0,0.0,0,pos
FUN_015950,0,0.0,0,pos,0,0.0,0,pos
FUN_003717,0,0.0,0,pos,0,0.0,0,pos
FUN_005498,246,0.08951965065502183,2,pos_s2292_e2412_s2562_e2676,198,0.07205240174672489,2,pos_s2298_e2412_s2574_e2658
FUN_006102,0,0.0,0,pos,0,0.0,0,pos
FUN_008325,0,0.0,0,pos,0,0.0,0,pos
FUN_007604,0,0.0,0,pos,0,0.0,0,pos
FUN_007271,0,0.0,0,pos,0,0.0,0,pos
FUN_007438,6,0.0024096385542168677,0,pos,0,0.0,0,pos
FUN_006507,0,0.0,0,pos,0,0.0,0,pos
FUN_005690,12,0.0049504950495049506,0,pos,12,0.0049504950495049506,0,pos
FUN_003396,48,0.015625,1,pos_s2700_e2730,0,0.0,0,pos
FUN_000889,0,0.0,0,pos,0,0.0,0,pos
FUN_010712,216,0.15789473684210525,1,pos_s468_e684,174,0.12719298245614036,2,pos_s480_e558_s576_e666
FUN_016233,0,0.0,0,pos,0,0.0,0,pos
FUN_011535,0,0.0,0,pos,0,0.0,0,pos
FUN_007077,6,0.005405405405405406,0,pos,0,0.0,0,pos
FUN_009540,0,0.0,0,pos,0,0.0,0,pos
FUN_004734,0,0.0,0,pos,0,0.0,0,pos
FUN_015969,0,0.0,0,pos,0,0.0,0,pos
FUN_004063,204,0.13991769547325103,3,pos_s906_e954_s1236_e1296_s1302_e1350,60,0.0411522633744856,1,pos_s1236_e1296
FUN_004052,0,0.0,0,pos,0,0.0,0,pos
FUN_003862,36,0.01092896174863388,1,pos_s1932_e1968,0,0.0,0,pos
FUN_016749,0,0.0,0,pos,0,0.0,0,pos
FUN_000596,162,0.046875,2,pos_s132_e192_s924_e984,120,0.034722222222222224,2,pos_s132_e186_s924_e978
FUN_011123,0,0.0,0,pos,0,0.0,0,pos
FUN_015553,0,0.0,0,pos,0,0.0,0,pos
FUN_008276,36,0.013215859030837005,1,pos_s2358_e2394,0,0.0,0,pos
FUN_007121,6,0.0033333333333333335,0,pos,0,0.0,0,pos
FUN_001805,0,0.0,0,pos,0,0.0,0,pos
FUN_011809,0,0.0,0,pos,0,0.0,0,pos
FUN_003673,0,0.0,0,pos,0,0.0,0,pos
FUN_001985,0,0.0,0,pos,0,0.0,0,pos
FUN_005592,48,0.07079646017699115,1,pos_s534_e582,24,0.035398230088495575,0,pos
FUN_000814,78,0.05241935483870968,0,pos,0,0.0,0,pos
FUN_002487,0,0.0,0,pos,0,0.0,0,pos
FUN_007114,6,0.011363636363636364,0,pos,0,0.0,0,pos
FUN_006789,0,0.0,0,pos,0,0.0,0,pos
FUN_000926,0,0.0,0,pos,0,0.0,0,pos
FUN_006430,0,0.0,0,pos,0,0.0,0,pos
FUN_006776,0,0.0,0,pos,0,0.0,0,pos
FUN_001343,0,0.0,0,pos,0,0.0,0,pos
FUN_015715,0,0.0,0,pos,0,0.0,0,pos
FUN_010397,0,0.0,0,pos,0,0.0,0,pos
FUN_010600,0,0.0,0,pos,0,0.0,0,pos
FUN_008164,114,0.15447154471544716,2,pos_s570_e654_s702_e732,0,0.0,0,pos
FUN_002153,0,0.0,0,pos,0,0.0,0,pos
FUN_005436,0,0.0,0,pos,0,0.0,0,pos
FUN_010726,0,0.0,0,pos,0,0.0,0,pos
FUN_004619,12,0.011299435028248588,0,pos,0,0.0,0,pos
FUN_004567,6,0.003952569169960474,0,pos,0,0.0,0,pos
FUN_007671,0,0.0,0,pos,0,0.0,0,pos
FUN_005036,0,0.0,0,pos,0,0.0,0,pos
FUN_003976,0,0.0,0,pos,0,0.0,0,pos
FUN_009143,0,0.0,0,pos,0,0.0,0,pos
FUN_009172,528,0.10640870616686819,4,pos_s330_e564_s1560_e1734_s2022_e2052_s4146_e4182,258,0.05199516324062878,2,pos_s402_e480_s1566_e1704
FUN_001589,114,0.11949685534591195,0,pos,36,0.03773584905660377,0,pos
FUN_012270,0,0.0,0,pos,0,0.0,0,pos
FUN_009245,66,0.06321839080459771,1,pos_s372_e438,36,0.034482758620689655,1,pos_s372_e408
FUN_008713,42,0.03804347826086957,1,pos_s792_e828,0,0.0,0,pos
FUN_011509,0,0.0,0,pos,0,0.0,0,pos
FUN_000439,0,0.0,0,pos,0,0.0,0,pos
FUN_001280,0,0.0,0,pos,0,0.0,0,pos
FUN_009205,0,0.0,0,pos,0,0.0,0,pos
FUN_008355,0,0.0,0,pos,0,0.0,0,pos
FUN_004179,54,0.03982300884955752,1,pos_s426_e474,0,0.0,0,pos
FUN_010825,0,0.0,0,pos,0,0.0,0,pos
FUN_010978,0,0.0,0,pos,0,0.0,0,pos
FUN_011405,0,0.0,0,pos,0,0.0,0,pos
FUN_000610,0,0.0,0,pos,0,0.0,0,pos
FUN_008605,12,0.04081632653061224,0,pos,0,0.0,0,pos
FUN_015585,0,0.0,0,pos,0,0.0,0,pos
FUN_000910,6,0.005917159763313609,0,pos,6,0.005917159763313609,0,pos
FUN_016519,0,0.0,0,pos,0,0.0,0,pos
FUN_003066,60,0.09345794392523364,0,pos,0,0.0,0,pos
FUN_004411,0,0.0,0,pos,0,0.0,0,pos
FUN_016713,0,0.0,0,pos,0,0.0,0,pos
FUN_006672,0,0.0,0,pos,0,0.0,0,pos
FUN_015796,0,0.0,0,pos,0,0.0,0,pos
FUN_010050,24,0.01932367149758454,0,pos,0,0.0,0,pos
FUN_007817,0,0.0,0,pos,0,0.0,0,pos
FUN_006111,0,0.0,0,pos,0,0.0,0,pos
FUN_012312,0,0.0,0,pos,0,0.0,0,pos
FUN_002823,0,0.0,0,pos,0,0.0,0,pos
FUN_002727,0,0.0,0,pos,0,0.0,0,pos
FUN_003699,6,0.0043859649122807015,0,pos,0,0.0,0,pos
FUN_015597,0,0.0,0,pos,0,0.0,0,pos
FUN_016604,0,0.0,0,pos,0,0.0,0,pos
FUN_011426,108,0.6,1,pos_s0_e90,24,0.13333333333333333,0,pos
FUN_001729,0,0.0,0,pos,0,0.0,0,pos
FUN_005209,198,0.06653225806451613,3,pos_s432_e510_s516_e546_s630_e684,24,0.008064516129032258,0,pos
FUN_002804,0,0.0,0,pos,0,0.0,0,pos
FUN_009872,0,0.0,0,pos,0,0.0,0,pos
FUN_007085,0,0.0,0,pos,0,0.0,0,pos
FUN_005311,0,0.0,0,pos,0,0.0,0,pos
FUN_012334,0,0.0,0,pos,0,0.0,0,pos
FUN_004674,0,0.0,0,pos,0,0.0,0,pos
FUN_002863,0,0.0,0,pos,0,0.0,0,pos
FUN_005022,90,0.01447876447876448,1,pos_s6066_e6102,0,0.0,0,pos
FUN_016056,0,0.0,0,pos,0,0.0,0,pos
FUN_011796,0,0.0,0,pos,0,0.0,0,pos
FUN_009690,0,0.0,0,pos,0,0.0,0,pos
FUN_011574,0,0.0,0,pos,0,0.0,0,pos
FUN_016708,0,0.0,0,pos,0,0.0,0,pos
FUN_007910,198,0.050381679389312976,3,pos_s30_e90_s2196_e2238_s2244_e2316,48,0.012213740458015267,1,pos_s2250_e2280
FUN_009992,228,0.0867579908675799,1,pos_s1896_e2088,90,0.03424657534246575,1,pos_s2046_e2088
FUN_003205,0,0.0,0,pos,0,0.0,0,pos
FUN_005800,0,0.0,0,pos,0,0.0,0,pos
FUN_004739,6,0.0017331022530329288,0,pos,0,0.0,0,pos
FUN_008839,0,0.0,0,pos,0,0.0,0,pos
FUN_007199,0,0.0,0,pos,0,0.0,0,pos
FUN_004400,18,0.022058823529411766,0,pos,0,0.0,0,pos
FUN_016052,0,0.0,0,pos,0,0.0,0,pos
FUN_000848,0,0.0,0,pos,0,0.0,0,pos
FUN_000122,0,0.0,0,pos,0,0.0,0,pos
FUN_011508,0,0.0,0,pos,0,0.0,0,pos
FUN_003621,0,0.0,0,pos,0,0.0,0,pos
FUN_010456,108,0.06896551724137931,1,pos_s462_e546,54,0.034482758620689655,1,pos_s480_e528
FUN_006883,0,0.0,0,pos,0,0.0,0,pos
FUN_016772,0,0.0,0,pos,0,0.0,0,pos
FUN_016366,0,0.0,0,pos,0,0.0,0,pos
FUN_003371,48,0.0221606648199446,0,pos,12,0.00554016620498615,0,pos
FUN_003482,12,0.0032520325203252032,0,pos,0,0.0,0,pos
FUN_010306,0,0.0,0,pos,0,0.0,0,pos
FUN_011012,36,0.03296703296703297,1,pos_s102_e138,0,0.0,0,pos
FUN_000506,0,0.0,0,pos,0,0.0,0,pos
FUN_006057,0,0.0,0,pos,0,0.0,0,pos
FUN_010886,0,0.0,0,pos,0,0.0,0,pos
FUN_001281,0,0.0,0,pos,0,0.0,0,pos
FUN_012174,0,0.0,0,pos,0,0.0,0,pos
FUN_016579,0,0.0,0,pos,0,0.0,0,pos
FUN_006766,0,0.0,0,pos,0,0.0,0,pos
FUN_006495,162,0.09310344827586207,2,pos_s0_e30_s1026_e1086,24,0.013793103448275862,0,pos
FUN_012087,0,0.0,0,pos,0,0.0,0,pos
FUN_001430,0,0.0,0,pos,0,0.0,0,pos
FUN_001094,0,0.0,0,pos,0,0.0,0,pos
FUN_001596,0,0.0,0,pos,0,0.0,0,pos
FUN_003418,6,0.043478260869565216,0,pos,0,0.0,0,pos
FUN_004921,54,0.375,1,pos_s0_e54,30,0.20833333333333334,1,pos_s0_e30
FUN_000878,0,0.0,0,pos,0,0.0,0,pos
FUN_001165,0,0.0,0,pos,0,0.0,0,pos
FUN_008645,90,0.189873417721519,2,pos_s72_e120_s126_e168,18,0.0379746835443038,0,pos
FUN_007429,0,0.0,0,pos,0,0.0,0,pos
FUN_006796,0,0.0,0,pos,0,0.0,0,pos
FUN_010981,318,0.07981927710843373,4,pos_s66_e120_s1080_e1116_s1236_e1302_s2328_e2364,66,0.016566265060240965,1,pos_s66_e120
FUN_003163,126,0.054404145077720206,3,pos_s150_e186_s2004_e2034_s2058_e2112,0,0.0,0,pos
FUN_005045,0,0.0,0,pos,0,0.0,0,pos
FUN_005947,0,0.0,0,pos,0,0.0,0,pos
FUN_011816,0,0.0,0,pos,0,0.0,0,pos
FUN_016354,0,0.0,0,pos,0,0.0,0,pos
FUN_012456,0,0.0,0,pos,0,0.0,0,pos
FUN_005929,12,0.09090909090909091,0,pos,0,0.0,0,pos
FUN_002402,36,0.05128205128205128,0,pos,36,0.05128205128205128,0,pos
FUN_005969,0,0.0,0,pos,0,0.0,0,pos
FUN_011204,0,0.0,0,pos,0,0.0,0,pos
FUN_000507,0,0.0,0,pos,0,0.0,0,pos
FUN_009017,12,0.0056179775280898875,0,pos,0,0.0,0,pos
FUN_008055,0,0.0,0,pos,0,0.0,0,pos
FUN_008646,0,0.0,0,pos,0,0.0,0,pos
FUN_007384,396,0.12382739212007504,4,pos_s1068_e1134_s1674_e1854_s2298_e2328_s2334_e2412,84,0.02626641651031895,1,pos_s2382_e2412
FUN_010518,0,0.0,0,pos,0,0.0,0,pos
FUN_003949,0,0.0,0,pos,0,0.0,0,pos
FUN_002064,0,0.0,0,pos,0,0.0,0,pos
FUN_007290,252,0.13861386138613863,4,pos_s900_e936_s1092_e1122_s1176_e1266_s1716_e1764,18,0.009900990099009901,0,pos
FUN_004815,126,0.07894736842105263,3,pos_s168_e216_s630_e660_s702_e732,36,0.022556390977443608,0,pos
FUN_016729,0,0.0,0,pos,0,0.0,0,pos
FUN_015497,0,0.0,0,pos,0,0.0,0,pos
FUN_005716,6,0.005813953488372093,0,pos,0,0.0,0,pos
FUN_001780,156,0.034210526315789476,3,pos_s864_e900_s924_e966_s1044_e1074,0,0.0,0,pos
FUN_004679,216,0.040955631399317405,2,pos_s3474_e3558_s4266_e4320,0,0.0,0,pos
FUN_007648,174,0.15425531914893617,1,pos_s894_e1038,102,0.09042553191489362,1,pos_s894_e972
FUN_001236,0,0.0,0,pos,0,0.0,0,pos
FUN_010590,54,0.07627118644067797,1,pos_s612_e666,0,0.0,0,pos
FUN_010875,24,0.007233273056057866,0,pos,0,0.0,0,pos
FUN_000164,0,0.0,0,pos,0,0.0,0,pos
FUN_016169,0,0.0,0,pos,0,0.0,0,pos
FUN_009508,0,0.0,0,pos,0,0.0,0,pos
FUN_002779,42,0.029288702928870293,1,pos_s768_e804,0,0.0,0,pos
FUN_008837,6,0.0049504950495049506,0,pos,0,0.0,0,pos
FUN_010191,0,0.0,0,pos,0,0.0,0,pos
FUN_004647,0,0.0,0,pos,0,0.0,0,pos
FUN_016395,0,0.0,0,pos,0,0.0,0,pos
FUN_008241,0,0.0,0,pos,0,0.0,0,pos
FUN_008822,0,0.0,0,pos,0,0.0,0,pos
FUN_005211,0,0.0,0,pos,0,0.0,0,pos
FUN_006062,66,0.0738255033557047,1,pos_s414_e480,48,0.053691275167785234,1,pos_s432_e480
FUN_012431,0,0.0,0,pos,0,0.0,0,pos
FUN_007163,0,0.0,0,pos,0,0.0,0,pos
FUN_002494,60,0.08849557522123894,1,pos_s204_e246,0,0.0,0,pos
FUN_012450,0,0.0,0,pos,0,0.0,0,pos
FUN_006153,0,0.0,0,pos,0,0.0,0,pos
FUN_005660,12,0.00625,0,pos,0,0.0,0,pos
FUN_005088,126,0.40384615384615385,1,pos_s30_e144,96,0.3076923076923077,1,pos_s30_e120
FUN_004578,72,0.017241379310344827,1,pos_s444_e480,0,0.0,0,pos
FUN_006050,0,0.0,0,pos,0,0.0,0,pos
FUN_001546,0,0.0,0,pos,0,0.0,0,pos
FUN_005320,78,0.11818181818181818,2,pos_s210_e246_s264_e300,24,0.03636363636363636,0,pos
FUN_009108,0,0.0,0,pos,0,0.0,0,pos
FUN_015345,0,0.0,0,pos,0,0.0,0,pos
FUN_012496,72,0.05741626794258373,1,pos_s822_e876,72,0.05741626794258373,1,pos_s822_e876
FUN_010448,18,0.015625,0,pos,0,0.0,0,pos
FUN_001853,0,0.0,0,pos,0,0.0,0,pos
FUN_003878,0,0.0,0,pos,0,0.0,0,pos
FUN_015403,0,0.0,0,pos,0,0.0,0,pos
FUN_008062,30,0.019011406844106463,0,pos,0,0.0,0,pos
FUN_005288,0,0.0,0,pos,0,0.0,0,pos
FUN_010752,0,0.0,0,pos,0,0.0,0,pos
FUN_009191,102,0.09444444444444444,2,pos_s84_e120_s690_e738,0,0.0,0,pos
FUN_000173,0,0.0,0,pos,0,0.0,0,pos
FUN_007788,0,0.0,0,pos,0,0.0,0,pos
FUN_008573,24,0.024242424242424242,0,pos,24,0.024242424242424242,0,pos
FUN_001450,0,0.0,0,pos,0,0.0,0,pos
FUN_016425,0,0.0,0,pos,0,0.0,0,pos
FUN_012455,150,0.14705882352941177,1,pos_s720_e840,114,0.11176470588235295,1,pos_s732_e840
FUN_011344,78,0.11711711711711711,1,pos_s168_e234,0,0.0,0,pos
FUN_010187,0,0.0,0,pos,0,0.0,0,pos
FUN_006714,0,0.0,0,pos,0,0.0,0,pos
FUN_004315,96,0.0547945205479452,2,pos_s168_e228_s240_e270,6,0.003424657534246575,0,pos
FUN_010344,126,0.9130434782608695,2,pos_s0_e72_s78_e132,6,0.043478260869565216,0,pos
FUN_016565,0,0.0,0,pos,0,0.0,0,pos
FUN_011812,0,0.0,0,pos,0,0.0,0,pos
FUN_011572,0,0.0,0,pos,0,0.0,0,pos
FUN_003115,0,0.0,0,pos,0,0.0,0,pos
FUN_000671,6,0.0022727272727272726,0,pos,0,0.0,0,pos
FUN_002840,0,0.0,0,pos,0,0.0,0,pos
FUN_015268,0,0.0,0,pos,0,0.0,0,pos
FUN_007459,210,0.10510510510510511,3,pos_s936_e1020_s1284_e1314_s1344_e1386,48,0.024024024024024024,0,pos
FUN_016237,0,0.0,0,pos,0,0.0,0,pos
FUN_009157,42,0.047619047619047616,0,pos,0,0.0,0,pos
FUN_005445,30,0.04504504504504504,1,pos_s84_e114,0,0.0,0,pos
FUN_008817,0,0.0,0,pos,0,0.0,0,pos
FUN_009751,0,0.0,0,pos,0,0.0,0,pos
FUN_000389,0,0.0,0,pos,0,0.0,0,pos
FUN_015408,0,0.0,0,pos,0,0.0,0,pos
FUN_005935,90,0.32608695652173914,1,pos_s102_e192,0,0.0,0,pos
FUN_006899,0,0.0,0,pos,0,0.0,0,pos
FUN_016137,0,0.0,0,pos,0,0.0,0,pos
FUN_008887,0,0.0,0,pos,0,0.0,0,pos
FUN_004956,0,0.0,0,pos,0,0.0,0,pos
FUN_000108,54,0.03879310344827586,1,pos_s300_e354,0,0.0,0,pos
FUN_002709,0,0.0,0,pos,0,0.0,0,pos
FUN_007578,0,0.0,0,pos,0,0.0,0,pos
FUN_001364,0,0.0,0,pos,0,0.0,0,pos
FUN_012556,0,0.0,0,pos,0,0.0,0,pos
FUN_004058,0,0.0,0,pos,0,0.0,0,pos
FUN_002027,0,0.0,0,pos,0,0.0,0,pos
FUN_002989,0,0.0,0,pos,0,0.0,0,pos
FUN_005064,0,0.0,0,pos,0,0.0,0,pos
FUN_016259,0,0.0,0,pos,0,0.0,0,pos
FUN_000290,0,0.0,0,pos,0,0.0,0,pos
FUN_010988,0,0.0,0,pos,0,0.0,0,pos
FUN_001515,0,0.0,0,pos,0,0.0,0,pos
FUN_003933,0,0.0,0,pos,0,0.0,0,pos
FUN_004966,0,0.0,0,pos,0,0.0,0,pos
FUN_010089,0,0.0,0,pos,0,0.0,0,pos
FUN_002427,0,0.0,0,pos,0,0.0,0,pos
FUN_001756,0,0.0,0,pos,0,0.0,0,pos
FUN_002355,162,0.09342560553633218,1,pos_s1518_e1626,12,0.006920415224913495,0,pos
FUN_005577,0,0.0,0,pos,0,0.0,0,pos
FUN_016716,0,0.0,0,pos,0,0.0,0,pos
FUN_009343,0,0.0,0,pos,0,0.0,0,pos
FUN_006401,54,0.05084745762711865,1,pos_s630_e666,0,0.0,0,pos
FUN_016420,0,0.0,0,pos,0,0.0,0,pos
FUN_010905,0,0.0,0,pos,0,0.0,0,pos
FUN_006468,0,0.0,0,pos,0,0.0,0,pos
FUN_012182,0,0.0,0,pos,0,0.0,0,pos
FUN_007981,0,0.0,0,pos,0,0.0,0,pos
FUN_002276,0,0.0,0,pos,0,0.0,0,pos
FUN_016433,114,0.18446601941747573,1,pos_s336_e450,90,0.14563106796116504,1,pos_s336_e420
FUN_007770,30,0.010121457489878543,0,pos,0,0.0,0,pos
FUN_011152,180,0.04484304932735426,2,pos_s3888_e3936_s3948_e3978,36,0.008968609865470852,0,pos
FUN_010558,24,0.09302325581395349,0,pos,0,0.0,0,pos
FUN_005945,0,0.0,0,pos,0,0.0,0,pos
FUN_007295,0,0.0,0,pos,0,0.0,0,pos
FUN_011303,138,0.043233082706766915,1,pos_s168_e264,6,0.0018796992481203006,0,pos
FUN_003819,0,0.0,0,pos,0,0.0,0,pos
FUN_007904,0,0.0,0,pos,0,0.0,0,pos
FUN_002141,0,0.0,0,pos,0,0.0,0,pos
FUN_015650,0,0.0,0,pos,0,0.0,0,pos
FUN_005939,36,0.16666666666666666,1,pos_s174_e210,18,0.08333333333333333,0,pos
FUN_010107,18,0.005119453924914676,0,pos,0,0.0,0,pos
FUN_006235,0,0.0,0,pos,0,0.0,0,pos
FUN_016705,0,0.0,0,pos,0,0.0,0,pos
FUN_001050,0,0.0,0,pos,0,0.0,0,pos
FUN_011709,0,0.0,0,pos,0,0.0,0,pos
FUN_009376,0,0.0,0,pos,0,0.0,0,pos
FUN_010549,0,0.0,0,pos,0,0.0,0,pos
FUN_001256,0,0.0,0,pos,0,0.0,0,pos
FUN_015569,0,0.0,0,pos,0,0.0,0,pos
FUN_011057,30,0.056179775280898875,1,pos_s108_e138,0,0.0,0,pos
FUN_011548,0,0.0,0,pos,0,0.0,0,pos
FUN_000210,0,0.0,0,pos,0,0.0,0,pos
FUN_000856,6,0.001851851851851852,0,pos,0,0.0,0,pos
FUN_003523,0,0.0,0,pos,0,0.0,0,pos
FUN_003236,126,0.06907894736842106,2,pos_s1068_e1104_s1176_e1266,48,0.02631578947368421,1,pos_s1188_e1224
FUN_016603,0,0.0,0,pos,0,0.0,0,pos
FUN_012429,0,0.0,0,pos,0,0.0,0,pos
FUN_011474,84,0.03278688524590164,1,pos_s2274_e2346,0,0.0,0,pos
FUN_002638,0,0.0,0,pos,0,0.0,0,pos
FUN_015252,0,0.0,0,pos,0,0.0,0,pos
FUN_011853,0,0.0,0,pos,0,0.0,0,pos
FUN_010470,0,0.0,0,pos,0,0.0,0,pos
FUN_007477,480,0.10443864229765012,7,pos_s0_e30_s42_e84_s324_e384_s1032_e1062_s1146_e1218_s1476_e1590_s1818_e1896,186,0.04046997389033943,1,pos_s1488_e1590
FUN_005361,0,0.0,0,pos,0,0.0,0,pos
FUN_001245,24,0.013071895424836602,0,pos,0,0.0,0,pos
FUN_011793,6,0.006993006993006993,0,pos,0,0.0,0,pos
FUN_015325,0,0.0,0,pos,0,0.0,0,pos
FUN_009083,24,0.05063291139240506,0,pos,0,0.0,0,pos
FUN_011432,0,0.0,0,pos,0,0.0,0,pos
FUN_009655,0,0.0,0,pos,0,0.0,0,pos
FUN_002380,210,0.26717557251908397,2,pos_s162_e210_s222_e312,102,0.1297709923664122,0,pos
FUN_004067,0,0.0,0,pos,0,0.0,0,pos
FUN_010717,0,0.0,0,pos,0,0.0,0,pos
FUN_015575,0,0.0,0,pos,0,0.0,0,pos
FUN_010811,60,0.045871559633027525,1,pos_s576_e630,0,0.0,0,pos
FUN_006383,210,0.06809338521400778,2,pos_s1830_e1902_s2028_e2118,6,0.0019455252918287938,0,pos
FUN_007726,0,0.0,0,pos,0,0.0,0,pos
FUN_016182,0,0.0,0,pos,0,0.0,0,pos
FUN_003064,0,0.0,0,pos,0,0.0,0,pos
FUN_004861,0,0.0,0,pos,0,0.0,0,pos
FUN_008064,162,0.10074626865671642,2,pos_s792_e900_s990_e1032,24,0.014925373134328358,0,pos
FUN_002452,0,0.0,0,pos,0,0.0,0,pos
FUN_007142,0,0.0,0,pos,0,0.0,0,pos
FUN_011960,0,0.0,0,pos,0,0.0,0,pos
FUN_005225,66,0.03225806451612903,1,pos_s1662_e1704,30,0.01466275659824047,1,pos_s1674_e1704
FUN_004827,18,0.04838709677419355,0,pos,0,0.0,0,pos
FUN_007847,66,0.040293040293040296,1,pos_s468_e534,24,0.014652014652014652,0,pos
FUN_007730,0,0.0,0,pos,0,0.0,0,pos
FUN_001377,84,0.052434456928838954,1,pos_s1524_e1596,72,0.0449438202247191,1,pos_s1524_e1596
FUN_011748,0,0.0,0,pos,0,0.0,0,pos
FUN_000562,6,0.003003003003003003,0,pos,6,0.003003003003003003,0,pos
FUN_002277,0,0.0,0,pos,0,0.0,0,pos
FUN_011350,24,0.08695652173913043,0,pos,0,0.0,0,pos
FUN_001152,96,0.01839080459770115,1,pos_s4278_e4374,0,0.0,0,pos
FUN_012505,0,0.0,0,pos,0,0.0,0,pos
FUN_002499,60,0.05649717514124294,1,pos_s918_e948,12,0.011299435028248588,0,pos
FUN_007148,0,0.0,0,pos,0,0.0,0,pos
FUN_001898,0,0.0,0,pos,0,0.0,0,pos
FUN_008425,216,0.072,2,pos_s2112_e2226_s2322_e2424,96,0.032,2,pos_s2166_e2220_s2382_e2412
FUN_011341,18,0.05172413793103448,0,pos,0,0.0,0,pos
FUN_002603,6,0.0029239766081871343,0,pos,0,0.0,0,pos
FUN_003607,0,0.0,0,pos,0,0.0,0,pos
FUN_016163,0,0.0,0,pos,0,0.0,0,pos
FUN_015627,0,0.0,0,pos,0,0.0,0,pos
FUN_011787,0,0.0,0,pos,0,0.0,0,pos
FUN_003044,0,0.0,0,pos,0,0.0,0,pos
FUN_010767,0,0.0,0,pos,0,0.0,0,pos
FUN_012219,96,0.2857142857142857,1,pos_s156_e252,18,0.05357142857142857,0,pos
FUN_002267,0,0.0,0,pos,0,0.0,0,pos
FUN_011972,0,0.0,0,pos,0,0.0,0,pos
FUN_011389,96,0.43243243243243246,2,pos_s0_e36_s90_e150,24,0.10810810810810811,0,pos
FUN_009428,0,0.0,0,pos,0,0.0,0,pos
FUN_006262,18,0.013574660633484163,0,pos,0,0.0,0,pos
FUN_005887,0,0.0,0,pos,0,0.0,0,pos
FUN_002047,0,0.0,0,pos,0,0.0,0,pos
FUN_004914,0,0.0,0,pos,0,0.0,0,pos
FUN_005541,0,0.0,0,pos,0,0.0,0,pos
FUN_002036,0,0.0,0,pos,0,0.0,0,pos
FUN_011256,0,0.0,0,pos,0,0.0,0,pos
FUN_000168,0,0.0,0,pos,0,0.0,0,pos
FUN_003005,0,0.0,0,pos,0,0.0,0,pos
FUN_001541,24,0.016194331983805668,0,pos,0,0.0,0,pos
FUN_009381,0,0.0,0,pos,0,0.0,0,pos
FUN_009449,0,0.0,0,pos,0,0.0,0,pos
FUN_016085,0,0.0,0,pos,0,0.0,0,pos
FUN_016037,0,0.0,0,pos,0,0.0,0,pos
FUN_001888,66,0.04044117647058824,1,pos_s570_e636,0,0.0,0,pos
FUN_003655,0,0.0,0,pos,0,0.0,0,pos
FUN_010228,66,0.06875,1,pos_s876_e930,30,0.03125,1,pos_s876_e906
FUN_001934,0,0.0,0,pos,0,0.0,0,pos
FUN_016405,0,0.0,0,pos,0,0.0,0,pos
FUN_001953,0,0.0,0,pos,0,0.0,0,pos
FUN_015896,0,0.0,0,pos,0,0.0,0,pos
FUN_000437,0,0.0,0,pos,0,0.0,0,pos
FUN_006877,0,0.0,0,pos,0,0.0,0,pos
FUN_009439,48,0.06722689075630252,1,pos_s0_e36,0,0.0,0,pos
FUN_001974,0,0.0,0,pos,0,0.0,0,pos
FUN_003486,120,0.1388888888888889,1,pos_s336_e420,60,0.06944444444444445,1,pos_s366_e420
FUN_006304,0,0.0,0,pos,0,0.0,0,pos
FUN_016520,0,0.0,0,pos,0,0.0,0,pos
FUN_012259,0,0.0,0,pos,0,0.0,0,pos
FUN_016332,0,0.0,0,pos,0,0.0,0,pos
FUN_004932,30,0.005279831045406547,1,pos_s5544_e5574,0,0.0,0,pos
FUN_002502,246,0.09468822170900693,3,pos_s330_e378_s1356_e1410_s2244_e2328,30,0.011547344110854504,0,pos
FUN_012227,0,0.0,0,pos,0,0.0,0,pos
FUN_006783,0,0.0,0,pos,0,0.0,0,pos
FUN_005584,84,0.020802377414561663,1,pos_s3690_e3774,36,0.008915304606240713,1,pos_s3744_e3774
FUN_011067,0,0.0,0,pos,0,0.0,0,pos
FUN_004652,72,0.04477611940298507,1,pos_s438_e492,0,0.0,0,pos
FUN_001655,0,0.0,0,pos,0,0.0,0,pos
FUN_006564,0,0.0,0,pos,0,0.0,0,pos
FUN_010171,0,0.0,0,pos,0,0.0,0,pos
FUN_003231,0,0.0,0,pos,0,0.0,0,pos
FUN_008598,0,0.0,0,pos,0,0.0,0,pos
FUN_011939,0,0.0,0,pos,0,0.0,0,pos
FUN_011605,0,0.0,0,pos,0,0.0,0,pos
FUN_001528,18,0.006550218340611353,0,pos,0,0.0,0,pos
FUN_000722,114,0.06354515050167224,2,pos_s1290_e1368_s1440_e1476,24,0.013377926421404682,0,pos
FUN_008420,6,0.001358695652173913,0,pos,0,0.0,0,pos
FUN_006718,0,0.0,0,pos,0,0.0,0,pos
FUN_002858,0,0.0,0,pos,0,0.0,0,pos
FUN_006378,0,0.0,0,pos,0,0.0,0,pos
FUN_012295,0,0.0,0,pos,0,0.0,0,pos
FUN_015971,0,0.0,0,pos,0,0.0,0,pos
FUN_016125,0,0.0,0,pos,0,0.0,0,pos
FUN_010216,0,0.0,0,pos,0,0.0,0,pos
FUN_008359,6,0.0029069767441860465,0,pos,0,0.0,0,pos
FUN_007458,150,0.1953125,2,pos_s6_e84_s126_e174,60,0.078125,1,pos_s12_e72
FUN_010532,72,0.0125,1,pos_s1308_e1374,6,0.0010416666666666667,0,pos
FUN_009817,0,0.0,0,pos,0,0.0,0,pos
FUN_006749,18,0.0075,0,pos,0,0.0,0,pos
FUN_015833,0,0.0,0,pos,0,0.0,0,pos
FUN_007110,0,0.0,0,pos,0,0.0,0,pos
FUN_004637,0,0.0,0,pos,0,0.0,0,pos
FUN_012409,54,0.024324324324324326,1,pos_s570_e624,24,0.010810810810810811,0,pos
FUN_010452,0,0.0,0,pos,0,0.0,0,pos
FUN_002331,18,0.007042253521126761,0,pos,0,0.0,0,pos
FUN_016883,0,0.0,0,pos,0,0.0,0,pos
FUN_009500,42,0.0219435736677116,0,pos,0,0.0,0,pos
FUN_002659,0,0.0,0,pos,0,0.0,0,pos
FUN_008182,54,0.06766917293233082,0,pos,0,0.0,0,pos
FUN_008177,6,0.0019193857965451055,0,pos,0,0.0,0,pos
FUN_008406,294,0.01825633383010432,4,pos_s2316_e2376_s11442_e11484_s11526_e11556_s13422_e13488,0,0.0,0,pos
FUN_002241,126,0.05454545454545454,1,pos_s198_e270,30,0.012987012987012988,0,pos
FUN_009282,18,0.09375,0,pos,18,0.09375,0,pos
FUN_000023,24,0.007246376811594203,0,pos,0,0.0,0,pos
FUN_007334,66,0.05759162303664921,1,pos_s0_e66,0,0.0,0,pos
FUN_011891,0,0.0,0,pos,0,0.0,0,pos
FUN_002943,30,0.053763440860215055,0,pos,0,0.0,0,pos
FUN_005684,0,0.0,0,pos,0,0.0,0,pos
FUN_003979,288,0.08247422680412371,3,pos_s0_e90_s2292_e2364_s2574_e2670,180,0.05154639175257732,2,pos_s0_e90_s2604_e2670
FUN_005844,0,0.0,0,pos,0,0.0,0,pos
FUN_006941,72,0.15584415584415584,1,pos_s360_e432,0,0.0,0,pos
FUN_001529,6,0.0017452006980802793,0,pos,0,0.0,0,pos
FUN_005580,6,0.0008795074758135445,0,pos,0,0.0,0,pos
FUN_002457,108,0.10714285714285714,1,pos_s894_e1002,66,0.06547619047619048,2,pos_s906_e936_s966_e996
FUN_010209,0,0.0,0,pos,0,0.0,0,pos
FUN_011027,0,0.0,0,pos,0,0.0,0,pos
FUN_004773,0,0.0,0,pos,0,0.0,0,pos
FUN_003381,30,0.034013605442176874,0,pos,0,0.0,0,pos
FUN_009387,0,0.0,0,pos,0,0.0,0,pos
FUN_001724,0,0.0,0,pos,0,0.0,0,pos
FUN_002665,0,0.0,0,pos,0,0.0,0,pos
FUN_002251,162,0.15976331360946747,1,pos_s726_e888,102,0.10059171597633136,3,pos_s732_e762_s810_e846_s852_e888
FUN_011472,78,0.06598984771573604,1,pos_s408_e456,24,0.02030456852791878,0,pos
FUN_001711,66,0.07971014492753623,1,pos_s54_e96,12,0.014492753623188406,0,pos
FUN_011403,0,0.0,0,pos,0,0.0,0,pos
FUN_016135,0,0.0,0,pos,0,0.0,0,pos
FUN_010034,0,0.0,0,pos,0,0.0,0,pos
FUN_012055,0,0.0,0,pos,0,0.0,0,pos
FUN_005021,0,0.0,0,pos,0,0.0,0,pos
FUN_003814,0,0.0,0,pos,0,0.0,0,pos
FUN_015504,0,0.0,0,pos,0,0.0,0,pos
FUN_002893,0,0.0,0,pos,0,0.0,0,pos
FUN_006055,0,0.0,0,pos,0,0.0,0,pos
FUN_000008,0,0.0,0,pos,0,0.0,0,pos
FUN_007561,282,0.08736059479553904,3,pos_s120_e282_s2370_e2400_s2808_e2844,108,0.03345724907063197,1,pos_s156_e246
FUN_008201,18,0.015,0,pos,0,0.0,0,pos
FUN_012558,114,0.19387755102040816,1,pos_s426_e516,78,0.1326530612244898,1,pos_s426_e504
FUN_000812,0,0.0,0,pos,0,0.0,0,pos
FUN_011864,0,0.0,0,pos,0,0.0,0,pos
FUN_016437,0,0.0,0,pos,0,0.0,0,pos
FUN_004439,144,0.014035087719298246,1,pos_s9390_e9480,48,0.004678362573099415,1,pos_s9408_e9456
FUN_011275,48,0.01386481802426343,1,pos_s1110_e1158,48,0.01386481802426343,1,pos_s1110_e1158
FUN_001143,0,0.0,0,pos,0,0.0,0,pos
FUN_004002,24,0.020202020202020204,0,pos,0,0.0,0,pos
FUN_011398,114,0.06620209059233449,3,pos_s0_e36_s318_e354_s378_e420,60,0.03484320557491289,1,pos_s390_e420
FUN_006878,0,0.0,0,pos,0,0.0,0,pos
FUN_002795,0,0.0,0,pos,0,0.0,0,pos
FUN_000442,0,0.0,0,pos,0,0.0,0,pos
FUN_005622,72,0.06,2,pos_s726_e756_s780_e810,0,0.0,0,pos
FUN_012373,0,0.0,0,pos,0,0.0,0,pos
FUN_003940,0,0.0,0,pos,0,0.0,0,pos
FUN_010632,0,0.0,0,pos,0,0.0,0,pos
FUN_007400,0,0.0,0,pos,0,0.0,0,pos
FUN_006344,0,0.0,0,pos,0,0.0,0,pos
FUN_016258,0,0.0,0,pos,0,0.0,0,pos
FUN_016257,0,0.0,0,pos,0,0.0,0,pos
FUN_010931,0,0.0,0,pos,0,0.0,0,pos
FUN_001926,0,0.0,0,pos,0,0.0,0,pos
FUN_001497,300,0.3401360544217687,3,pos_s294_e414_s432_e474_s702_e816,234,0.2653061224489796,2,pos_s294_e414_s702_e816
FUN_008893,30,0.013927576601671309,0,pos,0,0.0,0,pos
FUN_015768,0,0.0,0,pos,0,0.0,0,pos
FUN_000532,0,0.0,0,pos,0,0.0,0,pos
FUN_002882,0,0.0,0,pos,0,0.0,0,pos
FUN_002419,54,0.08256880733944955,1,pos_s570_e612,48,0.07339449541284404,1,pos_s582_e612
FUN_008672,36,0.037267080745341616,1,pos_s0_e36,0,0.0,0,pos
FUN_011014,0,0.0,0,pos,0,0.0,0,pos
FUN_003389,0,0.0,0,pos,0,0.0,0,pos
FUN_002749,0,0.0,0,pos,0,0.0,0,pos
FUN_011734,0,0.0,0,pos,0,0.0,0,pos
FUN_010386,96,0.054982817869415807,1,pos_s162_e240,0,0.0,0,pos
FUN_006048,0,0.0,0,pos,0,0.0,0,pos
FUN_011221,180,0.0946372239747634,3,pos_s282_e342_s858_e912_s918_e984,60,0.031545741324921134,2,pos_s882_e912_s918_e948
FUN_001191,0,0.0,0,pos,0,0.0,0,pos
FUN_008436,0,0.0,0,pos,0,0.0,0,pos
FUN_004285,0,0.0,0,pos,0,0.0,0,pos
FUN_016771,0,0.0,0,pos,0,0.0,0,pos
FUN_000504,186,0.1341991341991342,3,pos_s450_e498_s1164_e1218_s1254_e1332,18,0.012987012987012988,0,pos
FUN_000972,0,0.0,0,pos,0,0.0,0,pos
FUN_008706,42,0.019444444444444445,1,pos_s450_e492,0,0.0,0,pos
FUN_001824,0,0.0,0,pos,0,0.0,0,pos
FUN_001619,0,0.0,0,pos,0,0.0,0,pos
FUN_008554,258,0.44329896907216493,2,pos_s84_e186_s414_e546,12,0.020618556701030927,0,pos
FUN_016665,0,0.0,0,pos,0,0.0,0,pos
FUN_003556,0,0.0,0,pos,0,0.0,0,pos
FUN_003877,0,0.0,0,pos,0,0.0,0,pos
FUN_001961,0,0.0,0,pos,0,0.0,0,pos
FUN_006536,18,0.010416666666666666,0,pos,0,0.0,0,pos
FUN_009800,0,0.0,0,pos,0,0.0,0,pos
FUN_008340,0,0.0,0,pos,0,0.0,0,pos
FUN_006978,0,0.0,0,pos,0,0.0,0,pos
FUN_000322,210,0.07291666666666667,4,pos_s1836_e1866_s2280_e2310_s2490_e2526_s2652_e2688,6,0.0020833333333333333,0,pos
FUN_007490,0,0.0,0,pos,0,0.0,0,pos
FUN_006960,0,0.0,0,pos,0,0.0,0,pos
FUN_000999,0,0.0,0,pos,0,0.0,0,pos
FUN_011034,6,0.0024937655860349127,0,pos,0,0.0,0,pos
FUN_010941,0,0.0,0,pos,0,0.0,0,pos
FUN_007642,6,0.005319148936170213,0,pos,0,0.0,0,pos
FUN_007610,114,0.10270270270270271,2,pos_s306_e342_s366_e402,0,0.0,0,pos
FUN_012230,0,0.0,0,pos,0,0.0,0,pos
FUN_006254,0,0.0,0,pos,0,0.0,0,pos
FUN_016292,0,0.0,0,pos,0,0.0,0,pos
FUN_009252,0,0.0,0,pos,0,0.0,0,pos
FUN_004170,102,0.052307692307692305,2,pos_s624_e690_s702_e732,36,0.018461538461538463,0,pos
FUN_015413,0,0.0,0,pos,0,0.0,0,pos
FUN_010721,216,0.06593406593406594,3,pos_s1656_e1770_s2280_e2310_s3072_e3108,144,0.04395604395604396,1,pos_s1656_e1770
FUN_009604,0,0.0,0,pos,0,0.0,0,pos
FUN_004225,24,0.030303030303030304,0,pos,0,0.0,0,pos
FUN_016265,0,0.0,0,pos,0,0.0,0,pos
FUN_009896,30,0.056818181818181816,1,pos_s306_e336,0,0.0,0,pos
FUN_005853,0,0.0,0,pos,0,0.0,0,pos
FUN_016289,0,0.0,0,pos,0,0.0,0,pos
FUN_004184,42,0.030042918454935622,1,pos_s618_e648,6,0.004291845493562232,0,pos
FUN_004136,0,0.0,0,pos,0,0.0,0,pos
FUN_009503,0,0.0,0,pos,0,0.0,0,pos
FUN_003557,0,0.0,0,pos,0,0.0,0,pos
FUN_009110,0,0.0,0,pos,0,0.0,0,pos
FUN_002009,0,0.0,0,pos,0,0.0,0,pos
FUN_011537,0,0.0,0,pos,0,0.0,0,pos
FUN_009609,0,0.0,0,pos,0,0.0,0,pos
FUN_010527,0,0.0,0,pos,0,0.0,0,pos
FUN_010433,318,0.12211981566820276,3,pos_s1968_e2100_s2202_e2232_s2394_e2508,186,0.07142857142857142,2,pos_s1968_e2040_s2394_e2508
FUN_012446,0,0.0,0,pos,0,0.0,0,pos
FUN_000086,24,0.010526315789473684,0,pos,0,0.0,0,pos
FUN_001029,0,0.0,0,pos,0,0.0,0,pos
FUN_003846,18,0.0012626262626262627,0,pos,0,0.0,0,pos
FUN_005012,24,0.008032128514056224,0,pos,0,0.0,0,pos
FUN_016600,0,0.0,0,pos,0,0.0,0,pos
FUN_009629,12,0.006230529595015576,0,pos,0,0.0,0,pos
FUN_004987,60,0.042735042735042736,1,pos_s120_e156,6,0.004273504273504274,0,pos
FUN_016508,0,0.0,0,pos,0,0.0,0,pos
FUN_002740,0,0.0,0,pos,0,0.0,0,pos
FUN_003409,0,0.0,0,pos,0,0.0,0,pos
FUN_008060,0,0.0,0,pos,0,0.0,0,pos
FUN_011103,66,0.07482993197278912,1,pos_s12_e78,48,0.05442176870748299,1,pos_s12_e60
FUN_005911,0,0.0,0,pos,0,0.0,0,pos
FUN_010449,0,0.0,0,pos,0,0.0,0,pos
FUN_005479,330,0.34591194968553457,2,pos_s0_e60_s210_e264,174,0.18238993710691823,3,pos_s0_e48_s804_e834_s840_e888
FUN_010643,66,0.03571428571428571,1,pos_s1050_e1098,0,0.0,0,pos
FUN_012543,0,0.0,0,pos,0,0.0,0,pos
FUN_008498,0,0.0,0,pos,0,0.0,0,pos
FUN_015564,0,0.0,0,pos,0,0.0,0,pos
FUN_000712,66,0.22916666666666666,1,pos_s0_e66,0,0.0,0,pos
FUN_016739,0,0.0,0,pos,0,0.0,0,pos
FUN_008651,42,0.05384615384615385,0,pos,24,0.03076923076923077,0,pos
FUN_006987,0,0.0,0,pos,0,0.0,0,pos
FUN_012249,0,0.0,0,pos,0,0.0,0,pos
FUN_002273,54,0.07627118644067797,1,pos_s114_e162,0,0.0,0,pos
FUN_003569,0,0.0,0,pos,0,0.0,0,pos
FUN_008957,0,0.0,0,pos,0,0.0,0,pos
FUN_000663,0,0.0,0,pos,0,0.0,0,pos
FUN_015857,0,0.0,0,pos,0,0.0,0,pos
FUN_009830,0,0.0,0,pos,0,0.0,0,pos
FUN_006889,54,0.125,1,pos_s324_e378,30,0.06944444444444445,1,pos_s348_e378
FUN_010576,0,0.0,0,pos,0,0.0,0,pos
FUN_015611,0,0.0,0,pos,0,0.0,0,pos
FUN_001895,48,0.0149812734082397,1,pos_s1326_e1374,6,0.0018726591760299626,0,pos
FUN_000025,0,0.0,0,pos,0,0.0,0,pos
FUN_005600,0,0.0,0,pos,0,0.0,0,pos
FUN_010542,42,0.06542056074766354,1,pos_s216_e258,0,0.0,0,pos
FUN_006981,12,0.008583690987124463,0,pos,0,0.0,0,pos
FUN_010322,0,0.0,0,pos,0,0.0,0,pos
FUN_011212,0,0.0,0,pos,0,0.0,0,pos
FUN_016247,0,0.0,0,pos,0,0.0,0,pos
FUN_001459,0,0.0,0,pos,0,0.0,0,pos
FUN_008288,0,0.0,0,pos,0,0.0,0,pos
FUN_016443,0,0.0,0,pos,0,0.0,0,pos
FUN_001255,0,0.0,0,pos,0,0.0,0,pos
FUN_011514,0,0.0,0,pos,0,0.0,0,pos
FUN_004092,6,0.003289473684210526,0,pos,0,0.0,0,pos
FUN_008994,0,0.0,0,pos,0,0.0,0,pos
FUN_002851,0,0.0,0,pos,0,0.0,0,pos
FUN_006621,0,0.0,0,pos,0,0.0,0,pos
FUN_005098,0,0.0,0,pos,0,0.0,0,pos
FUN_016449,0,0.0,0,pos,0,0.0,0,pos
FUN_015297,0,0.0,0,pos,0,0.0,0,pos
FUN_001144,36,0.10909090909090909,0,pos,0,0.0,0,pos
FUN_003463,6,0.008403361344537815,0,pos,0,0.0,0,pos
FUN_006045,18,0.002559726962457338,0,pos,0,0.0,0,pos
FUN_009778,0,0.0,0,pos,0,0.0,0,pos
FUN_002245,84,0.0219435736677116,1,pos_s672_e726,48,0.012539184952978056,1,pos_s690_e720
FUN_002578,0,0.0,0,pos,0,0.0,0,pos
FUN_003040,0,0.0,0,pos,0,0.0,0,pos
FUN_007473,0,0.0,0,pos,0,0.0,0,pos
FUN_016488,0,0.0,0,pos,0,0.0,0,pos
FUN_010936,0,0.0,0,pos,0,0.0,0,pos
FUN_005976,0,0.0,0,pos,0,0.0,0,pos
FUN_004130,0,0.0,0,pos,0,0.0,0,pos
FUN_008805,252,0.09292035398230089,3,pos_s228_e264_s414_e546_s756_e798,102,0.03761061946902655,2,pos_s228_e264_s480_e528
FUN_011814,0,0.0,0,pos,0,0.0,0,pos
FUN_004541,0,0.0,0,pos,0,0.0,0,pos
FUN_009264,0,0.0,0,pos,0,0.0,0,pos
FUN_001010,0,0.0,0,pos,0,0.0,0,pos
FUN_009188,42,0.3181818181818182,0,pos,6,0.045454545454545456,0,pos
FUN_001519,0,0.0,0,pos,0,0.0,0,pos
FUN_000881,0,0.0,0,pos,0,0.0,0,pos
FUN_007753,78,0.019374068554396422,1,pos_s378_e408,0,0.0,0,pos
FUN_006452,0,0.0,0,pos,0,0.0,0,pos
FUN_016219,24,0.015267175572519083,0,pos,18,0.011450381679389313,0,pos
FUN_011416,0,0.0,0,pos,0,0.0,0,pos
FUN_010170,18,0.00964630225080386,0,pos,0,0.0,0,pos
FUN_002544,0,0.0,0,pos,0,0.0,0,pos
FUN_008495,66,0.03492063492063492,1,pos_s732_e786,66,0.03492063492063492,1,pos_s732_e786
FUN_010671,0,0.0,0,pos,0,0.0,0,pos
FUN_004635,30,0.0228310502283105,0,pos,0,0.0,0,pos
FUN_003149,66,0.026066350710900472,1,pos_s2088_e2154,0,0.0,0,pos
FUN_001994,0,0.0,0,pos,0,0.0,0,pos
FUN_000007,0,0.0,0,pos,0,0.0,0,pos
FUN_007613,0,0.0,0,pos,0,0.0,0,pos
FUN_003459,0,0.0,0,pos,0,0.0,0,pos
FUN_016445,0,0.0,0,pos,0,0.0,0,pos
FUN_004448,0,0.0,0,pos,0,0.0,0,pos
FUN_016380,0,0.0,0,pos,0,0.0,0,pos
FUN_008940,0,0.0,0,pos,0,0.0,0,pos
FUN_005516,0,0.0,0,pos,0,0.0,0,pos
FUN_016296,0,0.0,0,pos,0,0.0,0,pos
FUN_015310,0,0.0,0,pos,0,0.0,0,pos
FUN_016290,0,0.0,0,pos,0,0.0,0,pos
FUN_007546,132,0.10138248847926268,2,pos_s582_e624_s954_e1032,30,0.02304147465437788,1,pos_s582_e612
FUN_012197,0,0.0,0,pos,0,0.0,0,pos
FUN_016023,0,0.0,0,pos,0,0.0,0,pos
FUN_008491,48,0.035398230088495575,1,pos_s696_e738,24,0.017699115044247787,0,pos
FUN_010015,0,0.0,0,pos,0,0.0,0,pos
FUN_004612,0,0.0,0,pos,0,0.0,0,pos
FUN_011399,30,0.06329113924050633,1,pos_s168_e198,18,0.0379746835443038,0,pos
FUN_005160,0,0.0,0,pos,0,0.0,0,pos
FUN_004218,18,0.01282051282051282,0,pos,0,0.0,0,pos
FUN_002560,228,0.07755102040816327,1,pos_s2658_e2856,156,0.053061224489795916,3,pos_s2664_e2700_s2706_e2742_s2754_e2832
FUN_007045,0,0.0,0,pos,0,0.0,0,pos
FUN_007306,66,0.014905149051490514,1,pos_s2010_e2052,12,0.0027100271002710027,0,pos
FUN_005493,0,0.0,0,pos,0,0.0,0,pos
FUN_003393,12,0.0091324200913242,0,pos,0,0.0,0,pos
FUN_006563,6,0.003787878787878788,0,pos,0,0.0,0,pos
FUN_007237,0,0.0,0,pos,0,0.0,0,pos
FUN_011038,60,0.050761421319796954,1,pos_s1008_e1068,54,0.04568527918781726,1,pos_s1020_e1068
FUN_011382,90,0.056179775280898875,1,pos_s0_e72,30,0.018726591760299626,0,pos
FUN_007322,66,0.022587268993839837,1,pos_s1968_e2010,36,0.012320328542094456,1,pos_s1974_e2010
FUN_008751,0,0.0,0,pos,0,0.0,0,pos
FUN_002371,6,0.0014285714285714286,0,pos,0,0.0,0,pos
FUN_006098,12,0.012903225806451613,0,pos,0,0.0,0,pos
FUN_010363,66,0.03363914373088685,1,pos_s138_e174,30,0.01529051987767584,1,pos_s144_e174
FUN_009552,0,0.0,0,pos,0,0.0,0,pos
FUN_003180,0,0.0,0,pos,0,0.0,0,pos
FUN_012001,0,0.0,0,pos,0,0.0,0,pos
FUN_009828,0,0.0,0,pos,0,0.0,0,pos
FUN_004696,0,0.0,0,pos,0,0.0,0,pos
FUN_008047,0,0.0,0,pos,0,0.0,0,pos
FUN_011882,0,0.0,0,pos,0,0.0,0,pos
FUN_003886,0,0.0,0,pos,0,0.0,0,pos
FUN_011393,12,0.015748031496062992,0,pos,0,0.0,0,pos
FUN_008088,0,0.0,0,pos,0,0.0,0,pos
FUN_007728,12,0.09090909090909091,0,pos,0,0.0,0,pos
FUN_004378,0,0.0,0,pos,0,0.0,0,pos
FUN_000405,0,0.0,0,pos,0,0.0,0,pos
FUN_015632,0,0.0,0,pos,0,0.0,0,pos
FUN_008184,0,0.0,0,pos,0,0.0,0,pos
FUN_005851,0,0.0,0,pos,0,0.0,0,pos
FUN_010153,0,0.0,0,pos,0,0.0,0,pos
FUN_004802,66,0.052132701421800945,1,pos_s804_e852,48,0.037914691943127965,1,pos_s804_e852
FUN_007595,0,0.0,0,pos,0,0.0,0,pos
FUN_007660,342,0.1993006993006993,1,pos_s1026_e1110,186,0.10839160839160839,2,pos_s1524_e1602_s1608_e1686
FUN_007556,108,0.08955223880597014,1,pos_s954_e1014,0,0.0,0,pos
FUN_000420,0,0.0,0,pos,0,0.0,0,pos
FUN_009274,0,0.0,0,pos,0,0.0,0,pos
FUN_001769,0,0.0,0,pos,0,0.0,0,pos
FUN_009818,0,0.0,0,pos,0,0.0,0,pos
FUN_004576,0,0.0,0,pos,0,0.0,0,pos
FUN_011786,84,0.042042042042042045,1,pos_s1854_e1938,0,0.0,0,pos
FUN_002260,0,0.0,0,pos,0,0.0,0,pos
FUN_004509,0,0.0,0,pos,0,0.0,0,pos
FUN_005744,0,0.0,0,pos,0,0.0,0,pos
FUN_000773,0,0.0,0,pos,0,0.0,0,pos
FUN_008362,42,0.08860759493670886,1,pos_s366_e402,0,0.0,0,pos
FUN_010694,0,0.0,0,pos,0,0.0,0,pos
FUN_009233,0,0.0,0,pos,0,0.0,0,pos
FUN_016204,0,0.0,0,pos,0,0.0,0,pos
FUN_016470,210,0.20588235294117646,2,pos_s204_e318_s504_e600,90,0.08823529411764706,1,pos_s516_e600
FUN_008621,0,0.0,0,pos,0,0.0,0,pos
FUN_005413,0,0.0,0,pos,0,0.0,0,pos
FUN_015965,0,0.0,0,pos,0,0.0,0,pos
FUN_009980,0,0.0,0,pos,0,0.0,0,pos
FUN_009979,0,0.0,0,pos,0,0.0,0,pos
FUN_010571,0,0.0,0,pos,0,0.0,0,pos
FUN_005849,0,0.0,0,pos,0,0.0,0,pos
FUN_012008,0,0.0,0,pos,0,0.0,0,pos
FUN_006642,0,0.0,0,pos,0,0.0,0,pos
FUN_000024,324,0.027663934426229508,4,pos_s630_e672_s2346_e2418_s2718_e2826_s10866_e10902,42,0.003586065573770492,0,pos
FUN_010819,294,0.12894736842105264,4,pos_s18_e78_s468_e516_s1368_e1434_s2058_e2130,48,0.021052631578947368,0,pos
FUN_001016,0,0.0,0,pos,0,0.0,0,pos
FUN_001289,0,0.0,0,pos,0,0.0,0,pos
FUN_011118,96,0.08839779005524862,2,pos_s468_e522_s960_e1002,0,0.0,0,pos
FUN_002965,0,0.0,0,pos,0,0.0,0,pos
FUN_008324,0,0.0,0,pos,0,0.0,0,pos
FUN_006809,12,0.010471204188481676,0,pos,6,0.005235602094240838,0,pos
FUN_005171,12,0.00847457627118644,0,pos,0,0.0,0,pos
FUN_006466,42,0.026923076923076925,1,pos_s714_e750,0,0.0,0,pos
FUN_001380,102,0.012454212454212455,1,pos_s1488_e1542,0,0.0,0,pos
FUN_001389,0,0.0,0,pos,0,0.0,0,pos
FUN_015405,0,0.0,0,pos,0,0.0,0,pos
FUN_004287,0,0.0,0,pos,0,0.0,0,pos
FUN_009922,24,0.06779661016949153,0,pos,0,0.0,0,pos
FUN_008902,120,0.023501762632197415,2,pos_s2556_e2628_s3636_e3672,48,0.009400705052878966,1,pos_s2580_e2628
FUN_010676,0,0.0,0,pos,0,0.0,0,pos
FUN_001709,0,0.0,0,pos,0,0.0,0,pos
FUN_010094,0,0.0,0,pos,0,0.0,0,pos
FUN_011249,0,0.0,0,pos,0,0.0,0,pos
FUN_008114,0,0.0,0,pos,0,0.0,0,pos
FUN_001799,0,0.0,0,pos,0,0.0,0,pos
FUN_003859,0,0.0,0,pos,0,0.0,0,pos
FUN_004694,0,0.0,0,pos,0,0.0,0,pos
FUN_002597,0,0.0,0,pos,0,0.0,0,pos
FUN_009050,0,0.0,0,pos,0,0.0,0,pos
FUN_004549,102,0.05519480519480519,1,pos_s1392_e1494,102,0.05519480519480519,1,pos_s1392_e1494
FUN_010429,0,0.0,0,pos,0,0.0,0,pos
FUN_011860,0,0.0,0,pos,0,0.0,0,pos
FUN_016610,0,0.0,0,pos,0,0.0,0,pos
FUN_005454,48,0.011251758087201125,1,pos_s540_e576,0,0.0,0,pos
FUN_006728,0,0.0,0,pos,0,0.0,0,pos
FUN_002059,48,0.02666666666666667,1,pos_s18_e54,0,0.0,0,pos
FUN_004491,18,0.008310249307479225,0,pos,0,0.0,0,pos
FUN_004381,36,0.04081632653061224,0,pos,0,0.0,0,pos
FUN_005369,0,0.0,0,pos,0,0.0,0,pos
FUN_008959,174,0.07571801566579635,3,pos_s834_e870_s978_e1014_s1032_e1122,78,0.033942558746736295,2,pos_s1032_e1062_s1068_e1104
FUN_001394,0,0.0,0,pos,0,0.0,0,pos
FUN_001840,0,0.0,0,pos,0,0.0,0,pos
FUN_010299,168,0.003906795032789173,2,pos_s22098_e22140_s39096_e39126,12,0.0002790567880563695,0,pos
FUN_010881,270,0.21634615384615385,2,pos_s492_e528_s900_e1002,204,0.16346153846153846,1,pos_s906_e1002
FUN_008745,126,0.2876712328767123,2,pos_s228_e264_s300_e336,36,0.0821917808219178,1,pos_s300_e336
FUN_011102,54,0.04712041884816754,1,pos_s0_e36,0,0.0,0,pos
FUN_003352,60,0.00940733772342427,1,pos_s4644_e4704,0,0.0,0,pos
FUN_006309,72,0.03234501347708895,1,pos_s492_e564,0,0.0,0,pos
FUN_015395,0,0.0,0,pos,0,0.0,0,pos
FUN_006803,0,0.0,0,pos,0,0.0,0,pos
FUN_010804,12,0.011834319526627219,0,pos,0,0.0,0,pos
FUN_009837,0,0.0,0,pos,0,0.0,0,pos
FUN_008138,24,0.00676818950930626,0,pos,0,0.0,0,pos
FUN_011376,96,0.2077922077922078,1,pos_s354_e444,6,0.012987012987012988,0,pos
FUN_003108,0,0.0,0,pos,0,0.0,0,pos
FUN_003105,0,0.0,0,pos,0,0.0,0,pos
FUN_016144,0,0.0,0,pos,0,0.0,0,pos
FUN_005917,0,0.0,0,pos,0,0.0,0,pos
FUN_000821,12,0.008438818565400843,0,pos,0,0.0,0,pos
FUN_008334,0,0.0,0,pos,0,0.0,0,pos
FUN_008329,0,0.0,0,pos,0,0.0,0,pos
FUN_008513,60,0.078125,1,pos_s600_e642,0,0.0,0,pos
FUN_004228,0,0.0,0,pos,0,0.0,0,pos
FUN_006161,12,0.010526315789473684,0,pos,0,0.0,0,pos
FUN_006298,0,0.0,0,pos,0,0.0,0,pos
FUN_003497,0,0.0,0,pos,0,0.0,0,pos
FUN_015323,36,0.0032171581769436996,0,pos,6,0.0005361930294906167,0,pos
FUN_009814,0,0.0,0,pos,0,0.0,0,pos
FUN_006687,0,0.0,0,pos,0,0.0,0,pos
FUN_001925,0,0.0,0,pos,0,0.0,0,pos
FUN_004837,0,0.0,0,pos,0,0.0,0,pos
FUN_002034,342,0.24050632911392406,5,pos_s828_e972_s984_e1020_s1098_e1194_s1200_e1236_s1248_e1278,282,0.19831223628691982,3,pos_s828_e972_s984_e1020_s1104_e1194
FUN_009623,0,0.0,0,pos,0,0.0,0,pos
FUN_001212,0,0.0,0,pos,0,0.0,0,pos
FUN_002478,0,0.0,0,pos,0,0.0,0,pos
FUN_016601,0,0.0,0,pos,0,0.0,0,pos
FUN_007681,0,0.0,0,pos,0,0.0,0,pos
FUN_010803,0,0.0,0,pos,0,0.0,0,pos
FUN_007586,0,0.0,0,pos,0,0.0,0,pos
FUN_004082,0,0.0,0,pos,0,0.0,0,pos
FUN_003304,6,0.010638297872340425,0,pos,0,0.0,0,pos
FUN_004429,0,0.0,0,pos,0,0.0,0,pos
FUN_010142,0,0.0,0,pos,0,0.0,0,pos
FUN_012152,0,0.0,0,pos,0,0.0,0,pos
FUN_003854,0,0.0,0,pos,0,0.0,0,pos
FUN_006356,0,0.0,0,pos,0,0.0,0,pos
FUN_007225,0,0.0,0,pos,0,0.0,0,pos
FUN_015923,30,0.03164556962025317,1,pos_s786_e816,6,0.006329113924050633,0,pos
FUN_009389,0,0.0,0,pos,0,0.0,0,pos
FUN_009437,126,0.07394366197183098,1,pos_s294_e402,108,0.06338028169014084,1,pos_s294_e402
FUN_001150,0,0.0,0,pos,0,0.0,0,pos
FUN_005863,0,0.0,0,pos,0,0.0,0,pos
FUN_006131,0,0.0,0,pos,0,0.0,0,pos
FUN_010439,0,0.0,0,pos,0,0.0,0,pos
FUN_009970,174,0.03091684434968017,2,pos_s4812_e4866_s4908_e5010,18,0.0031982942430703624,0,pos
FUN_007299,0,0.0,0,pos,0,0.0,0,pos
FUN_005780,0,0.0,0,pos,0,0.0,0,pos
FUN_007072,6,0.008928571428571428,0,pos,0,0.0,0,pos
FUN_001162,0,0.0,0,pos,0,0.0,0,pos
FUN_011174,240,0.08908685968819599,3,pos_s192_e264_s438_e474_s546_e576,42,0.015590200445434299,0,pos
FUN_000977,0,0.0,0,pos,0,0.0,0,pos
FUN_010891,36,0.020761245674740483,0,pos,0,0.0,0,pos
FUN_005337,0,0.0,0,pos,0,0.0,0,pos
FUN_009199,0,0.0,0,pos,0,0.0,0,pos
FUN_002669,0,0.0,0,pos,0,0.0,0,pos
FUN_008835,66,0.022357723577235773,1,pos_s2562_e2622,6,0.0020325203252032522,0,pos
FUN_009662,0,0.0,0,pos,0,0.0,0,pos
FUN_003945,0,0.0,0,pos,0,0.0,0,pos
FUN_004590,372,0.03434903047091413,4,pos_s1416_e1488_s5130_e5196_s5202_e5238_s6474_e6558,42,0.003878116343490305,0,pos
FUN_006963,72,0.05454545454545454,1,pos_s246_e306,0,0.0,0,pos
FUN_015313,0,0.0,0,pos,0,0.0,0,pos
FUN_001417,0,0.0,0,pos,0,0.0,0,pos
FUN_012464,0,0.0,0,pos,0,0.0,0,pos
FUN_002641,0,0.0,0,pos,0,0.0,0,pos
FUN_009791,18,0.022058823529411766,0,pos,0,0.0,0,pos
FUN_001216,12,0.005277044854881266,0,pos,0,0.0,0,pos
FUN_011875,0,0.0,0,pos,0,0.0,0,pos
FUN_004906,348,0.4142857142857143,3,pos_s120_e216_s282_e402_s504_e618,132,0.15714285714285714,2,pos_s372_e402_s510_e552
FUN_001570,0,0.0,0,pos,0,0.0,0,pos
FUN_003167,0,0.0,0,pos,0,0.0,0,pos
FUN_009590,0,0.0,0,pos,0,0.0,0,pos
FUN_004249,36,0.024489795918367346,1,pos_s1002_e1038,0,0.0,0,pos
FUN_004883,0,0.0,0,pos,0,0.0,0,pos
FUN_009276,0,0.0,0,pos,0,0.0,0,pos
FUN_008565,0,0.0,0,pos,0,0.0,0,pos
FUN_010773,0,0.0,0,pos,0,0.0,0,pos
FUN_007272,0,0.0,0,pos,0,0.0,0,pos
FUN_003192,0,0.0,0,pos,0,0.0,0,pos
FUN_015693,0,0.0,0,pos,0,0.0,0,pos
FUN_001715,0,0.0,0,pos,0,0.0,0,pos
FUN_015401,0,0.0,0,pos,0,0.0,0,pos
FUN_010719,0,0.0,0,pos,0,0.0,0,pos
FUN_007858,30,0.021551724137931036,1,pos_s246_e276,6,0.004310344827586207,0,pos
FUN_009373,12,0.08695652173913043,0,pos,0,0.0,0,pos
FUN_000931,0,0.0,0,pos,0,0.0,0,pos
FUN_016539,0,0.0,0,pos,0,0.0,0,pos
FUN_001274,0,0.0,0,pos,0,0.0,0,pos
FUN_005955,0,0.0,0,pos,0,0.0,0,pos
FUN_009742,0,0.0,0,pos,0,0.0,0,pos
FUN_001750,0,0.0,0,pos,0,0.0,0,pos
FUN_005518,0,0.0,0,pos,0,0.0,0,pos
FUN_005347,0,0.0,0,pos,0,0.0,0,pos
FUN_009773,24,0.020942408376963352,0,pos,0,0.0,0,pos
FUN_003513,600,0.2178649237472767,7,pos_s444_e504_s720_e762_s768_e930_s1032_e1068_s1218_e1272_s1410_e1506_s1758_e1842,126,0.0457516339869281,1,pos_s858_e930
FUN_001411,0,0.0,0,pos,0,0.0,0,pos
FUN_001095,12,0.006557377049180328,0,pos,0,0.0,0,pos
FUN_010834,0,0.0,0,pos,0,0.0,0,pos
FUN_016337,42,0.011419249592169658,0,pos,6,0.0016313213703099511,0,pos
FUN_008992,84,0.04778156996587031,2,pos_s294_e324_s1134_e1170,42,0.023890784982935155,0,pos
FUN_009311,18,0.011152416356877323,0,pos,0,0.0,0,pos
FUN_001403,0,0.0,0,pos,0,0.0,0,pos
FUN_009176,288,0.09195402298850575,4,pos_s570_e672_s1362_e1422_s1560_e1602_s2496_e2532,36,0.011494252873563218,0,pos
FUN_007330,0,0.0,0,pos,0,0.0,0,pos
FUN_006307,0,0.0,0,pos,0,0.0,0,pos
FUN_015351,0,0.0,0,pos,0,0.0,0,pos
FUN_001817,12,0.004651162790697674,0,pos,0,0.0,0,pos
FUN_001970,6,0.006172839506172839,0,pos,0,0.0,0,pos
FUN_007967,0,0.0,0,pos,0,0.0,0,pos
FUN_007820,384,0.17582417582417584,3,pos_s1386_e1542_s1854_e1926_s2070_e2172,120,0.054945054945054944,2,pos_s1854_e1926_s2118_e2148
FUN_010579,0,0.0,0,pos,0,0.0,0,pos
FUN_000813,0,0.0,0,pos,0,0.0,0,pos
FUN_016364,0,0.0,0,pos,0,0.0,0,pos
FUN_006748,54,0.04225352112676056,1,pos_s168_e198,0,0.0,0,pos
FUN_001166,0,0.0,0,pos,0,0.0,0,pos
FUN_010934,30,0.036231884057971016,0,pos,18,0.021739130434782608,0,pos
FUN_007717,12,0.004246284501061571,0,pos,0,0.0,0,pos
FUN_011773,0,0.0,0,pos,0,0.0,0,pos
FUN_008894,0,0.0,0,pos,0,0.0,0,pos
FUN_007267,0,0.0,0,pos,0,0.0,0,pos
FUN_008958,114,0.02606310013717421,1,pos_s3210_e3258,0,0.0,0,pos
FUN_006213,0,0.0,0,pos,0,0.0,0,pos
FUN_001354,0,0.0,0,pos,0,0.0,0,pos
FUN_004068,0,0.0,0,pos,0,0.0,0,pos
FUN_009504,0,0.0,0,pos,0,0.0,0,pos
FUN_004847,0,0.0,0,pos,0,0.0,0,pos
FUN_011711,0,0.0,0,pos,0,0.0,0,pos
FUN_003146,0,0.0,0,pos,0,0.0,0,pos
FUN_016811,0,0.0,0,pos,0,0.0,0,pos
FUN_001687,0,0.0,0,pos,0,0.0,0,pos
FUN_006043,0,0.0,0,pos,0,0.0,0,pos
FUN_012493,0,0.0,0,pos,0,0.0,0,pos
FUN_004226,96,0.16326530612244897,0,pos,0,0.0,0,pos
FUN_008136,0,0.0,0,pos,0,0.0,0,pos
FUN_012344,0,0.0,0,pos,0,0.0,0,pos
FUN_006229,42,0.04895104895104895,0,pos,0,0.0,0,pos
FUN_002119,0,0.0,0,pos,0,0.0,0,pos
FUN_001491,0,0.0,0,pos,0,0.0,0,pos
FUN_009539,0,0.0,0,pos,0,0.0,0,pos
FUN_012347,0,0.0,0,pos,0,0.0,0,pos
FUN_004772,0,0.0,0,pos,0,0.0,0,pos
FUN_005766,0,0.0,0,pos,0,0.0,0,pos
FUN_012128,0,0.0,0,pos,0,0.0,0,pos
FUN_000833,66,0.008487654320987654,0,pos,0,0.0,0,pos
FUN_004505,0,0.0,0,pos,0,0.0,0,pos
FUN_004543,0,0.0,0,pos,0,0.0,0,pos
FUN_009385,6,0.004329004329004329,0,pos,0,0.0,0,pos
FUN_002856,0,0.0,0,pos,0,0.0,0,pos
FUN_004677,0,0.0,0,pos,0,0.0,0,pos
FUN_000643,0,0.0,0,pos,0,0.0,0,pos
FUN_006501,0,0.0,0,pos,0,0.0,0,pos
FUN_008617,0,0.0,0,pos,0,0.0,0,pos
FUN_011774,0,0.0,0,pos,0,0.0,0,pos
FUN_008794,252,0.11898016997167139,4,pos_s0_e30_s36_e162_s708_e750_s2022_e2076,66,0.031161473087818695,0,pos
FUN_008437,0,0.0,0,pos,0,0.0,0,pos
FUN_000392,0,0.0,0,pos,0,0.0,0,pos
FUN_005775,6,0.00267379679144385,0,pos,0,0.0,0,pos
FUN_011151,0,0.0,0,pos,0,0.0,0,pos
FUN_009486,0,0.0,0,pos,0,0.0,0,pos
FUN_008216,0,0.0,0,pos,0,0.0,0,pos
FUN_002670,12,0.00847457627118644,0,pos,0,0.0,0,pos
FUN_003842,0,0.0,0,pos,0,0.0,0,pos
FUN_010619,6,0.0125,0,pos,0,0.0,0,pos
FUN_009020,120,0.08163265306122448,2,pos_s456_e486_s636_e708,0,0.0,0,pos
FUN_000747,0,0.0,0,pos,0,0.0,0,pos
FUN_003889,0,0.0,0,pos,0,0.0,0,pos
FUN_016864,0,0.0,0,pos,0,0.0,0,pos
FUN_002886,0,0.0,0,pos,0,0.0,0,pos
FUN_000307,162,0.008341056533827619,3,pos_s13332_e13362_s13398_e13446_s18180_e18216,72,0.0037071362372567192,1,pos_s13398_e13434
FUN_016342,0,0.0,0,pos,0,0.0,0,pos
FUN_006391,0,0.0,0,pos,0,0.0,0,pos
FUN_009628,12,0.02666666666666667,0,pos,0,0.0,0,pos
FUN_003723,0,0.0,0,pos,0,0.0,0,pos
FUN_010641,138,0.14375,1,pos_s234_e342,102,0.10625,1,pos_s234_e330
FUN_001177,0,0.0,0,pos,0,0.0,0,pos
FUN_015657,0,0.0,0,pos,0,0.0,0,pos
FUN_012144,0,0.0,0,pos,0,0.0,0,pos
FUN_010649,24,0.018433179723502304,0,pos,0,0.0,0,pos
FUN_009416,60,0.04219409282700422,1,pos_s366_e402,0,0.0,0,pos
FUN_001077,0,0.0,0,pos,0,0.0,0,pos
FUN_002007,0,0.0,0,pos,0,0.0,0,pos
FUN_009918,0,0.0,0,pos,0,0.0,0,pos
FUN_007025,24,0.014084507042253521,0,pos,0,0.0,0,pos
FUN_006631,126,0.15555555555555556,1,pos_s696_e804,84,0.1037037037037037,1,pos_s732_e804
FUN_007119,174,0.035108958837772396,1,pos_s2232_e2316,18,0.0036319612590799033,0,pos
FUN_008892,0,0.0,0,pos,0,0.0,0,pos
FUN_015606,0,0.0,0,pos,0,0.0,0,pos
FUN_011801,0,0.0,0,pos,0,0.0,0,pos
FUN_012196,0,0.0,0,pos,0,0.0,0,pos
FUN_006015,36,0.18181818181818182,1,pos_s0_e36,18,0.09090909090909091,0,pos
FUN_012261,0,0.0,0,pos,0,0.0,0,pos
FUN_008401,0,0.0,0,pos,0,0.0,0,pos
FUN_007357,6,0.007874015748031496,0,pos,0,0.0,0,pos
FUN_015444,60,0.03676470588235294,1,pos_s1194_e1248,30,0.01838235294117647,1,pos_s1212_e1242
FUN_002205,132,0.15172413793103448,2,pos_s504_e546_s588_e660,72,0.08275862068965517,2,pos_s516_e546_s588_e630
FUN_007526,0,0.0,0,pos,0,0.0,0,pos
FUN_008727,228,0.013678905687544997,4,pos_s3018_e3054_s3510_e3546_s9504_e9552_s10218_e10260,12,0.0007199424046076314,0,pos
FUN_008129,0,0.0,0,pos,0,0.0,0,pos
FUN_005120,18,0.01195219123505976,0,pos,0,0.0,0,pos
FUN_000906,0,0.0,0,pos,0,0.0,0,pos
FUN_006301,0,0.0,0,pos,0,0.0,0,pos
FUN_000337,54,0.016129032258064516,1,pos_s2142_e2190,48,0.014336917562724014,1,pos_s2142_e2190
FUN_004492,18,0.009174311926605505,0,pos,0,0.0,0,pos
FUN_005086,18,0.023622047244094488,0,pos,0,0.0,0,pos
FUN_009735,6,0.0009794319294809011,0,pos,0,0.0,0,pos
FUN_009898,234,0.04826732673267327,2,pos_s1152_e1182_s3030_e3090,72,0.01485148514851485,1,pos_s3036_e3090
FUN_008566,0,0.0,0,pos,0,0.0,0,pos
FUN_003963,198,0.08229426433915212,3,pos_s162_e252_s1884_e1914_s2040_e2106,36,0.014962593516209476,0,pos
FUN_001208,18,0.013452914798206279,0,pos,0,0.0,0,pos
FUN_001176,72,0.023715415019762844,1,pos_s1620_e1650,0,0.0,0,pos
FUN_007748,0,0.0,0,pos,0,0.0,0,pos
FUN_001276,0,0.0,0,pos,0,0.0,0,pos
FUN_004518,0,0.0,0,pos,0,0.0,0,pos
FUN_004175,0,0.0,0,pos,0,0.0,0,pos
FUN_009168,0,0.0,0,pos,0,0.0,0,pos
FUN_004595,36,0.04477611940298507,1,pos_s420_e456,18,0.022388059701492536,0,pos
FUN_009468,12,0.021505376344086023,0,pos,0,0.0,0,pos
FUN_011551,0,0.0,0,pos,0,0.0,0,pos
FUN_005995,0,0.0,0,pos,0,0.0,0,pos
FUN_004401,6,0.004081632653061225,0,pos,0,0.0,0,pos
FUN_010207,0,0.0,0,pos,0,0.0,0,pos
FUN_010244,66,0.04932735426008968,1,pos_s6_e36,0,0.0,0,pos
FUN_008249,0,0.0,0,pos,0,0.0,0,pos
FUN_003568,0,0.0,0,pos,0,0.0,0,pos
FUN_008273,138,0.1270718232044199,1,pos_s960_e1080,42,0.03867403314917127,0,pos
FUN_007706,0,0.0,0,pos,0,0.0,0,pos
FUN_005714,126,0.05511811023622047,2,pos_s618_e678_s1596_e1632,48,0.02099737532808399,1,pos_s618_e666
FUN_011489,12,0.09090909090909091,0,pos,6,0.045454545454545456,0,pos
FUN_007762,24,0.013888888888888888,0,pos,0,0.0,0,pos
FUN_001779,0,0.0,0,pos,0,0.0,0,pos
FUN_009684,0,0.0,0,pos,0,0.0,0,pos
FUN_016004,24,0.032520325203252036,0,pos,24,0.032520325203252036,0,pos
FUN_007212,36,0.03680981595092025,0,pos,0,0.0,0,pos
FUN_016180,0,0.0,0,pos,0,0.0,0,pos
FUN_002230,48,0.006046863189720333,1,pos_s1548_e1584,0,0.0,0,pos
FUN_009182,0,0.0,0,pos,0,0.0,0,pos
FUN_001648,0,0.0,0,pos,0,0.0,0,pos
FUN_010076,0,0.0,0,pos,0,0.0,0,pos
FUN_007939,0,0.0,0,pos,0,0.0,0,pos
FUN_002087,48,0.026755852842809364,1,pos_s1740_e1776,0,0.0,0,pos
FUN_006223,0,0.0,0,pos,0,0.0,0,pos
FUN_009724,0,0.0,0,pos,0,0.0,0,pos
FUN_001581,0,0.0,0,pos,0,0.0,0,pos
FUN_003198,0,0.0,0,pos,0,0.0,0,pos
FUN_006076,0,0.0,0,pos,0,0.0,0,pos
FUN_006225,0,0.0,0,pos,0,0.0,0,pos
FUN_012441,0,0.0,0,pos,0,0.0,0,pos
FUN_009592,78,0.01780821917808219,1,pos_s1602_e1632,18,0.00410958904109589,0,pos
FUN_007050,54,0.011968085106382979,0,pos,18,0.003989361702127659,0,pos
FUN_000776,0,0.0,0,pos,0,0.0,0,pos
FUN_011727,0,0.0,0,pos,0,0.0,0,pos
FUN_002103,144,0.22429906542056074,1,pos_s504_e564,60,0.09345794392523364,1,pos_s576_e618
FUN_006738,264,0.061196105702364396,3,pos_s1164_e1278_s2508_e2538_s3792_e3882,96,0.022253129346314324,1,pos_s3792_e3882
FUN_008042,0,0.0,0,pos,0,0.0,0,pos
FUN_006368,0,0.0,0,pos,0,0.0,0,pos
FUN_016315,0,0.0,0,pos,0,0.0,0,pos
FUN_016297,0,0.0,0,pos,0,0.0,0,pos
FUN_015911,0,0.0,0,pos,0,0.0,0,pos
FUN_006142,36,0.03015075376884422,0,pos,36,0.03015075376884422,0,pos
FUN_008044,108,0.04044943820224719,2,pos_s636_e666_s792_e846,12,0.0044943820224719105,0,pos
FUN_009393,0,0.0,0,pos,0,0.0,0,pos
FUN_016221,0,0.0,0,pos,0,0.0,0,pos
FUN_016465,60,0.056818181818181816,1,pos_s30_e90,30,0.028409090909090908,1,pos_s60_e90
FUN_008949,0,0.0,0,pos,0,0.0,0,pos
FUN_004261,108,0.075,1,pos_s1272_e1380,48,0.03333333333333333,1,pos_s1302_e1332
FUN_003847,150,0.0992063492063492,0,pos,0,0.0,0,pos
FUN_003663,18,0.08823529411764706,0,pos,18,0.08823529411764706,0,pos
FUN_005284,0,0.0,0,pos,0,0.0,0,pos
FUN_002534,0,0.0,0,pos,0,0.0,0,pos
FUN_004084,0,0.0,0,pos,0,0.0,0,pos
FUN_004909,0,0.0,0,pos,0,0.0,0,pos
FUN_008221,0,0.0,0,pos,0,0.0,0,pos
FUN_015797,0,0.0,0,pos,0,0.0,0,pos
FUN_004437,60,0.026525198938992044,1,pos_s1464_e1524,6,0.002652519893899204,0,pos
FUN_007523,96,0.14285714285714285,1,pos_s444_e534,54,0.08035714285714286,1,pos_s456_e510
FUN_000501,30,0.012437810945273632,1,pos_s1266_e1296,0,0.0,0,pos
FUN_001907,0,0.0,0,pos,0,0.0,0,pos
FUN_002799,0,0.0,0,pos,0,0.0,0,pos
FUN_008078,30,0.031446540880503145,0,pos,0,0.0,0,pos
FUN_000434,0,0.0,0,pos,0,0.0,0,pos
FUN_006453,0,0.0,0,pos,0,0.0,0,pos
FUN_008571,0,0.0,0,pos,0,0.0,0,pos
FUN_007769,0,0.0,0,pos,0,0.0,0,pos
FUN_004500,0,0.0,0,pos,0,0.0,0,pos
FUN_004848,6,0.008403361344537815,0,pos,0,0.0,0,pos
FUN_010596,0,0.0,0,pos,0,0.0,0,pos
FUN_005556,0,0.0,0,pos,0,0.0,0,pos
FUN_016540,144,0.10434782608695652,1,pos_s924_e1068,126,0.09130434782608696,2,pos_s924_e1020_s1038_e1068
FUN_005613,24,0.03669724770642202,0,pos,0,0.0,0,pos
FUN_003968,36,0.010452961672473868,1,pos_s882_e918,0,0.0,0,pos
FUN_003379,18,0.005504587155963303,0,pos,18,0.005504587155963303,0,pos
FUN_001345,0,0.0,0,pos,0,0.0,0,pos
FUN_011549,0,0.0,0,pos,0,0.0,0,pos
FUN_004601,0,0.0,0,pos,0,0.0,0,pos
FUN_009133,0,0.0,0,pos,0,0.0,0,pos
FUN_006180,0,0.0,0,pos,0,0.0,0,pos
FUN_005838,72,0.08695652173913043,1,pos_s726_e774,48,0.057971014492753624,0,pos
FUN_000534,72,0.04460966542750929,1,pos_s894_e966,0,0.0,0,pos
FUN_006120,18,0.018633540372670808,0,pos,0,0.0,0,pos
FUN_008311,18,0.01060070671378092,0,pos,0,0.0,0,pos
FUN_003610,0,0.0,0,pos,0,0.0,0,pos
FUN_004975,0,0.0,0,pos,0,0.0,0,pos
FUN_008926,18,0.01485148514851485,0,pos,0,0.0,0,pos
FUN_006629,0,0.0,0,pos,0,0.0,0,pos
FUN_007001,606,0.11234705228031146,7,pos_s642_e684_s828_e894_s906_e936_s1416_e1446_s2682_e2796_s3048_e3162_s3354_e3468,318,0.058954393770856504,4,pos_s642_e678_s2748_e2796_s3048_e3144_s3354_e3420
FUN_006083,36,0.0029013539651837525,1,pos_s186_e222,0,0.0,0,pos
FUN_010215,90,0.07389162561576355,2,pos_s0_e30_s954_e984,12,0.009852216748768473,0,pos
FUN_008813,330,0.2619047619047619,5,pos_s204_e240_s456_e570_s750_e780_s786_e828_s1104_e1134,144,0.11428571428571428,1,pos_s456_e570
FUN_003279,30,0.10416666666666667,0,pos,0,0.0,0,pos
FUN_015978,0,0.0,0,pos,0,0.0,0,pos
FUN_001759,450,0.1884422110552764,4,pos_s138_e168_s1056_e1116_s2034_e2232_s2238_e2322,210,0.08793969849246232,2,pos_s2034_e2130_s2148_e2184
FUN_006549,0,0.0,0,pos,0,0.0,0,pos
FUN_011149,0,0.0,0,pos,0,0.0,0,pos
FUN_008634,0,0.0,0,pos,0,0.0,0,pos
FUN_006618,0,0.0,0,pos,0,0.0,0,pos
FUN_008398,0,0.0,0,pos,0,0.0,0,pos
FUN_015531,0,0.0,0,pos,0,0.0,0,pos
FUN_015914,0,0.0,0,pos,0,0.0,0,pos
FUN_011460,0,0.0,0,pos,0,0.0,0,pos
FUN_002949,156,0.05048543689320388,2,pos_s228_e300_s468_e528,30,0.009708737864077669,0,pos
FUN_005954,12,0.012658227848101266,0,pos,0,0.0,0,pos
FUN_016418,0,0.0,0,pos,0,0.0,0,pos
FUN_015377,36,0.015113350125944584,1,pos_s888_e924,0,0.0,0,pos
FUN_000826,0,0.0,0,pos,0,0.0,0,pos
FUN_006654,0,0.0,0,pos,0,0.0,0,pos
FUN_006061,0,0.0,0,pos,0,0.0,0,pos
FUN_010359,0,0.0,0,pos,0,0.0,0,pos
FUN_009687,12,0.03278688524590164,0,pos,0,0.0,0,pos
FUN_005707,0,0.0,0,pos,0,0.0,0,pos
FUN_001850,0,0.0,0,pos,0,0.0,0,pos
FUN_010684,0,0.0,0,pos,0,0.0,0,pos
FUN_009306,6,0.00558659217877095,0,pos,0,0.0,0,pos
FUN_008242,0,0.0,0,pos,0,0.0,0,pos
FUN_011115,0,0.0,0,pos,0,0.0,0,pos
FUN_003896,0,0.0,0,pos,0,0.0,0,pos
FUN_011374,18,0.004893964110929853,0,pos,0,0.0,0,pos
FUN_002771,60,0.07407407407407407,1,pos_s252_e300,0,0.0,0,pos
FUN_001900,18,0.006741573033707865,0,pos,0,0.0,0,pos
FUN_004522,0,0.0,0,pos,0,0.0,0,pos
FUN_015826,0,0.0,0,pos,0,0.0,0,pos
FUN_007901,156,0.05701754385964912,2,pos_s42_e102_s1668_e1746,0,0.0,0,pos
FUN_002872,0,0.0,0,pos,0,0.0,0,pos
FUN_001419,246,0.2265193370165746,2,pos_s570_e654_s696_e816,78,0.0718232044198895,1,pos_s696_e762
FUN_010176,108,0.04275534441805225,2,pos_s954_e1026_s1266_e1296,6,0.0023752969121140144,0,pos
FUN_007409,0,0.0,0,pos,0,0.0,0,pos
FUN_012257,0,0.0,0,pos,0,0.0,0,pos
FUN_003576,0,0.0,0,pos,0,0.0,0,pos
FUN_002125,0,0.0,0,pos,0,0.0,0,pos
FUN_006975,0,0.0,0,pos,0,0.0,0,pos
FUN_005990,0,0.0,0,pos,0,0.0,0,pos
FUN_003106,0,0.0,0,pos,0,0.0,0,pos
FUN_001265,0,0.0,0,pos,0,0.0,0,pos
FUN_001784,0,0.0,0,pos,0,0.0,0,pos
FUN_010049,0,0.0,0,pos,0,0.0,0,pos
FUN_000454,0,0.0,0,pos,0,0.0,0,pos
FUN_006049,0,0.0,0,pos,0,0.0,0,pos
FUN_004498,36,0.03592814371257485,0,pos,0,0.0,0,pos
FUN_008292,12,0.007575757575757576,0,pos,0,0.0,0,pos
FUN_009171,0,0.0,0,pos,0,0.0,0,pos
FUN_009686,0,0.0,0,pos,0,0.0,0,pos
FUN_000221,0,0.0,0,pos,0,0.0,0,pos
FUN_011931,0,0.0,0,pos,0,0.0,0,pos
FUN_009398,0,0.0,0,pos,0,0.0,0,pos
FUN_009783,90,0.025423728813559324,1,pos_s3420_e3456,0,0.0,0,pos
FUN_008561,0,0.0,0,pos,0,0.0,0,pos
FUN_008673,0,0.0,0,pos,0,0.0,0,pos
FUN_016566,0,0.0,0,pos,0,0.0,0,pos
FUN_015936,0,0.0,0,pos,0,0.0,0,pos
FUN_005715,36,0.020689655172413793,0,pos,0,0.0,0,pos
FUN_003869,378,0.15949367088607594,4,pos_s804_e960_s1908_e2004_s2010_e2040_s2118_e2154,228,0.09620253164556962,2,pos_s810_e936_s1908_e1992
FUN_009321,0,0.0,0,pos,0,0.0,0,pos
FUN_001977,0,0.0,0,pos,0,0.0,0,pos
FUN_008806,78,0.04924242424242424,1,pos_s1008_e1068,0,0.0,0,pos
FUN_002545,0,0.0,0,pos,0,0.0,0,pos
FUN_004031,0,0.0,0,pos,0,0.0,0,pos
FUN_005215,0,0.0,0,pos,0,0.0,0,pos
FUN_016577,0,0.0,0,pos,0,0.0,0,pos
FUN_008137,0,0.0,0,pos,0,0.0,0,pos
FUN_004115,0,0.0,0,pos,0,0.0,0,pos
FUN_011257,6,0.0043859649122807015,0,pos,0,0.0,0,pos
FUN_000762,0,0.0,0,pos,0,0.0,0,pos
FUN_008014,0,0.0,0,pos,0,0.0,0,pos
FUN_001263,0,0.0,0,pos,0,0.0,0,pos
FUN_005740,0,0.0,0,pos,0,0.0,0,pos
FUN_009965,0,0.0,0,pos,0,0.0,0,pos
FUN_007191,0,0.0,0,pos,0,0.0,0,pos
FUN_006698,12,0.01904761904761905,0,pos,0,0.0,0,pos
FUN_015507,0,0.0,0,pos,0,0.0,0,pos
FUN_002917,48,0.021333333333333333,0,pos,0,0.0,0,pos
FUN_006735,132,0.171875,2,pos_s12_e42_s420_e456,12,0.015625,0,pos
FUN_002504,12,0.025974025974025976,0,pos,0,0.0,0,pos
FUN_005487,234,0.02815884476534296,3,pos_s2022_e2052_s3186_e3300_s6564_e6642,78,0.009386281588447653,1,pos_s3186_e3264
FUN_007289,0,0.0,0,pos,0,0.0,0,pos
FUN_004026,6,0.008771929824561403,0,pos,0,0.0,0,pos
FUN_005133,0,0.0,0,pos,0,0.0,0,pos
FUN_012168,0,0.0,0,pos,0,0.0,0,pos
FUN_002111,18,0.02027027027027027,0,pos,0,0.0,0,pos
FUN_012495,0,0.0,0,pos,0,0.0,0,pos
FUN_001031,36,0.03,0,pos,0,0.0,0,pos
FUN_010557,36,0.014925373134328358,1,pos_s1956_e1992,0,0.0,0,pos
FUN_002394,0,0.0,0,pos,0,0.0,0,pos
FUN_003392,0,0.0,0,pos,0,0.0,0,pos
FUN_006820,0,0.0,0,pos,0,0.0,0,pos
FUN_006760,54,0.009433962264150943,1,pos_s2856_e2910,0,0.0,0,pos
FUN_010598,102,0.1223021582733813,2,pos_s552_e594_s684_e744,30,0.03597122302158273,0,pos
FUN_005881,0,0.0,0,pos,0,0.0,0,pos
FUN_015686,0,0.0,0,pos,0,0.0,0,pos
FUN_004863,102,0.07327586206896551,1,pos_s798_e900,72,0.05172413793103448,2,pos_s798_e834_s846_e882
FUN_015257,0,0.0,0,pos,0,0.0,0,pos
FUN_003113,0,0.0,0,pos,0,0.0,0,pos
FUN_009234,36,0.01948051948051948,1,pos_s1716_e1746,0,0.0,0,pos
FUN_002637,120,0.35714285714285715,2,pos_s72_e102_s150_e204,30,0.08928571428571429,0,pos
FUN_003138,222,0.10192837465564739,2,pos_s24_e90_s372_e420,60,0.027548209366391185,0,pos
FUN_009068,0,0.0,0,pos,0,0.0,0,pos
FUN_007617,228,0.012907608695652174,2,pos_s1326_e1398_s13326_e13380,6,0.00033967391304347825,0,pos
FUN_003853,0,0.0,0,pos,0,0.0,0,pos
FUN_008650,258,0.07977736549165121,2,pos_s2592_e2706_s2850_e2964,126,0.03896103896103896,2,pos_s2670_e2700_s2880_e2952
FUN_008021,0,0.0,0,pos,0,0.0,0,pos
FUN_009404,132,0.12429378531073447,2,pos_s444_e480_s780_e876,102,0.096045197740113,1,pos_s792_e876
FUN_010095,0,0.0,0,pos,0,0.0,0,pos
FUN_003534,0,0.0,0,pos,0,0.0,0,pos
FUN_000470,0,0.0,0,pos,0,0.0,0,pos
FUN_000500,0,0.0,0,pos,0,0.0,0,pos
FUN_004746,48,0.014571948998178506,1,pos_s2754_e2796,6,0.0018214936247723133,0,pos
FUN_010453,0,0.0,0,pos,0,0.0,0,pos
FUN_011586,0,0.0,0,pos,0,0.0,0,pos
FUN_015995,0,0.0,0,pos,0,0.0,0,pos
FUN_001408,0,0.0,0,pos,0,0.0,0,pos
FUN_016793,0,0.0,0,pos,0,0.0,0,pos
FUN_002895,0,0.0,0,pos,0,0.0,0,pos
FUN_011132,0,0.0,0,pos,0,0.0,0,pos
FUN_008150,0,0.0,0,pos,0,0.0,0,pos
FUN_009823,0,0.0,0,pos,0,0.0,0,pos
FUN_009781,198,0.038686987104337635,2,pos_s792_e852_s4638_e4686,0,0.0,0,pos
FUN_011066,0,0.0,0,pos,0,0.0,0,pos
FUN_001560,0,0.0,0,pos,0,0.0,0,pos
FUN_006222,90,0.05357142857142857,1,pos_s306_e396,0,0.0,0,pos
FUN_010513,30,0.025906735751295335,1,pos_s294_e324,6,0.0051813471502590676,0,pos
FUN_001241,0,0.0,0,pos,0,0.0,0,pos
FUN_011208,0,0.0,0,pos,0,0.0,0,pos
FUN_003891,192,0.047128129602356406,3,pos_s678_e714_s1908_e1956_s3276_e3306,6,0.0014727540500736377,0,pos
FUN_011219,0,0.0,0,pos,0,0.0,0,pos
FUN_006950,0,0.0,0,pos,0,0.0,0,pos
FUN_003871,0,0.0,0,pos,0,0.0,0,pos
FUN_010747,42,0.125,1,pos_s258_e288,0,0.0,0,pos
FUN_009304,0,0.0,0,pos,0,0.0,0,pos
FUN_003742,0,0.0,0,pos,0,0.0,0,pos
FUN_015999,0,0.0,0,pos,0,0.0,0,pos
FUN_001287,48,0.010554089709762533,1,pos_s4008_e4056,48,0.010554089709762533,1,pos_s4008_e4056
FUN_002213,192,0.08719346049046321,3,pos_s1614_e1686_s1734_e1800_s1812_e1866,42,0.01907356948228883,0,pos
FUN_016438,0,0.0,0,pos,0,0.0,0,pos
FUN_006200,0,0.0,0,pos,0,0.0,0,pos
FUN_003239,0,0.0,0,pos,0,0.0,0,pos
FUN_011706,108,0.03529411764705882,0,pos,0,0.0,0,pos
FUN_016619,0,0.0,0,pos,0,0.0,0,pos
FUN_009573,0,0.0,0,pos,0,0.0,0,pos
FUN_007593,0,0.0,0,pos,0,0.0,0,pos
FUN_012252,0,0.0,0,pos,0,0.0,0,pos
FUN_001989,0,0.0,0,pos,0,0.0,0,pos
FUN_015808,0,0.0,0,pos,0,0.0,0,pos
FUN_016370,0,0.0,0,pos,0,0.0,0,pos
FUN_007911,0,0.0,0,pos,0,0.0,0,pos
FUN_000123,0,0.0,0,pos,0,0.0,0,pos
FUN_003383,0,0.0,0,pos,0,0.0,0,pos
FUN_003181,0,0.0,0,pos,0,0.0,0,pos
FUN_006868,0,0.0,0,pos,0,0.0,0,pos
FUN_007126,42,0.02681992337164751,1,pos_s456_e498,30,0.019157088122605363,0,pos
FUN_004110,0,0.0,0,pos,0,0.0,0,pos
FUN_007665,0,0.0,0,pos,0,0.0,0,pos
FUN_003090,0,0.0,0,pos,0,0.0,0,pos
FUN_004923,24,0.025,0,pos,0,0.0,0,pos
FUN_002814,0,0.0,0,pos,0,0.0,0,pos
FUN_006762,126,0.012812690665039659,1,pos_s9132_e9246,78,0.007931665649786455,1,pos_s9162_e9228
FUN_009037,0,0.0,0,pos,0,0.0,0,pos
FUN_000095,0,0.0,0,pos,0,0.0,0,pos
FUN_001569,42,0.05263157894736842,1,pos_s600_e636,0,0.0,0,pos
FUN_003438,396,0.23826714801444043,5,pos_s708_e750_s792_e882_s924_e996_s1170_e1260_s1284_e1326,54,0.032490974729241874,1,pos_s792_e822
FUN_007686,6,0.005,0,pos,0,0.0,0,pos
FUN_001753,0,0.0,0,pos,0,0.0,0,pos
FUN_012113,0,0.0,0,pos,0,0.0,0,pos
FUN_009031,132,0.0830188679245283,2,pos_s144_e174_s876_e918,6,0.0037735849056603774,0,pos
FUN_002363,0,0.0,0,pos,0,0.0,0,pos
FUN_008767,0,0.0,0,pos,0,0.0,0,pos
FUN_003011,0,0.0,0,pos,0,0.0,0,pos
FUN_015738,0,0.0,0,pos,0,0.0,0,pos
FUN_009243,54,0.1323529411764706,1,pos_s138_e192,0,0.0,0,pos
FUN_010280,0,0.0,0,pos,0,0.0,0,pos
FUN_012097,0,0.0,0,pos,0,0.0,0,pos
FUN_011285,0,0.0,0,pos,0,0.0,0,pos
FUN_010972,42,0.030042918454935622,1,pos_s372_e402,0,0.0,0,pos
FUN_000386,0,0.0,0,pos,0,0.0,0,pos
FUN_016865,0,0.0,0,pos,0,0.0,0,pos
FUN_000608,138,0.08984375,1,pos_s678_e792,102,0.06640625,1,pos_s684_e786
FUN_003443,426,0.15434782608695652,3,pos_s360_e618_s2592_e2640_s2652_e2712,240,0.08695652173913043,4,pos_s432_e516_s534_e576_s2604_e2640_s2652_e2706
FUN_002945,30,0.049019607843137254,0,pos,0,0.0,0,pos
FUN_012012,0,0.0,0,pos,0,0.0,0,pos
FUN_010469,0,0.0,0,pos,0,0.0,0,pos
FUN_002505,0,0.0,0,pos,0,0.0,0,pos
FUN_000236,204,0.07188160676532769,1,pos_s1104_e1260,54,0.019027484143763214,1,pos_s1218_e1260
FUN_001983,0,0.0,0,pos,0,0.0,0,pos
FUN_005604,78,0.13,1,pos_s282_e336,66,0.11,1,pos_s282_e324
FUN_009518,0,0.0,0,pos,0,0.0,0,pos
FUN_004253,0,0.0,0,pos,0,0.0,0,pos
FUN_011169,12,0.03125,0,pos,0,0.0,0,pos
FUN_004790,0,0.0,0,pos,0,0.0,0,pos
FUN_001883,0,0.0,0,pos,0,0.0,0,pos
FUN_004570,18,0.047619047619047616,0,pos,0,0.0,0,pos
FUN_010621,582,0.1379800853485064,6,pos_s150_e228_s552_e660_s1386_e1422_s1464_e1560_s3432_e3546_s3786_e3888,378,0.08961593172119488,5,pos_s594_e660_s1386_e1422_s1464_e1560_s3462_e3546_s3804_e3870
FUN_009647,492,0.048693586698337295,7,pos_s5868_e5922_s6078_e6120_s6258_e6330_s6486_e6522_s6690_e6726_s7062_e7098_s8214_e8298,186,0.01840855106888361,3,pos_s6264_e6318_s6486_e6516_s7068_e7098
FUN_016331,0,0.0,0,pos,0,0.0,0,pos
FUN_010338,0,0.0,0,pos,0,0.0,0,pos
FUN_008732,204,0.06451612903225806,2,pos_s1062_e1182_s1860_e1890,138,0.04364326375711575,1,pos_s1068_e1182
FUN_003592,0,0.0,0,pos,0,0.0,0,pos
FUN_000190,0,0.0,0,pos,0,0.0,0,pos
FUN_000626,24,0.01282051282051282,0,pos,0,0.0,0,pos
FUN_005229,120,0.060790273556231005,1,pos_s1062_e1176,90,0.04559270516717325,1,pos_s1086_e1176
FUN_006359,0,0.0,0,pos,0,0.0,0,pos
FUN_008297,0,0.0,0,pos,0,0.0,0,pos
FUN_007756,0,0.0,0,pos,0,0.0,0,pos
FUN_011094,18,0.00911854103343465,0,pos,0,0.0,0,pos
FUN_000239,0,0.0,0,pos,0,0.0,0,pos
FUN_007137,0,0.0,0,pos,0,0.0,0,pos
FUN_006480,0,0.0,0,pos,0,0.0,0,pos
FUN_009070,0,0.0,0,pos,0,0.0,0,pos
FUN_003092,0,0.0,0,pos,0,0.0,0,pos
FUN_008179,0,0.0,0,pos,0,0.0,0,pos
FUN_006244,0,0.0,0,pos,0,0.0,0,pos
FUN_006741,0,0.0,0,pos,0,0.0,0,pos
FUN_007007,174,0.0377113133940182,3,pos_s384_e420_s2862_e2910_s2922_e2958,24,0.005201560468140442,0,pos
FUN_002655,0,0.0,0,pos,0,0.0,0,pos
FUN_002865,0,0.0,0,pos,0,0.0,0,pos
FUN_006077,6,0.00510204081632653,0,pos,0,0.0,0,pos
FUN_016035,0,0.0,0,pos,0,0.0,0,pos
FUN_003290,0,0.0,0,pos,0,0.0,0,pos
FUN_000148,0,0.0,0,pos,0,0.0,0,pos
FUN_005201,0,0.0,0,pos,0,0.0,0,pos
FUN_007415,0,0.0,0,pos,0,0.0,0,pos
FUN_003565,48,0.011577424023154847,1,pos_s1272_e1302,0,0.0,0,pos
FUN_006566,0,0.0,0,pos,0,0.0,0,pos
FUN_015948,0,0.0,0,pos,0,0.0,0,pos
FUN_004581,0,0.0,0,pos,0,0.0,0,pos
FUN_002437,0,0.0,0,pos,0,0.0,0,pos
FUN_001785,0,0.0,0,pos,0,0.0,0,pos
FUN_007325,108,0.024896265560165973,1,pos_s2628_e2658,24,0.005532503457814661,0,pos
FUN_006311,132,0.14473684210526316,1,pos_s456_e564,36,0.039473684210526314,0,pos
FUN_007500,198,0.05188679245283019,2,pos_s462_e546_s2532_e2622,42,0.0110062893081761,1,pos_s2580_e2622
FUN_012560,0,0.0,0,pos,0,0.0,0,pos
FUN_004621,0,0.0,0,pos,0,0.0,0,pos
FUN_005974,0,0.0,0,pos,0,0.0,0,pos
FUN_006886,0,0.0,0,pos,0,0.0,0,pos
FUN_011784,0,0.0,0,pos,0,0.0,0,pos
FUN_004798,222,0.04973118279569892,2,pos_s4134_e4182_s4206_e4368,90,0.020161290322580645,2,pos_s4224_e4278_s4284_e4314
FUN_006980,0,0.0,0,pos,0,0.0,0,pos
FUN_006848,84,0.09859154929577464,1,pos_s348_e390,48,0.056338028169014086,1,pos_s348_e390
FUN_000966,6,0.0053475935828877,0,pos,0,0.0,0,pos
FUN_010291,0,0.0,0,pos,0,0.0,0,pos
FUN_007555,0,0.0,0,pos,0,0.0,0,pos
FUN_008689,0,0.0,0,pos,0,0.0,0,pos
FUN_008092,0,0.0,0,pos,0,0.0,0,pos
FUN_002834,0,0.0,0,pos,0,0.0,0,pos
FUN_001424,0,0.0,0,pos,0,0.0,0,pos
FUN_010237,0,0.0,0,pos,0,0.0,0,pos
FUN_009526,0,0.0,0,pos,0,0.0,0,pos
FUN_015928,0,0.0,0,pos,0,0.0,0,pos
FUN_007276,0,0.0,0,pos,0,0.0,0,pos
FUN_002296,24,0.009615384615384616,0,pos,0,0.0,0,pos
FUN_009708,12,0.006269592476489028,0,pos,0,0.0,0,pos
FUN_000195,0,0.0,0,pos,0,0.0,0,pos
FUN_010026,0,0.0,0,pos,0,0.0,0,pos
FUN_007999,66,0.040892193308550186,1,pos_s456_e522,24,0.01486988847583643,0,pos
FUN_006451,144,0.12972972972972974,2,pos_s186_e216_s222_e336,66,0.05945945945945946,1,pos_s246_e300
FUN_010859,6,0.008403361344537815,0,pos,0,0.0,0,pos
FUN_001396,0,0.0,0,pos,0,0.0,0,pos
FUN_008066,414,0.22330097087378642,5,pos_s792_e828_s966_e1050_s1248_e1338_s1350_e1398_s1722_e1776,156,0.08414239482200647,3,pos_s972_e1050_s1248_e1284_s1740_e1776
FUN_016141,0,0.0,0,pos,0,0.0,0,pos
FUN_010581,180,0.10101010101010101,3,pos_s24_e132_s546_e576_s1086_e1116,114,0.06397306397306397,1,pos_s24_e132
FUN_006547,0,0.0,0,pos,0,0.0,0,pos
FUN_012149,0,0.0,0,pos,0,0.0,0,pos
FUN_016069,0,0.0,0,pos,0,0.0,0,pos
FUN_015615,0,0.0,0,pos,0,0.0,0,pos
FUN_002557,102,0.09239130434782608,1,pos_s558_e630,0,0.0,0,pos
FUN_008073,0,0.0,0,pos,0,0.0,0,pos
FUN_015769,0,0.0,0,pos,0,0.0,0,pos
FUN_002952,0,0.0,0,pos,0,0.0,0,pos
FUN_007510,0,0.0,0,pos,0,0.0,0,pos
FUN_004811,0,0.0,0,pos,0,0.0,0,pos
FUN_004816,0,0.0,0,pos,0,0.0,0,pos
FUN_007936,90,0.04573170731707317,1,pos_s570_e660,0,0.0,0,pos
FUN_016595,0,0.0,0,pos,0,0.0,0,pos
FUN_016734,0,0.0,0,pos,0,0.0,0,pos
FUN_005550,0,0.0,0,pos,0,0.0,0,pos
FUN_015680,0,0.0,0,pos,0,0.0,0,pos
FUN_001532,0,0.0,0,pos,0,0.0,0,pos
FUN_006587,0,0.0,0,pos,0,0.0,0,pos
FUN_001007,0,0.0,0,pos,0,0.0,0,pos
FUN_005662,0,0.0,0,pos,0,0.0,0,pos
FUN_011316,54,0.10112359550561797,1,pos_s390_e444,0,0.0,0,pos
FUN_015269,0,0.0,0,pos,0,0.0,0,pos
FUN_015518,0,0.0,0,pos,0,0.0,0,pos
FUN_015536,0,0.0,0,pos,0,0.0,0,pos
FUN_016694,0,0.0,0,pos,0,0.0,0,pos
FUN_004712,0,0.0,0,pos,0,0.0,0,pos
FUN_000308,114,0.042505592841163314,2,pos_s264_e336_s684_e714,30,0.011185682326621925,1,pos_s282_e312
FUN_005273,0,0.0,0,pos,0,0.0,0,pos
FUN_006554,0,0.0,0,pos,0,0.0,0,pos
FUN_003834,0,0.0,0,pos,0,0.0,0,pos
FUN_000708,0,0.0,0,pos,0,0.0,0,pos
FUN_010457,42,0.027450980392156862,1,pos_s12_e48,0,0.0,0,pos
FUN_015795,0,0.0,0,pos,0,0.0,0,pos
FUN_015563,0,0.0,0,pos,0,0.0,0,pos
FUN_003388,0,0.0,0,pos,0,0.0,0,pos
FUN_016848,0,0.0,0,pos,0,0.0,0,pos
FUN_001939,90,0.057692307692307696,1,pos_s1284_e1356,54,0.03461538461538462,1,pos_s1284_e1338
FUN_016330,0,0.0,0,pos,0,0.0,0,pos
FUN_003733,0,0.0,0,pos,0,0.0,0,pos
FUN_004396,66,0.020522388059701493,1,pos_s2778_e2814,6,0.0018656716417910447,0,pos
FUN_006500,0,0.0,0,pos,0,0.0,0,pos
FUN_007720,0,0.0,0,pos,0,0.0,0,pos
FUN_003554,0,0.0,0,pos,0,0.0,0,pos
FUN_002807,0,0.0,0,pos,0,0.0,0,pos
FUN_010071,0,0.0,0,pos,0,0.0,0,pos
FUN_011106,252,0.029619181946403384,5,pos_s846_e882_s1086_e1128_s5094_e5124_s6150_e6204_s6678_e6708,60,0.007052186177715092,0,pos
FUN_010492,0,0.0,0,pos,0,0.0,0,pos
FUN_012309,0,0.0,0,pos,0,0.0,0,pos
FUN_000995,0,0.0,0,pos,0,0.0,0,pos
FUN_003339,126,0.08786610878661087,1,pos_s348_e450,66,0.04602510460251046,1,pos_s348_e402
FUN_002636,0,0.0,0,pos,0,0.0,0,pos
FUN_002356,120,0.06451612903225806,2,pos_s24_e54_s222_e288,36,0.01935483870967742,1,pos_s246_e282
FUN_007997,150,0.06476683937823834,2,pos_s1152_e1206_s1236_e1266,30,0.012953367875647668,0,pos
FUN_002511,0,0.0,0,pos,0,0.0,0,pos
FUN_006616,0,0.0,0,pos,0,0.0,0,pos
FUN_004607,24,0.009876543209876543,0,pos,24,0.009876543209876543,0,pos
FUN_000551,0,0.0,0,pos,0,0.0,0,pos
FUN_001537,42,0.011532125205930808,1,pos_s1080_e1110,0,0.0,0,pos
FUN_010509,0,0.0,0,pos,0,0.0,0,pos
FUN_005145,0,0.0,0,pos,0,0.0,0,pos
FUN_003908,0,0.0,0,pos,0,0.0,0,pos
FUN_007637,0,0.0,0,pos,0,0.0,0,pos
FUN_010864,0,0.0,0,pos,0,0.0,0,pos
FUN_003387,0,0.0,0,pos,0,0.0,0,pos
FUN_010324,0,0.0,0,pos,0,0.0,0,pos
FUN_001967,0,0.0,0,pos,0,0.0,0,pos
FUN_015744,0,0.0,0,pos,0,0.0,0,pos
FUN_006066,0,0.0,0,pos,0,0.0,0,pos
FUN_003043,60,0.04291845493562232,0,pos,0,0.0,0,pos
FUN_003104,0,0.0,0,pos,0,0.0,0,pos
FUN_006972,0,0.0,0,pos,0,0.0,0,pos
FUN_006089,108,0.144,1,pos_s270_e378,24,0.032,0,pos
FUN_000072,0,0.0,0,pos,0,0.0,0,pos
FUN_004799,0,0.0,0,pos,0,0.0,0,pos
FUN_001433,0,0.0,0,pos,0,0.0,0,pos
FUN_016355,0,0.0,0,pos,0,0.0,0,pos
FUN_009007,192,0.06911447084233262,1,pos_s2592_e2742,114,0.04103671706263499,1,pos_s2622_e2736
FUN_006007,0,0.0,0,pos,0,0.0,0,pos
FUN_000692,0,0.0,0,pos,0,0.0,0,pos
FUN_010915,168,0.07253886010362694,2,pos_s1836_e1914_s2016_e2070,96,0.04145077720207254,1,pos_s2016_e2070
FUN_008731,120,0.006738544474393531,2,pos_s2448_e2484_s3432_e3462,0,0.0,0,pos
FUN_004846,66,0.03353658536585366,1,pos_s1494_e1530,36,0.018292682926829267,1,pos_s1494_e1530
FUN_000770,0,0.0,0,pos,0,0.0,0,pos
FUN_008663,18,0.004189944134078212,0,pos,0,0.0,0,pos
FUN_004102,96,0.046511627906976744,1,pos_s1602_e1656,6,0.0029069767441860465,0,pos
FUN_006996,12,0.00851063829787234,0,pos,6,0.00425531914893617,0,pos
FUN_008056,0,0.0,0,pos,0,0.0,0,pos
FUN_015255,0,0.0,0,pos,0,0.0,0,pos
FUN_011343,48,0.05161290322580645,1,pos_s474_e522,0,0.0,0,pos
FUN_010444,0,0.0,0,pos,0,0.0,0,pos
FUN_009198,144,0.09448818897637795,2,pos_s684_e720_s1134_e1224,96,0.06299212598425197,1,pos_s1134_e1218
FUN_000885,0,0.0,0,pos,0,0.0,0,pos
FUN_012383,0,0.0,0,pos,0,0.0,0,pos
FUN_001761,144,0.24742268041237114,2,pos_s48_e90_s132_e228,72,0.12371134020618557,1,pos_s174_e228
FUN_003581,0,0.0,0,pos,0,0.0,0,pos
FUN_015925,0,0.0,0,pos,0,0.0,0,pos
FUN_001617,0,0.0,0,pos,0,0.0,0,pos
FUN_003802,6,0.0072992700729927005,0,pos,0,0.0,0,pos
FUN_012472,0,0.0,0,pos,0,0.0,0,pos
FUN_007519,132,0.09821428571428571,1,pos_s318_e420,12,0.008928571428571428,0,pos
FUN_001159,0,0.0,0,pos,0,0.0,0,pos
FUN_006832,0,0.0,0,pos,0,0.0,0,pos
FUN_001949,0,0.0,0,pos,0,0.0,0,pos
FUN_000810,54,0.04891304347826087,1,pos_s126_e174,6,0.005434782608695652,0,pos
FUN_003983,90,0.03138075313807531,1,pos_s1422_e1458,0,0.0,0,pos
FUN_003827,0,0.0,0,pos,0,0.0,0,pos
FUN_007086,0,0.0,0,pos,0,0.0,0,pos
FUN_011447,12,0.021739130434782608,0,pos,0,0.0,0,pos
FUN_016627,0,0.0,0,pos,0,0.0,0,pos
FUN_015288,12,0.0026917900403768506,0,pos,0,0.0,0,pos
FUN_005737,0,0.0,0,pos,0,0.0,0,pos
FUN_015828,0,0.0,0,pos,0,0.0,0,pos
FUN_003960,0,0.0,0,pos,0,0.0,0,pos
FUN_000153,0,0.0,0,pos,0,0.0,0,pos
FUN_004037,78,0.11016949152542373,1,pos_s522_e576,6,0.00847457627118644,0,pos
FUN_000067,408,0.30357142857142855,6,pos_s774_e822_s858_e966_s972_e1002_s1086_e1116_s1122_e1218_s1236_e1302,270,0.20089285714285715,5,pos_s792_e822_s888_e966_s1086_e1116_s1122_e1164_s1242_e1278
FUN_009666,102,0.023319615912208505,1,pos_s3006_e3042,24,0.0054869684499314125,0,pos
FUN_001871,6,0.0016863406408094434,0,pos,0,0.0,0,pos
FUN_005671,0,0.0,0,pos,0,0.0,0,pos
FUN_001847,18,0.0625,0,pos,18,0.0625,0,pos
FUN_016628,0,0.0,0,pos,0,0.0,0,pos
FUN_010340,54,0.016791044776119403,1,pos_s1050_e1104,30,0.009328358208955223,1,pos_s1056_e1086
FUN_002828,30,0.010416666666666666,0,pos,0,0.0,0,pos
FUN_005746,0,0.0,0,pos,0,0.0,0,pos
FUN_004233,0,0.0,0,pos,0,0.0,0,pos
FUN_002485,48,0.024464831804281346,0,pos,42,0.021406727828746176,0,pos
FUN_007934,0,0.0,0,pos,0,0.0,0,pos
FUN_008313,0,0.0,0,pos,0,0.0,0,pos
FUN_000805,0,0.0,0,pos,0,0.0,0,pos
FUN_012123,0,0.0,0,pos,0,0.0,0,pos
FUN_005610,0,0.0,0,pos,0,0.0,0,pos
FUN_003489,78,0.08074534161490683,1,pos_s0_e60,6,0.006211180124223602,0,pos
FUN_004055,0,0.0,0,pos,0,0.0,0,pos
FUN_006431,0,0.0,0,pos,0,0.0,0,pos
FUN_003793,0,0.0,0,pos,0,0.0,0,pos
FUN_007190,18,0.013574660633484163,0,pos,18,0.013574660633484163,0,pos
FUN_004074,198,0.14347826086956522,1,pos_s84_e186,54,0.0391304347826087,1,pos_s1326_e1356
FUN_005393,0,0.0,0,pos,0,0.0,0,pos
FUN_016592,0,0.0,0,pos,0,0.0,0,pos
FUN_002583,66,0.039711191335740074,1,pos_s396_e444,12,0.007220216606498195,0,pos
FUN_005472,0,0.0,0,pos,0,0.0,0,pos
FUN_004867,0,0.0,0,pos,0,0.0,0,pos
FUN_008189,6,0.012195121951219513,0,pos,0,0.0,0,pos
FUN_001312,0,0.0,0,pos,0,0.0,0,pos
FUN_009147,204,0.016159695817490494,2,pos_s1446_e1500_s10086_e10188,6,0.0004752851711026616,0,pos
FUN_002529,0,0.0,0,pos,0,0.0,0,pos
FUN_009660,0,0.0,0,pos,0,0.0,0,pos
FUN_006020,0,0.0,0,pos,0,0.0,0,pos
FUN_005810,0,0.0,0,pos,0,0.0,0,pos
FUN_012326,0,0.0,0,pos,0,0.0,0,pos
FUN_002623,0,0.0,0,pos,0,0.0,0,pos
FUN_010028,0,0.0,0,pos,0,0.0,0,pos
FUN_011538,0,0.0,0,pos,0,0.0,0,pos
FUN_006165,0,0.0,0,pos,0,0.0,0,pos
FUN_007892,0,0.0,0,pos,0,0.0,0,pos
FUN_007032,0,0.0,0,pos,0,0.0,0,pos
FUN_011080,222,0.06292517006802721,3,pos_s198_e240_s804_e870_s900_e948,42,0.011904761904761904,1,pos_s840_e870
FUN_011719,0,0.0,0,pos,0,0.0,0,pos
FUN_001501,0,0.0,0,pos,0,0.0,0,pos
FUN_005751,0,0.0,0,pos,0,0.0,0,pos
FUN_008917,0,0.0,0,pos,0,0.0,0,pos
FUN_008984,66,0.05699481865284974,1,pos_s144_e186,0,0.0,0,pos
FUN_002579,0,0.0,0,pos,0,0.0,0,pos
FUN_011599,0,0.0,0,pos,0,0.0,0,pos
FUN_015661,0,0.0,0,pos,0,0.0,0,pos
FUN_004558,48,0.0427807486631016,0,pos,0,0.0,0,pos
FUN_000774,0,0.0,0,pos,0,0.0,0,pos
FUN_016640,0,0.0,0,pos,0,0.0,0,pos
FUN_009946,0,0.0,0,pos,0,0.0,0,pos
FUN_009161,0,0.0,0,pos,0,0.0,0,pos
FUN_015491,0,0.0,0,pos,0,0.0,0,pos
FUN_015302,0,0.0,0,pos,0,0.0,0,pos
FUN_006873,84,0.1320754716981132,1,pos_s330_e384,0,0.0,0,pos
FUN_004133,0,0.0,0,pos,0,0.0,0,pos
FUN_011001,12,0.03076923076923077,0,pos,0,0.0,0,pos
FUN_006300,0,0.0,0,pos,0,0.0,0,pos
FUN_007371,0,0.0,0,pos,0,0.0,0,pos
FUN_003161,0,0.0,0,pos,0,0.0,0,pos
FUN_003583,0,0.0,0,pos,0,0.0,0,pos
FUN_011566,0,0.0,0,pos,0,0.0,0,pos
FUN_005511,0,0.0,0,pos,0,0.0,0,pos
FUN_010040,0,0.0,0,pos,0,0.0,0,pos
FUN_002274,24,0.025974025974025976,0,pos,0,0.0,0,pos
FUN_002093,0,0.0,0,pos,0,0.0,0,pos
FUN_010185,0,0.0,0,pos,0,0.0,0,pos
FUN_008580,138,0.1270718232044199,1,pos_s900_e1002,24,0.022099447513812154,0,pos
FUN_000056,42,0.02631578947368421,0,pos,24,0.015037593984962405,0,pos
FUN_002822,72,0.041237113402061855,1,pos_s570_e642,0,0.0,0,pos
FUN_015318,0,0.0,0,pos,0,0.0,0,pos
FUN_001733,0,0.0,0,pos,0,0.0,0,pos
FUN_015462,0,0.0,0,pos,0,0.0,0,pos
FUN_005298,0,0.0,0,pos,0,0.0,0,pos
FUN_002216,0,0.0,0,pos,0,0.0,0,pos
FUN_008415,0,0.0,0,pos,0,0.0,0,pos
FUN_010672,318,0.12018140589569161,4,pos_s0_e36_s264_e294_s306_e420_s996_e1074,210,0.07936507936507936,3,pos_s0_e36_s306_e420_s1026_e1068
FUN_001247,0,0.0,0,pos,0,0.0,0,pos
FUN_010055,54,0.03734439834024896,1,pos_s600_e630,12,0.008298755186721992,0,pos
FUN_000360,132,0.05104408352668213,2,pos_s24_e90_s102_e150,18,0.0069605568445475635,0,pos
FUN_008991,0,0.0,0,pos,0,0.0,0,pos
FUN_000628,0,0.0,0,pos,0,0.0,0,pos
FUN_015492,0,0.0,0,pos,0,0.0,0,pos
FUN_002891,0,0.0,0,pos,0,0.0,0,pos
FUN_001184,96,0.05351170568561873,2,pos_s1056_e1098_s1206_e1242,18,0.010033444816053512,0,pos
FUN_004924,24,0.046511627906976744,0,pos,0,0.0,0,pos
FUN_010657,0,0.0,0,pos,0,0.0,0,pos
FUN_012492,0,0.0,0,pos,0,0.0,0,pos
FUN_009715,72,0.05714285714285714,1,pos_s642_e696,0,0.0,0,pos
FUN_011862,0,0.0,0,pos,0,0.0,0,pos
FUN_011869,0,0.0,0,pos,0,0.0,0,pos
FUN_003310,0,0.0,0,pos,0,0.0,0,pos
FUN_008455,24,0.015625,0,pos,0,0.0,0,pos
FUN_001692,0,0.0,0,pos,0,0.0,0,pos
FUN_001086,0,0.0,0,pos,0,0.0,0,pos
FUN_015678,0,0.0,0,pos,0,0.0,0,pos
FUN_001397,30,0.003943217665615142,0,pos,0,0.0,0,pos
FUN_012294,0,0.0,0,pos,0,0.0,0,pos
FUN_008409,6,0.017857142857142856,0,pos,0,0.0,0,pos
FUN_003698,0,0.0,0,pos,0,0.0,0,pos
FUN_007160,120,0.06269592476489028,2,pos_s1014_e1050_s1386_e1458,18,0.009404388714733543,0,pos
FUN_001815,0,0.0,0,pos,0,0.0,0,pos
FUN_009485,0,0.0,0,pos,0,0.0,0,pos
FUN_000954,168,0.09688581314878893,2,pos_s12_e132_s138_e186,60,0.03460207612456748,1,pos_s12_e72
FUN_008631,54,0.05263157894736842,1,pos_s528_e582,0,0.0,0,pos
FUN_016457,0,0.0,0,pos,0,0.0,0,pos
FUN_002333,0,0.0,0,pos,0,0.0,0,pos
FUN_002761,0,0.0,0,pos,0,0.0,0,pos
FUN_007232,0,0.0,0,pos,0,0.0,0,pos
FUN_005357,0,0.0,0,pos,0,0.0,0,pos
FUN_001266,0,0.0,0,pos,0,0.0,0,pos
FUN_006421,0,0.0,0,pos,0,0.0,0,pos
FUN_011237,144,0.05673758865248227,2,pos_s162_e210_s1986_e2082,90,0.03546099290780142,1,pos_s1986_e2076
FUN_004019,672,0.04208944006012777,12,pos_s630_e660_s2928_e3006_s3858_e3894_s3972_e4008_s4020_e4056_s4998_e5082_s5088_e5124_s5202_e5244_s7902_e7938_s8076_e8148_s11868_e11898_s11904_e11952,126,0.007891770011273957,2,pos_s2940_e3006_s5016_e5058
FUN_008795,54,0.10975609756097561,1,pos_s324_e378,0,0.0,0,pos
FUN_008847,0,0.0,0,pos,0,0.0,0,pos
FUN_000859,42,0.006352087114337568,1,pos_s4992_e5028,36,0.0054446460980036296,1,pos_s4992_e5028
FUN_008470,54,0.05263157894736842,1,pos_s0_e54,48,0.04678362573099415,1,pos_s0_e48
FUN_006037,60,0.06451612903225806,1,pos_s618_e660,0,0.0,0,pos
FUN_008524,0,0.0,0,pos,0,0.0,0,pos
FUN_011970,0,0.0,0,pos,0,0.0,0,pos
FUN_011697,0,0.0,0,pos,0,0.0,0,pos
FUN_015628,0,0.0,0,pos,0,0.0,0,pos
FUN_008740,0,0.0,0,pos,0,0.0,0,pos
FUN_000309,0,0.0,0,pos,0,0.0,0,pos
FUN_004048,6,0.00303951367781155,0,pos,0,0.0,0,pos
FUN_002045,72,0.13953488372093023,0,pos,24,0.046511627906976744,0,pos
FUN_004489,48,0.05263157894736842,1,pos_s114_e162,0,0.0,0,pos
FUN_001509,0,0.0,0,pos,0,0.0,0,pos
FUN_011937,0,0.0,0,pos,0,0.0,0,pos
FUN_004822,156,0.13756613756613756,2,pos_s54_e162_s948_e996,42,0.037037037037037035,1,pos_s108_e138
FUN_012231,0,0.0,0,pos,0,0.0,0,pos
FUN_006807,6,0.0019646365422396855,0,pos,0,0.0,0,pos
FUN_000863,0,0.0,0,pos,0,0.0,0,pos
FUN_006031,0,0.0,0,pos,0,0.0,0,pos
FUN_010417,0,0.0,0,pos,0,0.0,0,pos
FUN_010674,42,0.03932584269662921,1,pos_s942_e978,0,0.0,0,pos
FUN_003642,0,0.0,0,pos,0,0.0,0,pos
FUN_005216,66,0.0071151358344113845,1,pos_s7956_e7992,0,0.0,0,pos
FUN_004659,0,0.0,0,pos,0,0.0,0,pos
FUN_011971,0,0.0,0,pos,0,0.0,0,pos
FUN_000054,0,0.0,0,pos,0,0.0,0,pos
FUN_005700,0,0.0,0,pos,0,0.0,0,pos
FUN_001190,126,0.010611419909044972,2,pos_s1782_e1848_s2466_e2502,42,0.0035371399696816574,0,pos
FUN_008272,42,0.01129032258064516,1,pos_s1428_e1470,0,0.0,0,pos
FUN_011547,0,0.0,0,pos,0,0.0,0,pos
FUN_003210,96,0.043010752688172046,1,pos_s2034_e2088,6,0.002688172043010753,0,pos
FUN_006692,0,0.0,0,pos,0,0.0,0,pos
FUN_010498,0,0.0,0,pos,0,0.0,0,pos
FUN_011729,0,0.0,0,pos,0,0.0,0,pos
FUN_005640,270,0.18292682926829268,5,pos_s30_e60_s102_e144_s1026_e1056_s1296_e1374_s1404_e1440,102,0.06910569105691057,1,pos_s1296_e1368
FUN_003451,0,0.0,0,pos,0,0.0,0,pos
FUN_004992,126,0.07777777777777778,1,pos_s1242_e1356,36,0.022222222222222223,0,pos
FUN_015625,0,0.0,0,pos,0,0.0,0,pos
FUN_000981,0,0.0,0,pos,0,0.0,0,pos
FUN_006769,0,0.0,0,pos,0,0.0,0,pos
FUN_008652,0,0.0,0,pos,0,0.0,0,pos
FUN_001950,0,0.0,0,pos,0,0.0,0,pos
FUN_001714,72,0.041379310344827586,2,pos_s102_e138_s144_e180,0,0.0,0,pos
FUN_016467,0,0.0,0,pos,0,0.0,0,pos
FUN_009361,0,0.0,0,pos,0,0.0,0,pos
FUN_006238,108,0.17647058823529413,1,pos_s330_e390,72,0.11764705882352941,1,pos_s330_e378
FUN_006457,0,0.0,0,pos,0,0.0,0,pos
FUN_004971,0,0.0,0,pos,0,0.0,0,pos
FUN_006418,0,0.0,0,pos,0,0.0,0,pos
FUN_015613,0,0.0,0,pos,0,0.0,0,pos
FUN_000101,0,0.0,0,pos,0,0.0,0,pos
FUN_004994,0,0.0,0,pos,0,0.0,0,pos
FUN_007275,18,0.009836065573770493,0,pos,18,0.009836065573770493,0,pos
FUN_002909,72,0.02926829268292683,1,pos_s1356_e1416,0,0.0,0,pos
FUN_005253,24,0.02030456852791878,0,pos,0,0.0,0,pos
FUN_001672,48,0.006024096385542169,0,pos,0,0.0,0,pos
FUN_004615,0,0.0,0,pos,0,0.0,0,pos
FUN_002219,0,0.0,0,pos,0,0.0,0,pos
FUN_010774,18,0.10344827586206896,0,pos,0,0.0,0,pos
FUN_012418,0,0.0,0,pos,0,0.0,0,pos
FUN_001229,0,0.0,0,pos,0,0.0,0,pos
FUN_009401,0,0.0,0,pos,0,0.0,0,pos
FUN_007860,0,0.0,0,pos,0,0.0,0,pos
FUN_007616,12,0.010309278350515464,0,pos,6,0.005154639175257732,0,pos
FUN_011567,0,0.0,0,pos,0,0.0,0,pos
FUN_015322,0,0.0,0,pos,0,0.0,0,pos
FUN_012453,162,0.1210762331838565,2,pos_s138_e246_s288_e342,72,0.053811659192825115,1,pos_s174_e246
FUN_005514,0,0.0,0,pos,0,0.0,0,pos
FUN_011486,0,0.0,0,pos,0,0.0,0,pos
FUN_015422,0,0.0,0,pos,0,0.0,0,pos
FUN_009709,24,0.029850746268656716,0,pos,0,0.0,0,pos
FUN_002386,0,0.0,0,pos,0,0.0,0,pos
FUN_010240,0,0.0,0,pos,0,0.0,0,pos
FUN_001298,0,0.0,0,pos,0,0.0,0,pos
FUN_016323,0,0.0,0,pos,0,0.0,0,pos
FUN_001828,0,0.0,0,pos,0,0.0,0,pos
FUN_009726,0,0.0,0,pos,0,0.0,0,pos
FUN_007266,0,0.0,0,pos,0,0.0,0,pos
FUN_008509,0,0.0,0,pos,0,0.0,0,pos
FUN_008251,0,0.0,0,pos,0,0.0,0,pos
FUN_005830,0,0.0,0,pos,0,0.0,0,pos
FUN_010414,54,0.021686746987951807,1,pos_s12_e42,0,0.0,0,pos
FUN_009737,12,0.011834319526627219,0,pos,0,0.0,0,pos
FUN_005840,36,0.06382978723404255,0,pos,0,0.0,0,pos
FUN_002700,0,0.0,0,pos,0,0.0,0,pos
FUN_016277,0,0.0,0,pos,0,0.0,0,pos
FUN_001852,0,0.0,0,pos,0,0.0,0,pos
FUN_010519,0,0.0,0,pos,0,0.0,0,pos
FUN_005358,246,0.2019704433497537,2,pos_s426_e558_s606_e720,198,0.1625615763546798,3,pos_s456_e486_s516_e558_s606_e720
FUN_004888,0,0.0,0,pos,0,0.0,0,pos
FUN_016429,0,0.0,0,pos,0,0.0,0,pos
FUN_006712,0,0.0,0,pos,0,0.0,0,pos
FUN_009241,0,0.0,0,pos,0,0.0,0,pos
FUN_004217,126,0.029829545454545456,1,pos_s4086_e4116,30,0.007102272727272727,0,pos
FUN_007875,0,0.0,0,pos,0,0.0,0,pos
FUN_009542,354,0.28095238095238095,3,pos_s396_e510_s606_e672_s966_e1116,270,0.21428571428571427,3,pos_s474_e510_s606_e672_s972_e1116
FUN_010013,0,0.0,0,pos,0,0.0,0,pos
FUN_009257,12,0.012658227848101266,0,pos,6,0.006329113924050633,0,pos
FUN_001054,84,0.1111111111111111,1,pos_s276_e348,0,0.0,0,pos
FUN_015698,0,0.0,0,pos,0,0.0,0,pos
FUN_000660,0,0.0,0,pos,0,0.0,0,pos
FUN_001117,0,0.0,0,pos,0,0.0,0,pos
FUN_000952,0,0.0,0,pos,0,0.0,0,pos
FUN_007661,24,0.018957345971563982,0,pos,0,0.0,0,pos
FUN_002146,0,0.0,0,pos,0,0.0,0,pos
FUN_007506,0,0.0,0,pos,0,0.0,0,pos
FUN_007304,0,0.0,0,pos,0,0.0,0,pos
FUN_007765,0,0.0,0,pos,0,0.0,0,pos
FUN_008629,18,0.012396694214876033,0,pos,0,0.0,0,pos
FUN_010243,114,0.05337078651685393,1,pos_s36_e102,0,0.0,0,pos
FUN_002646,0,0.0,0,pos,0,0.0,0,pos
FUN_002155,0,0.0,0,pos,0,0.0,0,pos
FUN_004597,12,0.005747126436781609,0,pos,0,0.0,0,pos
FUN_001324,0,0.0,0,pos,0,0.0,0,pos
FUN_007565,6,0.041666666666666664,0,pos,0,0.0,0,pos
FUN_002016,0,0.0,0,pos,0,0.0,0,pos
FUN_008549,0,0.0,0,pos,0,0.0,0,pos
FUN_015820,0,0.0,0,pos,0,0.0,0,pos
FUN_007291,0,0.0,0,pos,0,0.0,0,pos
FUN_002065,0,0.0,0,pos,0,0.0,0,pos
FUN_008978,0,0.0,0,pos,0,0.0,0,pos
FUN_000105,0,0.0,0,pos,0,0.0,0,pos
FUN_015652,0,0.0,0,pos,0,0.0,0,pos
FUN_003478,30,0.032679738562091505,1,pos_s546_e576,0,0.0,0,pos
FUN_007862,0,0.0,0,pos,0,0.0,0,pos
FUN_007528,0,0.0,0,pos,0,0.0,0,pos
FUN_003852,0,0.0,0,pos,0,0.0,0,pos
FUN_001576,0,0.0,0,pos,0,0.0,0,pos
FUN_006955,0,0.0,0,pos,0,0.0,0,pos
FUN_001210,0,0.0,0,pos,0,0.0,0,pos
FUN_004479,0,0.0,0,pos,0,0.0,0,pos
FUN_012477,0,0.0,0,pos,0,0.0,0,pos
FUN_007310,0,0.0,0,pos,0,0.0,0,pos
FUN_001536,0,0.0,0,pos,0,0.0,0,pos
FUN_015372,0,0.0,0,pos,0,0.0,0,pos
FUN_002090,0,0.0,0,pos,0,0.0,0,pos
FUN_010041,0,0.0,0,pos,0,0.0,0,pos
FUN_002864,30,0.009560229445506692,0,pos,0,0.0,0,pos
FUN_010491,432,0.06132879045996593,6,pos_s156_e210_s1566_e1620_s1944_e1974_s2478_e2538_s3996_e4050_s4218_e4278,78,0.011073253833049404,1,pos_s2502_e2532
FUN_008395,30,0.010869565217391304,1,pos_s48_e78,12,0.004347826086956522,0,pos
FUN_005726,0,0.0,0,pos,0,0.0,0,pos
FUN_003874,0,0.0,0,pos,0,0.0,0,pos
FUN_000448,0,0.0,0,pos,0,0.0,0,pos
FUN_002853,18,0.014705882352941176,0,pos,0,0.0,0,pos
FUN_011414,264,0.1888412017167382,3,pos_s0_e36_s54_e138_s864_e1008,228,0.1630901287553648,3,pos_s0_e36_s54_e126_s864_e978
FUN_006535,0,0.0,0,pos,0,0.0,0,pos
FUN_004796,0,0.0,0,pos,0,0.0,0,pos
FUN_000738,0,0.0,0,pos,0,0.0,0,pos
FUN_012457,0,0.0,0,pos,0,0.0,0,pos
FUN_011632,0,0.0,0,pos,0,0.0,0,pos
FUN_008378,0,0.0,0,pos,0,0.0,0,pos
FUN_009432,0,0.0,0,pos,0,0.0,0,pos
FUN_008863,96,0.06477732793522267,2,pos_s1254_e1284_s1398_e1464,12,0.008097165991902834,0,pos
FUN_016531,0,0.0,0,pos,0,0.0,0,pos
FUN_004948,6,0.004273504273504274,0,pos,0,0.0,0,pos
FUN_000603,0,0.0,0,pos,0,0.0,0,pos
FUN_005497,0,0.0,0,pos,0,0.0,0,pos
FUN_008041,0,0.0,0,pos,0,0.0,0,pos
FUN_009023,0,0.0,0,pos,0,0.0,0,pos
FUN_002540,0,0.0,0,pos,0,0.0,0,pos
FUN_012368,0,0.0,0,pos,0,0.0,0,pos
FUN_008265,114,0.0397489539748954,1,pos_s2766_e2808,42,0.014644351464435146,0,pos
FUN_008811,0,0.0,0,pos,0,0.0,0,pos
FUN_012526,0,0.0,0,pos,0,0.0,0,pos
FUN_008383,0,0.0,0,pos,0,0.0,0,pos
FUN_004149,0,0.0,0,pos,0,0.0,0,pos
FUN_012465,0,0.0,0,pos,0,0.0,0,pos
FUN_008110,30,0.03676470588235294,1,pos_s192_e222,0,0.0,0,pos
FUN_000537,6,0.001644736842105263,0,pos,0,0.0,0,pos
FUN_015579,0,0.0,0,pos,0,0.0,0,pos
FUN_002289,180,0.038860103626943004,2,pos_s4200_e4236_s4266_e4296,12,0.0025906735751295338,0,pos
FUN_015890,0,0.0,0,pos,0,0.0,0,pos
FUN_001486,0,0.0,0,pos,0,0.0,0,pos
FUN_016568,0,0.0,0,pos,0,0.0,0,pos
FUN_007544,0,0.0,0,pos,0,0.0,0,pos
FUN_011390,360,0.32786885245901637,4,pos_s0_e60_s66_e138_s246_e342_s378_e456,144,0.13114754098360656,2,pos_s72_e132_s408_e456
FUN_006471,0,0.0,0,pos,0,0.0,0,pos
FUN_003545,240,0.0761904761904762,4,pos_s576_e654_s1692_e1722_s1950_e1986_s2172_e2232,18,0.005714285714285714,0,pos
FUN_011120,0,0.0,0,pos,0,0.0,0,pos
FUN_009149,72,0.03761755485893417,2,pos_s504_e540_s1158_e1194,36,0.018808777429467086,1,pos_s1158_e1194
FUN_010870,0,0.0,0,pos,0,0.0,0,pos
FUN_003677,0,0.0,0,pos,0,0.0,0,pos
FUN_000225,0,0.0,0,pos,0,0.0,0,pos
FUN_009337,282,0.13202247191011235,3,pos_s804_e906_s1278_e1350_s1632_e1686,54,0.025280898876404494,1,pos_s1632_e1680
FUN_004769,0,0.0,0,pos,0,0.0,0,pos
FUN_005435,0,0.0,0,pos,0,0.0,0,pos
FUN_004900,96,0.016293279022403257,1,pos_s324_e402,60,0.010183299389002037,1,pos_s324_e354
FUN_000727,300,0.08880994671403197,4,pos_s228_e276_s1920_e1968_s1986_e2070_s2112_e2148,48,0.014209591474245116,0,pos
FUN_004949,54,0.06164383561643835,0,pos,0,0.0,0,pos
FUN_009319,0,0.0,0,pos,0,0.0,0,pos
FUN_010289,0,0.0,0,pos,0,0.0,0,pos
FUN_009059,0,0.0,0,pos,0,0.0,0,pos
FUN_005340,216,0.021415823914336704,3,pos_s2550_e2598_s2808_e2850_s4218_e4290,84,0.008328375966686495,1,pos_s2550_e2598
FUN_016552,0,0.0,0,pos,0,0.0,0,pos
FUN_004312,0,0.0,0,pos,0,0.0,0,pos
FUN_008570,102,0.07834101382488479,1,pos_s1050_e1152,0,0.0,0,pos
FUN_004770,30,0.010869565217391304,1,pos_s2634_e2664,0,0.0,0,pos
FUN_008373,0,0.0,0,pos,0,0.0,0,pos
FUN_016791,0,0.0,0,pos,0,0.0,0,pos
FUN_006514,102,0.09090909090909091,2,pos_s36_e72_s888_e924,12,0.0106951871657754,0,pos
FUN_001694,72,0.05660377358490566,1,pos_s684_e744,0,0.0,0,pos
FUN_005842,6,0.0032258064516129032,0,pos,6,0.0032258064516129032,0,pos
FUN_010739,0,0.0,0,pos,0,0.0,0,pos
FUN_002913,90,0.07653061224489796,1,pos_s12_e78,0,0.0,0,pos
FUN_002931,0,0.0,0,pos,0,0.0,0,pos
FUN_006068,24,0.18181818181818182,0,pos,24,0.18181818181818182,0,pos
FUN_000901,0,0.0,0,pos,0,0.0,0,pos
FUN_016109,0,0.0,0,pos,0,0.0,0,pos
FUN_000682,42,0.08045977011494253,0,pos,42,0.08045977011494253,0,pos
FUN_005941,84,0.050724637681159424,1,pos_s936_e1020,0,0.0,0,pos
FUN_008669,0,0.0,0,pos,0,0.0,0,pos
FUN_004922,0,0.0,0,pos,0,0.0,0,pos
FUN_002699,12,0.024096385542168676,0,pos,0,0.0,0,pos
FUN_016421,0,0.0,0,pos,0,0.0,0,pos
FUN_002132,0,0.0,0,pos,0,0.0,0,pos
FUN_002283,0,0.0,0,pos,0,0.0,0,pos
FUN_004879,12,0.012048192771084338,0,pos,0,0.0,0,pos
FUN_000477,0,0.0,0,pos,0,0.0,0,pos
FUN_010847,0,0.0,0,pos,0,0.0,0,pos
FUN_008528,132,0.08627450980392157,2,pos_s726_e756_s780_e870,12,0.00784313725490196,0,pos
FUN_015824,0,0.0,0,pos,0,0.0,0,pos
FUN_003915,90,0.04043126684636118,1,pos_s720_e798,0,0.0,0,pos
FUN_002902,0,0.0,0,pos,0,0.0,0,pos
FUN_000879,0,0.0,0,pos,0,0.0,0,pos
FUN_002138,0,0.0,0,pos,0,0.0,0,pos
FUN_011846,72,0.4,1,pos_s96_e168,0,0.0,0,pos
FUN_002385,0,0.0,0,pos,0,0.0,0,pos
FUN_012531,0,0.0,0,pos,0,0.0,0,pos
FUN_002063,6,0.00625,0,pos,0,0.0,0,pos
FUN_009844,102,0.06204379562043796,1,pos_s1476_e1560,48,0.029197080291970802,1,pos_s1500_e1542
FUN_012415,0,0.0,0,pos,0,0.0,0,pos
FUN_005196,0,0.0,0,pos,0,0.0,0,pos
FUN_009244,12,0.009569377990430622,0,pos,0,0.0,0,pos
FUN_002479,0,0.0,0,pos,0,0.0,0,pos
FUN_000286,102,0.14655172413793102,2,pos_s18_e72_s78_e126,30,0.04310344827586207,0,pos
FUN_005425,0,0.0,0,pos,0,0.0,0,pos
FUN_011318,54,0.02694610778443114,1,pos_s660_e714,0,0.0,0,pos
FUN_010002,0,0.0,0,pos,0,0.0,0,pos
FUN_005247,0,0.0,0,pos,0,0.0,0,pos
FUN_016202,0,0.0,0,pos,0,0.0,0,pos
FUN_008776,180,0.07462686567164178,3,pos_s270_e336_s1848_e1878_s2094_e2130,12,0.004975124378109453,0,pos
FUN_007631,0,0.0,0,pos,0,0.0,0,pos
FUN_009221,36,0.016574585635359115,1,pos_s954_e984,6,0.0027624309392265192,0,pos
FUN_009680,24,0.018867924528301886,0,pos,0,0.0,0,pos
FUN_010275,72,0.18461538461538463,1,pos_s120_e186,0,0.0,0,pos
FUN_008923,0,0.0,0,pos,0,0.0,0,pos
FUN_005634,348,0.044581091468101464,4,pos_s3750_e3816_s4146_e4194_s6300_e6360_s7692_e7776,54,0.006917755572636433,0,pos
FUN_003176,54,0.045,1,pos_s960_e1002,0,0.0,0,pos
FUN_006651,0,0.0,0,pos,0,0.0,0,pos
FUN_016187,0,0.0,0,pos,0,0.0,0,pos
FUN_002565,132,0.21782178217821782,2,pos_s30_e108_s138_e174,42,0.06930693069306931,1,pos_s48_e84
FUN_008488,0,0.0,0,pos,0,0.0,0,pos
FUN_004973,42,0.013565891472868217,1,pos_s162_e198,12,0.003875968992248062,0,pos
FUN_006209,0,0.0,0,pos,0,0.0,0,pos
FUN_003646,0,0.0,0,pos,0,0.0,0,pos
FUN_007978,0,0.0,0,pos,0,0.0,0,pos
FUN_004838,0,0.0,0,pos,0,0.0,0,pos
FUN_010567,0,0.0,0,pos,0,0.0,0,pos
FUN_010261,0,0.0,0,pos,0,0.0,0,pos
FUN_008828,0,0.0,0,pos,0,0.0,0,pos
FUN_011588,0,0.0,0,pos,0,0.0,0,pos
FUN_010088,258,0.06142857142857143,4,pos_s744_e804_s1416_e1446_s2220_e2274_s3036_e3096,6,0.0014285714285714286,0,pos
FUN_004367,0,0.0,0,pos,0,0.0,0,pos
FUN_008372,12,0.004761904761904762,0,pos,0,0.0,0,pos
FUN_008277,0,0.0,0,pos,0,0.0,0,pos
FUN_002112,0,0.0,0,pos,0,0.0,0,pos
FUN_006515,0,0.0,0,pos,0,0.0,0,pos
FUN_011084,0,0.0,0,pos,0,0.0,0,pos
FUN_004215,42,0.023255813953488372,0,pos,12,0.006644518272425249,0,pos
FUN_009523,0,0.0,0,pos,0,0.0,0,pos
FUN_004999,0,0.0,0,pos,0,0.0,0,pos
FUN_005052,0,0.0,0,pos,0,0.0,0,pos
FUN_008676,0,0.0,0,pos,0,0.0,0,pos
FUN_011417,174,0.04309063893016345,2,pos_s1992_e2070_s3396_e3426,78,0.019316493313521546,1,pos_s1992_e2070
FUN_008526,0,0.0,0,pos,0,0.0,0,pos
FUN_008694,0,0.0,0,pos,0,0.0,0,pos
FUN_006227,36,0.008571428571428572,1,pos_s1680_e1716,12,0.002857142857142857,0,pos
FUN_005908,0,0.0,0,pos,0,0.0,0,pos
FUN_012203,0,0.0,0,pos,0,0.0,0,pos
FUN_010374,0,0.0,0,pos,0,0.0,0,pos
FUN_004561,0,0.0,0,pos,0,0.0,0,pos
FUN_007435,492,0.1357615894039735,7,pos_s1062_e1098_s1194_e1290_s1296_e1344_s1764_e1800_s1878_e1938_s2124_e2202_s2286_e2316,102,0.028145695364238412,2,pos_s1230_e1278_s2148_e2184
FUN_007885,6,0.002881844380403458,0,pos,0,0.0,0,pos
FUN_015320,0,0.0,0,pos,0,0.0,0,pos
FUN_006973,0,0.0,0,pos,0,0.0,0,pos
FUN_002847,0,0.0,0,pos,0,0.0,0,pos
FUN_002553,108,0.0661764705882353,2,pos_s90_e150_s876_e918,24,0.014705882352941176,0,pos
FUN_007882,0,0.0,0,pos,0,0.0,0,pos
FUN_005692,0,0.0,0,pos,0,0.0,0,pos
FUN_010143,48,0.034782608695652174,1,pos_s648_e690,30,0.021739130434782608,1,pos_s654_e684
FUN_010366,96,0.039603960396039604,1,pos_s312_e408,6,0.0024752475247524753,0,pos
FUN_010323,0,0.0,0,pos,0,0.0,0,pos
FUN_004125,12,0.007905138339920948,0,pos,0,0.0,0,pos
FUN_001952,276,0.1,3,pos_s210_e246_s522_e600_s1194_e1302,54,0.01956521739130435,1,pos_s522_e552
FUN_005847,102,0.06910569105691057,1,pos_s66_e144,6,0.0040650406504065045,0,pos
FUN_002458,0,0.0,0,pos,0,0.0,0,pos
FUN_009422,0,0.0,0,pos,0,0.0,0,pos
FUN_015762,0,0.0,0,pos,0,0.0,0,pos
FUN_016217,0,0.0,0,pos,0,0.0,0,pos
FUN_004044,0,0.0,0,pos,0,0.0,0,pos
FUN_000880,504,0.10592686002522068,8,pos_s2256_e2352_s2856_e2946_s3000_e3036_s3774_e3882_s4158_e4212_s4242_e4272_s4350_e4392_s4428_e4464,84,0.017654476670870115,1,pos_s2322_e2352
FUN_011307,0,0.0,0,pos,0,0.0,0,pos
FUN_004645,0,0.0,0,pos,0,0.0,0,pos
FUN_000726,0,0.0,0,pos,0,0.0,0,pos
FUN_005880,0,0.0,0,pos,0,0.0,0,pos
FUN_005554,0,0.0,0,pos,0,0.0,0,pos
FUN_010053,60,0.22727272727272727,1,pos_s156_e216,18,0.06818181818181818,0,pos
FUN_016857,24,0.027972027972027972,0,pos,24,0.027972027972027972,0,pos
FUN_010838,174,0.06651376146788991,2,pos_s1326_e1422_s1728_e1776,6,0.0022935779816513763,0,pos
FUN_002585,0,0.0,0,pos,0,0.0,0,pos
FUN_010493,0,0.0,0,pos,0,0.0,0,pos
FUN_006191,0,0.0,0,pos,0,0.0,0,pos
FUN_000590,414,0.20597014925373133,6,pos_s24_e60_s102_e132_s174_e282_s414_e444_s570_e702_s708_e744,126,0.0626865671641791,0,pos
FUN_016442,0,0.0,0,pos,0,0.0,0,pos
FUN_008785,0,0.0,0,pos,0,0.0,0,pos
FUN_015535,0,0.0,0,pos,0,0.0,0,pos
FUN_001454,60,0.06289308176100629,1,pos_s762_e822,6,0.006289308176100629,0,pos
FUN_004490,48,0.055944055944055944,1,pos_s804_e834,0,0.0,0,pos
FUN_002397,30,0.027472527472527472,1,pos_s0_e30,0,0.0,0,pos
FUN_004996,48,0.0148975791433892,1,pos_s588_e636,0,0.0,0,pos
FUN_010048,138,0.033527696793002916,3,pos_s1500_e1548_s2568_e2616_s3054_e3084,36,0.008746355685131196,0,pos
FUN_002942,78,0.02574257425742574,2,pos_s2388_e2418_s2562_e2610,12,0.0039603960396039604,0,pos
FUN_004457,0,0.0,0,pos,0,0.0,0,pos
FUN_011606,0,0.0,0,pos,0,0.0,0,pos
FUN_006929,144,0.014277215942891136,2,pos_s2562_e2598_s2604_e2640,0,0.0,0,pos
FUN_010555,42,0.09333333333333334,1,pos_s0_e30,6,0.013333333333333334,0,pos
FUN_010190,0,0.0,0,pos,0,0.0,0,pos
FUN_007507,0,0.0,0,pos,0,0.0,0,pos
FUN_015327,0,0.0,0,pos,0,0.0,0,pos
FUN_011559,0,0.0,0,pos,0,0.0,0,pos
FUN_004428,90,0.032397408207343416,1,pos_s1248_e1296,12,0.004319654427645789,0,pos
FUN_010903,0,0.0,0,pos,0,0.0,0,pos
FUN_000930,72,0.018209408194233688,1,pos_s3402_e3432,0,0.0,0,pos
FUN_015340,0,0.0,0,pos,0,0.0,0,pos
FUN_011298,138,0.05912596401028278,2,pos_s1410_e1458_s1548_e1608,66,0.028277634961439587,1,pos_s1572_e1602
FUN_011396,0,0.0,0,pos,0,0.0,0,pos
FUN_012325,0,0.0,0,pos,0,0.0,0,pos
FUN_002732,114,0.06291390728476821,1,pos_s1014_e1128,66,0.03642384105960265,1,pos_s1050_e1116
FUN_005310,0,0.0,0,pos,0,0.0,0,pos
FUN_011476,6,0.016666666666666666,0,pos,0,0.0,0,pos
FUN_016521,0,0.0,0,pos,0,0.0,0,pos
FUN_006539,0,0.0,0,pos,0,0.0,0,pos
FUN_002131,0,0.0,0,pos,0,0.0,0,pos
FUN_011274,0,0.0,0,pos,0,0.0,0,pos
FUN_006780,0,0.0,0,pos,0,0.0,0,pos
FUN_001958,0,0.0,0,pos,0,0.0,0,pos
FUN_008426,0,0.0,0,pos,0,0.0,0,pos
FUN_004540,36,0.02912621359223301,1,pos_s498_e528,18,0.014563106796116505,0,pos
FUN_016773,0,0.0,0,pos,0,0.0,0,pos
FUN_000355,0,0.0,0,pos,0,0.0,0,pos
FUN_009164,0,0.0,0,pos,0,0.0,0,pos
FUN_006467,0,0.0,0,pos,0,0.0,0,pos
FUN_000090,0,0.0,0,pos,0,0.0,0,pos
FUN_015454,0,0.0,0,pos,0,0.0,0,pos
FUN_008741,0,0.0,0,pos,0,0.0,0,pos
FUN_003365,240,0.04400440044004401,2,pos_s2082_e2196_s3726_e3810,108,0.019801980198019802,2,pos_s2088_e2166_s3744_e3774
FUN_003229,0,0.0,0,pos,0,0.0,0,pos
FUN_011990,0,0.0,0,pos,0,0.0,0,pos
FUN_008906,12,0.0024937655860349127,0,pos,0,0.0,0,pos
FUN_009600,72,0.05405405405405406,0,pos,0,0.0,0,pos
FUN_000990,30,0.0390625,1,pos_s324_e354,0,0.0,0,pos
FUN_002346,534,0.2398921832884097,4,pos_s240_e360_s396_e432_s1518_e1608_s1710_e1902,312,0.14016172506738545,5,pos_s312_e360_s396_e432_s1542_e1608_s1710_e1788_s2154_e2220
FUN_002062,0,0.0,0,pos,0,0.0,0,pos
FUN_016582,0,0.0,0,pos,0,0.0,0,pos
FUN_004033,0,0.0,0,pos,0,0.0,0,pos
FUN_000160,0,0.0,0,pos,0,0.0,0,pos
FUN_009659,0,0.0,0,pos,0,0.0,0,pos
FUN_015924,0,0.0,0,pos,0,0.0,0,pos
FUN_008205,30,0.020242914979757085,1,pos_s0_e30,0,0.0,0,pos
FUN_004204,6,0.003134796238244514,0,pos,0,0.0,0,pos
FUN_016782,0,0.0,0,pos,0,0.0,0,pos
FUN_016110,0,0.0,0,pos,0,0.0,0,pos
FUN_010816,0,0.0,0,pos,0,0.0,0,pos
FUN_016740,0,0.0,0,pos,0,0.0,0,pos
FUN_004713,0,0.0,0,pos,0,0.0,0,pos
FUN_011881,0,0.0,0,pos,0,0.0,0,pos
FUN_004697,0,0.0,0,pos,0,0.0,0,pos
FUN_006752,60,0.021739130434782608,1,pos_s1872_e1920,6,0.002173913043478261,0,pos
FUN_007039,24,0.0223463687150838,0,pos,12,0.0111731843575419,0,pos
FUN_011456,0,0.0,0,pos,0,0.0,0,pos
FUN_003153,6,0.0022988505747126436,0,pos,0,0.0,0,pos
FUN_007264,0,0.0,0,pos,0,0.0,0,pos
FUN_010897,0,0.0,0,pos,0,0.0,0,pos
FUN_008826,216,0.12811387900355872,2,pos_s546_e618_s1314_e1422,60,0.03558718861209965,1,pos_s1326_e1374
FUN_009316,0,0.0,0,pos,0,0.0,0,pos
FUN_005817,6,0.007692307692307693,0,pos,0,0.0,0,pos
FUN_009324,90,0.05244755244755245,2,pos_s786_e816_s1512_e1548,18,0.01048951048951049,0,pos
FUN_001890,0,0.0,0,pos,0,0.0,0,pos
FUN_008523,0,0.0,0,pos,0,0.0,0,pos
FUN_016255,0,0.0,0,pos,0,0.0,0,pos
FUN_016503,0,0.0,0,pos,0,0.0,0,pos
FUN_012167,0,0.0,0,pos,0,0.0,0,pos
FUN_016359,0,0.0,0,pos,0,0.0,0,pos
FUN_010770,0,0.0,0,pos,0,0.0,0,pos
FUN_003892,36,0.056074766355140186,0,pos,0,0.0,0,pos
FUN_006706,0,0.0,0,pos,0,0.0,0,pos
FUN_004357,42,0.0220125786163522,1,pos_s1710_e1752,0,0.0,0,pos
FUN_006168,0,0.0,0,pos,0,0.0,0,pos
FUN_000119,0,0.0,0,pos,0,0.0,0,pos
FUN_012555,0,0.0,0,pos,0,0.0,0,pos
FUN_005233,0,0.0,0,pos,0,0.0,0,pos
FUN_001727,54,0.025280898876404494,0,pos,6,0.0028089887640449437,0,pos
FUN_002375,0,0.0,0,pos,0,0.0,0,pos
FUN_004289,0,0.0,0,pos,0,0.0,0,pos
FUN_012384,0,0.0,0,pos,0,0.0,0,pos
FUN_004433,6,0.02857142857142857,0,pos,0,0.0,0,pos
FUN_000920,0,0.0,0,pos,0,0.0,0,pos
FUN_008127,0,0.0,0,pos,0,0.0,0,pos
FUN_003462,0,0.0,0,pos,0,0.0,0,pos
FUN_010408,0,0.0,0,pos,0,0.0,0,pos
FUN_016424,0,0.0,0,pos,0,0.0,0,pos
FUN_001988,0,0.0,0,pos,0,0.0,0,pos
FUN_000541,0,0.0,0,pos,0,0.0,0,pos
FUN_003944,18,0.006593406593406593,0,pos,0,0.0,0,pos
FUN_016036,0,0.0,0,pos,0,0.0,0,pos
FUN_010765,0,0.0,0,pos,0,0.0,0,pos
FUN_008656,0,0.0,0,pos,0,0.0,0,pos
FUN_012271,0,0.0,0,pos,0,0.0,0,pos
FUN_008628,0,0.0,0,pos,0,0.0,0,pos
FUN_000447,0,0.0,0,pos,0,0.0,0,pos
FUN_001439,102,0.53125,1,pos_s66_e126,42,0.21875,0,pos
FUN_001483,72,0.01507537688442211,1,pos_s4362_e4392,0,0.0,0,pos
FUN_007463,0,0.0,0,pos,0,0.0,0,pos
FUN_009088,0,0.0,0,pos,0,0.0,0,pos
FUN_016514,0,0.0,0,pos,0,0.0,0,pos
FUN_004829,102,0.00588031822898651,2,pos_s10068_e10110_s12276_e12306,0,0.0,0,pos
FUN_008191,0,0.0,0,pos,0,0.0,0,pos
FUN_005170,138,0.1,1,pos_s444_e558,108,0.0782608695652174,1,pos_s450_e528
FUN_001319,132,0.030726256983240222,3,pos_s144_e180_s636_e666_s684_e732,42,0.009776536312849162,0,pos
FUN_010057,6,0.007194244604316547,0,pos,0,0.0,0,pos
FUN_006763,210,0.025528811086797956,3,pos_s6912_e6978_s7032_e7062_s7074_e7188,138,0.016776075857038657,2,pos_s6924_e6966_s7074_e7152
FUN_009214,0,0.0,0,pos,0,0.0,0,pos
FUN_006441,696,0.16111111111111112,10,pos_s186_e228_s648_e702_s1296_e1374_s1554_e1608_s1626_e1656_s1926_e1974_s2796_e2838_s3294_e3408_s3738_e3786_s3798_e3828,276,0.06388888888888888,3,pos_s1338_e1374_s1926_e1956_s3294_e3408
FUN_000486,0,0.0,0,pos,0,0.0,0,pos
FUN_002556,0,0.0,0,pos,0,0.0,0,pos
FUN_006443,0,0.0,0,pos,0,0.0,0,pos
FUN_011515,0,0.0,0,pos,0,0.0,0,pos
FUN_003734,12,0.025974025974025976,0,pos,0,0.0,0,pos
FUN_007450,36,0.015915119363395226,0,pos,6,0.002652519893899204,0,pos
FUN_010365,0,0.0,0,pos,0,0.0,0,pos
FUN_015294,0,0.0,0,pos,0,0.0,0,pos
FUN_009035,0,0.0,0,pos,0,0.0,0,pos
FUN_009884,96,0.037296037296037296,1,pos_s2424_e2502,30,0.011655011655011656,1,pos_s2430_e2460
FUN_006242,114,0.007063197026022305,2,pos_s5340_e5406_s5430_e5466,12,0.0007434944237918215,0,pos
FUN_008152,42,0.01232394366197183,1,pos_s1650_e1686,36,0.01056338028169014,1,pos_s1650_e1680
FUN_016365,0,0.0,0,pos,0,0.0,0,pos
FUN_002076,0,0.0,0,pos,0,0.0,0,pos
FUN_010895,0,0.0,0,pos,0,0.0,0,pos
FUN_004563,0,0.0,0,pos,0,0.0,0,pos
FUN_008209,6,0.0047169811320754715,0,pos,0,0.0,0,pos
FUN_015996,0,0.0,0,pos,0,0.0,0,pos
FUN_008318,0,0.0,0,pos,0,0.0,0,pos
FUN_001640,0,0.0,0,pos,0,0.0,0,pos
FUN_009090,0,0.0,0,pos,0,0.0,0,pos
FUN_007390,0,0.0,0,pos,0,0.0,0,pos
FUN_000646,0,0.0,0,pos,0,0.0,0,pos
FUN_002574,0,0.0,0,pos,0,0.0,0,pos
FUN_011553,0,0.0,0,pos,0,0.0,0,pos
FUN_008982,0,0.0,0,pos,0,0.0,0,pos
FUN_009906,42,0.10606060606060606,1,pos_s258_e300,42,0.10606060606060606,1,pos_s258_e300
FUN_005882,0,0.0,0,pos,0,0.0,0,pos
FUN_005343,42,0.035175879396984924,1,pos_s1128_e1170,0,0.0,0,pos
FUN_002285,0,0.0,0,pos,0,0.0,0,pos
FUN_015872,0,0.0,0,pos,0,0.0,0,pos
FUN_004608,66,0.01233183856502242,1,pos_s1152_e1182,0,0.0,0,pos
FUN_010277,0,0.0,0,pos,0,0.0,0,pos
FUN_011893,0,0.0,0,pos,0,0.0,0,pos
FUN_005485,12,0.011363636363636364,0,pos,0,0.0,0,pos
FUN_005240,0,0.0,0,pos,0,0.0,0,pos
FUN_009113,186,0.024256651017214397,2,pos_s3534_e3570_s3720_e3768,12,0.001564945226917058,0,pos
FUN_009630,144,0.020761245674740483,2,pos_s390_e432_s6582_e6612,12,0.0017301038062283738,0,pos
FUN_016585,0,0.0,0,pos,0,0.0,0,pos
FUN_005500,0,0.0,0,pos,0,0.0,0,pos
FUN_005753,0,0.0,0,pos,0,0.0,0,pos
FUN_015732,0,0.0,0,pos,0,0.0,0,pos
FUN_016250,0,0.0,0,pos,0,0.0,0,pos
FUN_005434,0,0.0,0,pos,0,0.0,0,pos
FUN_016303,0,0.0,0,pos,0,0.0,0,pos
FUN_000302,0,0.0,0,pos,0,0.0,0,pos
FUN_015970,0,0.0,0,pos,0,0.0,0,pos
FUN_007165,72,0.01488833746898263,1,pos_s3900_e3936,0,0.0,0,pos
FUN_004211,48,0.06060606060606061,0,pos,0,0.0,0,pos
FUN_010278,24,0.01606425702811245,0,pos,0,0.0,0,pos
FUN_012414,0,0.0,0,pos,0,0.0,0,pos
FUN_008397,48,0.05517241379310345,1,pos_s654_e690,48,0.05517241379310345,1,pos_s654_e690
FUN_000936,90,0.07042253521126761,1,pos_s600_e690,0,0.0,0,pos
FUN_009466,72,0.06896551724137931,1,pos_s6_e66,0,0.0,0,pos
FUN_015743,0,0.0,0,pos,0,0.0,0,pos
FUN_009489,0,0.0,0,pos,0,0.0,0,pos
FUN_010916,12,0.00477326968973747,0,pos,0,0.0,0,pos
FUN_002676,78,0.08074534161490683,2,pos_s306_e336_s486_e516,24,0.024844720496894408,0,pos
FUN_008517,78,0.06951871657754011,2,pos_s996_e1026_s1032_e1080,0,0.0,0,pos
FUN_008771,0,0.0,0,pos,0,0.0,0,pos
FUN_009697,0,0.0,0,pos,0,0.0,0,pos
FUN_006390,78,0.05829596412556054,0,pos,36,0.026905829596412557,0,pos
FUN_010148,0,0.0,0,pos,0,0.0,0,pos
FUN_008914,78,0.1015625,1,pos_s162_e240,0,0.0,0,pos
FUN_000732,6,0.004975124378109453,0,pos,0,0.0,0,pos
FUN_011944,0,0.0,0,pos,0,0.0,0,pos
FUN_008261,0,0.0,0,pos,0,0.0,0,pos
FUN_009656,48,0.34782608695652173,1,pos_s54_e96,0,0.0,0,pos
FUN_005150,0,0.0,0,pos,0,0.0,0,pos
FUN_002308,36,0.05825242718446602,1,pos_s78_e114,0,0.0,0,pos
FUN_006845,0,0.0,0,pos,0,0.0,0,pos
FUN_006423,96,0.022566995768688293,1,pos_s1134_e1170,12,0.0028208744710860366,0,pos
FUN_009605,0,0.0,0,pos,0,0.0,0,pos
FUN_006485,0,0.0,0,pos,0,0.0,0,pos
FUN_016750,0,0.0,0,pos,0,0.0,0,pos
FUN_000163,0,0.0,0,pos,0,0.0,0,pos
FUN_004551,90,0.15789473684210525,1,pos_s366_e420,0,0.0,0,pos
FUN_004503,0,0.0,0,pos,0,0.0,0,pos
FUN_007023,366,0.11192660550458716,4,pos_s1098_e1140_s1734_e1854_s2352_e2382_s2682_e2748,180,0.05504587155963303,2,pos_s1734_e1854_s2688_e2718
FUN_012436,0,0.0,0,pos,0,0.0,0,pos
FUN_008411,0,0.0,0,pos,0,0.0,0,pos
FUN_016368,0,0.0,0,pos,0,0.0,0,pos
FUN_005280,0,0.0,0,pos,0,0.0,0,pos
FUN_001384,0,0.0,0,pos,0,0.0,0,pos
FUN_005468,72,0.12371134020618557,1,pos_s378_e450,0,0.0,0,pos
FUN_008736,0,0.0,0,pos,0,0.0,0,pos
FUN_007679,198,0.05945945945945946,2,pos_s1332_e1368_s2514_e2628,138,0.04144144144144144,1,pos_s2514_e2628
FUN_007486,0,0.0,0,pos,0,0.0,0,pos
FUN_003134,54,0.17307692307692307,1,pos_s54_e90,6,0.019230769230769232,0,pos
FUN_003632,54,0.013432835820895522,0,pos,6,0.0014925373134328358,0,pos
FUN_008803,0,0.0,0,pos,0,0.0,0,pos
FUN_012183,6,0.0064516129032258064,0,pos,0,0.0,0,pos
FUN_007853,66,0.03985507246376811,1,pos_s0_e66,12,0.007246376811594203,0,pos
FUN_006655,0,0.0,0,pos,0,0.0,0,pos
FUN_015501,0,0.0,0,pos,0,0.0,0,pos
FUN_002745,0,0.0,0,pos,0,0.0,0,pos
FUN_002871,0,0.0,0,pos,0,0.0,0,pos
FUN_016147,0,0.0,0,pos,0,0.0,0,pos
FUN_007516,48,0.016771488469601678,0,pos,0,0.0,0,pos
FUN_005572,150,0.013297872340425532,1,pos_s5766_e5880,54,0.0047872340425531915,1,pos_s5814_e5868
FUN_005992,282,0.2640449438202247,4,pos_s108_e162_s198_e270_s282_e318_s744_e780,84,0.07865168539325842,1,pos_s198_e270
FUN_002999,0,0.0,0,pos,0,0.0,0,pos
FUN_011979,0,0.0,0,pos,0,0.0,0,pos
FUN_001755,0,0.0,0,pos,0,0.0,0,pos
FUN_010503,0,0.0,0,pos,0,0.0,0,pos
FUN_015748,0,0.0,0,pos,0,0.0,0,pos
FUN_000662,0,0.0,0,pos,0,0.0,0,pos
FUN_006905,24,0.0625,0,pos,0,0.0,0,pos
FUN_010412,216,0.3050847457627119,3,pos_s0_e42_s198_e312_s474_e528,120,0.1694915254237288,2,pos_s0_e36_s216_e294
FUN_011137,0,0.0,0,pos,0,0.0,0,pos
FUN_005061,0,0.0,0,pos,0,0.0,0,pos
FUN_001485,0,0.0,0,pos,0,0.0,0,pos
FUN_008943,228,0.13058419243986255,3,pos_s1086_e1152_s1272_e1338_s1350_e1392,102,0.058419243986254296,1,pos_s1086_e1152
FUN_016574,0,0.0,0,pos,0,0.0,0,pos
FUN_005713,54,0.0371900826446281,0,pos,0,0.0,0,pos
FUN_004395,0,0.0,0,pos,0,0.0,0,pos
FUN_007263,0,0.0,0,pos,0,0.0,0,pos
FUN_009934,78,0.06701030927835051,1,pos_s66_e114,6,0.005154639175257732,0,pos
FUN_010097,0,0.0,0,pos,0,0.0,0,pos
FUN_015389,0,0.0,0,pos,0,0.0,0,pos
FUN_009450,0,0.0,0,pos,0,0.0,0,pos
FUN_003118,0,0.0,0,pos,0,0.0,0,pos
FUN_009111,18,0.0375,0,pos,0,0.0,0,pos
FUN_003775,0,0.0,0,pos,0,0.0,0,pos
FUN_012488,0,0.0,0,pos,0,0.0,0,pos
FUN_003049,0,0.0,0,pos,0,0.0,0,pos
FUN_012468,0,0.0,0,pos,0,0.0,0,pos
FUN_016312,0,0.0,0,pos,0,0.0,0,pos
FUN_002484,0,0.0,0,pos,0,0.0,0,pos
FUN_010110,0,0.0,0,pos,0,0.0,0,pos
FUN_006705,0,0.0,0,pos,0,0.0,0,pos
FUN_012177,0,0.0,0,pos,0,0.0,0,pos
FUN_009479,204,0.12363636363636364,3,pos_s114_e150_s750_e792_s810_e840,18,0.01090909090909091,0,pos
FUN_009905,66,0.2037037037037037,1,pos_s12_e60,6,0.018518518518518517,0,pos
FUN_001832,402,0.08354114713216958,4,pos_s486_e576_s1602_e1638_s2028_e2118_s4482_e4620,222,0.046134663341645885,3,pos_s486_e522_s2028_e2082_s4500_e4614
FUN_009811,0,0.0,0,pos,0,0.0,0,pos
FUN_004223,36,0.022813688212927757,0,pos,0,0.0,0,pos
FUN_007932,120,0.14925373134328357,1,pos_s0_e120,108,0.13432835820895522,1,pos_s6_e114
FUN_016076,0,0.0,0,pos,0,0.0,0,pos
FUN_002330,0,0.0,0,pos,0,0.0,0,pos
FUN_003436,0,0.0,0,pos,0,0.0,0,pos
FUN_005773,36,0.02564102564102564,0,pos,30,0.021367521367521368,0,pos
FUN_012539,0,0.0,0,pos,0,0.0,0,pos
FUN_009610,0,0.0,0,pos,0,0.0,0,pos
FUN_001108,0,0.0,0,pos,0,0.0,0,pos
FUN_006394,0,0.0,0,pos,0,0.0,0,pos
FUN_005084,12,0.024691358024691357,0,pos,0,0.0,0,pos
FUN_005362,0,0.0,0,pos,0,0.0,0,pos
FUN_000518,0,0.0,0,pos,0,0.0,0,pos
FUN_006770,0,0.0,0,pos,0,0.0,0,pos
FUN_012549,0,0.0,0,pos,0,0.0,0,pos
FUN_010255,0,0.0,0,pos,0,0.0,0,pos
FUN_008215,0,0.0,0,pos,0,0.0,0,pos
FUN_007016,246,0.13015873015873017,1,pos_s954_e1200,138,0.07301587301587302,2,pos_s984_e1068_s1074_e1116
FUN_000962,0,0.0,0,pos,0,0.0,0,pos
FUN_003740,0,0.0,0,pos,0,0.0,0,pos
FUN_000976,0,0.0,0,pos,0,0.0,0,pos
FUN_012370,0,0.0,0,pos,0,0.0,0,pos
FUN_006879,0,0.0,0,pos,0,0.0,0,pos
FUN_008418,48,0.024464831804281346,1,pos_s84_e132,0,0.0,0,pos
FUN_006363,18,0.03225806451612903,0,pos,0,0.0,0,pos
FUN_001551,6,0.003937007874015748,0,pos,0,0.0,0,pos
FUN_010961,24,0.011834319526627219,0,pos,0,0.0,0,pos
FUN_011745,0,0.0,0,pos,0,0.0,0,pos
FUN_000793,0,0.0,0,pos,0,0.0,0,pos
FUN_010932,0,0.0,0,pos,0,0.0,0,pos
FUN_001855,18,0.02857142857142857,0,pos,0,0.0,0,pos
FUN_000213,0,0.0,0,pos,0,0.0,0,pos
FUN_004106,0,0.0,0,pos,0,0.0,0,pos
FUN_001941,0,0.0,0,pos,0,0.0,0,pos
FUN_015367,0,0.0,0,pos,0,0.0,0,pos
FUN_001438,0,0.0,0,pos,0,0.0,0,pos
FUN_003918,0,0.0,0,pos,0,0.0,0,pos
FUN_009699,0,0.0,0,pos,0,0.0,0,pos
FUN_004477,18,0.009554140127388535,0,pos,0,0.0,0,pos
FUN_000275,24,0.008213552361396304,0,pos,0,0.0,0,pos
FUN_016423,0,0.0,0,pos,0,0.0,0,pos
FUN_006681,0,0.0,0,pos,0,0.0,0,pos
FUN_002569,120,0.08849557522123894,1,pos_s1254_e1350,90,0.06637168141592921,1,pos_s1254_e1338
FUN_015945,0,0.0,0,pos,0,0.0,0,pos
FUN_004054,0,0.0,0,pos,0,0.0,0,pos
FUN_007930,84,0.02734375,1,pos_s1542_e1626,12,0.00390625,0,pos
FUN_008353,12,0.010256410256410256,0,pos,0,0.0,0,pos
FUN_010580,12,0.017094017094017096,0,pos,0,0.0,0,pos
FUN_011594,0,0.0,0,pos,0,0.0,0,pos
FUN_003586,0,0.0,0,pos,0,0.0,0,pos
FUN_002018,150,0.025252525252525252,2,pos_s2598_e2646_s4086_e4176,6,0.00101010101010101,0,pos
FUN_002083,0,0.0,0,pos,0,0.0,0,pos
FUN_007170,276,0.07903780068728522,4,pos_s1332_e1386_s1446_e1500_s2328_e2370_s2376_e2472,60,0.01718213058419244,1,pos_s2424_e2472
FUN_005182,0,0.0,0,pos,0,0.0,0,pos
FUN_002286,0,0.0,0,pos,0,0.0,0,pos
FUN_000301,246,0.06844741235392321,3,pos_s978_e1092_s1188_e1248_s1350_e1380,60,0.01669449081803005,1,pos_s1194_e1248
FUN_008303,0,0.0,0,pos,0,0.0,0,pos
FUN_002889,102,0.034274193548387094,2,pos_s72_e102_s1548_e1620,0,0.0,0,pos
FUN_000176,0,0.0,0,pos,0,0.0,0,pos
FUN_015478,0,0.0,0,pos,0,0.0,0,pos
FUN_004404,108,0.05278592375366569,2,pos_s1602_e1650_s1668_e1704,30,0.01466275659824047,0,pos
FUN_008452,0,0.0,0,pos,0,0.0,0,pos
FUN_001987,0,0.0,0,pos,0,0.0,0,pos
FUN_015521,0,0.0,0,pos,0,0.0,0,pos
FUN_007880,0,0.0,0,pos,0,0.0,0,pos
FUN_015684,0,0.0,0,pos,0,0.0,0,pos
FUN_006895,0,0.0,0,pos,0,0.0,0,pos
FUN_007705,216,0.025604551920341393,2,pos_s5142_e5250_s6678_e6732,126,0.014935988620199146,2,pos_s5166_e5214_s6684_e6726
FUN_016726,114,0.09004739336492891,1,pos_s1098_e1212,114,0.09004739336492891,1,pos_s1098_e1212
FUN_009038,0,0.0,0,pos,0,0.0,0,pos
FUN_001520,0,0.0,0,pos,0,0.0,0,pos
FUN_008772,0,0.0,0,pos,0,0.0,0,pos
FUN_002270,0,0.0,0,pos,0,0.0,0,pos
FUN_004314,18,0.014423076923076924,0,pos,18,0.014423076923076924,0,pos
FUN_016386,0,0.0,0,pos,0,0.0,0,pos
FUN_006075,12,0.008849557522123894,0,pos,0,0.0,0,pos
FUN_009845,0,0.0,0,pos,0,0.0,0,pos
FUN_004169,0,0.0,0,pos,0,0.0,0,pos
FUN_005850,12,0.022988505747126436,0,pos,0,0.0,0,pos
FUN_002145,0,0.0,0,pos,0,0.0,0,pos
FUN_009730,114,0.08333333333333333,2,pos_s366_e414_s720_e750,0,0.0,0,pos
FUN_006764,0,0.0,0,pos,0,0.0,0,pos
FUN_010505,102,0.01954022988505747,2,pos_s3612_e3642_s3978_e4026,0,0.0,0,pos
FUN_004039,0,0.0,0,pos,0,0.0,0,pos
FUN_007070,30,0.0211864406779661,1,pos_s162_e192,0,0.0,0,pos
FUN_011835,0,0.0,0,pos,0,0.0,0,pos
FUN_001400,90,0.027777777777777776,1,pos_s474_e516,0,0.0,0,pos
FUN_006187,0,0.0,0,pos,0,0.0,0,pos
FUN_005734,126,0.06862745098039216,0,pos,60,0.032679738562091505,1,pos_s1740_e1800
FUN_008170,18,0.00980392156862745,0,pos,0,0.0,0,pos
FUN_001539,24,0.0125,0,pos,0,0.0,0,pos
FUN_004422,90,0.04437869822485207,1,pos_s132_e222,0,0.0,0,pos
FUN_002378,0,0.0,0,pos,0,0.0,0,pos
FUN_005195,0,0.0,0,pos,0,0.0,0,pos
FUN_007185,126,0.0860655737704918,1,pos_s246_e354,18,0.012295081967213115,0,pos
FUN_001379,24,0.03508771929824561,0,pos,0,0.0,0,pos
FUN_000391,84,0.10071942446043165,1,pos_s0_e78,0,0.0,0,pos
FUN_010227,126,0.03664921465968586,3,pos_s402_e432_s1284_e1320_s2250_e2280,0,0.0,0,pos
FUN_004538,0,0.0,0,pos,0,0.0,0,pos
FUN_009128,0,0.0,0,pos,0,0.0,0,pos
FUN_011838,0,0.0,0,pos,0,0.0,0,pos
FUN_003079,24,0.010810810810810811,0,pos,0,0.0,0,pos
FUN_015273,0,0.0,0,pos,0,0.0,0,pos
FUN_011700,0,0.0,0,pos,0,0.0,0,pos
FUN_003922,72,0.0502092050209205,1,pos_s1350_e1404,0,0.0,0,pos
FUN_001506,0,0.0,0,pos,0,0.0,0,pos
FUN_007493,0,0.0,0,pos,0,0.0,0,pos
FUN_008643,0,0.0,0,pos,0,0.0,0,pos
FUN_005578,30,0.018796992481203006,0,pos,0,0.0,0,pos
FUN_001498,0,0.0,0,pos,0,0.0,0,pos
FUN_012256,0,0.0,0,pos,0,0.0,0,pos
FUN_010229,138,0.03392330383480826,3,pos_s3360_e3396_s3426_e3468_s3474_e3510,36,0.008849557522123894,0,pos
FUN_008909,90,0.08379888268156424,1,pos_s714_e792,48,0.0446927374301676,1,pos_s744_e792
FUN_015849,0,0.0,0,pos,0,0.0,0,pos
FUN_002238,24,0.013651877133105802,0,pos,0,0.0,0,pos
FUN_003741,0,0.0,0,pos,0,0.0,0,pos
FUN_006813,0,0.0,0,pos,0,0.0,0,pos
FUN_009936,0,0.0,0,pos,0,0.0,0,pos
FUN_005996,12,0.0392156862745098,0,pos,12,0.0392156862745098,0,pos
FUN_012529,0,0.0,0,pos,0,0.0,0,pos
FUN_007440,24,0.0048721071863581,0,pos,0,0.0,0,pos
FUN_007129,0,0.0,0,pos,0,0.0,0,pos
FUN_003342,294,0.1346153846153846,4,pos_s138_e234_s282_e384_s1986_e2034_s2040_e2070,90,0.04120879120879121,1,pos_s324_e372
FUN_001986,36,0.025974025974025976,0,pos,0,0.0,0,pos
FUN_011029,60,0.006779661016949152,0,pos,18,0.002033898305084746,0,pos
FUN_006047,252,0.04692737430167598,3,pos_s1290_e1332_s1380_e1416_s1692_e1782,78,0.01452513966480447,1,pos_s1704_e1764
FUN_006754,0,0.0,0,pos,0,0.0,0,pos
FUN_000058,0,0.0,0,pos,0,0.0,0,pos
FUN_000220,0,0.0,0,pos,0,0.0,0,pos
FUN_012125,0,0.0,0,pos,0,0.0,0,pos
FUN_006350,0,0.0,0,pos,0,0.0,0,pos
FUN_000872,0,0.0,0,pos,0,0.0,0,pos
FUN_007527,6,0.00625,0,pos,6,0.00625,0,pos
FUN_012337,0,0.0,0,pos,0,0.0,0,pos
FUN_003942,0,0.0,0,pos,0,0.0,0,pos
FUN_010210,702,0.2708333333333333,7,pos_s42_e126_s654_e714_s720_e828_s1392_e1446_s1482_e1596_s1734_e1812_s2190_e2316,216,0.08333333333333333,3,pos_s678_e714_s720_e780_s2190_e2220
FUN_001181,0,0.0,0,pos,0,0.0,0,pos
FUN_008246,0,0.0,0,pos,0,0.0,0,pos
FUN_008005,18,0.022900763358778626,0,pos,0,0.0,0,pos
FUN_003030,0,0.0,0,pos,0,0.0,0,pos
FUN_010772,12,0.025,0,pos,0,0.0,0,pos
FUN_010749,6,0.004405286343612335,0,pos,0,0.0,0,pos
FUN_009179,66,0.0267639902676399,1,pos_s528_e594,24,0.009732360097323601,0,pos
FUN_015876,0,0.0,0,pos,0,0.0,0,pos
FUN_010746,0,0.0,0,pos,0,0.0,0,pos
FUN_009018,24,0.008298755186721992,0,pos,0,0.0,0,pos
FUN_004586,0,0.0,0,pos,0,0.0,0,pos
FUN_000273,0,0.0,0,pos,0,0.0,0,pos
FUN_010465,96,0.05555555555555555,1,pos_s678_e744,18,0.010416666666666666,0,pos
FUN_008788,0,0.0,0,pos,0,0.0,0,pos
FUN_005519,0,0.0,0,pos,0,0.0,0,pos
FUN_001543,6,0.008695652173913044,0,pos,6,0.008695652173913044,0,pos
FUN_004080,60,0.03861003861003861,1,pos_s1308_e1338,0,0.0,0,pos
FUN_006521,78,0.040880503144654086,1,pos_s1362_e1440,0,0.0,0,pos
FUN_011517,0,0.0,0,pos,0,0.0,0,pos
FUN_009002,0,0.0,0,pos,0,0.0,0,pos
FUN_010263,780,0.20766773162939298,10,pos_s636_e666_s1290_e1338_s1386_e1452_s1608_e1716_s2154_e2184_s2250_e2364_s2544_e2610_s2916_e3030_s3402_e3498_s3510_e3564,318,0.08466453674121406,5,pos_s636_e666_s1392_e1440_s2268_e2364_s2916_e3000_s3456_e3498
FUN_002217,0,0.0,0,pos,0,0.0,0,pos
FUN_003837,102,0.06854838709677419,1,pos_s696_e756,0,0.0,0,pos
FUN_003410,0,0.0,0,pos,0,0.0,0,pos
FUN_001976,6,0.003289473684210526,0,pos,0,0.0,0,pos
FUN_016588,90,0.048701298701298704,1,pos_s342_e432,36,0.01948051948051948,1,pos_s342_e378
FUN_008530,0,0.0,0,pos,0,0.0,0,pos
FUN_011394,0,0.0,0,pos,0,0.0,0,pos
FUN_011002,660,0.08333333333333333,8,pos_s324_e372_s1506_e1548_s1644_e1680_s4674_e4704_s4710_e4752_s5556_e5754_s5766_e5874_s6072_e6138,240,0.030303030303030304,3,pos_s324_e372_s5706_e5754_s5766_e5808
FUN_000609,12,0.0057306590257879654,0,pos,0,0.0,0,pos
FUN_010777,96,0.10884353741496598,2,pos_s348_e414_s510_e540,24,0.027210884353741496,0,pos
FUN_016406,0,0.0,0,pos,0,0.0,0,pos
FUN_006526,12,0.0196078431372549,0,pos,0,0.0,0,pos
FUN_006759,0,0.0,0,pos,0,0.0,0,pos
FUN_002904,180,0.040376850605652756,3,pos_s792_e840_s900_e936_s1422_e1494,6,0.0013458950201884253,0,pos
FUN_006633,0,0.0,0,pos,0,0.0,0,pos
FUN_001500,30,0.02074688796680498,1,pos_s42_e72,0,0.0,0,pos
FUN_012420,0,0.0,0,pos,0,0.0,0,pos
FUN_009095,0,0.0,0,pos,0,0.0,0,pos
FUN_007336,0,0.0,0,pos,0,0.0,0,pos
FUN_010894,54,0.02710843373493976,1,pos_s1560_e1614,6,0.0030120481927710845,0,pos
FUN_007087,0,0.0,0,pos,0,0.0,0,pos
FUN_004424,318,0.16358024691358025,3,pos_s342_e372_s990_e1200_s1770_e1830,138,0.07098765432098765,1,pos_s996_e1110
FUN_000324,6,0.002,0,pos,0,0.0,0,pos
FUN_011578,0,0.0,0,pos,0,0.0,0,pos
FUN_008151,0,0.0,0,pos,0,0.0,0,pos
FUN_015364,0,0.0,0,pos,0,0.0,0,pos
FUN_006625,72,0.4,1,pos_s42_e108,0,0.0,0,pos
FUN_003868,0,0.0,0,pos,0,0.0,0,pos
FUN_003522,0,0.0,0,pos,0,0.0,0,pos
FUN_009721,66,0.02588235294117647,1,pos_s264_e312,36,0.01411764705882353,1,pos_s276_e312
FUN_003567,120,0.12121212121212122,1,pos_s360_e480,60,0.06060606060606061,1,pos_s438_e474
FUN_000584,0,0.0,0,pos,0,0.0,0,pos
FUN_012075,0,0.0,0,pos,0,0.0,0,pos
FUN_016769,0,0.0,0,pos,0,0.0,0,pos
FUN_008263,54,0.0989010989010989,0,pos,0,0.0,0,pos
FUN_007773,0,0.0,0,pos,0,0.0,0,pos
FUN_000697,0,0.0,0,pos,0,0.0,0,pos
FUN_011494,0,0.0,0,pos,0,0.0,0,pos
FUN_012528,0,0.0,0,pos,0,0.0,0,pos
FUN_004320,0,0.0,0,pos,0,0.0,0,pos
FUN_004097,0,0.0,0,pos,0,0.0,0,pos
FUN_006838,0,0.0,0,pos,0,0.0,0,pos
FUN_002635,0,0.0,0,pos,0,0.0,0,pos
FUN_011765,0,0.0,0,pos,0,0.0,0,pos
FUN_004117,0,0.0,0,pos,0,0.0,0,pos
FUN_006890,0,0.0,0,pos,0,0.0,0,pos
FUN_001291,0,0.0,0,pos,0,0.0,0,pos
FUN_004377,0,0.0,0,pos,0,0.0,0,pos
FUN_004904,0,0.0,0,pos,0,0.0,0,pos
FUN_002841,0,0.0,0,pos,0,0.0,0,pos
FUN_015296,0,0.0,0,pos,0,0.0,0,pos
FUN_003321,0,0.0,0,pos,0,0.0,0,pos
FUN_000150,0,0.0,0,pos,0,0.0,0,pos
FUN_015763,0,0.0,0,pos,0,0.0,0,pos
FUN_003535,0,0.0,0,pos,0,0.0,0,pos
FUN_009313,378,0.15365853658536585,4,pos_s558_e600_s702_e816_s918_e1020_s1236_e1308,42,0.01707317073170732,1,pos_s774_e804
FUN_002235,0,0.0,0,pos,0,0.0,0,pos
FUN_008267,120,0.042283298097251586,2,pos_s1686_e1728_s2304_e2364,0,0.0,0,pos
FUN_015752,0,0.0,0,pos,0,0.0,0,pos
FUN_016546,30,0.022123893805309734,0,pos,24,0.017699115044247787,0,pos
FUN_008880,138,0.10599078341013825,2,pos_s444_e492_s1194_e1254,24,0.018433179723502304,0,pos
FUN_008920,0,0.0,0,pos,0,0.0,0,pos
FUN_012169,0,0.0,0,pos,0,0.0,0,pos
FUN_007003,114,0.0581039755351682,1,pos_s1014_e1128,102,0.05198776758409786,1,pos_s1026_e1128
FUN_012260,0,0.0,0,pos,0,0.0,0,pos
FUN_011424,0,0.0,0,pos,0,0.0,0,pos
FUN_010779,0,0.0,0,pos,0,0.0,0,pos
FUN_009267,18,0.23076923076923078,0,pos,6,0.07692307692307693,0,pos
FUN_015599,0,0.0,0,pos,0,0.0,0,pos
FUN_008293,0,0.0,0,pos,0,0.0,0,pos
FUN_011441,0,0.0,0,pos,0,0.0,0,pos
FUN_001432,0,0.0,0,pos,0,0.0,0,pos
FUN_015384,0,0.0,0,pos,0,0.0,0,pos
FUN_003414,114,0.07279693486590039,2,pos_s786_e822_s840_e894,0,0.0,0,pos
FUN_010993,0,0.0,0,pos,0,0.0,0,pos
FUN_005383,168,0.03393939393939394,1,pos_s1962_e2040,12,0.0024242424242424242,0,pos
FUN_003096,0,0.0,0,pos,0,0.0,0,pos
FUN_006339,0,0.0,0,pos,0,0.0,0,pos
FUN_010512,0,0.0,0,pos,0,0.0,0,pos
FUN_006353,42,0.024734982332155476,0,pos,0,0.0,0,pos
FUN_002924,0,0.0,0,pos,0,0.0,0,pos
FUN_003726,0,0.0,0,pos,0,0.0,0,pos
FUN_006364,222,0.12171052631578948,3,pos_s246_e312_s648_e732_s1674_e1734,126,0.06907894736842106,2,pos_s648_e732_s1698_e1734
FUN_001244,18,0.02040816326530612,0,pos,0,0.0,0,pos
FUN_010699,0,0.0,0,pos,0,0.0,0,pos
FUN_010533,132,0.06707317073170732,1,pos_s1794_e1896,24,0.012195121951219513,0,pos
FUN_004728,0,0.0,0,pos,0,0.0,0,pos
FUN_009835,0,0.0,0,pos,0,0.0,0,pos
FUN_001357,0,0.0,0,pos,0,0.0,0,pos
FUN_004232,0,0.0,0,pos,0,0.0,0,pos
FUN_002203,48,0.026402640264026403,0,pos,0,0.0,0,pos
FUN_012343,0,0.0,0,pos,0,0.0,0,pos
FUN_003487,0,0.0,0,pos,0,0.0,0,pos
FUN_004219,0,0.0,0,pos,0,0.0,0,pos
FUN_011827,0,0.0,0,pos,0,0.0,0,pos
FUN_002533,0,0.0,0,pos,0,0.0,0,pos
FUN_002652,0,0.0,0,pos,0,0.0,0,pos
FUN_004499,0,0.0,0,pos,0,0.0,0,pos
FUN_015314,0,0.0,0,pos,0,0.0,0,pos
FUN_005330,0,0.0,0,pos,0,0.0,0,pos
FUN_016502,0,0.0,0,pos,0,0.0,0,pos
FUN_007749,120,0.0267022696929239,1,pos_s3324_e3438,78,0.017356475300400534,1,pos_s3366_e3438
FUN_006016,0,0.0,0,pos,0,0.0,0,pos
FUN_007022,18,0.031578947368421054,0,pos,0,0.0,0,pos
FUN_007047,0,0.0,0,pos,0,0.0,0,pos
FUN_011039,168,0.09859154929577464,2,pos_s480_e510_s1620_e1662,30,0.017605633802816902,0,pos
FUN_000046,252,0.05042016806722689,1,pos_s486_e738,66,0.013205282112845138,1,pos_s486_e522
FUN_006424,150,0.03698224852071006,2,pos_s2262_e2292_s3702_e3780,6,0.0014792899408284023,0,pos
FUN_012542,0,0.0,0,pos,0,0.0,0,pos
FUN_005231,0,0.0,0,pos,0,0.0,0,pos
FUN_007979,18,0.08108108108108109,0,pos,0,0.0,0,pos
FUN_009607,30,0.056179775280898875,0,pos,0,0.0,0,pos
FUN_004605,90,0.07537688442211055,0,pos,42,0.035175879396984924,1,pos_s1122_e1164
FUN_000473,54,0.010817307692307692,1,pos_s1728_e1782,54,0.010817307692307692,1,pos_s1728_e1782
FUN_005350,0,0.0,0,pos,0,0.0,0,pos
FUN_007761,0,0.0,0,pos,0,0.0,0,pos
FUN_010464,0,0.0,0,pos,0,0.0,0,pos
FUN_004177,6,0.001076426264800861,0,pos,0,0.0,0,pos
FUN_001620,12,0.008064516129032258,0,pos,0,0.0,0,pos
FUN_002939,0,0.0,0,pos,0,0.0,0,pos
FUN_005164,0,0.0,0,pos,0,0.0,0,pos
FUN_003964,24,0.02072538860103627,0,pos,0,0.0,0,pos
FUN_002611,0,0.0,0,pos,0,0.0,0,pos
FUN_007115,0,0.0,0,pos,0,0.0,0,pos
FUN_008347,0,0.0,0,pos,0,0.0,0,pos
FUN_011187,0,0.0,0,pos,0,0.0,0,pos
FUN_004030,0,0.0,0,pos,0,0.0,0,pos
FUN_015813,0,0.0,0,pos,0,0.0,0,pos
FUN_006609,0,0.0,0,pos,0,0.0,0,pos
FUN_008507,0,0.0,0,pos,0,0.0,0,pos
FUN_003735,0,0.0,0,pos,0,0.0,0,pos
FUN_000233,54,0.02102803738317757,0,pos,0,0.0,0,pos
FUN_012105,0,0.0,0,pos,0,0.0,0,pos
FUN_003823,0,0.0,0,pos,0,0.0,0,pos
FUN_001254,60,0.03436426116838488,1,pos_s1044_e1080,12,0.006872852233676976,0,pos
FUN_004262,0,0.0,0,pos,0,0.0,0,pos
FUN_015451,0,0.0,0,pos,0,0.0,0,pos
FUN_016770,0,0.0,0,pos,0,0.0,0,pos
FUN_012391,0,0.0,0,pos,0,0.0,0,pos
FUN_000563,24,0.005242463958060288,0,pos,0,0.0,0,pos
FUN_007712,222,0.06727272727272728,5,pos_s1380_e1440_s1608_e1662_s1722_e1752_s2280_e2322_s2478_e2508,0,0.0,0,pos
FUN_011062,0,0.0,0,pos,0,0.0,0,pos
FUN_009155,12,0.0032948929159802307,0,pos,0,0.0,0,pos
FUN_011290,0,0.0,0,pos,0,0.0,0,pos
FUN_007698,0,0.0,0,pos,0,0.0,0,pos
FUN_004610,0,0.0,0,pos,0,0.0,0,pos
FUN_010611,228,0.06998158379373849,2,pos_s2058_e2142_s3114_e3162,6,0.001841620626151013,0,pos
FUN_009195,54,0.04225352112676056,0,pos,0,0.0,0,pos
FUN_002357,0,0.0,0,pos,0,0.0,0,pos
FUN_008699,0,0.0,0,pos,0,0.0,0,pos
FUN_010525,0,0.0,0,pos,0,0.0,0,pos
FUN_000071,0,0.0,0,pos,0,0.0,0,pos
FUN_005938,0,0.0,0,pos,0,0.0,0,pos
FUN_005924,0,0.0,0,pos,0,0.0,0,pos
FUN_008793,0,0.0,0,pos,0,0.0,0,pos
FUN_011496,0,0.0,0,pos,0,0.0,0,pos
FUN_011323,0,0.0,0,pos,0,0.0,0,pos
FUN_001748,0,0.0,0,pos,0,0.0,0,pos
FUN_002568,0,0.0,0,pos,0,0.0,0,pos
FUN_003779,0,0.0,0,pos,0,0.0,0,pos
FUN_009325,0,0.0,0,pos,0,0.0,0,pos
FUN_007808,0,0.0,0,pos,0,0.0,0,pos
FUN_004382,18,0.043478260869565216,0,pos,0,0.0,0,pos
FUN_009200,0,0.0,0,pos,0,0.0,0,pos
FUN_002462,0,0.0,0,pos,0,0.0,0,pos
FUN_007036,0,0.0,0,pos,0,0.0,0,pos
FUN_011840,0,0.0,0,pos,0,0.0,0,pos
FUN_010030,108,0.1487603305785124,2,pos_s174_e252_s576_e606,0,0.0,0,pos
FUN_006930,0,0.0,0,pos,0,0.0,0,pos
FUN_000710,48,0.020356234096692113,1,pos_s1896_e1932,12,0.005089058524173028,0,pos
FUN_011235,0,0.0,0,pos,0,0.0,0,pos
FUN_006850,0,0.0,0,pos,0,0.0,0,pos
FUN_004651,0,0.0,0,pos,0,0.0,0,pos
FUN_002546,24,0.13793103448275862,0,pos,0,0.0,0,pos
FUN_011704,0,0.0,0,pos,0,0.0,0,pos
FUN_002598,0,0.0,0,pos,0,0.0,0,pos
FUN_002684,0,0.0,0,pos,0,0.0,0,pos
FUN_006093,0,0.0,0,pos,0,0.0,0,pos
FUN_003701,78,0.11504424778761062,1,pos_s528_e606,0,0.0,0,pos
FUN_000736,0,0.0,0,pos,0,0.0,0,pos
FUN_007641,0,0.0,0,pos,0,0.0,0,pos
FUN_009268,72,0.05333333333333334,1,pos_s576_e630,42,0.03111111111111111,1,pos_s582_e624
FUN_001066,114,0.09693877551020408,1,pos_s564_e636,0,0.0,0,pos
FUN_008023,0,0.0,0,pos,0,0.0,0,pos
FUN_016106,0,0.0,0,pos,0,0.0,0,pos
FUN_010337,198,0.09041095890410959,2,pos_s372_e480_s666_e714,144,0.06575342465753424,2,pos_s372_e414_s420_e480
FUN_009776,0,0.0,0,pos,0,0.0,0,pos
FUN_001830,30,0.016286644951140065,1,pos_s792_e822,0,0.0,0,pos
FUN_006914,0,0.0,0,pos,0,0.0,0,pos
FUN_003867,0,0.0,0,pos,0,0.0,0,pos
FUN_004309,0,0.0,0,pos,0,0.0,0,pos
FUN_004951,0,0.0,0,pos,0,0.0,0,pos
FUN_007811,24,0.01532567049808429,0,pos,0,0.0,0,pos
FUN_001250,0,0.0,0,pos,0,0.0,0,pos
FUN_008001,0,0.0,0,pos,0,0.0,0,pos
FUN_010090,0,0.0,0,pos,0,0.0,0,pos
FUN_008899,66,0.019891500904159132,1,pos_s258_e288,0,0.0,0,pos
FUN_016307,0,0.0,0,pos,0,0.0,0,pos
FUN_005387,0,0.0,0,pos,0,0.0,0,pos
FUN_005371,0,0.0,0,pos,0,0.0,0,pos
FUN_008037,0,0.0,0,pos,0,0.0,0,pos
FUN_000188,0,0.0,0,pos,0,0.0,0,pos
FUN_007040,60,0.23255813953488372,1,pos_s90_e144,0,0.0,0,pos
FUN_015861,0,0.0,0,pos,0,0.0,0,pos
FUN_005617,0,0.0,0,pos,0,0.0,0,pos
FUN_009512,258,0.25443786982248523,2,pos_s504_e648_s714_e804,144,0.14201183431952663,2,pos_s558_e636_s714_e774
FUN_006358,0,0.0,0,pos,0,0.0,0,pos
FUN_016486,0,0.0,0,pos,0,0.0,0,pos
FUN_000306,0,0.0,0,pos,0,0.0,0,pos
FUN_006140,0,0.0,0,pos,0,0.0,0,pos
FUN_006276,0,0.0,0,pos,0,0.0,0,pos
FUN_006875,36,0.031088082901554404,1,pos_s654_e690,0,0.0,0,pos
FUN_008257,0,0.0,0,pos,0,0.0,0,pos
FUN_010791,54,0.06474820143884892,1,pos_s180_e210,0,0.0,0,pos
FUN_006086,0,0.0,0,pos,0,0.0,0,pos
FUN_012255,0,0.0,0,pos,0,0.0,0,pos
FUN_005611,0,0.0,0,pos,0,0.0,0,pos
FUN_011093,78,0.04659498207885305,1,pos_s1584_e1638,30,0.017921146953405017,1,pos_s1584_e1614
FUN_000650,0,0.0,0,pos,0,0.0,0,pos
FUN_003903,198,0.088,2,pos_s186_e246_s666_e792,54,0.024,1,pos_s666_e714
FUN_005875,18,0.009933774834437087,0,pos,0,0.0,0,pos
FUN_004944,0,0.0,0,pos,0,0.0,0,pos
FUN_008133,6,0.0022123893805309734,0,pos,0,0.0,0,pos
FUN_006361,0,0.0,0,pos,0,0.0,0,pos
FUN_001355,0,0.0,0,pos,0,0.0,0,pos
FUN_007240,0,0.0,0,pos,0,0.0,0,pos
FUN_002186,150,0.1037344398340249,2,pos_s108_e180_s306_e384,84,0.058091286307053944,2,pos_s108_e150_s318_e360
FUN_009864,0,0.0,0,pos,0,0.0,0,pos
FUN_000073,0,0.0,0,pos,0,0.0,0,pos
FUN_015663,0,0.0,0,pos,0,0.0,0,pos
FUN_006722,0,0.0,0,pos,0,0.0,0,pos
FUN_002619,0,0.0,0,pos,0,0.0,0,pos
FUN_002388,120,0.03861003861003861,1,pos_s1722_e1818,0,0.0,0,pos
FUN_002532,0,0.0,0,pos,0,0.0,0,pos
FUN_015850,0,0.0,0,pos,0,0.0,0,pos
FUN_008144,90,0.027522935779816515,2,pos_s2664_e2700_s2712_e2754,0,0.0,0,pos
FUN_010131,6,0.015873015873015872,0,pos,0,0.0,0,pos
FUN_002798,0,0.0,0,pos,0,0.0,0,pos
FUN_003928,18,0.015544041450777202,0,pos,0,0.0,0,pos
FUN_004220,0,0.0,0,pos,0,0.0,0,pos
FUN_001478,0,0.0,0,pos,0,0.0,0,pos
FUN_001511,198,0.05007587253414264,4,pos_s822_e852_s984_e1032_s1344_e1410_s1416_e1452,42,0.010622154779969651,1,pos_s1002_e1032
FUN_003476,102,0.0625,1,pos_s1110_e1212,60,0.03676470588235294,1,pos_s1110_e1158
FUN_000809,0,0.0,0,pos,0,0.0,0,pos
FUN_011806,0,0.0,0,pos,0,0.0,0,pos
FUN_008275,0,0.0,0,pos,0,0.0,0,pos
FUN_011357,426,0.23986486486486486,7,pos_s384_e456_s624_e672_s726_e792_s918_e972_s1176_e1212_s1218_e1248_s1482_e1584,156,0.08783783783783784,2,pos_s420_e456_s1488_e1584
FUN_000819,0,0.0,0,pos,0,0.0,0,pos
FUN_003625,0,0.0,0,pos,0,0.0,0,pos
FUN_002082,0,0.0,0,pos,0,0.0,0,pos
FUN_002279,6,0.001037344398340249,0,pos,0,0.0,0,pos
FUN_010064,48,0.011111111111111112,1,pos_s1386_e1428,42,0.009722222222222222,1,pos_s1386_e1428
FUN_012247,0,0.0,0,pos,0,0.0,0,pos
FUN_006767,96,0.04199475065616798,1,pos_s2076_e2160,0,0.0,0,pos
FUN_009099,0,0.0,0,pos,0,0.0,0,pos
FUN_001822,0,0.0,0,pos,0,0.0,0,pos
FUN_009676,0,0.0,0,pos,0,0.0,0,pos
FUN_010541,0,0.0,0,pos,0,0.0,0,pos
FUN_005448,0,0.0,0,pos,0,0.0,0,pos
FUN_000540,0,0.0,0,pos,0,0.0,0,pos
FUN_007251,0,0.0,0,pos,0,0.0,0,pos
FUN_016084,0,0.0,0,pos,0,0.0,0,pos
FUN_003488,0,0.0,0,pos,0,0.0,0,pos
FUN_007584,0,0.0,0,pos,0,0.0,0,pos
FUN_000378,0,0.0,0,pos,0,0.0,0,pos
FUN_010810,144,0.04743083003952569,3,pos_s2436_e2484_s2556_e2592_s2598_e2658,6,0.001976284584980237,0,pos
FUN_011075,0,0.0,0,pos,0,0.0,0,pos
FUN_001232,0,0.0,0,pos,0,0.0,0,pos
FUN_008667,0,0.0,0,pos,0,0.0,0,pos
FUN_006474,0,0.0,0,pos,0,0.0,0,pos
FUN_007928,60,0.01221001221001221,0,pos,30,0.006105006105006105,0,pos
FUN_011337,6,0.007194244604316547,0,pos,0,0.0,0,pos
FUN_002614,24,0.04938271604938271,0,pos,0,0.0,0,pos
FUN_002231,48,0.02247191011235955,1,pos_s1848_e1896,0,0.0,0,pos
FUN_007970,0,0.0,0,pos,0,0.0,0,pos
FUN_007204,0,0.0,0,pos,0,0.0,0,pos
FUN_002149,0,0.0,0,pos,0,0.0,0,pos
FUN_003317,0,0.0,0,pos,0,0.0,0,pos
FUN_003795,66,0.08088235294117647,1,pos_s702_e750,0,0.0,0,pos
FUN_015326,0,0.0,0,pos,0,0.0,0,pos
FUN_005815,0,0.0,0,pos,0,0.0,0,pos
FUN_005333,0,0.0,0,pos,0,0.0,0,pos
FUN_006708,0,0.0,0,pos,0,0.0,0,pos
FUN_009995,12,0.006944444444444444,0,pos,0,0.0,0,pos
FUN_010208,0,0.0,0,pos,0,0.0,0,pos
FUN_001801,0,0.0,0,pos,0,0.0,0,pos
FUN_000890,6,0.0030959752321981426,0,pos,6,0.0030959752321981426,0,pos
FUN_000903,0,0.0,0,pos,0,0.0,0,pos
FUN_004709,0,0.0,0,pos,0,0.0,0,pos
FUN_011321,576,0.09186602870813397,8,pos_s0_e30_s1380_e1446_s1458_e1494_s2028_e2100_s2112_e2166_s2430_e2514_s3990_e4038_s4410_e4470,252,0.04019138755980861,3,pos_s2046_e2094_s2430_e2472_s3990_e4026
FUN_002757,0,0.0,0,pos,0,0.0,0,pos
FUN_002135,0,0.0,0,pos,0,0.0,0,pos
FUN_003241,36,0.012219959266802444,1,pos_s636_e672,6,0.002036659877800407,0,pos
FUN_015871,0,0.0,0,pos,0,0.0,0,pos
FUN_008952,0,0.0,0,pos,0,0.0,0,pos
FUN_005083,0,0.0,0,pos,0,0.0,0,pos
FUN_008423,0,0.0,0,pos,0,0.0,0,pos
FUN_009941,36,0.036585365853658534,1,pos_s54_e90,18,0.018292682926829267,0,pos
FUN_000336,0,0.0,0,pos,0,0.0,0,pos
FUN_009679,108,0.03614457831325301,2,pos_s0_e54_s2352_e2382,0,0.0,0,pos
FUN_005461,0,0.0,0,pos,0,0.0,0,pos
FUN_006228,0,0.0,0,pos,0,0.0,0,pos
FUN_006113,36,0.017191977077363897,0,pos,0,0.0,0,pos
FUN_000100,0,0.0,0,pos,0,0.0,0,pos
FUN_001938,0,0.0,0,pos,0,0.0,0,pos
FUN_015567,0,0.0,0,pos,0,0.0,0,pos
FUN_001527,0,0.0,0,pos,0,0.0,0,pos
FUN_009431,0,0.0,0,pos,0,0.0,0,pos
FUN_003130,18,0.004335260115606936,0,pos,0,0.0,0,pos
FUN_000369,0,0.0,0,pos,0,0.0,0,pos
FUN_016256,0,0.0,0,pos,0,0.0,0,pos
FUN_005980,78,0.8125,1,pos_s0_e78,48,0.5,1,pos_s30_e78
FUN_004435,0,0.0,0,pos,0,0.0,0,pos
FUN_011993,0,0.0,0,pos,0,0.0,0,pos
FUN_008300,0,0.0,0,pos,0,0.0,0,pos
FUN_009086,0,0.0,0,pos,0,0.0,0,pos
FUN_000567,0,0.0,0,pos,0,0.0,0,pos
FUN_008309,0,0.0,0,pos,0,0.0,0,pos
FUN_016089,0,0.0,0,pos,0,0.0,0,pos
FUN_005517,0,0.0,0,pos,0,0.0,0,pos
FUN_016816,0,0.0,0,pos,0,0.0,0,pos
FUN_005960,0,0.0,0,pos,0,0.0,0,pos
FUN_002954,24,0.020100502512562814,0,pos,0,0.0,0,pos
FUN_000034,0,0.0,0,pos,0,0.0,0,pos
FUN_000400,0,0.0,0,pos,0,0.0,0,pos
FUN_001676,72,0.03934426229508197,1,pos_s0_e72,42,0.022950819672131147,1,pos_s0_e42
FUN_004941,6,0.007518796992481203,0,pos,0,0.0,0,pos
FUN_010959,0,0.0,0,pos,0,0.0,0,pos
FUN_005721,12,0.007067137809187279,0,pos,0,0.0,0,pos
FUN_001982,84,0.008733624454148471,1,pos_s54_e108,36,0.0037429819089207735,0,pos
FUN_006792,0,0.0,0,pos,0,0.0,0,pos
FUN_009558,0,0.0,0,pos,0,0.0,0,pos
FUN_012129,0,0.0,0,pos,0,0.0,0,pos
FUN_005496,0,0.0,0,pos,0,0.0,0,pos
FUN_008686,0,0.0,0,pos,0,0.0,0,pos
FUN_015415,0,0.0,0,pos,0,0.0,0,pos
FUN_010898,0,0.0,0,pos,0,0.0,0,pos
FUN_004905,12,0.006944444444444444,0,pos,0,0.0,0,pos
FUN_004565,0,0.0,0,pos,0,0.0,0,pos
FUN_004754,0,0.0,0,pos,0,0.0,0,pos
FUN_005499,6,0.008064516129032258,0,pos,0,0.0,0,pos
FUN_008250,180,0.04672897196261682,2,pos_s60_e150_s420_e504,96,0.024922118380062305,2,pos_s96_e150_s438_e480
FUN_009732,0,0.0,0,pos,0,0.0,0,pos
FUN_007884,0,0.0,0,pos,0,0.0,0,pos
FUN_004064,0,0.0,0,pos,0,0.0,0,pos
FUN_016362,0,0.0,0,pos,0,0.0,0,pos
FUN_007442,84,0.06930693069306931,2,pos_s330_e360_s738_e792,0,0.0,0,pos
FUN_004675,12,0.012578616352201259,0,pos,0,0.0,0,pos
FUN_005570,0,0.0,0,pos,0,0.0,0,pos
FUN_002721,0,0.0,0,pos,0,0.0,0,pos
FUN_012353,0,0.0,0,pos,0,0.0,0,pos
FUN_002926,6,0.045454545454545456,0,pos,0,0.0,0,pos
FUN_000064,0,0.0,0,pos,0,0.0,0,pos
FUN_016495,0,0.0,0,pos,0,0.0,0,pos
FUN_011739,0,0.0,0,pos,0,0.0,0,pos
FUN_011017,0,0.0,0,pos,0,0.0,0,pos
FUN_002105,0,0.0,0,pos,0,0.0,0,pos
FUN_003761,0,0.0,0,pos,0,0.0,0,pos
FUN_010930,0,0.0,0,pos,0,0.0,0,pos
FUN_010045,54,0.032490974729241874,1,pos_s1344_e1392,42,0.02527075812274368,1,pos_s1350_e1392
FUN_007530,126,0.07608695652173914,1,pos_s468_e594,114,0.06884057971014493,1,pos_s474_e588
FUN_001146,0,0.0,0,pos,0,0.0,0,pos
FUN_000175,0,0.0,0,pos,0,0.0,0,pos
FUN_001889,0,0.0,0,pos,0,0.0,0,pos
FUN_004006,0,0.0,0,pos,0,0.0,0,pos
FUN_001431,18,0.003115264797507788,0,pos,0,0.0,0,pos
FUN_008640,0,0.0,0,pos,0,0.0,0,pos
FUN_005725,42,0.021604938271604937,1,pos_s1086_e1116,6,0.0030864197530864196,0,pos
FUN_007810,162,0.04909090909090909,3,pos_s666_e696_s1050_e1152_s1470_e1500,90,0.02727272727272727,1,pos_s1050_e1128
FUN_007927,0,0.0,0,pos,0,0.0,0,pos
FUN_007302,0,0.0,0,pos,0,0.0,0,pos
FUN_003034,0,0.0,0,pos,0,0.0,0,pos
FUN_007385,180,0.036855036855036855,2,pos_s2490_e2556_s3606_e3648,18,0.0036855036855036856,0,pos
FUN_009887,162,0.1875,2,pos_s6_e114_s342_e378,84,0.09722222222222222,1,pos_s42_e114
FUN_002157,12,0.014388489208633094,0,pos,6,0.007194244604316547,0,pos
FUN_008015,0,0.0,0,pos,0,0.0,0,pos
FUN_005074,0,0.0,0,pos,0,0.0,0,pos
FUN_006128,0,0.0,0,pos,0,0.0,0,pos
FUN_002272,0,0.0,0,pos,0,0.0,0,pos
FUN_015400,0,0.0,0,pos,0,0.0,0,pos
FUN_016803,0,0.0,0,pos,0,0.0,0,pos
FUN_004907,18,0.003393665158371041,0,pos,0,0.0,0,pos
FUN_005856,0,0.0,0,pos,0,0.0,0,pos
FUN_008730,0,0.0,0,pos,0,0.0,0,pos
FUN_004526,0,0.0,0,pos,0,0.0,0,pos
FUN_015782,0,0.0,0,pos,0,0.0,0,pos
FUN_002991,0,0.0,0,pos,0,0.0,0,pos
FUN_008630,0,0.0,0,pos,0,0.0,0,pos
FUN_007655,42,0.01856763925729443,1,pos_s1776_e1818,0,0.0,0,pos
FUN_015912,0,0.0,0,pos,0,0.0,0,pos
FUN_012274,0,0.0,0,pos,0,0.0,0,pos
FUN_007545,30,0.006234413965087282,1,pos_s1170_e1200,30,0.006234413965087282,1,pos_s1170_e1200
FUN_006847,210,0.08254716981132075,1,pos_s2328_e2532,156,0.06132075471698113,3,pos_s2328_e2358_s2382_e2424_s2466_e2532
FUN_010520,0,0.0,0,pos,0,0.0,0,pos
FUN_012070,0,0.0,0,pos,0,0.0,0,pos
FUN_007540,0,0.0,0,pos,0,0.0,0,pos
FUN_003407,0,0.0,0,pos,0,0.0,0,pos
FUN_009026,12,0.010752688172043012,0,pos,0,0.0,0,pos
FUN_010918,0,0.0,0,pos,0,0.0,0,pos
FUN_011884,0,0.0,0,pos,0,0.0,0,pos
FUN_001463,0,0.0,0,pos,0,0.0,0,pos
FUN_005731,0,0.0,0,pos,0,0.0,0,pos
FUN_010285,0,0.0,0,pos,0,0.0,0,pos
FUN_007194,0,0.0,0,pos,0,0.0,0,pos
FUN_006190,48,0.13333333333333333,1,pos_s156_e204,48,0.13333333333333333,1,pos_s156_e204
FUN_004929,0,0.0,0,pos,0,0.0,0,pos
FUN_002500,30,0.017421602787456445,0,pos,0,0.0,0,pos
FUN_002774,6,0.006289308176100629,0,pos,0,0.0,0,pos
FUN_009209,0,0.0,0,pos,0,0.0,0,pos
FUN_011217,0,0.0,0,pos,0,0.0,0,pos
FUN_004423,0,0.0,0,pos,0,0.0,0,pos
FUN_015285,0,0.0,0,pos,0,0.0,0,pos
FUN_005808,0,0.0,0,pos,0,0.0,0,pos
FUN_001533,1260,0.049388523047977424,14,pos_s516_e588_s6510_e6540_s9588_e9648_s12444_e12486_s12492_e12558_s14226_e14346_s14388_e14430_s14646_e14736_s14826_e14880_s17064_e17100_s17112_e17244_s17316_e17418_s17640_e17754_s24384_e24468,420,0.016462841015992474,6,pos_s12444_e12486_s12492_e12558_s14274_e14340_s14646_e14730_s17064_e17094_s17358_e17406
FUN_010923,0,0.0,0,pos,0,0.0,0,pos
FUN_009716,0,0.0,0,pos,0,0.0,0,pos
FUN_002275,42,0.024390243902439025,0,pos,0,0.0,0,pos
FUN_000207,30,0.08620689655172414,1,pos_s0_e30,0,0.0,0,pos
FUN_007777,0,0.0,0,pos,0,0.0,0,pos
FUN_004689,0,0.0,0,pos,0,0.0,0,pos
FUN_012111,0,0.0,0,pos,0,0.0,0,pos
FUN_003408,0,0.0,0,pos,0,0.0,0,pos
FUN_006332,0,0.0,0,pos,0,0.0,0,pos
FUN_008955,0,0.0,0,pos,0,0.0,0,pos
FUN_004766,30,0.024271844660194174,0,pos,24,0.019417475728155338,0,pos
FUN_011516,0,0.0,0,pos,0,0.0,0,pos
FUN_000395,36,0.03636363636363636,1,pos_s288_e318,0,0.0,0,pos
FUN_003840,0,0.0,0,pos,0,0.0,0,pos
FUN_011265,0,0.0,0,pos,0,0.0,0,pos
FUN_006001,0,0.0,0,pos,0,0.0,0,pos
FUN_009877,72,0.0502092050209205,2,pos_s228_e270_s282_e312,0,0.0,0,pos
FUN_011469,0,0.0,0,pos,0,0.0,0,pos
FUN_015640,0,0.0,0,pos,0,0.0,0,pos
FUN_002247,0,0.0,0,pos,0,0.0,0,pos
FUN_001194,0,0.0,0,pos,0,0.0,0,pos
FUN_005276,0,0.0,0,pos,0,0.0,0,pos
FUN_005907,0,0.0,0,pos,0,0.0,0,pos
FUN_008784,114,0.1557377049180328,2,pos_s288_e336_s348_e390,30,0.040983606557377046,0,pos
FUN_008903,0,0.0,0,pos,0,0.0,0,pos
FUN_005193,0,0.0,0,pos,0,0.0,0,pos
FUN_016188,0,0.0,0,pos,0,0.0,0,pos
FUN_006923,0,0.0,0,pos,0,0.0,0,pos
FUN_012003,0,0.0,0,pos,0,0.0,0,pos
FUN_011870,0,0.0,0,pos,0,0.0,0,pos
FUN_016047,0,0.0,0,pos,0,0.0,0,pos
FUN_010059,0,0.0,0,pos,0,0.0,0,pos
FUN_009867,0,0.0,0,pos,0,0.0,0,pos
FUN_015638,0,0.0,0,pos,0,0.0,0,pos
FUN_016128,0,0.0,0,pos,0,0.0,0,pos
FUN_003870,192,0.0784313725490196,2,pos_s1824_e1938_s2304_e2340,114,0.04656862745098039,1,pos_s1824_e1938
FUN_005728,0,0.0,0,pos,0,0.0,0,pos
FUN_005013,0,0.0,0,pos,0,0.0,0,pos
FUN_004172,0,0.0,0,pos,0,0.0,0,pos
FUN_006556,48,0.019230769230769232,1,pos_s696_e744,0,0.0,0,pos
FUN_011513,0,0.0,0,pos,0,0.0,0,pos
FUN_012544,0,0.0,0,pos,0,0.0,0,pos
FUN_015460,0,0.0,0,pos,0,0.0,0,pos
FUN_006269,0,0.0,0,pos,0,0.0,0,pos
FUN_008981,324,0.11868131868131868,4,pos_s228_e270_s384_e432_s864_e906_s2424_e2526,84,0.03076923076923077,2,pos_s2430_e2478_s2490_e2520
FUN_008107,0,0.0,0,pos,0,0.0,0,pos
FUN_015417,0,0.0,0,pos,0,0.0,0,pos
FUN_006073,120,0.0947867298578199,1,pos_s78_e180,102,0.08056872037914692,1,pos_s78_e180
FUN_001487,0,0.0,0,pos,0,0.0,0,pos
FUN_011825,0,0.0,0,pos,0,0.0,0,pos
FUN_006261,0,0.0,0,pos,0,0.0,0,pos
FUN_012381,0,0.0,0,pos,0,0.0,0,pos
FUN_005017,0,0.0,0,pos,0,0.0,0,pos
FUN_002927,0,0.0,0,pos,0,0.0,0,pos
FUN_005353,0,0.0,0,pos,0,0.0,0,pos
FUN_011609,0,0.0,0,pos,0,0.0,0,pos
FUN_001776,0,0.0,0,pos,0,0.0,0,pos
FUN_008829,0,0.0,0,pos,0,0.0,0,pos
FUN_008569,60,0.028409090909090908,1,pos_s1632_e1668,0,0.0,0,pos
FUN_012194,0,0.0,0,pos,0,0.0,0,pos
FUN_003887,0,0.0,0,pos,0,0.0,0,pos
FUN_003037,0,0.0,0,pos,0,0.0,0,pos
FUN_008432,0,0.0,0,pos,0,0.0,0,pos
FUN_011059,0,0.0,0,pos,0,0.0,0,pos
FUN_008494,0,0.0,0,pos,0,0.0,0,pos
FUN_012222,402,0.16028708133971292,4,pos_s438_e516_s612_e762_s2052_e2112_s2280_e2322,198,0.07894736842105263,2,pos_s438_e504_s654_e720
FUN_007184,0,0.0,0,pos,0,0.0,0,pos
FUN_001405,144,0.044444444444444446,2,pos_s900_e954_s1326_e1368,12,0.003703703703703704,0,pos
FUN_004930,0,0.0,0,pos,0,0.0,0,pos
FUN_003091,18,0.038461538461538464,0,pos,0,0.0,0,pos
FUN_016301,0,0.0,0,pos,0,0.0,0,pos
FUN_007548,54,0.02786377708978328,1,pos_s786_e840,0,0.0,0,pos
FUN_004869,108,0.03862660944206009,1,pos_s546_e630,12,0.004291845493562232,0,pos
FUN_007262,12,0.018691588785046728,0,pos,0,0.0,0,pos
FUN_015568,0,0.0,0,pos,0,0.0,0,pos
FUN_000132,0,0.0,0,pos,0,0.0,0,pos
FUN_001197,0,0.0,0,pos,0,0.0,0,pos
FUN_002258,0,0.0,0,pos,0,0.0,0,pos
FUN_016030,0,0.0,0,pos,0,0.0,0,pos
FUN_015974,0,0.0,0,pos,0,0.0,0,pos
FUN_011964,0,0.0,0,pos,0,0.0,0,pos
FUN_015363,0,0.0,0,pos,0,0.0,0,pos
FUN_003720,0,0.0,0,pos,0,0.0,0,pos
FUN_003987,0,0.0,0,pos,0,0.0,0,pos
FUN_000042,0,0.0,0,pos,0,0.0,0,pos
FUN_002601,102,0.045576407506702415,1,pos_s1854_e1932,0,0.0,0,pos
FUN_009875,0,0.0,0,pos,0,0.0,0,pos
FUN_004326,54,0.07258064516129033,1,pos_s138_e168,0,0.0,0,pos
FUN_001013,0,0.0,0,pos,0,0.0,0,pos
FUN_006656,0,0.0,0,pos,0,0.0,0,pos
FUN_001314,6,0.011235955056179775,0,pos,0,0.0,0,pos
FUN_009850,0,0.0,0,pos,0,0.0,0,pos
FUN_006403,90,0.02158273381294964,1,pos_s3996_e4062,24,0.0057553956834532375,0,pos
FUN_005589,90,0.04983388704318937,1,pos_s1656_e1746,12,0.006644518272425249,0,pos
FUN_001019,180,0.043668122270742356,2,pos_s162_e258_s1830_e1872,90,0.021834061135371178,1,pos_s162_e252
FUN_008344,0,0.0,0,pos,0,0.0,0,pos
FUN_005952,0,0.0,0,pos,0,0.0,0,pos
FUN_008171,60,0.03194888178913738,1,pos_s1794_e1848,0,0.0,0,pos
FUN_001141,210,0.014705882352941176,3,pos_s42_e120_s13572_e13602_s13728_e13764,60,0.004201680672268907,1,pos_s90_e120
FUN_010951,0,0.0,0,pos,0,0.0,0,pos
FUN_015573,0,0.0,0,pos,0,0.0,0,pos
FUN_000340,60,0.03289473684210526,1,pos_s564_e612,0,0.0,0,pos
FUN_001272,96,0.12030075187969924,1,pos_s24_e102,84,0.10526315789473684,1,pos_s24_e90
FUN_001861,12,0.024096385542168676,0,pos,0,0.0,0,pos
FUN_016548,0,0.0,0,pos,0,0.0,0,pos
FUN_007377,48,0.008859357696566999,1,pos_s606_e636,0,0.0,0,pos
FUN_008467,0,0.0,0,pos,0,0.0,0,pos
FUN_010678,270,0.10440835266821345,3,pos_s1050_e1158_s2148_e2208_s2364_e2406,84,0.03248259860788863,1,pos_s1104_e1158
FUN_002304,0,0.0,0,pos,0,0.0,0,pos
FUN_004163,24,0.014492753623188406,0,pos,12,0.007246376811594203,0,pos
FUN_000131,36,0.00375,0,pos,18,0.001875,0,pos
FUN_003902,0,0.0,0,pos,0,0.0,0,pos
FUN_010517,6,0.0024752475247524753,0,pos,0,0.0,0,pos
FUN_003074,72,0.5217391304347826,1,pos_s0_e72,72,0.5217391304347826,1,pos_s0_e72
FUN_015841,0,0.0,0,pos,0,0.0,0,pos
FUN_006902,12,0.006042296072507553,0,pos,0,0.0,0,pos
FUN_003412,54,0.04945054945054945,1,pos_s726_e756,0,0.0,0,pos
FUN_008782,36,0.04878048780487805,0,pos,0,0.0,0,pos
FUN_004237,0,0.0,0,pos,0,0.0,0,pos
FUN_006863,30,0.011961722488038277,1,pos_s2118_e2148,0,0.0,0,pos
FUN_011968,0,0.0,0,pos,0,0.0,0,pos
FUN_009541,0,0.0,0,pos,0,0.0,0,pos
FUN_007456,0,0.0,0,pos,0,0.0,0,pos
FUN_006017,126,0.10344827586206896,1,pos_s762_e858,84,0.06896551724137931,1,pos_s762_e846
FUN_015736,0,0.0,0,pos,0,0.0,0,pos
FUN_010401,0,0.0,0,pos,0,0.0,0,pos
FUN_007986,0,0.0,0,pos,0,0.0,0,pos
FUN_011527,0,0.0,0,pos,0,0.0,0,pos
FUN_008479,0,0.0,0,pos,0,0.0,0,pos
FUN_005706,0,0.0,0,pos,0,0.0,0,pos
FUN_000535,6,0.004784688995215311,0,pos,0,0.0,0,pos
FUN_015790,0,0.0,0,pos,0,0.0,0,pos
FUN_003792,0,0.0,0,pos,0,0.0,0,pos
FUN_000138,0,0.0,0,pos,0,0.0,0,pos
FUN_006959,0,0.0,0,pos,0,0.0,0,pos
FUN_001434,0,0.0,0,pos,0,0.0,0,pos
FUN_006148,0,0.0,0,pos,0,0.0,0,pos
FUN_003803,216,0.0967741935483871,3,pos_s642_e756_s1980_e2034_s2064_e2112,162,0.07258064516129033,3,pos_s648_e720_s1992_e2034_s2064_e2100
FUN_010266,0,0.0,0,pos,0,0.0,0,pos
FUN_008769,0,0.0,0,pos,0,0.0,0,pos
FUN_016576,0,0.0,0,pos,0,0.0,0,pos
FUN_016642,0,0.0,0,pos,0,0.0,0,pos
FUN_012211,0,0.0,0,pos,0,0.0,0,pos
FUN_009109,120,0.09389671361502347,2,pos_s852_e882_s888_e978,18,0.014084507042253521,0,pos
FUN_015993,0,0.0,0,pos,0,0.0,0,pos
FUN_006035,138,0.0954356846473029,2,pos_s42_e90_s132_e222,102,0.07053941908713693,1,pos_s132_e210
FUN_003598,150,0.1592356687898089,1,pos_s558_e702,78,0.08280254777070063,1,pos_s612_e684
FUN_003901,0,0.0,0,pos,0,0.0,0,pos
FUN_003054,0,0.0,0,pos,0,0.0,0,pos
FUN_012010,0,0.0,0,pos,0,0.0,0,pos
FUN_011160,0,0.0,0,pos,0,0.0,0,pos
FUN_009678,0,0.0,0,pos,0,0.0,0,pos
FUN_003597,0,0.0,0,pos,0,0.0,0,pos
FUN_005066,6,0.005988023952095809,0,pos,6,0.005988023952095809,0,pos
FUN_015516,0,0.0,0,pos,0,0.0,0,pos
FUN_004530,0,0.0,0,pos,0,0.0,0,pos
FUN_009210,0,0.0,0,pos,0,0.0,0,pos
FUN_001580,0,0.0,0,pos,0,0.0,0,pos
FUN_011185,0,0.0,0,pos,0,0.0,0,pos
FUN_010617,0,0.0,0,pos,0,0.0,0,pos
FUN_006319,60,0.07352941176470588,1,pos_s444_e474,0,0.0,0,pos
FUN_004946,0,0.0,0,pos,0,0.0,0,pos
FUN_006004,0,0.0,0,pos,0,0.0,0,pos
FUN_007387,36,0.02127659574468085,1,pos_s78_e114,0,0.0,0,pos
FUN_008354,0,0.0,0,pos,0,0.0,0,pos
FUN_001524,0,0.0,0,pos,0,0.0,0,pos
FUN_011158,0,0.0,0,pos,0,0.0,0,pos
FUN_000317,60,0.045454545454545456,1,pos_s936_e990,0,0.0,0,pos
FUN_004527,0,0.0,0,pos,0,0.0,0,pos
FUN_015624,0,0.0,0,pos,0,0.0,0,pos
FUN_015946,0,0.0,0,pos,0,0.0,0,pos
FUN_009557,0,0.0,0,pos,0,0.0,0,pos
FUN_015584,0,0.0,0,pos,0,0.0,0,pos
FUN_010953,0,0.0,0,pos,0,0.0,0,pos
FUN_012268,0,0.0,0,pos,0,0.0,0,pos
FUN_005527,0,0.0,0,pos,0,0.0,0,pos
FUN_000385,102,0.056856187290969896,1,pos_s966_e1068,54,0.030100334448160536,1,pos_s1020_e1056
FUN_012535,0,0.0,0,pos,0,0.0,0,pos
FUN_009530,18,0.014705882352941176,0,pos,0,0.0,0,pos
FUN_005792,18,0.023255813953488372,0,pos,0,0.0,0,pos
FUN_002986,24,0.024691358024691357,0,pos,0,0.0,0,pos
FUN_000298,0,0.0,0,pos,0,0.0,0,pos
FUN_002480,0,0.0,0,pos,0,0.0,0,pos
FUN_000612,0,0.0,0,pos,0,0.0,0,pos
FUN_000257,0,0.0,0,pos,0,0.0,0,pos
FUN_009394,0,0.0,0,pos,0,0.0,0,pos
FUN_006782,0,0.0,0,pos,0,0.0,0,pos
FUN_000968,0,0.0,0,pos,0,0.0,0,pos
FUN_005985,0,0.0,0,pos,0,0.0,0,pos
FUN_003693,0,0.0,0,pos,0,0.0,0,pos
FUN_005946,0,0.0,0,pos,0,0.0,0,pos
FUN_008081,108,0.010676156583629894,1,pos_s2982_e3012,0,0.0,0,pos
FUN_011966,0,0.0,0,pos,0,0.0,0,pos
FUN_007651,0,0.0,0,pos,0,0.0,0,pos
FUN_005972,78,0.26,0,pos,0,0.0,0,pos
FUN_015909,0,0.0,0,pos,0,0.0,0,pos
FUN_004808,0,0.0,0,pos,0,0.0,0,pos
FUN_003640,36,0.01485148514851485,1,pos_s636_e672,0,0.0,0,pos
FUN_004355,72,0.026607538802660754,1,pos_s2400_e2448,0,0.0,0,pos
FUN_002658,54,0.06666666666666667,0,pos,0,0.0,0,pos
FUN_001731,66,0.03559870550161812,1,pos_s186_e252,0,0.0,0,pos
FUN_000362,0,0.0,0,pos,0,0.0,0,pos
FUN_010681,78,0.057777777777777775,1,pos_s1056_e1092,0,0.0,0,pos
FUN_001323,192,0.03695150115473441,3,pos_s1992_e2046_s2160_e2202_s2730_e2760,42,0.008083140877598153,1,pos_s2160_e2202
FUN_000820,156,0.16560509554140126,3,pos_s312_e348_s402_e432_s732_e768,24,0.025477707006369428,0,pos
FUN_006858,0,0.0,0,pos,0,0.0,0,pos
FUN_011766,0,0.0,0,pos,0,0.0,0,pos
FUN_011722,0,0.0,0,pos,0,0.0,0,pos
FUN_011756,0,0.0,0,pos,0,0.0,0,pos
FUN_000719,0,0.0,0,pos,0,0.0,0,pos
FUN_006070,0,0.0,0,pos,0,0.0,0,pos
FUN_003445,0,0.0,0,pos,0,0.0,0,pos
FUN_012218,0,0.0,0,pos,0,0.0,0,pos
FUN_011111,114,0.05,1,pos_s372_e480,108,0.04736842105263158,1,pos_s372_e474
FUN_002748,0,0.0,0,pos,0,0.0,0,pos
FUN_008877,528,0.04670912951167728,4,pos_s6492_e6636_s6774_e6888_s10284_e10392_s10914_e10986,174,0.015392781316348195,2,pos_s6594_e6624_s10296_e10392
FUN_015739,0,0.0,0,pos,0,0.0,0,pos
FUN_011781,0,0.0,0,pos,0,0.0,0,pos
FUN_003787,0,0.0,0,pos,0,0.0,0,pos
FUN_008295,0,0.0,0,pos,0,0.0,0,pos
FUN_008360,0,0.0,0,pos,0,0.0,0,pos
FUN_004138,0,0.0,0,pos,0,0.0,0,pos
FUN_007956,0,0.0,0,pos,0,0.0,0,pos
FUN_004303,0,0.0,0,pos,0,0.0,0,pos
FUN_009619,12,0.025974025974025976,0,pos,0,0.0,0,pos
FUN_003514,0,0.0,0,pos,0,0.0,0,pos
FUN_008063,0,0.0,0,pos,0,0.0,0,pos
FUN_011129,84,0.3783783783783784,1,pos_s132_e198,6,0.02702702702702703,0,pos
FUN_011240,0,0.0,0,pos,0,0.0,0,pos
FUN_011231,24,0.0163265306122449,0,pos,0,0.0,0,pos
FUN_010528,18,0.01910828025477707,0,pos,0,0.0,0,pos
FUN_003029,0,0.0,0,pos,0,0.0,0,pos
FUN_003952,90,0.05434782608695652,0,pos,0,0.0,0,pos
FUN_011529,54,0.03982300884955752,1,pos_s798_e846,36,0.02654867256637168,1,pos_s810_e846
FUN_001957,60,0.0228310502283105,1,pos_s642_e690,0,0.0,0,pos
FUN_007174,0,0.0,0,pos,0,0.0,0,pos
FUN_009904,138,0.0625,1,pos_s1260_e1338,0,0.0,0,pos
FUN_003714,6,0.009615384615384616,0,pos,0,0.0,0,pos
FUN_001204,0,0.0,0,pos,0,0.0,0,pos
FUN_006589,72,0.03582089552238806,1,pos_s330_e402,0,0.0,0,pos
FUN_011948,0,0.0,0,pos,0,0.0,0,pos
FUN_006922,0,0.0,0,pos,0,0.0,0,pos
FUN_011505,0,0.0,0,pos,0,0.0,0,pos
FUN_008975,0,0.0,0,pos,0,0.0,0,pos
FUN_016097,0,0.0,0,pos,0,0.0,0,pos
FUN_000027,174,0.20863309352517986,1,pos_s666_e720,6,0.007194244604316547,0,pos
FUN_000350,114,0.25333333333333335,2,pos_s228_e258_s264_e336,12,0.02666666666666667,0,pos
FUN_002888,0,0.0,0,pos,0,0.0,0,pos
FUN_004455,0,0.0,0,pos,0,0.0,0,pos
FUN_003678,0,0.0,0,pos,0,0.0,0,pos
FUN_002921,6,0.007042253521126761,0,pos,0,0.0,0,pos
FUN_007845,0,0.0,0,pos,0,0.0,0,pos
FUN_000949,0,0.0,0,pos,0,0.0,0,pos
FUN_009763,144,0.10762331838565023,1,pos_s24_e150,102,0.07623318385650224,1,pos_s48_e150
FUN_011433,234,0.037178265014299335,3,pos_s1272_e1332_s1668_e1764_s3390_e3450,66,0.010486177311725452,1,pos_s1302_e1332
FUN_005591,24,0.03125,0,pos,0,0.0,0,pos
FUN_007947,0,0.0,0,pos,0,0.0,0,pos
FUN_008606,66,0.062146892655367235,2,pos_s324_e354_s360_e396,36,0.03389830508474576,1,pos_s360_e396
FUN_015457,0,0.0,0,pos,0,0.0,0,pos
FUN_016072,0,0.0,0,pos,0,0.0,0,pos
FUN_011501,0,0.0,0,pos,0,0.0,0,pos
FUN_011867,0,0.0,0,pos,0,0.0,0,pos
FUN_015697,0,0.0,0,pos,0,0.0,0,pos
FUN_002495,12,0.00819672131147541,0,pos,0,0.0,0,pos
FUN_006652,0,0.0,0,pos,0,0.0,0,pos
FUN_005067,0,0.0,0,pos,0,0.0,0,pos
FUN_002349,102,0.015843429636533086,1,pos_s5064_e5160,66,0.010251630941286114,1,pos_s5070_e5136
FUN_007942,240,0.15267175572519084,2,pos_s696_e756_s1368_e1530,108,0.06870229007633588,2,pos_s1386_e1416_s1482_e1518
FUN_012437,0,0.0,0,pos,0,0.0,0,pos
FUN_005158,18,0.0069124423963133645,0,pos,0,0.0,0,pos
FUN_006931,84,0.12612612612612611,2,pos_s282_e312_s318_e354,18,0.02702702702702703,0,pos
FUN_001942,0,0.0,0,pos,0,0.0,0,pos
FUN_015300,0,0.0,0,pos,0,0.0,0,pos
FUN_000172,0,0.0,0,pos,0,0.0,0,pos
FUN_004353,0,0.0,0,pos,0,0.0,0,pos
FUN_008108,0,0.0,0,pos,0,0.0,0,pos
FUN_016833,0,0.0,0,pos,0,0.0,0,pos
FUN_012494,0,0.0,0,pos,0,0.0,0,pos
FUN_005463,0,0.0,0,pos,0,0.0,0,pos
FUN_008210,1314,0.09703145768719539,14,pos_s846_e1008_s2436_e2466_s3924_e3984_s9972_e10050_s10314_e10428_s10560_e10674_s11364_e11418_s11496_e11538_s11634_e11664_s12342_e12516_s12594_e12678_s12684_e12792_s12822_e12852_s13344_e13452,570,0.04209127159946832,7,pos_s858_e912_s930_e960_s9972_e10020_s10314_e10428_s10566_e10644_s12354_e12402_s12456_e12516
FUN_005423,0,0.0,0,pos,0,0.0,0,pos
FUN_011156,0,0.0,0,pos,0,0.0,0,pos
FUN_005912,60,0.136986301369863,1,pos_s0_e60,0,0.0,0,pos
FUN_005889,0,0.0,0,pos,0,0.0,0,pos
FUN_015643,0,0.0,0,pos,0,0.0,0,pos
FUN_011193,216,0.06143344709897611,2,pos_s348_e414_s1146_e1260,60,0.017064846416382253,1,pos_s1200_e1260
FUN_008792,0,0.0,0,pos,0,0.0,0,pos
FUN_003247,0,0.0,0,pos,0,0.0,0,pos
FUN_000993,0,0.0,0,pos,0,0.0,0,pos
FUN_010624,0,0.0,0,pos,0,0.0,0,pos
FUN_012143,0,0.0,0,pos,0,0.0,0,pos
FUN_002571,114,0.06397306397306397,1,pos_s18_e120,24,0.013468013468013467,0,pos
FUN_004236,0,0.0,0,pos,0,0.0,0,pos
FUN_004463,0,0.0,0,pos,0,0.0,0,pos
FUN_001571,0,0.0,0,pos,0,0.0,0,pos
FUN_007397,78,0.05652173913043478,1,pos_s6_e84,6,0.004347826086956522,0,pos
FUN_015387,0,0.0,0,pos,0,0.0,0,pos
FUN_009457,0,0.0,0,pos,0,0.0,0,pos
FUN_012407,0,0.0,0,pos,0,0.0,0,pos
FUN_012246,0,0.0,0,pos,0,0.0,0,pos
FUN_001435,12,0.0038535645472061657,0,pos,0,0.0,0,pos
FUN_010223,18,0.019736842105263157,0,pos,0,0.0,0,pos
FUN_004471,0,0.0,0,pos,0,0.0,0,pos
FUN_005432,0,0.0,0,pos,0,0.0,0,pos
FUN_005551,0,0.0,0,pos,0,0.0,0,pos
FUN_009689,30,0.015527950310559006,1,pos_s444_e474,0,0.0,0,pos
FUN_007150,18,0.075,0,pos,0,0.0,0,pos
FUN_011506,0,0.0,0,pos,0,0.0,0,pos
FUN_016826,0,0.0,0,pos,0,0.0,0,pos
FUN_008679,0,0.0,0,pos,0,0.0,0,pos
FUN_007188,66,0.07692307692307693,1,pos_s486_e534,0,0.0,0,pos
FUN_007600,132,0.06646525679758308,2,pos_s1392_e1452_s1698_e1740,24,0.012084592145015106,0,pos
FUN_009582,204,0.09115281501340483,3,pos_s1278_e1308_s1338_e1368_s2082_e2160,66,0.029490616621983913,1,pos_s2112_e2148
FUN_007303,0,0.0,0,pos,0,0.0,0,pos
FUN_008762,0,0.0,0,pos,0,0.0,0,pos
FUN_011247,0,0.0,0,pos,0,0.0,0,pos
FUN_006425,0,0.0,0,pos,0,0.0,0,pos
FUN_010293,78,0.10569105691056911,2,pos_s600_e630_s666_e714,0,0.0,0,pos
FUN_006949,0,0.0,0,pos,0,0.0,0,pos
FUN_016611,0,0.0,0,pos,0,0.0,0,pos
FUN_002249,0,0.0,0,pos,0,0.0,0,pos
FUN_016407,0,0.0,0,pos,0,0.0,0,pos
FUN_010119,0,0.0,0,pos,0,0.0,0,pos
FUN_002936,252,0.1308411214953271,2,pos_s282_e348_s1722_e1884,150,0.0778816199376947,2,pos_s1728_e1776_s1782_e1884
FUN_001075,126,0.11170212765957446,2,pos_s252_e282_s834_e930,12,0.010638297872340425,0,pos
FUN_007574,30,0.25,0,pos,18,0.15,0,pos
FUN_011127,0,0.0,0,pos,0,0.0,0,pos
FUN_015811,0,0.0,0,pos,0,0.0,0,pos
FUN_011731,0,0.0,0,pos,0,0.0,0,pos
FUN_004012,84,0.028112449799196786,1,pos_s996_e1080,24,0.008032128514056224,0,pos
FUN_004280,0,0.0,0,pos,0,0.0,0,pos
FUN_008897,60,0.023474178403755867,2,pos_s306_e336_s2478_e2508,0,0.0,0,pos
FUN_005892,6,0.00425531914893617,0,pos,0,0.0,0,pos
FUN_000908,0,0.0,0,pos,0,0.0,0,pos
FUN_005342,0,0.0,0,pos,0,0.0,0,pos
FUN_009691,0,0.0,0,pos,0,0.0,0,pos
FUN_006726,0,0.0,0,pos,0,0.0,0,pos
FUN_010709,0,0.0,0,pos,0,0.0,0,pos
FUN_012443,0,0.0,0,pos,0,0.0,0,pos
FUN_003309,18,0.038461538461538464,0,pos,0,0.0,0,pos
FUN_006806,0,0.0,0,pos,0,0.0,0,pos
FUN_002815,0,0.0,0,pos,0,0.0,0,pos
FUN_001090,0,0.0,0,pos,0,0.0,0,pos
FUN_009883,0,0.0,0,pos,0,0.0,0,pos
FUN_008460,0,0.0,0,pos,0,0.0,0,pos
FUN_007402,0,0.0,0,pos,0,0.0,0,pos
FUN_006149,0,0.0,0,pos,0,0.0,0,pos
FUN_009954,0,0.0,0,pos,0,0.0,0,pos
FUN_008160,180,0.08955223880597014,3,pos_s354_e384_s828_e870_s882_e972,84,0.041791044776119404,1,pos_s906_e966
FUN_002552,168,0.06698564593301436,3,pos_s510_e540_s588_e624_s1824_e1902,6,0.0023923444976076554,0,pos
FUN_004881,0,0.0,0,pos,0,0.0,0,pos
FUN_016123,0,0.0,0,pos,0,0.0,0,pos
FUN_001656,0,0.0,0,pos,0,0.0,0,pos
FUN_004081,0,0.0,0,pos,0,0.0,0,pos
FUN_002121,0,0.0,0,pos,0,0.0,0,pos
FUN_016092,0,0.0,0,pos,0,0.0,0,pos
FUN_008305,96,0.07476635514018691,2,pos_s1008_e1050_s1206_e1248,12,0.009345794392523364,0,pos
FUN_009997,0,0.0,0,pos,0,0.0,0,pos
FUN_009517,0,0.0,0,pos,0,0.0,0,pos
FUN_002806,72,0.019138755980861243,1,pos_s1428_e1482,12,0.003189792663476874,0,pos
FUN_010855,0,0.0,0,pos,0,0.0,0,pos
FUN_005761,36,0.004143646408839779,0,pos,6,0.0006906077348066298,0,pos
FUN_007096,0,0.0,0,pos,0,0.0,0,pos
FUN_000749,0,0.0,0,pos,0,0.0,0,pos
FUN_002758,0,0.0,0,pos,0,0.0,0,pos
FUN_000928,0,0.0,0,pos,0,0.0,0,pos
FUN_004983,18,0.00906344410876133,0,pos,0,0.0,0,pos
FUN_010022,12,0.0041928721174004195,0,pos,0,0.0,0,pos
FUN_005113,42,0.125,1,pos_s210_e252,12,0.03571428571428571,0,pos
FUN_003768,0,0.0,0,pos,0,0.0,0,pos
FUN_007017,0,0.0,0,pos,0,0.0,0,pos
FUN_015729,0,0.0,0,pos,0,0.0,0,pos
FUN_000547,0,0.0,0,pos,0,0.0,0,pos
FUN_000348,12,0.05714285714285714,0,pos,0,0.0,0,pos
FUN_007547,36,0.05714285714285714,1,pos_s0_e36,0,0.0,0,pos
FUN_008540,42,0.024305555555555556,1,pos_s1404_e1446,24,0.013888888888888888,0,pos
FUN_000232,6,0.009433962264150943,0,pos,0,0.0,0,pos
FUN_000724,6,0.005376344086021506,0,pos,0,0.0,0,pos
FUN_010701,0,0.0,0,pos,0,0.0,0,pos
FUN_001632,0,0.0,0,pos,0,0.0,0,pos
FUN_007732,0,0.0,0,pos,0,0.0,0,pos
FUN_002866,132,0.030598052851182198,3,pos_s450_e480_s486_e522_s4158_e4188,12,0.0027816411682892906,0,pos
FUN_008446,408,0.02477231329690346,5,pos_s1884_e1980_s4140_e4182_s8748_e8862_s9348_e9384_s15744_e15780,132,0.008014571948998178,1,pos_s8778_e8820
FUN_011622,0,0.0,0,pos,0,0.0,0,pos
FUN_009908,228,0.0871559633027523,3,pos_s1866_e1968_s1974_e2004_s2520_e2610,102,0.0389908256880734,2,pos_s1884_e1920_s2532_e2592
FUN_015929,0,0.0,0,pos,0,0.0,0,pos
FUN_001645,12,0.020833333333333332,0,pos,0,0.0,0,pos
FUN_006569,6,0.009433962264150943,0,pos,6,0.009433962264150943,0,pos
FUN_008743,0,0.0,0,pos,0,0.0,0,pos
FUN_011563,0,0.0,0,pos,0,0.0,0,pos
FUN_000199,0,0.0,0,pos,0,0.0,0,pos
FUN_007680,18,0.011673151750972763,0,pos,0,0.0,0,pos
FUN_003630,0,0.0,0,pos,0,0.0,0,pos
FUN_008431,0,0.0,0,pos,0,0.0,0,pos
FUN_009668,384,0.05536332179930796,4,pos_s486_e528_s534_e576_s4176_e4290_s6306_e6336,78,0.01124567474048443,1,pos_s4182_e4230
FUN_006412,66,0.0625,1,pos_s816_e882,6,0.005681818181818182,0,pos
FUN_011958,0,0.0,0,pos,0,0.0,0,pos
FUN_008735,0,0.0,0,pos,0,0.0,0,pos
FUN_012079,0,0.0,0,pos,0,0.0,0,pos
FUN_009900,6,0.005405405405405406,0,pos,0,0.0,0,pos
FUN_016717,0,0.0,0,pos,0,0.0,0,pos
FUN_010862,0,0.0,0,pos,0,0.0,0,pos
FUN_015386,0,0.0,0,pos,0,0.0,0,pos
FUN_015966,0,0.0,0,pos,0,0.0,0,pos
FUN_008879,468,0.1776765375854214,6,pos_s114_e198_s288_e330_s336_e384_s1008_e1110_s1662_e1692_s2394_e2454,126,0.04783599088838269,1,pos_s114_e186
FUN_007338,372,0.060077519379844964,6,pos_s690_e750_s1122_e1176_s1200_e1236_s1368_e1428_s2106_e2142_s2382_e2442,12,0.001937984496124031,0,pos
FUN_002174,12,0.0029411764705882353,0,pos,12,0.0029411764705882353,0,pos
FUN_002746,108,0.03862660944206009,0,pos,66,0.023605150214592276,1,pos_s2694_e2754
FUN_005124,0,0.0,0,pos,0,0.0,0,pos
FUN_010254,0,0.0,0,pos,0,0.0,0,pos
FUN_005438,0,0.0,0,pos,0,0.0,0,pos
FUN_004076,0,0.0,0,pos,0,0.0,0,pos
FUN_011780,0,0.0,0,pos,0,0.0,0,pos
FUN_007667,0,0.0,0,pos,0,0.0,0,pos
FUN_002988,102,0.02122347066167291,2,pos_s2124_e2172_s2202_e2238,0,0.0,0,pos
FUN_015683,0,0.0,0,pos,0,0.0,0,pos
FUN_010178,0,0.0,0,pos,0,0.0,0,pos
FUN_002179,96,0.14953271028037382,1,pos_s546_e594,0,0.0,0,pos
FUN_006800,0,0.0,0,pos,0,0.0,0,pos
FUN_009805,42,0.016786570743405275,1,pos_s792_e828,0,0.0,0,pos
FUN_008589,84,0.037037037037037035,1,pos_s1374_e1458,12,0.005291005291005291,0,pos
FUN_009467,0,0.0,0,pos,0,0.0,0,pos
FUN_011227,294,0.08703374777975133,5,pos_s180_e210_s558_e606_s918_e966_s2352_e2400_s3246_e3312,0,0.0,0,pos
FUN_002077,42,0.10144927536231885,1,pos_s354_e384,0,0.0,0,pos
FUN_002024,0,0.0,0,pos,0,0.0,0,pos
FUN_016704,0,0.0,0,pos,0,0.0,0,pos
FUN_000098,114,0.0296875,2,pos_s3270_e3300_s3438_e3498,0,0.0,0,pos
FUN_000111,72,0.15384615384615385,1,pos_s162_e234,0,0.0,0,pos
FUN_015648,0,0.0,0,pos,0,0.0,0,pos
FUN_005277,0,0.0,0,pos,0,0.0,0,pos
FUN_015456,0,0.0,0,pos,0,0.0,0,pos
FUN_008422,0,0.0,0,pos,0,0.0,0,pos
FUN_001356,36,0.019736842105263157,0,pos,0,0.0,0,pos
FUN_002695,0,0.0,0,pos,0,0.0,0,pos
FUN_001082,48,0.028985507246376812,1,pos_s438_e486,0,0.0,0,pos
FUN_009870,0,0.0,0,pos,0,0.0,0,pos
FUN_016584,0,0.0,0,pos,0,0.0,0,pos
FUN_004609,66,0.22448979591836735,1,pos_s54_e120,0,0.0,0,pos
FUN_005693,0,0.0,0,pos,0,0.0,0,pos
FUN_015716,0,0.0,0,pos,0,0.0,0,pos
FUN_005345,0,0.0,0,pos,0,0.0,0,pos
FUN_011975,0,0.0,0,pos,0,0.0,0,pos
FUN_001308,108,0.1875,1,pos_s42_e126,54,0.09375,1,pos_s48_e102
FUN_012327,0,0.0,0,pos,0,0.0,0,pos
FUN_005163,114,0.16379310344827586,1,pos_s384_e486,78,0.11206896551724138,1,pos_s396_e474
FUN_016132,0,0.0,0,pos,0,0.0,0,pos
FUN_007403,0,0.0,0,pos,0,0.0,0,pos
FUN_011134,36,0.06741573033707865,1,pos_s492_e528,0,0.0,0,pos
FUN_008647,0,0.0,0,pos,0,0.0,0,pos
FUN_005119,180,0.11320754716981132,3,pos_s150_e192_s210_e306_s1452_e1482,84,0.052830188679245285,2,pos_s156_e192_s210_e252
FUN_003119,24,0.01694915254237288,0,pos,0,0.0,0,pos
FUN_008857,0,0.0,0,pos,0,0.0,0,pos
FUN_007672,0,0.0,0,pos,0,0.0,0,pos
FUN_009953,0,0.0,0,pos,0,0.0,0,pos
FUN_002838,0,0.0,0,pos,0,0.0,0,pos
FUN_007842,0,0.0,0,pos,0,0.0,0,pos
FUN_008469,0,0.0,0,pos,0,0.0,0,pos
FUN_000417,0,0.0,0,pos,0,0.0,0,pos
FUN_001128,360,0.06550218340611354,4,pos_s90_e132_s372_e486_s774_e822_s1506_e1620,114,0.02074235807860262,2,pos_s96_e126_s1560_e1596
FUN_002329,0,0.0,0,pos,0,0.0,0,pos
FUN_003508,0,0.0,0,pos,0,0.0,0,pos
FUN_001115,0,0.0,0,pos,0,0.0,0,pos
FUN_001332,0,0.0,0,pos,0,0.0,0,pos
FUN_001669,0,0.0,0,pos,0,0.0,0,pos
FUN_002501,12,0.008620689655172414,0,pos,12,0.008620689655172414,0,pos
FUN_015272,0,0.0,0,pos,0,0.0,0,pos
FUN_005612,0,0.0,0,pos,0,0.0,0,pos
FUN_001797,0,0.0,0,pos,0,0.0,0,pos
FUN_007907,204,0.028052805280528052,1,pos_s5352_e5466,84,0.01155115511551155,2,pos_s5364_e5394_s7218_e7248
FUN_016747,0,0.0,0,pos,0,0.0,0,pos
FUN_010327,0,0.0,0,pos,0,0.0,0,pos
FUN_000191,0,0.0,0,pos,0,0.0,0,pos
FUN_010851,0,0.0,0,pos,0,0.0,0,pos
FUN_001719,0,0.0,0,pos,0,0.0,0,pos
FUN_011326,162,0.055441478439425054,1,pos_s654_e816,42,0.014373716632443531,0,pos
FUN_010769,54,0.06521739130434782,0,pos,30,0.036231884057971016,1,pos_s774_e804
FUN_003785,0,0.0,0,pos,0,0.0,0,pos
FUN_001365,0,0.0,0,pos,0,0.0,0,pos
FUN_003530,0,0.0,0,pos,0,0.0,0,pos
FUN_015834,0,0.0,0,pos,0,0.0,0,pos
FUN_005909,0,0.0,0,pos,0,0.0,0,pos
FUN_003563,0,0.0,0,pos,0,0.0,0,pos
FUN_010339,0,0.0,0,pos,0,0.0,0,pos
FUN_006528,90,0.03125,2,pos_s1566_e1596_s1614_e1656,0,0.0,0,pos
FUN_006969,0,0.0,0,pos,0,0.0,0,pos
FUN_005633,0,0.0,0,pos,0,0.0,0,pos
FUN_000278,0,0.0,0,pos,0,0.0,0,pos
FUN_011135,0,0.0,0,pos,0,0.0,0,pos
FUN_015665,0,0.0,0,pos,0,0.0,0,pos
FUN_000202,36,0.05217391304347826,1,pos_s324_e360,0,0.0,0,pos
FUN_005922,6,0.010869565217391304,0,pos,0,0.0,0,pos
FUN_016461,0,0.0,0,pos,0,0.0,0,pos
FUN_016564,0,0.0,0,pos,0,0.0,0,pos
FUN_006366,66,0.05851063829787234,1,pos_s1008_e1074,0,0.0,0,pos
FUN_006920,0,0.0,0,pos,0,0.0,0,pos
FUN_003825,0,0.0,0,pos,0,0.0,0,pos
FUN_000729,0,0.0,0,pos,0,0.0,0,pos
FUN_000440,78,0.04262295081967213,0,pos,0,0.0,0,pos
FUN_002314,66,0.013205282112845138,1,pos_s1014_e1044,0,0.0,0,pos
FUN_002694,114,0.02442159383033419,1,pos_s4476_e4590,114,0.02442159383033419,1,pos_s4476_e4590
FUN_009765,0,0.0,0,pos,0,0.0,0,pos
FUN_004469,0,0.0,0,pos,0,0.0,0,pos
FUN_000268,0,0.0,0,pos,0,0.0,0,pos
FUN_000480,114,0.047979797979797977,1,pos_s444_e558,18,0.007575757575757576,0,pos
FUN_008710,84,0.12727272727272726,1,pos_s162_e240,12,0.01818181818181818,0,pos
FUN_008544,0,0.0,0,pos,0,0.0,0,pos
FUN_011188,0,0.0,0,pos,0,0.0,0,pos
FUN_010775,0,0.0,0,pos,0,0.0,0,pos
FUN_010328,0,0.0,0,pos,0,0.0,0,pos
FUN_003856,0,0.0,0,pos,0,0.0,0,pos
FUN_007448,138,0.046,1,pos_s2376_e2454,54,0.018,1,pos_s2376_e2418
FUN_000495,6,0.007194244604316547,0,pos,0,0.0,0,pos
FUN_008553,0,0.0,0,pos,0,0.0,0,pos
FUN_015394,0,0.0,0,pos,0,0.0,0,pos
FUN_000094,72,0.032171581769437,0,pos,6,0.002680965147453083,0,pos
FUN_004108,0,0.0,0,pos,0,0.0,0,pos
FUN_002516,0,0.0,0,pos,0,0.0,0,pos
FUN_005839,24,0.043478260869565216,0,pos,12,0.021739130434782608,0,pos
FUN_009009,0,0.0,0,pos,0,0.0,0,pos
FUN_008482,906,0.311340206185567,5,pos_s588_e654_s834_e1170_s1224_e1446_s1656_e1770_s1854_e2010,684,0.23505154639175257,6,pos_s588_e654_s834_e1104_s1230_e1320_s1326_e1446_s1656_e1692_s1854_e1902
FUN_000396,144,0.10256410256410256,1,pos_s834_e978,96,0.06837606837606838,1,pos_s840_e924
FUN_007938,0,0.0,0,pos,0,0.0,0,pos
FUN_001825,0,0.0,0,pos,0,0.0,0,pos
FUN_006334,12,0.010810810810810811,0,pos,0,0.0,0,pos
FUN_004928,42,0.029787234042553193,1,pos_s600_e642,42,0.029787234042553193,1,pos_s600_e642
FUN_000683,0,0.0,0,pos,0,0.0,0,pos
FUN_011624,0,0.0,0,pos,0,0.0,0,pos
FUN_007393,42,0.02880658436213992,0,pos,0,0.0,0,pos
FUN_006599,66,0.06285714285714286,1,pos_s54_e120,0,0.0,0,pos
FUN_015799,0,0.0,0,pos,0,0.0,0,pos
FUN_008843,12,0.0036101083032490976,0,pos,0,0.0,0,pos
FUN_001142,0,0.0,0,pos,0,0.0,0,pos
FUN_016394,0,0.0,0,pos,0,0.0,0,pos
FUN_016209,0,0.0,0,pos,0,0.0,0,pos
FUN_000731,126,0.05454545454545454,1,pos_s90_e210,48,0.02077922077922078,1,pos_s144_e180
FUN_016476,0,0.0,0,pos,0,0.0,0,pos
FUN_003454,0,0.0,0,pos,0,0.0,0,pos
FUN_008738,0,0.0,0,pos,0,0.0,0,pos
FUN_004871,0,0.0,0,pos,0,0.0,0,pos
FUN_003363,24,0.011976047904191617,0,pos,0,0.0,0,pos
FUN_011608,0,0.0,0,pos,0,0.0,0,pos
FUN_000934,0,0.0,0,pos,0,0.0,0,pos
FUN_003912,102,0.024566473988439308,1,pos_s2688_e2718,6,0.001445086705202312,0,pos
FUN_007471,198,0.3402061855670103,4,pos_s0_e54_s114_e144_s150_e186_s300_e366,132,0.2268041237113402,1,pos_s300_e366
FUN_008825,156,0.036312849162011177,3,pos_s0_e42_s48_e90_s2592_e2640,66,0.015363128491620111,1,pos_s2598_e2640
FUN_016706,0,0.0,0,pos,0,0.0,0,pos
FUN_003291,0,0.0,0,pos,0,0.0,0,pos
FUN_016715,0,0.0,0,pos,0,0.0,0,pos
FUN_010606,6,0.006711409395973154,0,pos,0,0.0,0,pos
FUN_010267,0,0.0,0,pos,0,0.0,0,pos
FUN_010987,0,0.0,0,pos,0,0.0,0,pos
FUN_004691,0,0.0,0,pos,0,0.0,0,pos
FUN_000922,0,0.0,0,pos,0,0.0,0,pos
FUN_016161,0,0.0,0,pos,0,0.0,0,pos
FUN_006183,0,0.0,0,pos,0,0.0,0,pos
FUN_009799,0,0.0,0,pos,0,0.0,0,pos
FUN_011331,180,0.1875,2,pos_s576_e624_s642_e744,18,0.01875,0,pos
FUN_003195,150,0.017705382436260624,3,pos_s366_e408_s1116_e1152_s6774_e6804,0,0.0,0,pos
FUN_007664,0,0.0,0,pos,0,0.0,0,pos
FUN_002290,0,0.0,0,pos,0,0.0,0,pos
FUN_001927,0,0.0,0,pos,0,0.0,0,pos
FUN_016387,0,0.0,0,pos,0,0.0,0,pos
FUN_003287,0,0.0,0,pos,0,0.0,0,pos
FUN_011564,0,0.0,0,pos,0,0.0,0,pos
FUN_010155,0,0.0,0,pos,0,0.0,0,pos
FUN_016197,0,0.0,0,pos,0,0.0,0,pos
FUN_006115,66,0.06666666666666667,1,pos_s114_e174,6,0.006060606060606061,0,pos
FUN_002244,0,0.0,0,pos,0,0.0,0,pos
FUN_016571,0,0.0,0,pos,0,0.0,0,pos
FUN_009753,0,0.0,0,pos,0,0.0,0,pos
FUN_008942,0,0.0,0,pos,0,0.0,0,pos
FUN_015778,0,0.0,0,pos,0,0.0,0,pos
FUN_005620,84,0.20588235294117646,1,pos_s24_e66,24,0.058823529411764705,0,pos
FUN_005406,0,0.0,0,pos,0,0.0,0,pos
FUN_000382,0,0.0,0,pos,0,0.0,0,pos
FUN_000845,198,0.12452830188679245,3,pos_s246_e276_s588_e672_s690_e732,24,0.01509433962264151,0,pos
FUN_007812,12,0.00796812749003984,0,pos,0,0.0,0,pos
FUN_009561,0,0.0,0,pos,0,0.0,0,pos
FUN_007798,0,0.0,0,pos,0,0.0,0,pos
FUN_009084,0,0.0,0,pos,0,0.0,0,pos
FUN_003039,0,0.0,0,pos,0,0.0,0,pos
FUN_004336,0,0.0,0,pos,0,0.0,0,pos
FUN_009298,0,0.0,0,pos,0,0.0,0,pos
FUN_009618,54,0.011292346298619825,1,pos_s474_e522,36,0.0075282308657465494,0,pos
FUN_001698,0,0.0,0,pos,0,0.0,0,pos
FUN_002613,0,0.0,0,pos,0,0.0,0,pos
FUN_002970,0,0.0,0,pos,0,0.0,0,pos
FUN_004893,0,0.0,0,pos,0,0.0,0,pos
FUN_003225,0,0.0,0,pos,0,0.0,0,pos
FUN_008581,0,0.0,0,pos,0,0.0,0,pos
FUN_008649,0,0.0,0,pos,0,0.0,0,pos
FUN_016674,0,0.0,0,pos,0,0.0,0,pos
FUN_006506,0,0.0,0,pos,0,0.0,0,pos
FUN_006243,0,0.0,0,pos,0,0.0,0,pos
FUN_007684,0,0.0,0,pos,0,0.0,0,pos
FUN_007877,240,0.07797270955165692,2,pos_s2088_e2196_s2376_e2454,66,0.021442495126705652,1,pos_s2412_e2454
FUN_009040,126,0.030042918454935622,1,pos_s0_e90,36,0.008583690987124463,0,pos
FUN_004834,36,0.005671077504725898,0,pos,0,0.0,0,pos
FUN_000394,12,0.012987012987012988,0,pos,0,0.0,0,pos
FUN_006988,0,0.0,0,pos,0,0.0,0,pos
FUN_007512,0,0.0,0,pos,0,0.0,0,pos
FUN_016710,0,0.0,0,pos,0,0.0,0,pos
FUN_000681,0,0.0,0,pos,0,0.0,0,pos
FUN_004201,0,0.0,0,pos,0,0.0,0,pos
FUN_002043,0,0.0,0,pos,0,0.0,0,pos
FUN_012442,0,0.0,0,pos,0,0.0,0,pos
FUN_006723,498,0.16023166023166024,5,pos_s828_e894_s930_e972_s1008_e1158_s1164_e1284_s1542_e1608,246,0.07915057915057915,3,pos_s852_e888_s1062_e1158_s1164_e1254
FUN_003995,0,0.0,0,pos,0,0.0,0,pos
FUN_015779,0,0.0,0,pos,0,0.0,0,pos
FUN_000404,0,0.0,0,pos,0,0.0,0,pos
FUN_002739,0,0.0,0,pos,0,0.0,0,pos
FUN_006597,288,0.23645320197044334,3,pos_s246_e288_s372_e486_s1026_e1140,228,0.18719211822660098,2,pos_s372_e486_s1026_e1140
FUN_006870,0,0.0,0,pos,0,0.0,0,pos
FUN_015994,0,0.0,0,pos,0,0.0,0,pos
FUN_010212,0,0.0,0,pos,0,0.0,0,pos
FUN_001129,84,0.019525801952580194,1,pos_s426_e456,6,0.001394700139470014,0,pos
FUN_016311,294,0.13573407202216067,3,pos_s1014_e1044_s1050_e1116_s1152_e1332,162,0.07479224376731301,2,pos_s1074_e1116_s1212_e1332
FUN_010614,222,0.040793825799338476,2,pos_s144_e180_s2178_e2280,108,0.019845644983461964,2,pos_s2178_e2244_s2250_e2280
FUN_002908,126,0.03186646433990895,1,pos_s2196_e2310,0,0.0,0,pos
FUN_004716,18,0.0078125,0,pos,6,0.0026041666666666665,0,pos
FUN_010920,36,0.00846262341325811,0,pos,0,0.0,0,pos
FUN_006489,0,0.0,0,pos,0,0.0,0,pos
FUN_001213,0,0.0,0,pos,0,0.0,0,pos
FUN_006893,24,0.00823045267489712,0,pos,0,0.0,0,pos
FUN_005739,240,0.28776978417266186,3,pos_s366_e480_s552_e648_s678_e708,126,0.1510791366906475,1,pos_s390_e480
FUN_008298,0,0.0,0,pos,0,0.0,0,pos
FUN_001100,12,0.006134969325153374,0,pos,0,0.0,0,pos
FUN_005239,0,0.0,0,pos,0,0.0,0,pos
FUN_002770,114,0.04148471615720524,2,pos_s2436_e2484_s2574_e2640,36,0.013100436681222707,1,pos_s2586_e2622
FUN_007287,24,0.16,0,pos,18,0.12,0,pos
FUN_008492,120,0.0390625,1,pos_s1032_e1128,0,0.0,0,pos
FUN_001740,0,0.0,0,pos,0,0.0,0,pos
FUN_003975,0,0.0,0,pos,0,0.0,0,pos
FUN_001440,0,0.0,0,pos,0,0.0,0,pos
FUN_005905,0,0.0,0,pos,0,0.0,0,pos
FUN_009514,42,0.013539651837524178,1,pos_s798_e840,0,0.0,0,pos
FUN_009935,0,0.0,0,pos,0,0.0,0,pos
FUN_011710,0,0.0,0,pos,0,0.0,0,pos
FUN_011769,0,0.0,0,pos,0,0.0,0,pos
FUN_009162,0,0.0,0,pos,0,0.0,0,pos
FUN_010944,36,0.010416666666666666,0,pos,0,0.0,0,pos
FUN_001887,0,0.0,0,pos,0,0.0,0,pos
FUN_016516,0,0.0,0,pos,0,0.0,0,pos
FUN_009712,0,0.0,0,pos,0,0.0,0,pos
FUN_015381,0,0.0,0,pos,0,0.0,0,pos
FUN_000550,0,0.0,0,pos,0,0.0,0,pos
FUN_009079,0,0.0,0,pos,0,0.0,0,pos
FUN_012538,0,0.0,0,pos,0,0.0,0,pos
FUN_008120,24,0.010126582278481013,0,pos,0,0.0,0,pos
FUN_007046,0,0.0,0,pos,0,0.0,0,pos
FUN_008918,96,0.07766990291262135,1,pos_s54_e150,12,0.009708737864077669,0,pos
FUN_006680,0,0.0,0,pos,0,0.0,0,pos
FUN_001441,0,0.0,0,pos,0,0.0,0,pos
FUN_002433,108,0.05389221556886228,1,pos_s534_e576,6,0.0029940119760479044,0,pos
FUN_000036,24,0.00881057268722467,0,pos,0,0.0,0,pos
FUN_016246,0,0.0,0,pos,0,0.0,0,pos
FUN_001535,0,0.0,0,pos,0,0.0,0,pos
FUN_004898,180,0.06060606060606061,3,pos_s2112_e2148_s2448_e2532_s2598_e2634,36,0.012121212121212121,1,pos_s2598_e2628
FUN_007957,0,0.0,0,pos,0,0.0,0,pos
FUN_008188,12,0.029850746268656716,0,pos,0,0.0,0,pos
FUN_008854,0,0.0,0,pos,0,0.0,0,pos
FUN_001621,0,0.0,0,pos,0,0.0,0,pos
FUN_009841,0,0.0,0,pos,0,0.0,0,pos
FUN_002248,0,0.0,0,pos,0,0.0,0,pos
FUN_001065,0,0.0,0,pos,0,0.0,0,pos
FUN_009114,24,0.03333333333333333,0,pos,0,0.0,0,pos
FUN_004036,0,0.0,0,pos,0,0.0,0,pos
FUN_009572,0,0.0,0,pos,0,0.0,0,pos
FUN_001885,30,0.11363636363636363,0,pos,0,0.0,0,pos
FUN_002737,48,0.02768166089965398,1,pos_s576_e606,0,0.0,0,pos
FUN_001448,0,0.0,0,pos,0,0.0,0,pos
FUN_010279,0,0.0,0,pos,0,0.0,0,pos
FUN_009612,0,0.0,0,pos,0,0.0,0,pos
FUN_003193,0,0.0,0,pos,0,0.0,0,pos
FUN_010850,0,0.0,0,pos,0,0.0,0,pos
FUN_003114,0,0.0,0,pos,0,0.0,0,pos
FUN_016621,0,0.0,0,pos,0,0.0,0,pos
FUN_016000,0,0.0,0,pos,0,0.0,0,pos
FUN_016648,0,0.0,0,pos,0,0.0,0,pos
FUN_008912,66,0.6875,1,pos_s0_e48,12,0.125,0,pos
FUN_000118,0,0.0,0,pos,0,0.0,0,pos
FUN_016376,0,0.0,0,pos,0,0.0,0,pos
FUN_001131,0,0.0,0,pos,0,0.0,0,pos
FUN_000061,0,0.0,0,pos,0,0.0,0,pos
FUN_007498,0,0.0,0,pos,0,0.0,0,pos
FUN_003813,0,0.0,0,pos,0,0.0,0,pos
FUN_001327,0,0.0,0,pos,0,0.0,0,pos
FUN_004065,12,0.013605442176870748,0,pos,0,0.0,0,pos
FUN_009653,0,0.0,0,pos,0,0.0,0,pos
FUN_009140,36,0.03260869565217391,0,pos,36,0.03260869565217391,0,pos
FUN_010756,0,0.0,0,pos,0,0.0,0,pos
FUN_006579,156,0.05726872246696035,3,pos_s2094_e2166_s2298_e2346_s2658_e2694,6,0.0022026431718061676,0,pos
FUN_005009,0,0.0,0,pos,0,0.0,0,pos
FUN_016641,0,0.0,0,pos,0,0.0,0,pos
FUN_000446,0,0.0,0,pos,0,0.0,0,pos
FUN_008424,72,0.026845637583892617,0,pos,0,0.0,0,pos
FUN_002420,30,0.04032258064516129,0,pos,0,0.0,0,pos
FUN_005473,0,0.0,0,pos,0,0.0,0,pos
FUN_006286,0,0.0,0,pos,0,0.0,0,pos
FUN_005526,0,0.0,0,pos,0,0.0,0,pos
FUN_007991,0,0.0,0,pos,0,0.0,0,pos
FUN_015542,0,0.0,0,pos,0,0.0,0,pos
FUN_011540,0,0.0,0,pos,0,0.0,0,pos
FUN_000980,0,0.0,0,pos,0,0.0,0,pos
FUN_005322,0,0.0,0,pos,0,0.0,0,pos
FUN_007714,54,0.07258064516129033,1,pos_s30_e84,0,0.0,0,pos
FUN_007623,30,0.012531328320802004,0,pos,0,0.0,0,pos
FUN_003080,0,0.0,0,pos,0,0.0,0,pos
FUN_016127,0,0.0,0,pos,0,0.0,0,pos
FUN_005153,0,0.0,0,pos,0,0.0,0,pos
FUN_003206,54,0.6,1,pos_s6_e42,30,0.3333333333333333,1,pos_s12_e42
FUN_002405,0,0.0,0,pos,0,0.0,0,pos
FUN_002755,54,0.038461538461538464,1,pos_s1128_e1176,0,0.0,0,pos
FUN_007536,0,0.0,0,pos,0,0.0,0,pos
FUN_005948,0,0.0,0,pos,0,0.0,0,pos
FUN_003634,2586,0.3333333333333333,25,pos_s168_e330_s384_e474_s666_e1044_s1368_e1530_s1554_e1644_s1758_e1842_s2958_e2994_s3036_e3072_s3102_e3150_s3384_e3492_s3546_e3648_s3738_e3768_s4104_e4236_s4518_e4548_s4704_e4764_s6042_e6072_s6102_e6282_s6396_e6492_s6642_e6714_s6756_e6786_s6792_e6822_s6882_e6930_s6960_e6996_s7032_e7182_s7314_e7404,1302,0.16782675947409126,12,pos_s390_e474_s846_e1008_s1470_e1530_s1554_e1644_s1764_e1842_s3546_e3624_s4122_e4218_s4704_e4758_s6102_e6270_s6426_e6486_s6882_e6918_s7032_e7146
FUN_007340,0,0.0,0,pos,0,0.0,0,pos
FUN_003974,96,0.34782608695652173,1,pos_s60_e120,0,0.0,0,pos
FUN_004385,132,0.13924050632911392,2,pos_s696_e744_s762_e846,36,0.0379746835443038,1,pos_s810_e846
FUN_011458,72,0.018779342723004695,1,pos_s3366_e3420,0,0.0,0,pos
FUN_003947,0,0.0,0,pos,0,0.0,0,pos
FUN_008084,0,0.0,0,pos,0,0.0,0,pos
FUN_000415,0,0.0,0,pos,0,0.0,0,pos
FUN_011013,96,0.35555555555555557,1,pos_s6_e102,0,0.0,0,pos
FUN_007208,90,0.04043126684636118,1,pos_s804_e858,18,0.008086253369272238,0,pos
FUN_012323,0,0.0,0,pos,0,0.0,0,pos
FUN_002151,6,0.005319148936170213,0,pos,0,0.0,0,pos
FUN_010883,0,0.0,0,pos,0,0.0,0,pos
FUN_012299,0,0.0,0,pos,0,0.0,0,pos
FUN_002831,132,0.13253012048192772,2,pos_s558_e618_s654_e726,24,0.024096385542168676,0,pos
FUN_016349,0,0.0,0,pos,0,0.0,0,pos
FUN_000970,84,0.02254428341384863,1,pos_s2208_e2280,54,0.014492753623188406,1,pos_s2208_e2262
FUN_015898,0,0.0,0,pos,0,0.0,0,pos
FUN_001768,18,0.045454545454545456,0,pos,0,0.0,0,pos
FUN_016661,0,0.0,0,pos,0,0.0,0,pos
FUN_010914,78,0.0962962962962963,1,pos_s408_e456,24,0.02962962962962963,0,pos
FUN_001831,0,0.0,0,pos,0,0.0,0,pos
FUN_001489,0,0.0,0,pos,0,0.0,0,pos
FUN_010422,0,0.0,0,pos,0,0.0,0,pos
FUN_002826,0,0.0,0,pos,0,0.0,0,pos
FUN_011475,0,0.0,0,pos,0,0.0,0,pos
FUN_008895,0,0.0,0,pos,0,0.0,0,pos
FUN_003743,0,0.0,0,pos,0,0.0,0,pos
FUN_003712,0,0.0,0,pos,0,0.0,0,pos
FUN_004572,18,0.06382978723404255,0,pos,0,0.0,0,pos
FUN_012287,30,0.021551724137931036,0,pos,12,0.008620689655172414,0,pos
FUN_010650,0,0.0,0,pos,0,0.0,0,pos
FUN_016636,0,0.0,0,pos,0,0.0,0,pos
FUN_010135,0,0.0,0,pos,0,0.0,0,pos
FUN_010768,0,0.0,0,pos,0,0.0,0,pos
FUN_012399,0,0.0,0,pos,0,0.0,0,pos
FUN_003472,42,0.061946902654867256,1,pos_s264_e306,0,0.0,0,pos
FUN_010805,66,0.102803738317757,1,pos_s570_e624,42,0.06542056074766354,1,pos_s576_e612
FUN_009272,6,0.003246753246753247,0,pos,0,0.0,0,pos
FUN_000048,336,0.22857142857142856,4,pos_s480_e588_s768_e882_s888_e930_s936_e972,120,0.08163265306122448,1,pos_s786_e882
FUN_004466,0,0.0,0,pos,0,0.0,0,pos
FUN_000370,0,0.0,0,pos,0,0.0,0,pos
FUN_009226,0,0.0,0,pos,0,0.0,0,pos
FUN_002517,0,0.0,0,pos,0,0.0,0,pos
FUN_011404,0,0.0,0,pos,0,0.0,0,pos
FUN_001760,162,0.32926829268292684,2,pos_s120_e192_s402_e432,18,0.036585365853658534,0,pos
FUN_009527,0,0.0,0,pos,0,0.0,0,pos
FUN_003469,0,0.0,0,pos,0,0.0,0,pos
FUN_015276,0,0.0,0,pos,0,0.0,0,pos
FUN_010841,6,0.003389830508474576,0,pos,0,0.0,0,pos
FUN_016683,0,0.0,0,pos,0,0.0,0,pos
FUN_010564,0,0.0,0,pos,0,0.0,0,pos
FUN_012301,0,0.0,0,pos,0,0.0,0,pos
FUN_011089,60,0.022222222222222223,1,pos_s1962_e2022,0,0.0,0,pos
FUN_007169,0,0.0,0,pos,0,0.0,0,pos
FUN_002098,0,0.0,0,pos,0,0.0,0,pos
FUN_006715,258,0.09619686800894854,3,pos_s78_e114_s120_e234_s1296_e1332,150,0.05592841163310962,2,pos_s132_e204_s1302_e1332
FUN_010946,18,0.014705882352941176,0,pos,0,0.0,0,pos
FUN_004715,66,0.058823529411764705,1,pos_s48_e90,18,0.016042780748663103,0,pos
FUN_000339,102,0.04314720812182741,2,pos_s774_e822_s828_e876,6,0.0025380710659898475,0,pos
FUN_001518,0,0.0,0,pos,0,0.0,0,pos
FUN_003704,0,0.0,0,pos,0,0.0,0,pos
FUN_004264,42,0.017241379310344827,0,pos,0,0.0,0,pos
FUN_004101,18,0.007042253521126761,0,pos,6,0.002347417840375587,0,pos
FUN_006823,0,0.0,0,pos,0,0.0,0,pos
FUN_011146,0,0.0,0,pos,0,0.0,0,pos
FUN_007602,174,0.14646464646464646,1,pos_s990_e1164,90,0.07575757575757576,2,pos_s1050_e1080_s1086_e1140
FUN_011934,0,0.0,0,pos,0,0.0,0,pos
FUN_003924,42,0.029166666666666667,0,pos,0,0.0,0,pos
FUN_005827,18,0.012448132780082987,0,pos,0,0.0,0,pos
FUN_016701,0,0.0,0,pos,0,0.0,0,pos
FUN_009768,42,0.022727272727272728,1,pos_s1188_e1230,30,0.016233766233766232,1,pos_s1188_e1218
FUN_006382,0,0.0,0,pos,0,0.0,0,pos
FUN_016450,84,0.11570247933884298,1,pos_s66_e138,0,0.0,0,pos
FUN_012069,0,0.0,0,pos,0,0.0,0,pos
FUN_016804,0,0.0,0,pos,0,0.0,0,pos
FUN_003448,0,0.0,0,pos,0,0.0,0,pos
FUN_007689,18,0.02912621359223301,0,pos,6,0.009708737864077669,0,pos
FUN_009550,0,0.0,0,pos,0,0.0,0,pos
FUN_003830,0,0.0,0,pos,0,0.0,0,pos
FUN_008124,186,0.033953997809419496,2,pos_s750_e804_s2226_e2256,48,0.008762322015334063,1,pos_s774_e804
FUN_010440,0,0.0,0,pos,0,0.0,0,pos
FUN_008386,24,0.09302325581395349,0,pos,0,0.0,0,pos
FUN_008677,0,0.0,0,pos,0,0.0,0,pos
FUN_016177,0,0.0,0,pos,0,0.0,0,pos
FUN_006641,0,0.0,0,pos,0,0.0,0,pos
FUN_006846,0,0.0,0,pos,0,0.0,0,pos
FUN_001818,0,0.0,0,pos,0,0.0,0,pos
FUN_007580,36,0.13333333333333333,1,pos_s210_e246,18,0.06666666666666667,0,pos
FUN_002677,0,0.0,0,pos,0,0.0,0,pos
FUN_005128,0,0.0,0,pos,0,0.0,0,pos
FUN_004011,6,0.002506265664160401,0,pos,0,0.0,0,pos
FUN_001873,0,0.0,0,pos,0,0.0,0,pos
FUN_010347,192,0.2601626016260163,2,pos_s90_e246_s474_e510,60,0.08130081300813008,0,pos
FUN_004146,126,0.005564387917329093,2,pos_s9030_e9096_s15654_e15702,18,0.000794912559618442,0,pos
FUN_003319,654,0.01564967695620962,9,pos_s1788_e1866_s5526_e5562_s14094_e14148_s18972_e19038_s20760_e20802_s30672_e30732_s31596_e31626_s31668_e31698_s36816_e36858,54,0.0012921751615218953,1,pos_s1818_e1866
FUN_003857,0,0.0,0,pos,0,0.0,0,pos
FUN_006481,0,0.0,0,pos,0,0.0,0,pos
FUN_010510,42,0.00875,0,pos,0,0.0,0,pos
FUN_002966,0,0.0,0,pos,0,0.0,0,pos
FUN_010892,0,0.0,0,pos,0,0.0,0,pos
FUN_000044,0,0.0,0,pos,0,0.0,0,pos
FUN_005044,66,0.024282560706401765,1,pos_s510_e540,0,0.0,0,pos
FUN_003970,0,0.0,0,pos,0,0.0,0,pos
FUN_001111,0,0.0,0,pos,0,0.0,0,pos
FUN_002716,0,0.0,0,pos,0,0.0,0,pos
FUN_005161,0,0.0,0,pos,0,0.0,0,pos
FUN_012487,336,0.16816816816816818,5,pos_s1104_e1146_s1284_e1332_s1512_e1584_s1722_e1758_s1770_e1848,18,0.009009009009009009,0,pos
FUN_011164,0,0.0,0,pos,0,0.0,0,pos
FUN_016268,0,0.0,0,pos,0,0.0,0,pos
FUN_012346,0,0.0,0,pos,0,0.0,0,pos
FUN_015580,0,0.0,0,pos,0,0.0,0,pos
FUN_011000,126,0.040776699029126215,1,pos_s2898_e2994,108,0.03495145631067961,1,pos_s2910_e2994
FUN_009107,18,0.014018691588785047,0,pos,0,0.0,0,pos
FUN_002253,96,0.24615384615384617,1,pos_s12_e102,0,0.0,0,pos
FUN_006600,54,0.04245283018867924,1,pos_s228_e276,0,0.0,0,pos
FUN_001251,0,0.0,0,pos,0,0.0,0,pos
FUN_001206,0,0.0,0,pos,0,0.0,0,pos
FUN_010985,0,0.0,0,pos,0,0.0,0,pos
FUN_015788,0,0.0,0,pos,0,0.0,0,pos
FUN_016491,0,0.0,0,pos,0,0.0,0,pos
FUN_011844,0,0.0,0,pos,0,0.0,0,pos
FUN_007178,0,0.0,0,pos,0,0.0,0,pos
FUN_004523,0,0.0,0,pos,0,0.0,0,pos
FUN_012060,0,0.0,0,pos,0,0.0,0,pos
FUN_012004,0,0.0,0,pos,0,0.0,0,pos
FUN_000594,0,0.0,0,pos,0,0.0,0,pos
FUN_000361,0,0.0,0,pos,0,0.0,0,pos
FUN_008390,0,0.0,0,pos,0,0.0,0,pos
FUN_000359,0,0.0,0,pos,0,0.0,0,pos
FUN_000347,0,0.0,0,pos,0,0.0,0,pos
FUN_008337,0,0.0,0,pos,0,0.0,0,pos
FUN_008478,42,0.08045977011494253,1,pos_s426_e468,0,0.0,0,pos
FUN_009856,24,0.008316008316008316,0,pos,0,0.0,0,pos
FUN_010257,0,0.0,0,pos,0,0.0,0,pos
FUN_009746,0,0.0,0,pos,0,0.0,0,pos
FUN_002295,0,0.0,0,pos,0,0.0,0,pos
FUN_002389,0,0.0,0,pos,0,0.0,0,pos
FUN_010958,0,0.0,0,pos,0,0.0,0,pos
FUN_003959,102,0.03148148148148148,1,pos_s2490_e2568,12,0.003703703703703704,0,pos
FUN_005283,0,0.0,0,pos,0,0.0,0,pos
FUN_004602,60,0.10638297872340426,1,pos_s390_e426,0,0.0,0,pos
FUN_006091,42,0.07777777777777778,1,pos_s6_e36,0,0.0,0,pos
FUN_006320,0,0.0,0,pos,0,0.0,0,pos
FUN_009692,0,0.0,0,pos,0,0.0,0,pos
FUN_011790,0,0.0,0,pos,0,0.0,0,pos
FUN_011008,240,0.14545454545454545,3,pos_s888_e954_s1008_e1122_s1140_e1170,156,0.09454545454545454,2,pos_s1008_e1122_s1140_e1170
FUN_004706,246,0.21465968586387435,3,pos_s36_e72_s594_e648_s840_e912,12,0.010471204188481676,0,pos
FUN_009654,78,0.10077519379844961,0,pos,0,0.0,0,pos
FUN_003425,84,0.01289134438305709,1,pos_s5958_e6024,0,0.0,0,pos
FUN_009069,90,0.05660377358490566,1,pos_s258_e318,78,0.04905660377358491,1,pos_s258_e318
FUN_004997,0,0.0,0,pos,0,0.0,0,pos
FUN_000158,18,0.017142857142857144,0,pos,0,0.0,0,pos
FUN_008620,0,0.0,0,pos,0,0.0,0,pos
FUN_008924,0,0.0,0,pos,0,0.0,0,pos
FUN_003094,42,0.013779527559055118,0,pos,6,0.001968503937007874,0,pos
FUN_007317,0,0.0,0,pos,0,0.0,0,pos
FUN_004391,0,0.0,0,pos,0,0.0,0,pos
FUN_002812,0,0.0,0,pos,0,0.0,0,pos
FUN_008850,0,0.0,0,pos,0,0.0,0,pos
FUN_016240,0,0.0,0,pos,0,0.0,0,pos
FUN_011422,42,0.0068762278978389,0,pos,6,0.0009823182711198428,0,pos
FUN_010307,36,0.033707865168539325,1,pos_s816_e852,0,0.0,0,pos
FUN_009435,0,0.0,0,pos,0,0.0,0,pos
FUN_011802,6,0.003125,0,pos,0,0.0,0,pos
FUN_008536,0,0.0,0,pos,0,0.0,0,pos
FUN_002675,54,0.014729950900163666,1,pos_s1290_e1326,30,0.008183306055646482,1,pos_s1290_e1320
FUN_005742,0,0.0,0,pos,0,0.0,0,pos
FUN_002454,0,0.0,0,pos,0,0.0,0,pos
FUN_004066,0,0.0,0,pos,0,0.0,0,pos
FUN_011410,0,0.0,0,pos,0,0.0,0,pos
FUN_009593,78,0.015681544028950542,1,pos_s1602_e1644,0,0.0,0,pos
FUN_010785,0,0.0,0,pos,0,0.0,0,pos
FUN_000702,66,0.03283582089552239,1,pos_s1008_e1074,0,0.0,0,pos
FUN_011387,0,0.0,0,pos,0,0.0,0,pos
FUN_009326,0,0.0,0,pos,0,0.0,0,pos
FUN_015357,0,0.0,0,pos,0,0.0,0,pos
FUN_015853,0,0.0,0,pos,0,0.0,0,pos
FUN_005940,0,0.0,0,pos,0,0.0,0,pos
FUN_009359,66,0.08396946564885496,1,pos_s60_e126,54,0.06870229007633588,1,pos_s66_e120
FUN_001329,0,0.0,0,pos,0,0.0,0,pos
FUN_002226,102,0.1504424778761062,1,pos_s486_e588,72,0.10619469026548672,1,pos_s486_e540
FUN_005778,0,0.0,0,pos,0,0.0,0,pos
FUN_001418,54,0.026392961876832845,1,pos_s486_e522,30,0.01466275659824047,1,pos_s492_e522
FUN_005060,0,0.0,0,pos,0,0.0,0,pos
FUN_016310,0,0.0,0,pos,0,0.0,0,pos
FUN_008780,0,0.0,0,pos,0,0.0,0,pos
FUN_009356,366,0.5083333333333333,4,pos_s222_e396_s474_e516_s522_e570_s594_e678,66,0.09166666666666666,0,pos
FUN_007066,36,0.01312910284463895,0,pos,0,0.0,0,pos
FUN_009380,0,0.0,0,pos,0,0.0,0,pos
FUN_002400,0,0.0,0,pos,0,0.0,0,pos
FUN_005566,0,0.0,0,pos,0,0.0,0,pos
FUN_003757,18,0.023076923076923078,0,pos,0,0.0,0,pos
FUN_011973,0,0.0,0,pos,0,0.0,0,pos
FUN_011087,30,0.07352941176470588,0,pos,0,0.0,0,pos
FUN_000781,0,0.0,0,pos,0,0.0,0,pos
FUN_010700,24,0.016194331983805668,0,pos,0,0.0,0,pos
FUN_003519,24,0.047619047619047616,0,pos,0,0.0,0,pos
FUN_003324,0,0.0,0,pos,0,0.0,0,pos
FUN_003140,0,0.0,0,pos,0,0.0,0,pos
FUN_001122,18,0.016483516483516484,0,pos,0,0.0,0,pos
FUN_007358,0,0.0,0,pos,0,0.0,0,pos
FUN_008203,144,0.025183630640083946,2,pos_s606_e636_s4392_e4470,30,0.005246589716684155,1,pos_s606_e636
FUN_005261,0,0.0,0,pos,0,0.0,0,pos
FUN_010794,48,0.045454545454545456,0,pos,24,0.022727272727272728,0,pos
FUN_004510,0,0.0,0,pos,0,0.0,0,pos
FUN_009315,0,0.0,0,pos,0,0.0,0,pos
FUN_009821,0,0.0,0,pos,0,0.0,0,pos
FUN_008095,0,0.0,0,pos,0,0.0,0,pos
FUN_003276,12,0.010050251256281407,0,pos,0,0.0,0,pos
FUN_010522,0,0.0,0,pos,0,0.0,0,pos
FUN_005271,0,0.0,0,pos,0,0.0,0,pos
FUN_010781,0,0.0,0,pos,0,0.0,0,pos
FUN_011369,222,0.12374581939799331,2,pos_s300_e360_s1536_e1620,114,0.06354515050167224,2,pos_s318_e354_s1554_e1608
FUN_006945,0,0.0,0,pos,0,0.0,0,pos
FUN_010788,78,0.0202808112324493,1,pos_s2640_e2712,6,0.0015600624024961,0,pos
FUN_002789,12,0.0136986301369863,0,pos,0,0.0,0,pos
FUN_006594,126,0.04061895551257253,2,pos_s1578_e1614_s2634_e2694,84,0.027079303675048357,1,pos_s2640_e2694
FUN_010426,0,0.0,0,pos,0,0.0,0,pos
FUN_009259,0,0.0,0,pos,0,0.0,0,pos
FUN_009722,24,0.032520325203252036,0,pos,0,0.0,0,pos
FUN_008503,0,0.0,0,pos,0,0.0,0,pos
FUN_016416,0,0.0,0,pos,0,0.0,0,pos
FUN_010251,1224,0.08838821490467938,14,pos_s1158_e1320_s1716_e1758_s1830_e1878_s1992_e2058_s2622_e2652_s3834_e3870_s8526_e8616_s8940_e9042_s9186_e9426_s9780_e9840_s10092_e10164_s11100_e11142_s11154_e11202_s13638_e13710,498,0.03596187175043328,6,pos_s1176_e1314_s1992_e2058_s8574_e8610_s9228_e9384_s9798_e9840_s13638_e13686
FUN_011889,0,0.0,0,pos,0,0.0,0,pos
FUN_000169,0,0.0,0,pos,0,0.0,0,pos
FUN_004487,0,0.0,0,pos,0,0.0,0,pos
FUN_011491,0,0.0,0,pos,0,0.0,0,pos
FUN_006051,0,0.0,0,pos,0,0.0,0,pos
FUN_007037,198,0.14102564102564102,4,pos_s324_e354_s876_e936_s1176_e1212_s1314_e1350,6,0.004273504273504274,0,pos
FUN_003141,0,0.0,0,pos,0,0.0,0,pos
FUN_006008,30,0.01278772378516624,1,pos_s60_e90,0,0.0,0,pos
FUN_010391,0,0.0,0,pos,0,0.0,0,pos
FUN_004062,0,0.0,0,pos,0,0.0,0,pos
FUN_016172,0,0.0,0,pos,0,0.0,0,pos
FUN_016527,0,0.0,0,pos,0,0.0,0,pos
FUN_015607,0,0.0,0,pos,0,0.0,0,pos
FUN_006292,0,0.0,0,pos,0,0.0,0,pos
FUN_005006,264,0.07942238267148015,4,pos_s1326_e1392_s1728_e1764_s1806_e1842_s2154_e2226,30,0.009025270758122744,0,pos
FUN_005846,96,0.03755868544600939,2,pos_s846_e888_s906_e960,78,0.03051643192488263,2,pos_s846_e876_s924_e960
FUN_003165,0,0.0,0,pos,0,0.0,0,pos
FUN_003218,0,0.0,0,pos,0,0.0,0,pos
FUN_006063,12,0.015748031496062992,0,pos,0,0.0,0,pos
FUN_011220,60,0.06451612903225806,1,pos_s858_e888,0,0.0,0,pos
FUN_011315,384,0.14746543778801843,4,pos_s102_e204_s726_e756_s798_e852_s2208_e2322,156,0.059907834101382486,2,pos_s126_e204_s2208_e2256
FUN_015421,0,0.0,0,pos,0,0.0,0,pos
FUN_007557,30,0.006570302233902759,0,pos,0,0.0,0,pos
FUN_003369,24,0.05333333333333334,0,pos,0,0.0,0,pos
FUN_009235,0,0.0,0,pos,0,0.0,0,pos
FUN_008310,24,0.004901960784313725,0,pos,6,0.0012254901960784314,0,pos
FUN_007781,0,0.0,0,pos,0,0.0,0,pos
FUN_003507,30,0.012195121951219513,1,pos_s1272_e1302,0,0.0,0,pos
FUN_016143,0,0.0,0,pos,0,0.0,0,pos
FUN_003109,0,0.0,0,pos,0,0.0,0,pos
FUN_016173,0,0.0,0,pos,0,0.0,0,pos
FUN_002453,0,0.0,0,pos,0,0.0,0,pos
FUN_000807,0,0.0,0,pos,0,0.0,0,pos
FUN_007591,42,0.0220125786163522,1,pos_s912_e954,36,0.018867924528301886,1,pos_s912_e948
FUN_015278,0,0.0,0,pos,0,0.0,0,pos
FUN_006734,12,0.015748031496062992,0,pos,0,0.0,0,pos
FUN_003860,0,0.0,0,pos,0,0.0,0,pos
FUN_001864,42,0.007608695652173913,1,pos_s276_e306,0,0.0,0,pos
FUN_004920,0,0.0,0,pos,0,0.0,0,pos
FUN_009335,0,0.0,0,pos,0,0.0,0,pos
FUN_005029,0,0.0,0,pos,0,0.0,0,pos
FUN_001561,42,0.014736842105263158,1,pos_s2706_e2742,0,0.0,0,pos
FUN_005080,0,0.0,0,pos,0,0.0,0,pos
FUN_009212,0,0.0,0,pos,0,0.0,0,pos
FUN_016234,0,0.0,0,pos,0,0.0,0,pos
FUN_004301,84,0.0113544201135442,1,pos_s1770_e1830,0,0.0,0,pos
FUN_005131,18,0.005405405405405406,0,pos,0,0.0,0,pos
FUN_006788,0,0.0,0,pos,0,0.0,0,pos
FUN_016360,0,0.0,0,pos,0,0.0,0,pos
FUN_016212,0,0.0,0,pos,0,0.0,0,pos
FUN_016570,0,0.0,0,pos,0,0.0,0,pos
FUN_012017,0,0.0,0,pos,0,0.0,0,pos
FUN_006645,0,0.0,0,pos,0,0.0,0,pos
FUN_007083,0,0.0,0,pos,0,0.0,0,pos
FUN_011161,42,0.022364217252396165,0,pos,0,0.0,0,pos
FUN_006910,0,0.0,0,pos,0,0.0,0,pos
FUN_016232,0,0.0,0,pos,0,0.0,0,pos
FUN_007241,18,0.0071090047393364926,0,pos,0,0.0,0,pos
FUN_002657,0,0.0,0,pos,0,0.0,0,pos
FUN_008407,0,0.0,0,pos,0,0.0,0,pos
FUN_015701,0,0.0,0,pos,0,0.0,0,pos
FUN_000851,90,0.19480519480519481,1,pos_s372_e444,48,0.1038961038961039,1,pos_s396_e444
FUN_005327,0,0.0,0,pos,0,0.0,0,pos
FUN_016567,0,0.0,0,pos,0,0.0,0,pos
FUN_011304,0,0.0,0,pos,0,0.0,0,pos
FUN_002354,0,0.0,0,pos,0,0.0,0,pos
FUN_011735,0,0.0,0,pos,0,0.0,0,pos
FUN_011888,0,0.0,0,pos,0,0.0,0,pos
FUN_015734,0,0.0,0,pos,0,0.0,0,pos
FUN_003190,0,0.0,0,pos,0,0.0,0,pos
FUN_010159,0,0.0,0,pos,0,0.0,0,pos
FUN_015785,0,0.0,0,pos,0,0.0,0,pos
FUN_008815,0,0.0,0,pos,0,0.0,0,pos
FUN_001995,0,0.0,0,pos,0,0.0,0,pos
FUN_006688,0,0.0,0,pos,0,0.0,0,pos
FUN_012374,0,0.0,0,pos,0,0.0,0,pos
FUN_003800,36,0.023346303501945526,1,pos_s1212_e1248,0,0.0,0,pos
FUN_002506,108,0.09,1,pos_s264_e372,66,0.055,1,pos_s276_e342
FUN_007896,0,0.0,0,pos,0,0.0,0,pos
FUN_009488,0,0.0,0,pos,0,0.0,0,pos
FUN_008474,42,0.006628787878787879,1,pos_s4788_e4818,0,0.0,0,pos
FUN_001472,0,0.0,0,pos,0,0.0,0,pos
FUN_010096,30,0.20833333333333334,1,pos_s78_e108,0,0.0,0,pos
FUN_003984,0,0.0,0,pos,0,0.0,0,pos
FUN_004889,0,0.0,0,pos,0,0.0,0,pos
FUN_009673,0,0.0,0,pos,0,0.0,0,pos
FUN_010610,108,0.06206896551724138,2,pos_s0_e54_s324_e378,0,0.0,0,pos
FUN_004738,0,0.0,0,pos,0,0.0,0,pos
FUN_003311,132,0.08979591836734693,1,pos_s1350_e1386,6,0.004081632653061225,0,pos
FUN_015990,0,0.0,0,pos,0,0.0,0,pos
FUN_003981,0,0.0,0,pos,0,0.0,0,pos
FUN_015900,0,0.0,0,pos,0,0.0,0,pos
FUN_002004,0,0.0,0,pos,0,0.0,0,pos
FUN_003056,96,0.06477732793522267,1,pos_s1158_e1212,18,0.012145748987854251,0,pos
FUN_006397,0,0.0,0,pos,0,0.0,0,pos
FUN_008719,6,0.0031446540880503146,0,pos,0,0.0,0,pos
FUN_007494,60,0.053763440860215055,1,pos_s780_e834,12,0.010752688172043012,0,pos
FUN_010565,0,0.0,0,pos,0,0.0,0,pos
FUN_008121,0,0.0,0,pos,0,0.0,0,pos
FUN_012210,0,0.0,0,pos,0,0.0,0,pos
FUN_006630,72,0.1016949152542373,1,pos_s192_e264,0,0.0,0,pos
FUN_015859,0,0.0,0,pos,0,0.0,0,pos
FUN_004562,0,0.0,0,pos,0,0.0,0,pos
FUN_005581,0,0.0,0,pos,0,0.0,0,pos
FUN_006768,18,0.0084985835694051,0,pos,0,0.0,0,pos
FUN_004295,402,0.05033809166040571,3,pos_s72_e126_s5154_e5244_s6366_e6534,120,0.015026296018031555,1,pos_s6396_e6510
FUN_002005,0,0.0,0,pos,0,0.0,0,pos
FUN_006241,0,0.0,0,pos,0,0.0,0,pos
FUN_003166,0,0.0,0,pos,0,0.0,0,pos
FUN_012512,0,0.0,0,pos,0,0.0,0,pos
FUN_001069,0,0.0,0,pos,0,0.0,0,pos
FUN_001944,0,0.0,0,pos,0,0.0,0,pos
FUN_002384,0,0.0,0,pos,0,0.0,0,pos
FUN_003718,0,0.0,0,pos,0,0.0,0,pos
FUN_004817,36,0.04081632653061224,1,pos_s222_e258,0,0.0,0,pos
FUN_015517,0,0.0,0,pos,0,0.0,0,pos
FUN_012553,0,0.0,0,pos,0,0.0,0,pos
FUN_004977,0,0.0,0,pos,0,0.0,0,pos
FUN_009266,6,0.0025380710659898475,0,pos,0,0.0,0,pos
FUN_015306,0,0.0,0,pos,0,0.0,0,pos
FUN_008156,6,0.002890173410404624,0,pos,0,0.0,0,pos
FUN_011810,0,0.0,0,pos,0,0.0,0,pos
FUN_003228,0,0.0,0,pos,0,0.0,0,pos
FUN_010755,0,0.0,0,pos,0,0.0,0,pos
FUN_004806,60,0.030211480362537766,1,pos_s132_e186,0,0.0,0,pos
FUN_003390,0,0.0,0,pos,0,0.0,0,pos
FUN_011335,0,0.0,0,pos,0,0.0,0,pos
FUN_002706,0,0.0,0,pos,0,0.0,0,pos
FUN_004020,0,0.0,0,pos,0,0.0,0,pos
FUN_000287,72,0.01532567049808429,1,pos_s4644_e4680,0,0.0,0,pos
FUN_010763,0,0.0,0,pos,0,0.0,0,pos
FUN_015986,114,0.1557377049180328,1,pos_s114_e228,108,0.14754098360655737,1,pos_s120_e228
FUN_009767,0,0.0,0,pos,0,0.0,0,pos
FUN_003812,0,0.0,0,pos,0,0.0,0,pos
FUN_009048,0,0.0,0,pos,0,0.0,0,pos
FUN_016851,0,0.0,0,pos,0,0.0,0,pos
FUN_003382,60,0.045871559633027525,1,pos_s1002_e1062,0,0.0,0,pos
FUN_007349,0,0.0,0,pos,0,0.0,0,pos
FUN_001168,0,0.0,0,pos,0,0.0,0,pos
FUN_000979,0,0.0,0,pos,0,0.0,0,pos
FUN_004096,0,0.0,0,pos,0,0.0,0,pos
FUN_015475,0,0.0,0,pos,0,0.0,0,pos
FUN_015800,0,0.0,0,pos,0,0.0,0,pos
FUN_004207,6,0.004273504273504274,0,pos,0,0.0,0,pos
FUN_011033,0,0.0,0,pos,0,0.0,0,pos
FUN_015468,0,0.0,0,pos,0,0.0,0,pos
FUN_016525,0,0.0,0,pos,0,0.0,0,pos
FUN_009408,0,0.0,0,pos,0,0.0,0,pos
FUN_000684,18,0.006802721088435374,0,pos,0,0.0,0,pos
FUN_003938,0,0.0,0,pos,0,0.0,0,pos
FUN_003929,12,0.013888888888888888,0,pos,0,0.0,0,pos
FUN_006940,0,0.0,0,pos,0,0.0,0,pos
FUN_001124,108,0.782608695652174,0,pos,84,0.6086956521739131,0,pos
FUN_006479,0,0.0,0,pos,0,0.0,0,pos
FUN_010790,0,0.0,0,pos,0,0.0,0,pos
FUN_003419,0,0.0,0,pos,0,0.0,0,pos
FUN_001782,0,0.0,0,pos,0,0.0,0,pos
FUN_005635,0,0.0,0,pos,0,0.0,0,pos
FUN_010117,258,0.04772475027746948,4,pos_s978_e1008_s4266_e4380_s4500_e4536_s4584_e4614,6,0.0011098779134295228,0,pos
FUN_002821,0,0.0,0,pos,0,0.0,0,pos
FUN_009148,0,0.0,0,pos,0,0.0,0,pos
FUN_011445,0,0.0,0,pos,0,0.0,0,pos
FUN_002052,36,0.18181818181818182,1,pos_s0_e36,36,0.18181818181818182,1,pos_s0_e36
FUN_015940,0,0.0,0,pos,0,0.0,0,pos
FUN_009588,84,0.2028985507246377,1,pos_s138_e180,12,0.028985507246376812,0,pos
FUN_000083,120,0.010554089709762533,1,pos_s666_e726,42,0.0036939313984168864,0,pos
FUN_010906,18,0.00684931506849315,0,pos,0,0.0,0,pos
FUN_002784,90,0.04672897196261682,1,pos_s1596_e1680,12,0.006230529595015576,0,pos
FUN_007941,66,0.0650887573964497,1,pos_s186_e252,0,0.0,0,pos
FUN_003151,492,0.2971014492753623,6,pos_s24_e156_s450_e564_s726_e768_s1050_e1158_s1164_e1206_s1272_e1320,300,0.18115942028985507,3,pos_s114_e156_s450_e564_s1050_e1158
FUN_016478,0,0.0,0,pos,0,0.0,0,pos
FUN_009575,204,0.09239130434782608,3,pos_s528_e612_s1278_e1320_s1332_e1362,72,0.03260869565217391,1,pos_s576_e612
FUN_010629,0,0.0,0,pos,0,0.0,0,pos
FUN_008595,0,0.0,0,pos,0,0.0,0,pos
FUN_007564,0,0.0,0,pos,0,0.0,0,pos
FUN_005068,66,0.03594771241830065,1,pos_s318_e360,0,0.0,0,pos
FUN_006802,0,0.0,0,pos,0,0.0,0,pos
FUN_000574,0,0.0,0,pos,0,0.0,0,pos
FUN_011768,0,0.0,0,pos,0,0.0,0,pos
FUN_004464,78,0.014492753623188406,2,pos_s864_e900_s960_e1002,0,0.0,0,pos
FUN_009367,0,0.0,0,pos,0,0.0,0,pos
FUN_015776,0,0.0,0,pos,0,0.0,0,pos
FUN_016211,0,0.0,0,pos,0,0.0,0,pos
FUN_007061,174,0.06092436974789916,3,pos_s522_e564_s1536_e1584_s1704_e1764,60,0.02100840336134454,1,pos_s1722_e1764
FUN_010550,0,0.0,0,pos,0,0.0,0,pos
FUN_008074,0,0.0,0,pos,0,0.0,0,pos
FUN_007803,150,0.06830601092896176,1,pos_s1146_e1200,42,0.01912568306010929,1,pos_s1146_e1188
FUN_016822,0,0.0,0,pos,0,0.0,0,pos
FUN_000569,0,0.0,0,pos,0,0.0,0,pos
FUN_009581,126,0.019886363636363636,2,pos_s2544_e2580_s2796_e2838,6,0.000946969696969697,0,pos
FUN_001214,0,0.0,0,pos,0,0.0,0,pos
FUN_008154,30,0.03937007874015748,1,pos_s468_e498,0,0.0,0,pos
FUN_016276,0,0.0,0,pos,0,0.0,0,pos
FUN_015964,0,0.0,0,pos,0,0.0,0,pos
FUN_007161,0,0.0,0,pos,0,0.0,0,pos
FUN_000865,0,0.0,0,pos,0,0.0,0,pos
FUN_002415,24,0.046511627906976744,0,pos,0,0.0,0,pos
FUN_002212,0,0.0,0,pos,0,0.0,0,pos
FUN_003950,24,0.015151515151515152,0,pos,0,0.0,0,pos
FUN_007974,0,0.0,0,pos,0,0.0,0,pos
FUN_012242,0,0.0,0,pos,0,0.0,0,pos
FUN_004655,102,0.03125,2,pos_s2310_e2352_s2598_e2652,24,0.007352941176470588,0,pos
FUN_007424,0,0.0,0,pos,0,0.0,0,pos
FUN_001185,0,0.0,0,pos,0,0.0,0,pos
FUN_015425,0,0.0,0,pos,0,0.0,0,pos
FUN_001809,18,0.017045454545454544,0,pos,0,0.0,0,pos
FUN_000948,0,0.0,0,pos,0,0.0,0,pos
FUN_015371,0,0.0,0,pos,0,0.0,0,pos
FUN_011470,0,0.0,0,pos,0,0.0,0,pos
FUN_010584,336,0.20437956204379562,3,pos_s66_e144_s186_e252_s480_e624,234,0.14233576642335766,2,pos_s186_e252_s480_e624
FUN_003007,0,0.0,0,pos,0,0.0,0,pos
FUN_015690,0,0.0,0,pos,0,0.0,0,pos
FUN_001012,6,0.007246376811594203,0,pos,0,0.0,0,pos
FUN_015298,0,0.0,0,pos,0,0.0,0,pos
FUN_000192,6,0.0049261083743842365,0,pos,0,0.0,0,pos
FUN_009771,414,0.09732016925246827,5,pos_s306_e360_s2880_e3048_s3174_e3210_s3396_e3444_s3474_e3534,66,0.015514809590973202,0,pos
FUN_002347,54,0.034220532319391636,1,pos_s1128_e1164,0,0.0,0,pos
FUN_001052,24,0.013513513513513514,0,pos,0,0.0,0,pos
FUN_006079,72,0.031914893617021274,1,pos_s1530_e1602,0,0.0,0,pos
FUN_008586,30,0.017857142857142856,1,pos_s1428_e1458,24,0.014285714285714285,0,pos
FUN_015418,0,0.0,0,pos,0,0.0,0,pos
FUN_008904,0,0.0,0,pos,0,0.0,0,pos
FUN_002374,0,0.0,0,pos,0,0.0,0,pos
FUN_006892,66,0.03206997084548105,1,pos_s612_e678,60,0.029154518950437316,1,pos_s612_e672
FUN_008231,18,0.02112676056338028,0,pos,0,0.0,0,pos
FUN_004926,0,0.0,0,pos,0,0.0,0,pos
FUN_011096,42,0.018134715025906734,0,pos,0,0.0,0,pos
FUN_012552,0,0.0,0,pos,0,0.0,0,pos
FUN_009786,0,0.0,0,pos,0,0.0,0,pos
FUN_016560,0,0.0,0,pos,0,0.0,0,pos
FUN_011242,0,0.0,0,pos,0,0.0,0,pos
FUN_010827,0,0.0,0,pos,0,0.0,0,pos
FUN_003765,24,0.017241379310344827,0,pos,0,0.0,0,pos
FUN_000431,96,0.1032258064516129,1,pos_s750_e840,54,0.05806451612903226,1,pos_s750_e798
FUN_008169,0,0.0,0,pos,0,0.0,0,pos
FUN_000735,30,0.07692307692307693,1,pos_s6_e36,0,0.0,0,pos
FUN_004825,0,0.0,0,pos,0,0.0,0,pos
FUN_006204,0,0.0,0,pos,0,0.0,0,pos
FUN_016784,0,0.0,0,pos,0,0.0,0,pos
FUN_000891,0,0.0,0,pos,0,0.0,0,pos
FUN_007049,12,0.004784688995215311,0,pos,0,0.0,0,pos
FUN_010317,0,0.0,0,pos,0,0.0,0,pos
FUN_005440,6,0.0035335689045936395,0,pos,0,0.0,0,pos
FUN_015498,0,0.0,0,pos,0,0.0,0,pos
FUN_010964,0,0.0,0,pos,0,0.0,0,pos
FUN_003771,0,0.0,0,pos,0,0.0,0,pos
FUN_004531,48,0.11594202898550725,1,pos_s0_e48,0,0.0,0,pos
FUN_010548,0,0.0,0,pos,0,0.0,0,pos
FUN_009187,198,0.2558139534883721,2,pos_s126_e222_s606_e684,18,0.023255813953488372,0,pos
FUN_004897,0,0.0,0,pos,0,0.0,0,pos
FUN_004938,336,0.1308411214953271,3,pos_s750_e936_s1908_e1962_s1968_e2022,144,0.056074766355140186,3,pos_s750_e810_s822_e858_s1908_e1950
FUN_004812,276,0.09001956947162426,3,pos_s804_e846_s1110_e1146_s1260_e1434,156,0.050880626223091974,1,pos_s1296_e1416
FUN_010909,0,0.0,0,pos,0,0.0,0,pos
FUN_003123,0,0.0,0,pos,0,0.0,0,pos
FUN_003643,0,0.0,0,pos,0,0.0,0,pos
FUN_007707,0,0.0,0,pos,0,0.0,0,pos
FUN_002819,0,0.0,0,pos,0,0.0,0,pos
FUN_007419,0,0.0,0,pos,0,0.0,0,pos
FUN_015812,0,0.0,0,pos,0,0.0,0,pos
FUN_010651,66,0.015580736543909348,1,pos_s1662_e1710,12,0.0028328611898017,0,pos
FUN_007713,0,0.0,0,pos,0,0.0,0,pos
FUN_005356,108,0.016728624535315983,1,pos_s2118_e2196,36,0.0055762081784386614,0,pos
FUN_001292,0,0.0,0,pos,0,0.0,0,pos
FUN_015359,0,0.0,0,pos,0,0.0,0,pos
FUN_011144,0,0.0,0,pos,0,0.0,0,pos
FUN_010570,0,0.0,0,pos,0,0.0,0,pos
FUN_007347,12,0.013605442176870748,0,pos,12,0.013605442176870748,0,pos
FUN_010780,12,0.06060606060606061,0,pos,0,0.0,0,pos
FUN_002281,0,0.0,0,pos,0,0.0,0,pos
FUN_001420,0,0.0,0,pos,0,0.0,0,pos
FUN_010960,0,0.0,0,pos,0,0.0,0,pos
FUN_005384,60,0.014204545454545454,1,pos_s3678_e3708,0,0.0,0,pos
FUN_006024,12,0.006230529595015576,0,pos,0,0.0,0,pos
FUN_010272,0,0.0,0,pos,0,0.0,0,pos
FUN_003658,0,0.0,0,pos,0,0.0,0,pos
FUN_007356,0,0.0,0,pos,0,0.0,0,pos
FUN_015614,0,0.0,0,pos,0,0.0,0,pos
FUN_011777,0,0.0,0,pos,0,0.0,0,pos
FUN_007571,0,0.0,0,pos,0,0.0,0,pos
FUN_004618,0,0.0,0,pos,0,0.0,0,pos
FUN_011210,84,0.11666666666666667,1,pos_s534_e618,54,0.075,1,pos_s582_e612
FUN_007413,48,0.014760147601476014,0,pos,0,0.0,0,pos
FUN_016428,0,0.0,0,pos,0,0.0,0,pos
FUN_010311,12,0.011428571428571429,0,pos,0,0.0,0,pos
FUN_011983,0,0.0,0,pos,0,0.0,0,pos
FUN_007701,282,0.08289241622574955,3,pos_s1128_e1224_s1554_e1590_s2082_e2124,30,0.008818342151675485,0,pos
FUN_010080,0,0.0,0,pos,0,0.0,0,pos
FUN_007335,90,0.03968253968253968,2,pos_s1812_e1842_s1872_e1926,72,0.031746031746031744,2,pos_s1812_e1842_s1872_e1908
FUN_015479,0,0.0,0,pos,0,0.0,0,pos
FUN_001960,354,0.1798780487804878,5,pos_s1110_e1188_s1284_e1320_s1410_e1464_s1518_e1632_s1728_e1776,108,0.054878048780487805,1,pos_s1554_e1632
FUN_016299,0,0.0,0,pos,0,0.0,0,pos
FUN_016435,0,0.0,0,pos,0,0.0,0,pos
FUN_004426,0,0.0,0,pos,0,0.0,0,pos
FUN_002108,12,0.005361930294906166,0,pos,0,0.0,0,pos
FUN_007214,6,0.004784688995215311,0,pos,0,0.0,0,pos
FUN_001790,0,0.0,0,pos,0,0.0,0,pos
FUN_015290,0,0.0,0,pos,0,0.0,0,pos
FUN_006278,0,0.0,0,pos,0,0.0,0,pos
FUN_010488,0,0.0,0,pos,0,0.0,0,pos
FUN_004093,24,0.0058997050147492625,0,pos,0,0.0,0,pos
FUN_004298,0,0.0,0,pos,0,0.0,0,pos
FUN_006777,42,0.026119402985074626,1,pos_s48_e84,0,0.0,0,pos
FUN_002975,0,0.0,0,pos,0,0.0,0,pos
FUN_005070,0,0.0,0,pos,0,0.0,0,pos
FUN_004413,228,0.0290519877675841,2,pos_s2880_e2964_s4722_e4848,48,0.0061162079510703364,1,pos_s2880_e2910
FUN_005180,0,0.0,0,pos,0,0.0,0,pos
FUN_003010,72,0.06629834254143646,1,pos_s0_e66,6,0.0055248618784530384,0,pos
FUN_008824,12,0.03571428571428571,0,pos,0,0.0,0,pos
FUN_006704,6,0.0025575447570332483,0,pos,0,0.0,0,pos
FUN_003806,0,0.0,0,pos,0,0.0,0,pos
FUN_004529,30,0.02617801047120419,1,pos_s522_e552,0,0.0,0,pos
FUN_011851,0,0.0,0,pos,0,0.0,0,pos
FUN_001513,0,0.0,0,pos,0,0.0,0,pos
FUN_000751,0,0.0,0,pos,0,0.0,0,pos
FUN_003148,0,0.0,0,pos,0,0.0,0,pos
FUN_007309,0,0.0,0,pos,0,0.0,0,pos
FUN_004319,0,0.0,0,pos,0,0.0,0,pos
FUN_004447,0,0.0,0,pos,0,0.0,0,pos
FUN_001626,0,0.0,0,pos,0,0.0,0,pos
FUN_006826,0,0.0,0,pos,0,0.0,0,pos
FUN_008122,12,0.00881057268722467,0,pos,0,0.0,0,pos
FUN_012440,120,0.08968609865470852,1,pos_s1188_e1272,72,0.053811659192825115,1,pos_s1194_e1248
FUN_002477,0,0.0,0,pos,0,0.0,0,pos
FUN_015545,0,0.0,0,pos,0,0.0,0,pos
FUN_009988,198,0.3793103448275862,1,pos_s42_e168,114,0.21839080459770116,2,pos_s72_e102_s126_e168
FUN_010720,0,0.0,0,pos,0,0.0,0,pos
FUN_003147,0,0.0,0,pos,0,0.0,0,pos
FUN_007638,30,0.04504504504504504,0,pos,0,0.0,0,pos
FUN_004654,0,0.0,0,pos,0,0.0,0,pos
FUN_009150,0,0.0,0,pos,0,0.0,0,pos
FUN_000604,18,0.0136986301369863,0,pos,0,0.0,0,pos
FUN_004585,30,0.01182033096926714,1,pos_s2442_e2472,0,0.0,0,pos
FUN_009008,0,0.0,0,pos,0,0.0,0,pos
FUN_000376,0,0.0,0,pos,0,0.0,0,pos
FUN_005983,84,0.05017921146953405,2,pos_s270_e306_s1290_e1338,6,0.0035842293906810036,0,pos
FUN_009576,24,0.016666666666666666,0,pos,0,0.0,0,pos
FUN_001685,54,0.039473684210526314,1,pos_s1260_e1314,0,0.0,0,pos
FUN_012380,0,0.0,0,pos,0,0.0,0,pos
FUN_006659,216,0.0861244019138756,2,pos_s0_e42_s132_e252,132,0.05263157894736842,2,pos_s0_e42_s132_e186
FUN_010459,0,0.0,0,pos,0,0.0,0,pos
FUN_002069,54,0.045,0,pos,12,0.01,0,pos
FUN_012199,0,0.0,0,pos,0,0.0,0,pos
FUN_011707,0,0.0,0,pos,0,0.0,0,pos
FUN_015705,0,0.0,0,pos,0,0.0,0,pos
FUN_004083,0,0.0,0,pos,0,0.0,0,pos
FUN_003441,42,0.03167420814479638,1,pos_s1032_e1074,0,0.0,0,pos
FUN_000963,0,0.0,0,pos,0,0.0,0,pos
FUN_006640,0,0.0,0,pos,0,0.0,0,pos
FUN_003498,108,0.021479713603818614,2,pos_s1572_e1632_s2730_e2772,0,0.0,0,pos
FUN_000522,0,0.0,0,pos,0,0.0,0,pos
FUN_004209,0,0.0,0,pos,0,0.0,0,pos
FUN_006795,0,0.0,0,pos,0,0.0,0,pos
FUN_010829,12,0.003683241252302026,0,pos,0,0.0,0,pos
FUN_010326,240,0.11940298507462686,3,pos_s420_e492_s606_e702_s738_e792,54,0.026865671641791045,1,pos_s654_e702
FUN_008818,78,0.1368421052631579,1,pos_s450_e528,0,0.0,0,pos
FUN_016678,0,0.0,0,pos,0,0.0,0,pos
FUN_003257,0,0.0,0,pos,0,0.0,0,pos
FUN_016872,6,0.00819672131147541,0,pos,0,0.0,0,pos
FUN_006932,168,0.1076923076923077,2,pos_s216_e264_s1176_e1254,48,0.03076923076923077,1,pos_s1176_e1212
FUN_015651,0,0.0,0,pos,0,0.0,0,pos
FUN_001922,0,0.0,0,pos,0,0.0,0,pos
FUN_000310,210,0.23178807947019867,1,pos_s36_e246,138,0.152317880794702,2,pos_s36_e102_s210_e246
FUN_010605,12,0.0033333333333333335,0,pos,0,0.0,0,pos
FUN_007696,0,0.0,0,pos,0,0.0,0,pos
FUN_004743,834,0.11641541038525963,8,pos_s1518_e1596_s1698_e1950_s2136_e2226_s2478_e2508_s2778_e2814_s2868_e2982_s3162_e3210_s3336_e3372,342,0.04773869346733668,2,pos_s1710_e1950_s2922_e2958
FUN_015433,0,0.0,0,pos,0,0.0,0,pos
FUN_009305,0,0.0,0,pos,0,0.0,0,pos
FUN_006921,0,0.0,0,pos,0,0.0,0,pos
FUN_011391,1200,0.09578544061302682,14,pos_s2850_e2880_s3006_e3120_s3162_e3192_s3198_e3228_s3834_e3918_s3948_e4062_s4206_e4242_s4248_e4284_s4368_e4458_s4968_e5034_s5478_e5550_s6864_e7032_s7254_e7344_s9186_e9288,462,0.036877394636015325,6,pos_s3006_e3120_s3948_e4050_s5514_e5550_s6870_e6918_s6954_e7032_s9216_e9252
FUN_003386,0,0.0,0,pos,0,0.0,0,pos
FUN_010352,0,0.0,0,pos,0,0.0,0,pos
FUN_004374,0,0.0,0,pos,0,0.0,0,pos
FUN_010168,120,0.07017543859649122,2,pos_s1128_e1206_s1626_e1656,78,0.0456140350877193,1,pos_s1128_e1206
FUN_010735,18,0.0189873417721519,0,pos,0,0.0,0,pos
FUN_005057,0,0.0,0,pos,0,0.0,0,pos
FUN_006109,0,0.0,0,pos,0,0.0,0,pos
FUN_010058,54,0.04736842105263158,1,pos_s312_e366,0,0.0,0,pos
FUN_008680,0,0.0,0,pos,0,0.0,0,pos
FUN_009790,0,0.0,0,pos,0,0.0,0,pos
FUN_000492,0,0.0,0,pos,0,0.0,0,pos
FUN_008104,0,0.0,0,pos,0,0.0,0,pos
FUN_006275,0,0.0,0,pos,0,0.0,0,pos
FUN_003334,0,0.0,0,pos,0,0.0,0,pos
FUN_015277,0,0.0,0,pos,0,0.0,0,pos
FUN_012499,0,0.0,0,pos,0,0.0,0,pos
FUN_008430,42,0.04430379746835443,1,pos_s270_e312,0,0.0,0,pos
FUN_010588,0,0.0,0,pos,0,0.0,0,pos
FUN_002200,12,0.022222222222222223,0,pos,0,0.0,0,pos
FUN_004684,534,0.06325515280739161,7,pos_s0_e66_s1038_e1158_s1236_e1272_s2274_e2388_s5934_e5982_s7350_e7416_s8328_e8370,186,0.02203269367448472,2,pos_s1038_e1140_s2304_e2346
FUN_010802,18,0.006160164271047228,0,pos,0,0.0,0,pos
FUN_016878,0,0.0,0,pos,0,0.0,0,pos
FUN_005197,48,0.01839080459770115,0,pos,0,0.0,0,pos
FUN_004256,0,0.0,0,pos,0,0.0,0,pos
FUN_011543,0,0.0,0,pos,0,0.0,0,pos
FUN_005126,0,0.0,0,pos,0,0.0,0,pos
FUN_002873,0,0.0,0,pos,0,0.0,0,pos
FUN_004587,0,0.0,0,pos,0,0.0,0,pos
FUN_003866,0,0.0,0,pos,0,0.0,0,pos
FUN_007794,90,0.09868421052631579,1,pos_s198_e264,0,0.0,0,pos
FUN_016271,0,0.0,0,pos,0,0.0,0,pos
FUN_003196,0,0.0,0,pos,0,0.0,0,pos
FUN_005376,246,0.09624413145539906,3,pos_s1200_e1230_s1278_e1308_s1986_e2172,162,0.06338028169014084,3,pos_s1200_e1230_s2010_e2082_s2124_e2172
FUN_003297,0,0.0,0,pos,0,0.0,0,pos
FUN_006924,12,0.006191950464396285,0,pos,0,0.0,0,pos
FUN_012333,0,0.0,0,pos,0,0.0,0,pos
FUN_010274,0,0.0,0,pos,0,0.0,0,pos
FUN_009505,0,0.0,0,pos,0,0.0,0,pos
FUN_005644,120,0.02824858757062147,2,pos_s1374_e1410_s1968_e2034,0,0.0,0,pos
FUN_000460,0,0.0,0,pos,0,0.0,0,pos
FUN_016852,0,0.0,0,pos,0,0.0,0,pos
FUN_004268,132,0.14666666666666667,2,pos_s24_e60_s696_e756,24,0.02666666666666667,0,pos
FUN_008057,342,0.05332086061739944,4,pos_s174_e300_s1578_e1626_s2556_e2622_s4206_e4272,156,0.02432179607109448,2,pos_s174_e288_s4206_e4242
FUN_010039,78,0.03494623655913978,0,pos,6,0.002688172043010753,0,pos
FUN_011427,150,0.031928480204342274,2,pos_s1986_e2106_s2112_e2142,72,0.01532567049808429,1,pos_s2040_e2100
FUN_005379,0,0.0,0,pos,0,0.0,0,pos
FUN_000536,348,0.04556166535742341,5,pos_s5250_e5352_s5856_e5928_s6072_e6102_s6450_e6486_s6528_e6564,108,0.014139827179890024,2,pos_s5292_e5322_s5862_e5910
FUN_001304,12,0.00819672131147541,0,pos,12,0.00819672131147541,0,pos
FUN_011736,0,0.0,0,pos,0,0.0,0,pos
FUN_002193,0,0.0,0,pos,0,0.0,0,pos
FUN_007634,0,0.0,0,pos,0,0.0,0,pos
FUN_002870,36,0.03614457831325301,1,pos_s720_e756,0,0.0,0,pos
FUN_003872,0,0.0,0,pos,0,0.0,0,pos
FUN_016262,0,0.0,0,pos,0,0.0,0,pos
FUN_000305,114,0.034420289855072464,2,pos_s1974_e2004_s2010_e2088,42,0.012681159420289856,1,pos_s2010_e2052
FUN_000342,0,0.0,0,pos,0,0.0,0,pos
FUN_000923,24,0.006339144215530904,0,pos,0,0.0,0,pos
FUN_003661,0,0.0,0,pos,0,0.0,0,pos
FUN_003954,126,0.13815789473684212,1,pos_s714_e810,102,0.1118421052631579,2,pos_s714_e744_s750_e804
FUN_005203,48,0.029304029304029304,0,pos,0,0.0,0,pos
FUN_012157,0,0.0,0,pos,0,0.0,0,pos
FUN_007097,0,0.0,0,pos,0,0.0,0,pos
FUN_006252,0,0.0,0,pos,0,0.0,0,pos
FUN_016820,0,0.0,0,pos,0,0.0,0,pos
FUN_005491,0,0.0,0,pos,0,0.0,0,pos
FUN_016672,0,0.0,0,pos,0,0.0,0,pos
FUN_000796,0,0.0,0,pos,0,0.0,0,pos
FUN_001153,0,0.0,0,pos,0,0.0,0,pos
FUN_004752,0,0.0,0,pos,0,0.0,0,pos
FUN_007943,0,0.0,0,pos,0,0.0,0,pos
FUN_008668,0,0.0,0,pos,0,0.0,0,pos
FUN_012090,0,0.0,0,pos,0,0.0,0,pos
FUN_001964,0,0.0,0,pos,0,0.0,0,pos
FUN_009888,0,0.0,0,pos,0,0.0,0,pos
FUN_005319,0,0.0,0,pos,0,0.0,0,pos
FUN_007425,0,0.0,0,pos,0,0.0,0,pos
FUN_008577,0,0.0,0,pos,0,0.0,0,pos
FUN_006417,54,0.009054325955734407,1,pos_s5826_e5856,0,0.0,0,pos
FUN_011440,0,0.0,0,pos,0,0.0,0,pos
FUN_007120,0,0.0,0,pos,0,0.0,0,pos
FUN_004224,72,0.36363636363636365,0,pos,6,0.030303030303030304,0,pos
FUN_009027,0,0.0,0,pos,0,0.0,0,pos
FUN_007640,0,0.0,0,pos,0,0.0,0,pos
FUN_003570,0,0.0,0,pos,0,0.0,0,pos
FUN_001388,444,0.1189710610932476,4,pos_s1572_e1644_s2046_e2082_s2316_e2430_s2994_e3108,246,0.06591639871382636,3,pos_s1578_e1614_s2358_e2430_s2994_e3108
FUN_011541,0,0.0,0,pos,0,0.0,0,pos
FUN_007219,60,0.053475935828877004,0,pos,0,0.0,0,pos
FUN_001670,0,0.0,0,pos,0,0.0,0,pos
FUN_007676,0,0.0,0,pos,0,0.0,0,pos
FUN_016518,0,0.0,0,pos,0,0.0,0,pos
FUN_015410,0,0.0,0,pos,0,0.0,0,pos
FUN_010203,96,0.05228758169934641,1,pos_s1668_e1740,54,0.029411764705882353,1,pos_s1680_e1734
FUN_004167,0,0.0,0,pos,0,0.0,0,pos
FUN_010696,114,0.2375,1,pos_s12_e126,114,0.2375,1,pos_s12_e126
FUN_006854,144,0.0679886685552408,2,pos_s1704_e1788_s2046_e2076,12,0.0056657223796034,0,pos
FUN_005645,0,0.0,0,pos,0,0.0,0,pos
FUN_005208,408,0.08364083640836409,4,pos_s1002_e1146_s1152_e1194_s2808_e2898_s3192_e3240,108,0.02214022140221402,1,pos_s1002_e1098
FUN_015289,0,0.0,0,pos,0,0.0,0,pos
FUN_001849,6,0.005988023952095809,0,pos,0,0.0,0,pos
FUN_008616,174,0.04923599320882852,2,pos_s396_e474_s3300_e3372,84,0.023769100169779286,1,pos_s420_e474
FUN_006402,0,0.0,0,pos,0,0.0,0,pos
FUN_010578,0,0.0,0,pos,0,0.0,0,pos
FUN_001996,0,0.0,0,pos,0,0.0,0,pos
FUN_015709,0,0.0,0,pos,0,0.0,0,pos
FUN_002224,0,0.0,0,pos,0,0.0,0,pos
FUN_010616,0,0.0,0,pos,0,0.0,0,pos
FUN_010475,54,0.007738607050730868,1,pos_s1176_e1224,0,0.0,0,pos
FUN_007311,0,0.0,0,pos,0,0.0,0,pos
FUN_002956,0,0.0,0,pos,0,0.0,0,pos
FUN_011276,0,0.0,0,pos,0,0.0,0,pos
FUN_009815,6,0.004273504273504274,0,pos,0,0.0,0,pos
FUN_001125,0,0.0,0,pos,0,0.0,0,pos
FUN_012091,0,0.0,0,pos,0,0.0,0,pos
FUN_000469,0,0.0,0,pos,0,0.0,0,pos
FUN_005787,0,0.0,0,pos,0,0.0,0,pos
FUN_009454,114,0.20212765957446807,2,pos_s54_e84_s444_e504,42,0.07446808510638298,0,pos
FUN_010202,0,0.0,0,pos,0,0.0,0,pos
FUN_009170,0,0.0,0,pos,0,0.0,0,pos
FUN_010313,0,0.0,0,pos,0,0.0,0,pos
FUN_004327,0,0.0,0,pos,0,0.0,0,pos
FUN_015274,0,0.0,0,pos,0,0.0,0,pos
FUN_009471,36,0.08571428571428572,1,pos_s90_e126,0,0.0,0,pos
FUN_001451,96,0.1568627450980392,1,pos_s486_e582,96,0.1568627450980392,1,pos_s486_e582
FUN_011010,102,0.06589147286821706,1,pos_s54_e120,42,0.027131782945736434,1,pos_s54_e90
FUN_011721,0,0.0,0,pos,0,0.0,0,pos
FUN_000002,24,0.006756756756756757,0,pos,0,0.0,0,pos
FUN_004043,0,0.0,0,pos,0,0.0,0,pos
FUN_015264,0,0.0,0,pos,0,0.0,0,pos
FUN_009933,132,0.11224489795918367,2,pos_s564_e654_s660_e690,66,0.05612244897959184,1,pos_s576_e642
FUN_012364,0,0.0,0,pos,0,0.0,0,pos
FUN_015901,0,0.0,0,pos,0,0.0,0,pos
FUN_010112,264,0.05128205128205128,3,pos_s540_e594_s2250_e2292_s2442_e2556,114,0.022144522144522144,2,pos_s2250_e2286_s2460_e2532
FUN_002265,0,0.0,0,pos,0,0.0,0,pos
FUN_003608,0,0.0,0,pos,0,0.0,0,pos
FUN_007213,0,0.0,0,pos,0,0.0,0,pos
FUN_000629,54,0.015025041736227046,0,pos,12,0.00333889816360601,0,pos
FUN_010035,0,0.0,0,pos,0,0.0,0,pos
FUN_008737,84,0.03398058252427184,1,pos_s2154_e2226,0,0.0,0,pos
FUN_005893,0,0.0,0,pos,0,0.0,0,pos
FUN_001452,0,0.0,0,pos,0,0.0,0,pos
FUN_001879,102,0.028960817717206135,1,pos_s1992_e2058,12,0.0034071550255536627,0,pos
FUN_005670,0,0.0,0,pos,0,0.0,0,pos
FUN_015676,0,0.0,0,pos,0,0.0,0,pos
FUN_010331,72,0.10084033613445378,1,pos_s336_e366,18,0.025210084033613446,0,pos
FUN_008049,0,0.0,0,pos,0,0.0,0,pos
FUN_015295,0,0.0,0,pos,0,0.0,0,pos
FUN_007389,0,0.0,0,pos,0,0.0,0,pos
FUN_011526,0,0.0,0,pos,0,0.0,0,pos
FUN_001193,0,0.0,0,pos,0,0.0,0,pos
FUN_004717,0,0.0,0,pos,0,0.0,0,pos
FUN_011717,0,0.0,0,pos,0,0.0,0,pos
FUN_015631,0,0.0,0,pos,0,0.0,0,pos
FUN_002136,60,0.07462686567164178,1,pos_s702_e744,0,0.0,0,pos
FUN_003653,0,0.0,0,pos,0,0.0,0,pos
FUN_004334,48,0.0125,0,pos,0,0.0,0,pos
FUN_001468,0,0.0,0,pos,0,0.0,0,pos
FUN_000304,0,0.0,0,pos,0,0.0,0,pos
FUN_012298,0,0.0,0,pos,0,0.0,0,pos
FUN_009436,24,0.022598870056497175,0,pos,0,0.0,0,pos
FUN_002767,0,0.0,0,pos,0,0.0,0,pos
FUN_001235,0,0.0,0,pos,0,0.0,0,pos
FUN_011874,0,0.0,0,pos,0,0.0,0,pos
FUN_009645,0,0.0,0,pos,0,0.0,0,pos
FUN_012365,0,0.0,0,pos,0,0.0,0,pos
FUN_012405,0,0.0,0,pos,0,0.0,0,pos
FUN_008986,144,0.09056603773584905,2,pos_s276_e330_s840_e888,60,0.03773584905660377,1,pos_s858_e888
FUN_008448,72,0.06217616580310881,1,pos_s306_e378,36,0.031088082901554404,1,pos_s306_e342
FUN_002401,240,0.030627871362940276,4,pos_s114_e144_s168_e228_s5646_e5718_s7128_e7158,54,0.006891271056661562,0,pos
FUN_009258,12,0.006600660066006601,0,pos,0,0.0,0,pos
FUN_003254,0,0.0,0,pos,0,0.0,0,pos
FUN_008365,0,0.0,0,pos,0,0.0,0,pos
FUN_012076,48,0.014466546112115732,1,pos_s2808_e2856,0,0.0,0,pos
FUN_006926,0,0.0,0,pos,0,0.0,0,pos
FUN_000493,18,0.004893964110929853,0,pos,18,0.004893964110929853,0,pos
FUN_016483,0,0.0,0,pos,0,0.0,0,pos
FUN_016617,0,0.0,0,pos,0,0.0,0,pos
FUN_010157,0,0.0,0,pos,0,0.0,0,pos
FUN_016227,0,0.0,0,pos,0,0.0,0,pos
FUN_007229,0,0.0,0,pos,0,0.0,0,pos
FUN_002609,48,0.0299625468164794,1,pos_s1368_e1416,0,0.0,0,pos
FUN_003053,114,0.06859205776173286,2,pos_s54_e84_s90_e120,6,0.0036101083032490976,0,pos
FUN_010392,0,0.0,0,pos,0,0.0,0,pos
FUN_010086,0,0.0,0,pos,0,0.0,0,pos
FUN_000512,0,0.0,0,pos,0,0.0,0,pos
FUN_007718,0,0.0,0,pos,0,0.0,0,pos
FUN_003986,102,0.10559006211180125,1,pos_s732_e834,72,0.07453416149068323,1,pos_s744_e816
FUN_007363,258,0.12797619047619047,3,pos_s402_e432_s564_e678_s1596_e1650,114,0.05654761904761905,1,pos_s564_e678
FUN_004634,24,0.009732360097323601,0,pos,0,0.0,0,pos
FUN_000383,0,0.0,0,pos,0,0.0,0,pos
FUN_010552,0,0.0,0,pos,0,0.0,0,pos
FUN_008245,0,0.0,0,pos,0,0.0,0,pos
FUN_003543,0,0.0,0,pos,0,0.0,0,pos
FUN_006135,54,0.020224719101123594,1,pos_s2568_e2598,0,0.0,0,pos
FUN_005771,144,0.08333333333333333,2,pos_s0_e36_s708_e816,36,0.020833333333333332,1,pos_s0_e36
FUN_008146,84,0.02337228714524207,1,pos_s3408_e3492,36,0.01001669449081803,1,pos_s3432_e3462
FUN_009039,0,0.0,0,pos,0,0.0,0,pos
FUN_016088,0,0.0,0,pos,0,0.0,0,pos
FUN_016190,0,0.0,0,pos,0,0.0,0,pos
FUN_008472,0,0.0,0,pos,0,0.0,0,pos
FUN_003575,24,0.0380952380952381,0,pos,18,0.02857142857142857,0,pos
FUN_005522,0,0.0,0,pos,0,0.0,0,pos
FUN_005024,30,0.02512562814070352,1,pos_s282_e312,0,0.0,0,pos
FUN_016776,0,0.0,0,pos,0,0.0,0,pos
FUN_001577,18,0.009202453987730062,0,pos,0,0.0,0,pos
FUN_004660,930,0.046941247728649306,9,pos_s2088_e2208_s2226_e2340_s5058_e5124_s12048_e12240_s12294_e12408_s12450_e12498_s12702_e12738_s12858_e12960_s19572_e19626,354,0.017867958812840704,5,pos_s2154_e2190_s2262_e2340_s12048_e12084_s12150_e12210_s12294_e12360
FUN_003024,0,0.0,0,pos,0,0.0,0,pos
FUN_006196,0,0.0,0,pos,0,0.0,0,pos
FUN_010607,0,0.0,0,pos,0,0.0,0,pos
FUN_008252,0,0.0,0,pos,0,0.0,0,pos
FUN_000696,0,0.0,0,pos,0,0.0,0,pos
FUN_008684,168,0.05333333333333334,2,pos_s810_e888_s1926_e1956,0,0.0,0,pos
FUN_011818,0,0.0,0,pos,0,0.0,0,pos
FUN_016019,0,0.0,0,pos,0,0.0,0,pos
FUN_003773,0,0.0,0,pos,0,0.0,0,pos
FUN_009132,0,0.0,0,pos,0,0.0,0,pos
FUN_012425,666,0.3008130081300813,8,pos_s156_e282_s294_e342_s510_e564_s768_e798_s804_e924_s948_e1014_s1296_e1398_s1914_e1974,342,0.15447154471544716,4,pos_s174_e282_s804_e858_s972_e1002_s1338_e1398
FUN_011986,6,0.0035714285714285713,0,pos,0,0.0,0,pos
FUN_016513,0,0.0,0,pos,0,0.0,0,pos
FUN_004263,0,0.0,0,pos,0,0.0,0,pos
FUN_001826,0,0.0,0,pos,0,0.0,0,pos
FUN_008158,0,0.0,0,pos,0,0.0,0,pos
FUN_009625,0,0.0,0,pos,0,0.0,0,pos
FUN_000341,0,0.0,0,pos,0,0.0,0,pos
FUN_016191,0,0.0,0,pos,0,0.0,0,pos
FUN_011099,0,0.0,0,pos,0,0.0,0,pos
FUN_016870,0,0.0,0,pos,0,0.0,0,pos
FUN_008283,6,0.003676470588235294,0,pos,0,0.0,0,pos
FUN_007048,0,0.0,0,pos,0,0.0,0,pos
FUN_001173,6,0.006172839506172839,0,pos,0,0.0,0,pos
FUN_015679,6,0.003703703703703704,0,pos,0,0.0,0,pos
FUN_009519,186,0.06237424547283702,2,pos_s396_e498_s1980_e2058,78,0.026156941649899398,1,pos_s1980_e2058
FUN_002122,90,0.008112493239588967,1,pos_s8364_e8424,0,0.0,0,pos
FUN_010667,0,0.0,0,pos,0,0.0,0,pos
FUN_010017,0,0.0,0,pos,0,0.0,0,pos
FUN_003644,0,0.0,0,pos,0,0.0,0,pos
FUN_008416,0,0.0,0,pos,0,0.0,0,pos
FUN_010741,6,0.025,0,pos,0,0.0,0,pos
FUN_002312,12,0.008547008547008548,0,pos,6,0.004273504273504274,0,pos
FUN_007281,48,0.02857142857142857,0,pos,0,0.0,0,pos
FUN_015962,0,0.0,0,pos,0,0.0,0,pos
FUN_003894,0,0.0,0,pos,0,0.0,0,pos
FUN_016044,0,0.0,0,pos,0,0.0,0,pos
FUN_016231,0,0.0,0,pos,0,0.0,0,pos
FUN_008461,0,0.0,0,pos,0,0.0,0,pos
FUN_006011,0,0.0,0,pos,0,0.0,0,pos
FUN_007426,0,0.0,0,pos,0,0.0,0,pos
FUN_000847,0,0.0,0,pos,0,0.0,0,pos
FUN_011877,0,0.0,0,pos,0,0.0,0,pos
FUN_009667,60,0.05917159763313609,1,pos_s576_e636,0,0.0,0,pos
FUN_010842,0,0.0,0,pos,0,0.0,0,pos
FUN_008963,0,0.0,0,pos,0,0.0,0,pos
FUN_000665,0,0.0,0,pos,0,0.0,0,pos
FUN_007577,18,0.05357142857142857,0,pos,0,0.0,0,pos
FUN_012317,0,0.0,0,pos,0,0.0,0,pos
FUN_002752,0,0.0,0,pos,0,0.0,0,pos
FUN_006624,288,0.2681564245810056,4,pos_s420_e510_s660_e702_s726_e840_s1038_e1068,114,0.10614525139664804,2,pos_s444_e510_s744_e774
FUN_005579,0,0.0,0,pos,0,0.0,0,pos
FUN_008590,108,0.021251475796930343,2,pos_s1602_e1650_s2280_e2310,6,0.0011806375442739079,0,pos
FUN_006239,0,0.0,0,pos,0,0.0,0,pos
FUN_001516,0,0.0,0,pos,0,0.0,0,pos
FUN_007234,0,0.0,0,pos,0,0.0,0,pos
FUN_009322,0,0.0,0,pos,0,0.0,0,pos
FUN_012459,0,0.0,0,pos,0,0.0,0,pos
FUN_008556,24,0.016597510373443983,0,pos,0,0.0,0,pos
FUN_011252,0,0.0,0,pos,0,0.0,0,pos
FUN_000989,6,0.002777777777777778,0,pos,0,0.0,0,pos
FUN_005244,0,0.0,0,pos,0,0.0,0,pos
FUN_010628,0,0.0,0,pos,0,0.0,0,pos
FUN_010490,0,0.0,0,pos,0,0.0,0,pos
FUN_015532,0,0.0,0,pos,0,0.0,0,pos
FUN_010003,0,0.0,0,pos,0,0.0,0,pos
FUN_001381,0,0.0,0,pos,0,0.0,0,pos
FUN_008356,0,0.0,0,pos,0,0.0,0,pos
FUN_010425,0,0.0,0,pos,0,0.0,0,pos
FUN_010093,0,0.0,0,pos,0,0.0,0,pos
FUN_011976,0,0.0,0,pos,0,0.0,0,pos
FUN_009725,0,0.0,0,pos,0,0.0,0,pos
FUN_008851,54,0.024657534246575342,1,pos_s1914_e1962,12,0.005479452054794521,0,pos
FUN_006449,0,0.0,0,pos,0,0.0,0,pos
FUN_005984,0,0.0,0,pos,0,0.0,0,pos
FUN_010485,300,0.049554013875123884,4,pos_s1188_e1242_s1920_e1950_s4152_e4206_s4542_e4584,36,0.005946481665014866,1,pos_s1920_e1950
FUN_002309,0,0.0,0,pos,0,0.0,0,pos
FUN_016451,0,0.0,0,pos,0,0.0,0,pos
FUN_009755,6,0.005128205128205128,0,pos,0,0.0,0,pos
FUN_002896,150,0.047080979284369114,1,pos_s3054_e3162,24,0.007532956685499058,0,pos
FUN_016131,0,0.0,0,pos,0,0.0,0,pos
FUN_005291,18,0.02142857142857143,0,pos,0,0.0,0,pos
FUN_009865,0,0.0,0,pos,0,0.0,0,pos
FUN_015248,0,0.0,0,pos,0,0.0,0,pos
FUN_012103,0,0.0,0,pos,0,0.0,0,pos
FUN_008678,0,0.0,0,pos,0,0.0,0,pos
FUN_003645,6,0.002079002079002079,0,pos,0,0.0,0,pos
FUN_011408,0,0.0,0,pos,0,0.0,0,pos
FUN_009868,0,0.0,0,pos,0,0.0,0,pos
FUN_001614,18,0.02142857142857143,0,pos,0,0.0,0,pos
FUN_005623,0,0.0,0,pos,0,0.0,0,pos
FUN_010478,180,0.08620689655172414,2,pos_s192_e228_s234_e366,30,0.014367816091954023,0,pos
FUN_003664,66,0.020833333333333332,2,pos_s690_e720_s972_e1008,12,0.003787878787878788,0,pos
FUN_002403,0,0.0,0,pos,0,0.0,0,pos
FUN_012110,0,0.0,0,pos,0,0.0,0,pos
FUN_002423,0,0.0,0,pos,0,0.0,0,pos
FUN_011198,6,0.0045045045045045045,0,pos,0,0.0,0,pos
FUN_000769,0,0.0,0,pos,0,0.0,0,pos
FUN_001587,0,0.0,0,pos,0,0.0,0,pos
FUN_016800,0,0.0,0,pos,0,0.0,0,pos
FUN_000184,0,0.0,0,pos,0,0.0,0,pos
FUN_005490,0,0.0,0,pos,0,0.0,0,pos
FUN_002051,48,0.07017543859649122,1,pos_s36_e72,0,0.0,0,pos
FUN_009614,66,0.12087912087912088,0,pos,6,0.01098901098901099,0,pos
FUN_005127,132,0.07942238267148015,1,pos_s1536_e1638,96,0.05776173285198556,1,pos_s1542_e1638
FUN_003518,0,0.0,0,pos,0,0.0,0,pos
FUN_010047,6,0.0036231884057971015,0,pos,0,0.0,0,pos
FUN_015583,0,0.0,0,pos,0,0.0,0,pos
FUN_006224,0,0.0,0,pos,0,0.0,0,pos
FUN_001196,0,0.0,0,pos,0,0.0,0,pos
FUN_005482,0,0.0,0,pos,0,0.0,0,pos
FUN_010622,6,0.0031645569620253164,0,pos,6,0.0031645569620253164,0,pos
FUN_004135,60,0.06097560975609756,1,pos_s840_e900,0,0.0,0,pos
FUN_010540,36,0.020761245674740483,0,pos,0,0.0,0,pos
FUN_005480,0,0.0,0,pos,0,0.0,0,pos
FUN_015305,0,0.0,0,pos,0,0.0,0,pos
FUN_011749,0,0.0,0,pos,0,0.0,0,pos
FUN_010521,0,0.0,0,pos,0,0.0,0,pos
FUN_010840,48,0.00554016620498615,1,pos_s2112_e2148,0,0.0,0,pos
FUN_009135,474,0.21467391304347827,4,pos_s0_e132_s960_e1074_s1200_e1314_s1488_e1602,414,0.1875,4,pos_s0_e102_s966_e1074_s1200_e1314_s1488_e1542
FUN_015593,0,0.0,0,pos,0,0.0,0,pos
FUN_011962,0,0.0,0,pos,0,0.0,0,pos
FUN_008093,30,0.017921146953405017,0,pos,0,0.0,0,pos
FUN_004704,6,0.007936507936507936,0,pos,0,0.0,0,pos
FUN_004748,0,0.0,0,pos,0,0.0,0,pos
FUN_006815,30,0.016339869281045753,1,pos_s510_e540,30,0.016339869281045753,1,pos_s510_e540
FUN_003057,24,0.028368794326241134,0,pos,6,0.0070921985815602835,0,pos
FUN_005235,0,0.0,0,pos,0,0.0,0,pos
FUN_002031,126,0.055408970976253295,1,pos_s2118_e2172,60,0.026385224274406333,0,pos
FUN_003248,6,0.00684931506849315,0,pos,0,0.0,0,pos
FUN_004247,0,0.0,0,pos,0,0.0,0,pos
FUN_006003,0,0.0,0,pos,0,0.0,0,pos
FUN_002170,12,0.012658227848101266,0,pos,0,0.0,0,pos
FUN_008421,0,0.0,0,pos,0,0.0,0,pos
FUN_012424,0,0.0,0,pos,0,0.0,0,pos
FUN_005641,6,0.0038910505836575876,0,pos,0,0.0,0,pos
FUN_009972,228,0.11838006230529595,3,pos_s18_e66_s114_e144_s162_e276,24,0.012461059190031152,0,pos
FUN_010476,0,0.0,0,pos,0,0.0,0,pos
FUN_007909,0,0.0,0,pos,0,0.0,0,pos
FUN_000234,0,0.0,0,pos,0,0.0,0,pos
FUN_015308,0,0.0,0,pos,0,0.0,0,pos
FUN_010956,0,0.0,0,pos,0,0.0,0,pos
FUN_009543,60,0.2,1,pos_s234_e294,0,0.0,0,pos
FUN_011004,0,0.0,0,pos,0,0.0,0,pos
FUN_001318,54,0.07258064516129033,0,pos,24,0.03225806451612903,0,pos
FUN_005417,0,0.0,0,pos,0,0.0,0,pos
FUN_005112,0,0.0,0,pos,0,0.0,0,pos
FUN_016184,0,0.0,0,pos,0,0.0,0,pos
FUN_010393,0,0.0,0,pos,0,0.0,0,pos
FUN_005825,6,0.006060606060606061,0,pos,0,0.0,0,pos
FUN_010222,0,0.0,0,pos,0,0.0,0,pos
FUN_006108,0,0.0,0,pos,0,0.0,0,pos
FUN_009873,342,0.08345534407027819,5,pos_s822_e888_s2520_e2562_s2802_e2868_s2874_e2940_s2976_e3018,54,0.013177159590043924,1,pos_s2826_e2856
FUN_007751,48,0.045714285714285714,1,pos_s456_e492,0,0.0,0,pos
FUN_008862,54,0.03896103896103896,0,pos,12,0.008658008658008658,0,pos
FUN_008456,0,0.0,0,pos,0,0.0,0,pos
FUN_004297,0,0.0,0,pos,0,0.0,0,pos
FUN_009537,0,0.0,0,pos,0,0.0,0,pos
FUN_009112,0,0.0,0,pos,0,0.0,0,pos
FUN_003845,66,0.009963768115942028,0,pos,12,0.0018115942028985507,0,pos
FUN_003060,12,0.014925373134328358,0,pos,0,0.0,0,pos
FUN_009750,6,0.003134796238244514,0,pos,0,0.0,0,pos
FUN_007140,0,0.0,0,pos,0,0.0,0,pos
FUN_004718,42,0.09722222222222222,1,pos_s0_e42,0,0.0,0,pos
FUN_016452,0,0.0,0,pos,0,0.0,0,pos
FUN_002150,0,0.0,0,pos,0,0.0,0,pos
FUN_004446,0,0.0,0,pos,0,0.0,0,pos
FUN_012401,0,0.0,0,pos,0,0.0,0,pos
FUN_000021,0,0.0,0,pos,0,0.0,0,pos
FUN_006824,36,0.011194029850746268,1,pos_s528_e564,0,0.0,0,pos
FUN_012350,0,0.0,0,pos,0,0.0,0,pos
FUN_000575,84,0.05363984674329502,1,pos_s924_e996,18,0.011494252873563218,0,pos
FUN_010523,0,0.0,0,pos,0,0.0,0,pos
FUN_011831,132,0.03600654664484452,1,pos_s1692_e1740,0,0.0,0,pos
FUN_016033,0,0.0,0,pos,0,0.0,0,pos
FUN_002261,12,0.007905138339920948,0,pos,0,0.0,0,pos
FUN_006592,0,0.0,0,pos,0,0.0,0,pos
FUN_009878,0,0.0,0,pos,0,0.0,0,pos
FUN_012285,0,0.0,0,pos,0,0.0,0,pos
FUN_009608,0,0.0,0,pos,0,0.0,0,pos
FUN_007902,0,0.0,0,pos,0,0.0,0,pos
FUN_015311,168,0.1308411214953271,1,pos_s438_e606,138,0.10747663551401869,2,pos_s456_e486_s498_e606
FUN_011480,0,0.0,0,pos,0,0.0,0,pos
FUN_009047,132,0.4782608695652174,1,pos_s0_e132,72,0.2608695652173913,1,pos_s96_e132
FUN_005831,66,0.12359550561797752,1,pos_s168_e234,0,0.0,0,pos
FUN_005680,0,0.0,0,pos,0,0.0,0,pos
FUN_005381,12,0.06666666666666667,0,pos,0,0.0,0,pos
FUN_007670,0,0.0,0,pos,0,0.0,0,pos
FUN_011043,1602,0.2555023923444976,16,pos_s54_e108_s222_e264_s540_e732_s1842_e1986_s2112_e2148_s2208_e2292_s2418_e2532_s2544_e2598_s2658_e2742_s2994_e3108_s3204_e3246_s3348_e3582_s3690_e3804_s4428_e4506_s4764_e4794_s4800_e4830,612,0.09760765550239234,8,pos_s576_e732_s2418_e2532_s2544_e2580_s2658_e2688_s3018_e3054_s3066_e3096_s3540_e3582_s4464_e4506
FUN_000705,0,0.0,0,pos,0,0.0,0,pos
FUN_003685,48,0.01509433962264151,1,pos_s462_e510,0,0.0,0,pos
FUN_003212,0,0.0,0,pos,0,0.0,0,pos
FUN_000147,0,0.0,0,pos,0,0.0,0,pos
FUN_011723,0,0.0,0,pos,0,0.0,0,pos
FUN_005388,0,0.0,0,pos,0,0.0,0,pos
FUN_016759,0,0.0,0,pos,0,0.0,0,pos
FUN_006636,0,0.0,0,pos,0,0.0,0,pos
FUN_011228,96,0.08,1,pos_s330_e426,24,0.02,0,pos
FUN_002513,0,0.0,0,pos,0,0.0,0,pos
FUN_001207,6,0.0012706480304955528,0,pos,0,0.0,0,pos
FUN_012318,0,0.0,0,pos,0,0.0,0,pos
FUN_010151,6,0.0070921985815602835,0,pos,0,0.0,0,pos
FUN_012159,0,0.0,0,pos,0,0.0,0,pos
FUN_008453,0,0.0,0,pos,0,0.0,0,pos
FUN_008059,192,0.011400071250445315,3,pos_s3324_e3354_s6420_e6462_s11562_e11592,54,0.003206270039187745,1,pos_s11562_e11592
FUN_007722,0,0.0,0,pos,0,0.0,0,pos
FUN_000583,0,0.0,0,pos,0,0.0,0,pos
FUN_004363,0,0.0,0,pos,0,0.0,0,pos
FUN_012502,0,0.0,0,pos,0,0.0,0,pos
FUN_002922,0,0.0,0,pos,0,0.0,0,pos
FUN_003067,18,0.024193548387096774,0,pos,0,0.0,0,pos
FUN_001147,0,0.0,0,pos,0,0.0,0,pos
FUN_008176,0,0.0,0,pos,0,0.0,0,pos
FUN_007177,0,0.0,0,pos,0,0.0,0,pos
FUN_008364,0,0.0,0,pos,0,0.0,0,pos
FUN_000709,0,0.0,0,pos,0,0.0,0,pos
FUN_001854,30,0.0364963503649635,1,pos_s372_e402,0,0.0,0,pos
FUN_015510,0,0.0,0,pos,0,0.0,0,pos
FUN_001902,0,0.0,0,pos,0,0.0,0,pos
FUN_012475,0,0.0,0,pos,0,0.0,0,pos
FUN_005099,240,0.12779552715654952,3,pos_s444_e534_s612_e672_s1542_e1608,42,0.022364217252396165,0,pos
FUN_000289,0,0.0,0,pos,0,0.0,0,pos
FUN_007993,0,0.0,0,pos,0,0.0,0,pos
FUN_008946,48,0.05194805194805195,1,pos_s462_e504,0,0.0,0,pos
FUN_000744,0,0.0,0,pos,0,0.0,0,pos
FUN_006814,0,0.0,0,pos,0,0.0,0,pos
FUN_007599,0,0.0,0,pos,0,0.0,0,pos
FUN_005470,0,0.0,0,pos,0,0.0,0,pos
FUN_005765,0,0.0,0,pos,0,0.0,0,pos
FUN_009310,0,0.0,0,pos,0,0.0,0,pos
FUN_001154,0,0.0,0,pos,0,0.0,0,pos
FUN_009853,0,0.0,0,pos,0,0.0,0,pos
FUN_015489,0,0.0,0,pos,0,0.0,0,pos
FUN_007630,288,0.16783216783216784,3,pos_s450_e582_s1146_e1224_s1416_e1458,90,0.05244755244755245,1,pos_s1422_e1458
FUN_007378,6,0.0011668611435239206,0,pos,0,0.0,0,pos
FUN_001582,0,0.0,0,pos,0,0.0,0,pos
FUN_004599,42,0.02734375,1,pos_s672_e714,24,0.015625,0,pos
FUN_007180,0,0.0,0,pos,0,0.0,0,pos
FUN_003836,0,0.0,0,pos,0,0.0,0,pos
FUN_011751,0,0.0,0,pos,0,0.0,0,pos
FUN_005674,0,0.0,0,pos,0,0.0,0,pos
FUN_000904,0,0.0,0,pos,0,0.0,0,pos
FUN_012236,0,0.0,0,pos,0,0.0,0,pos
FUN_004025,0,0.0,0,pos,0,0.0,0,pos
FUN_016709,0,0.0,0,pos,0,0.0,0,pos
FUN_001225,0,0.0,0,pos,0,0.0,0,pos
FUN_008301,0,0.0,0,pos,0,0.0,0,pos
FUN_007454,6,0.008771929824561403,0,pos,0,0.0,0,pos
FUN_010471,0,0.0,0,pos,0,0.0,0,pos
FUN_010033,318,0.03573836817262306,5,pos_s2616_e2730_s6510_e6552_s7284_e7320_s8178_e8214_s8706_e8736,138,0.015509103169251517,2,pos_s2616_e2700_s8178_e8208
FUN_002129,0,0.0,0,pos,0,0.0,0,pos
FUN_002859,0,0.0,0,pos,0,0.0,0,pos
FUN_005557,0,0.0,0,pos,0,0.0,0,pos
FUN_004965,78,0.08609271523178808,1,pos_s756_e822,6,0.006622516556291391,0,pos
FUN_003204,0,0.0,0,pos,0,0.0,0,pos
FUN_016485,0,0.0,0,pos,0,0.0,0,pos
FUN_010413,378,0.47368421052631576,3,pos_s24_e150_s162_e192_s474_e576,162,0.20300751879699247,3,pos_s72_e108_s114_e144_s474_e528
FUN_004493,12,0.001996007984031936,0,pos,0,0.0,0,pos
FUN_002040,0,0.0,0,pos,0,0.0,0,pos
FUN_007658,0,0.0,0,pos,0,0.0,0,pos
FUN_008703,78,0.09848484848484848,1,pos_s0_e60,0,0.0,0,pos
FUN_016827,6,0.0028328611898017,0,pos,6,0.0028328611898017,0,pos
FUN_005395,84,0.02108433734939759,1,pos_s1998_e2028,30,0.007530120481927711,1,pos_s1998_e2028
FUN_011487,0,0.0,0,pos,0,0.0,0,pos
FUN_009669,0,0.0,0,pos,0,0.0,0,pos
FUN_015455,36,0.013071895424836602,0,pos,0,0.0,0,pos
FUN_007364,150,0.024826216484607744,2,pos_s0_e60_s3942_e3978,60,0.009930486593843098,1,pos_s0_e54
FUN_010195,0,0.0,0,pos,0,0.0,0,pos
FUN_009418,228,0.1111111111111111,1,pos_s1578_e1632,30,0.014619883040935672,1,pos_s1932_e1962
FUN_007457,6,0.0020876826722338203,0,pos,6,0.0020876826722338203,0,pos
FUN_011715,0,0.0,0,pos,0,0.0,0,pos
FUN_007784,0,0.0,0,pos,0,0.0,0,pos
FUN_009030,0,0.0,0,pos,0,0.0,0,pos
FUN_003280,0,0.0,0,pos,0,0.0,0,pos
FUN_007480,0,0.0,0,pos,0,0.0,0,pos
FUN_010998,54,0.02452316076294278,1,pos_s1494_e1542,0,0.0,0,pos
FUN_000402,0,0.0,0,pos,0,0.0,0,pos
FUN_009989,204,0.10759493670886076,3,pos_s60_e114_s702_e804_s984_e1020,48,0.02531645569620253,1,pos_s78_e114
FUN_016282,0,0.0,0,pos,0,0.0,0,pos
FUN_009173,0,0.0,0,pos,0,0.0,0,pos
FUN_016487,0,0.0,0,pos,0,0.0,0,pos
FUN_001089,0,0.0,0,pos,0,0.0,0,pos
FUN_005332,12,0.004819277108433735,0,pos,0,0.0,0,pos
FUN_000320,0,0.0,0,pos,0,0.0,0,pos
FUN_005965,24,0.05063291139240506,0,pos,0,0.0,0,pos
FUN_007341,336,0.2,4,pos_s168_e270_s858_e912_s930_e966_s1368_e1494,48,0.02857142857142857,0,pos
FUN_001202,0,0.0,0,pos,0,0.0,0,pos
FUN_001951,222,0.31896551724137934,1,pos_s438_e624,90,0.12931034482758622,1,pos_s480_e534
FUN_001109,6,0.004878048780487805,0,pos,0,0.0,0,pos
FUN_003302,102,0.08056872037914692,1,pos_s612_e678,72,0.05687203791469194,1,pos_s630_e678
FUN_004978,54,0.025936599423631124,1,pos_s342_e390,24,0.011527377521613832,0,pos
FUN_004132,0,0.0,0,pos,0,0.0,0,pos
FUN_008575,0,0.0,0,pos,0,0.0,0,pos
FUN_004208,162,0.391304347826087,3,pos_s150_e192_s222_e294_s324_e366,12,0.028985507246376812,0,pos
FUN_002288,54,0.04522613065326633,1,pos_s330_e384,0,0.0,0,pos
FUN_002152,12,0.014814814814814815,0,pos,0,0.0,0,pos
FUN_015918,0,0.0,0,pos,0,0.0,0,pos
FUN_008052,0,0.0,0,pos,0,0.0,0,pos
FUN_000033,0,0.0,0,pos,0,0.0,0,pos
FUN_001584,0,0.0,0,pos,0,0.0,0,pos
FUN_006524,0,0.0,0,pos,0,0.0,0,pos
FUN_006557,0,0.0,0,pos,0,0.0,0,pos
FUN_009220,0,0.0,0,pos,0,0.0,0,pos
FUN_005781,12,0.012658227848101266,0,pos,0,0.0,0,pos
FUN_006284,0,0.0,0,pos,0,0.0,0,pos
FUN_005462,0,0.0,0,pos,0,0.0,0,pos
FUN_009103,0,0.0,0,pos,0,0.0,0,pos
FUN_006703,0,0.0,0,pos,0,0.0,0,pos
FUN_000314,0,0.0,0,pos,0,0.0,0,pos
FUN_011752,0,0.0,0,pos,0,0.0,0,pos
FUN_015406,0,0.0,0,pos,0,0.0,0,pos
FUN_016005,0,0.0,0,pos,0,0.0,0,pos
FUN_010814,0,0.0,0,pos,0,0.0,0,pos
FUN_009940,0,0.0,0,pos,0,0.0,0,pos
FUN_010652,48,0.014760147601476014,0,pos,24,0.007380073800738007,0,pos
FUN_007279,0,0.0,0,pos,0,0.0,0,pos
FUN_003263,0,0.0,0,pos,0,0.0,0,pos
FUN_000937,0,0.0,0,pos,0,0.0,0,pos
FUN_009927,12,0.028985507246376812,0,pos,0,0.0,0,pos
FUN_008604,30,0.012315270935960592,0,pos,0,0.0,0,pos
FUN_005263,0,0.0,0,pos,0,0.0,0,pos
FUN_016350,0,0.0,0,pos,0,0.0,0,pos
FUN_000528,0,0.0,0,pos,0,0.0,0,pos
FUN_008126,48,0.02416918429003021,0,pos,12,0.006042296072507553,0,pos
FUN_011459,96,0.020486555697823303,1,pos_s924_e996,36,0.0076824583866837385,1,pos_s960_e996
FUN_005297,12,0.00881057268722467,0,pos,0,0.0,0,pos
FUN_009795,12,0.011428571428571429,0,pos,0,0.0,0,pos
FUN_005879,30,0.07692307692307693,1,pos_s0_e30,0,0.0,0,pos
FUN_011028,54,0.391304347826087,0,pos,6,0.043478260869565216,0,pos
FUN_002399,0,0.0,0,pos,0,0.0,0,pos
FUN_008350,0,0.0,0,pos,0,0.0,0,pos
FUN_000435,264,0.022437531871494134,4,pos_s4242_e4284_s4386_e4422_s4524_e4590_s7302_e7344,42,0.0035696073431922487,1,pos_s7302_e7344
FUN_009996,360,0.056022408963585436,4,pos_s1536_e1566_s1572_e1620_s1842_e1902_s6210_e6312,0,0.0,0,pos
FUN_010350,0,0.0,0,pos,0,0.0,0,pos
FUN_003035,60,0.04065040650406504,0,pos,24,0.016260162601626018,0,pos
FUN_016795,0,0.0,0,pos,0,0.0,0,pos
FUN_011258,6,0.0037313432835820895,0,pos,0,0.0,0,pos
FUN_016419,0,0.0,0,pos,0,0.0,0,pos
FUN_009433,0,0.0,0,pos,0,0.0,0,pos
FUN_009100,0,0.0,0,pos,0,0.0,0,pos
FUN_006982,30,0.006578947368421052,0,pos,0,0.0,0,pos
FUN_005166,0,0.0,0,pos,0,0.0,0,pos
FUN_015633,0,0.0,0,pos,0,0.0,0,pos
FUN_016607,0,0.0,0,pos,0,0.0,0,pos
FUN_015334,0,0.0,0,pos,0,0.0,0,pos
FUN_004840,0,0.0,0,pos,0,0.0,0,pos
FUN_001683,0,0.0,0,pos,0,0.0,0,pos
FUN_016633,0,0.0,0,pos,0,0.0,0,pos
FUN_005176,0,0.0,0,pos,0,0.0,0,pos
FUN_005205,0,0.0,0,pos,0,0.0,0,pos
FUN_012184,0,0.0,0,pos,0,0.0,0,pos
FUN_003479,0,0.0,0,pos,0,0.0,0,pos
FUN_007125,0,0.0,0,pos,0,0.0,0,pos
FUN_007606,0,0.0,0,pos,0,0.0,0,pos
FUN_003155,0,0.0,0,pos,0,0.0,0,pos
FUN_011758,0,0.0,0,pos,0,0.0,0,pos
FUN_003150,0,0.0,0,pos,0,0.0,0,pos
FUN_007321,0,0.0,0,pos,0,0.0,0,pos
FUN_007747,0,0.0,0,pos,0,0.0,0,pos
FUN_000445,0,0.0,0,pos,0,0.0,0,pos
FUN_008987,6,0.004464285714285714,0,pos,0,0.0,0,pos
FUN_003716,0,0.0,0,pos,0,0.0,0,pos
FUN_009804,0,0.0,0,pos,0,0.0,0,pos
FUN_016634,0,0.0,0,pos,0,0.0,0,pos
FUN_003623,0,0.0,0,pos,0,0.0,0,pos
FUN_001084,174,0.1895424836601307,3,pos_s240_e288_s696_e744_s840_e894,18,0.0196078431372549,0,pos
FUN_001496,108,0.08490566037735849,2,pos_s978_e1014_s1020_e1092,42,0.0330188679245283,1,pos_s1020_e1062
FUN_015825,0,0.0,0,pos,0,0.0,0,pos
FUN_002058,6,0.02127659574468085,0,pos,0,0.0,0,pos
FUN_001049,0,0.0,0,pos,0,0.0,0,pos
FUN_001030,0,0.0,0,pos,0,0.0,0,pos
FUN_009451,198,0.6346153846153846,2,pos_s48_e108_s114_e156,90,0.28846153846153844,1,pos_s240_e306
FUN_001767,72,0.041379310344827586,1,pos_s1176_e1224,0,0.0,0,pos
FUN_003121,0,0.0,0,pos,0,0.0,0,pos
FUN_007108,0,0.0,0,pos,0,0.0,0,pos
FUN_012527,0,0.0,0,pos,0,0.0,0,pos
FUN_010105,0,0.0,0,pos,0,0.0,0,pos
FUN_004666,0,0.0,0,pos,0,0.0,0,pos
FUN_007776,144,0.1038961038961039,2,pos_s306_e336_s1146_e1194,12,0.008658008658008658,0,pos
FUN_008206,0,0.0,0,pos,0,0.0,0,pos
FUN_012077,0,0.0,0,pos,0,0.0,0,pos
FUN_002438,0,0.0,0,pos,0,0.0,0,pos
FUN_009484,0,0.0,0,pos,0,0.0,0,pos
FUN_008773,0,0.0,0,pos,0,0.0,0,pos
FUN_009061,0,0.0,0,pos,0,0.0,0,pos
FUN_002662,0,0.0,0,pos,0,0.0,0,pos
FUN_005250,84,0.1320754716981132,1,pos_s432_e516,30,0.04716981132075472,1,pos_s438_e468
FUN_005573,0,0.0,0,pos,0,0.0,0,pos
FUN_005914,0,0.0,0,pos,0,0.0,0,pos
FUN_006570,114,0.0811965811965812,2,pos_s30_e60_s252_e324,0,0.0,0,pos
FUN_008849,6,0.004739336492890996,0,pos,6,0.004739336492890996,0,pos
FUN_008814,0,0.0,0,pos,0,0.0,0,pos
FUN_012474,0,0.0,0,pos,0,0.0,0,pos
FUN_003157,0,0.0,0,pos,0,0.0,0,pos
FUN_005484,96,0.04145077720207254,1,pos_s1938_e1998,0,0.0,0,pos
FUN_003238,0,0.0,0,pos,0,0.0,0,pos
FUN_004121,228,0.05588235294117647,3,pos_s1662_e1716_s2364_e2436_s2448_e2478,12,0.0029411764705882353,0,pos
FUN_003972,0,0.0,0,pos,0,0.0,0,pos
FUN_008465,6,0.0033222591362126247,0,pos,0,0.0,0,pos
FUN_011481,120,0.17094017094017094,1,pos_s510_e588,6,0.008547008547008548,0,pos
FUN_002421,0,0.0,0,pos,0,0.0,0,pos
FUN_001878,6,0.001443001443001443,0,pos,0,0.0,0,pos
FUN_005768,0,0.0,0,pos,0,0.0,0,pos
FUN_001020,0,0.0,0,pos,0,0.0,0,pos
FUN_010336,0,0.0,0,pos,0,0.0,0,pos
FUN_011587,0,0.0,0,pos,0,0.0,0,pos
FUN_005818,258,0.0508274231678487,3,pos_s1974_e2022_s3684_e3750_s4416_e4554,90,0.01773049645390071,1,pos_s4476_e4536
FUN_000144,42,0.029787234042553193,0,pos,6,0.00425531914893617,0,pos
FUN_000084,126,0.011394465545306565,2,pos_s3102_e3168_s5406_e5442,0,0.0,0,pos
FUN_000126,0,0.0,0,pos,0,0.0,0,pos
FUN_005686,0,0.0,0,pos,0,0.0,0,pos
FUN_012011,0,0.0,0,pos,0,0.0,0,pos
FUN_001346,138,0.21100917431192662,1,pos_s30_e144,60,0.09174311926605505,1,pos_s72_e132
FUN_000790,0,0.0,0,pos,0,0.0,0,pos
FUN_002923,162,0.06994818652849741,2,pos_s426_e456_s1512_e1614,30,0.012953367875647668,0,pos
FUN_010615,126,0.06774193548387097,1,pos_s1128_e1212,0,0.0,0,pos
FUN_008328,0,0.0,0,pos,0,0.0,0,pos
FUN_009395,0,0.0,0,pos,0,0.0,0,pos
FUN_015342,0,0.0,0,pos,0,0.0,0,pos
FUN_016012,0,0.0,0,pos,0,0.0,0,pos
FUN_007320,270,0.1308139534883721,2,pos_s528_e726_s1098_e1170,240,0.11627906976744186,2,pos_s546_e708_s1098_e1170
FUN_001401,0,0.0,0,pos,0,0.0,0,pos
FUN_006825,30,0.043859649122807015,0,pos,0,0.0,0,pos
FUN_003654,0,0.0,0,pos,0,0.0,0,pos
FUN_011429,0,0.0,0,pos,0,0.0,0,pos
FUN_010236,0,0.0,0,pos,0,0.0,0,pos
FUN_007081,36,0.011538461538461539,1,pos_s1620_e1656,0,0.0,0,pos
FUN_008768,72,0.045112781954887216,0,pos,6,0.0037593984962406013,0,pos
FUN_009374,474,0.626984126984127,5,pos_s54_e156_s204_e234_s240_e318_s324_e510_s546_e582,252,0.3333333333333333,4,pos_s54_e144_s270_e306_s432_e510_s546_e576
FUN_000110,0,0.0,0,pos,0,0.0,0,pos
FUN_011351,0,0.0,0,pos,0,0.0,0,pos
FUN_009914,108,0.08450704225352113,1,pos_s1194_e1272,60,0.046948356807511735,1,pos_s1194_e1230
FUN_004508,0,0.0,0,pos,0,0.0,0,pos
FUN_012115,0,0.0,0,pos,0,0.0,0,pos
FUN_010670,6,0.0030959752321981426,0,pos,0,0.0,0,pos
FUN_008077,150,0.06666666666666667,2,pos_s552_e654_s666_e714,30,0.013333333333333334,0,pos
FUN_011296,0,0.0,0,pos,0,0.0,0,pos
FUN_000228,30,0.01529051987767584,0,pos,0,0.0,0,pos
FUN_005743,0,0.0,0,pos,0,0.0,0,pos
FUN_016065,0,0.0,0,pos,0,0.0,0,pos
FUN_003464,0,0.0,0,pos,0,0.0,0,pos
FUN_012534,0,0.0,0,pos,0,0.0,0,pos
FUN_009718,0,0.0,0,pos,0,0.0,0,pos
FUN_005138,0,0.0,0,pos,0,0.0,0,pos
FUN_002702,12,0.005208333333333333,0,pos,0,0.0,0,pos
FUN_015983,0,0.0,0,pos,0,0.0,0,pos
FUN_016087,0,0.0,0,pos,0,0.0,0,pos
FUN_002538,30,0.025380710659898477,1,pos_s90_e120,0,0.0,0,pos
FUN_008352,0,0.0,0,pos,0,0.0,0,pos
FUN_007171,0,0.0,0,pos,0,0.0,0,pos
FUN_012546,0,0.0,0,pos,0,0.0,0,pos
FUN_002708,6,0.000846740050804403,0,pos,0,0.0,0,pos
FUN_007128,186,0.0748792270531401,4,pos_s612_e642_s834_e882_s918_e960_s1878_e1932,18,0.007246376811594203,0,pos
FUN_010115,0,0.0,0,pos,0,0.0,0,pos
FUN_007073,0,0.0,0,pos,0,0.0,0,pos
FUN_009077,0,0.0,0,pos,0,0.0,0,pos
FUN_000698,24,0.0125,0,pos,0,0.0,0,pos
FUN_015439,0,0.0,0,pos,0,0.0,0,pos
FUN_010583,0,0.0,0,pos,0,0.0,0,pos
FUN_003243,0,0.0,0,pos,0,0.0,0,pos
FUN_010066,60,0.05319148936170213,1,pos_s588_e624,36,0.031914893617021274,1,pos_s588_e624
FUN_008759,0,0.0,0,pos,0,0.0,0,pos
FUN_010783,108,0.17647058823529413,1,pos_s396_e504,42,0.06862745098039216,1,pos_s450_e492
FUN_003850,0,0.0,0,pos,0,0.0,0,pos
FUN_006328,54,0.391304347826087,0,pos,0,0.0,0,pos
FUN_011402,66,0.0421455938697318,1,pos_s846_e912,0,0.0,0,pos
FUN_008075,132,0.16541353383458646,2,pos_s246_e324_s486_e528,48,0.06015037593984962,1,pos_s486_e522
FUN_002498,0,0.0,0,pos,0,0.0,0,pos
FUN_007187,0,0.0,0,pos,0,0.0,0,pos
FUN_001134,0,0.0,0,pos,0,0.0,0,pos
FUN_008253,0,0.0,0,pos,0,0.0,0,pos
FUN_001574,234,0.06782608695652174,3,pos_s1242_e1350_s3234_e3276_s3396_e3438,6,0.0017391304347826088,0,pos
FUN_001186,192,0.04145077720207254,4,pos_s2154_e2196_s3732_e3762_s3852_e3882_s4236_e4278,12,0.0025906735751295338,0,pos
FUN_015685,0,0.0,0,pos,0,0.0,0,pos
FUN_001217,108,0.09944751381215469,1,pos_s234_e318,36,0.03314917127071823,1,pos_s246_e282
FUN_007898,108,0.10778443113772455,2,pos_s528_e570_s852_e888,0,0.0,0,pos
FUN_008596,144,0.1411764705882353,2,pos_s288_e366_s552_e606,0,0.0,0,pos
FUN_016762,0,0.0,0,pos,0,0.0,0,pos
FUN_004668,0,0.0,0,pos,0,0.0,0,pos
FUN_008457,0,0.0,0,pos,0,0.0,0,pos
FUN_010538,6,0.004016064257028112,0,pos,0,0.0,0,pos
FUN_002994,0,0.0,0,pos,0,0.0,0,pos
FUN_006046,0,0.0,0,pos,0,0.0,0,pos
FUN_008671,0,0.0,0,pos,0,0.0,0,pos
FUN_000185,30,0.008741258741258742,0,pos,0,0.0,0,pos
FUN_003899,0,0.0,0,pos,0,0.0,0,pos
FUN_007743,0,0.0,0,pos,0,0.0,0,pos
FUN_007566,0,0.0,0,pos,0,0.0,0,pos
FUN_002808,0,0.0,0,pos,0,0.0,0,pos
FUN_003616,132,0.07166123778501629,3,pos_s1146_e1188_s1542_e1572_s1596_e1650,42,0.02280130293159609,1,pos_s1146_e1188
FUN_006934,96,0.06751054852320675,2,pos_s1086_e1128_s1356_e1392,12,0.008438818565400843,0,pos
FUN_007362,0,0.0,0,pos,0,0.0,0,pos
FUN_003312,0,0.0,0,pos,0,0.0,0,pos
FUN_001703,0,0.0,0,pos,0,0.0,0,pos
FUN_007735,0,0.0,0,pos,0,0.0,0,pos
FUN_010467,0,0.0,0,pos,0,0.0,0,pos
FUN_008076,42,0.02147239263803681,1,pos_s24_e54,6,0.003067484662576687,0,pos
FUN_010943,0,0.0,0,pos,0,0.0,0,pos
FUN_003285,0,0.0,0,pos,0,0.0,0,pos
FUN_001161,174,0.14285714285714285,2,pos_s384_e468_s912_e966,6,0.0049261083743842365,0,pos
FUN_010646,0,0.0,0,pos,0,0.0,0,pos
FUN_008846,102,0.07834101382488479,1,pos_s918_e1014,36,0.027649769585253458,0,pos
FUN_006321,0,0.0,0,pos,0,0.0,0,pos
FUN_011015,222,0.09919571045576407,3,pos_s174_e204_s1224_e1344_s1410_e1458,54,0.024128686327077747,1,pos_s1296_e1344
FUN_008417,0,0.0,0,pos,0,0.0,0,pos
FUN_001157,0,0.0,0,pos,0,0.0,0,pos
FUN_011999,0,0.0,0,pos,0,0.0,0,pos
FUN_007051,42,0.012411347517730497,1,pos_s396_e438,24,0.0070921985815602835,0,pos
FUN_009219,294,0.05444444444444444,3,pos_s1446_e1476_s2766_e2868_s3540_e3636,96,0.017777777777777778,1,pos_s3540_e3600
FUN_001697,0,0.0,0,pos,0,0.0,0,pos
FUN_001766,0,0.0,0,pos,0,0.0,0,pos
FUN_008980,138,0.08185053380782918,1,pos_s756_e870,114,0.06761565836298933,1,pos_s756_e834
FUN_003666,0,0.0,0,pos,0,0.0,0,pos
FUN_000791,0,0.0,0,pos,0,0.0,0,pos
FUN_008278,0,0.0,0,pos,0,0.0,0,pos
FUN_012354,0,0.0,0,pos,0,0.0,0,pos
FUN_005437,42,0.037037037037037035,1,pos_s570_e606,0,0.0,0,pos
FUN_005175,0,0.0,0,pos,0,0.0,0,pos
FUN_010152,0,0.0,0,pos,0,0.0,0,pos
FUN_016543,0,0.0,0,pos,0,0.0,0,pos
FUN_007004,0,0.0,0,pos,0,0.0,0,pos
FUN_005803,0,0.0,0,pos,0,0.0,0,pos
FUN_009616,0,0.0,0,pos,0,0.0,0,pos
FUN_004845,0,0.0,0,pos,0,0.0,0,pos
FUN_002066,0,0.0,0,pos,0,0.0,0,pos
FUN_004708,132,0.11398963730569948,1,pos_s246_e318,6,0.0051813471502590676,0,pos
FUN_000050,0,0.0,0,pos,0,0.0,0,pos
FUN_003325,102,0.014061207609594707,1,pos_s3258_e3306,0,0.0,0,pos
FUN_010019,0,0.0,0,pos,0,0.0,0,pos
FUN_011488,0,0.0,0,pos,0,0.0,0,pos
FUN_012551,0,0.0,0,pos,0,0.0,0,pos
FUN_008800,0,0.0,0,pos,0,0.0,0,pos
FUN_010730,0,0.0,0,pos,0,0.0,0,pos
FUN_003758,0,0.0,0,pos,0,0.0,0,pos
FUN_009910,84,0.05426356589147287,1,pos_s1344_e1416,12,0.007751937984496124,0,pos
FUN_008153,54,0.017716535433070866,1,pos_s606_e660,0,0.0,0,pos
FUN_009839,0,0.0,0,pos,0,0.0,0,pos
FUN_007982,0,0.0,0,pos,0,0.0,0,pos
FUN_005606,6,0.00510204081632653,0,pos,0,0.0,0,pos
FUN_000412,36,0.011342155009451797,0,pos,0,0.0,0,pos
FUN_001407,0,0.0,0,pos,0,0.0,0,pos
FUN_016067,0,0.0,0,pos,0,0.0,0,pos
FUN_001746,84,0.08284023668639054,1,pos_s300_e384,54,0.05325443786982249,1,pos_s324_e378
FUN_003346,0,0.0,0,pos,0,0.0,0,pos
FUN_015892,0,0.0,0,pos,0,0.0,0,pos
FUN_009390,0,0.0,0,pos,0,0.0,0,pos
FUN_009426,72,0.2553191489361702,2,pos_s90_e120_s132_e174,0,0.0,0,pos
FUN_005407,0,0.0,0,pos,0,0.0,0,pos
FUN_005238,0,0.0,0,pos,0,0.0,0,pos
FUN_009967,72,0.02494802494802495,1,pos_s1410_e1482,0,0.0,0,pos
FUN_007819,48,0.08080808080808081,0,pos,48,0.08080808080808081,0,pos
FUN_011177,12,0.015384615384615385,0,pos,0,0.0,0,pos
FUN_011395,246,0.0971563981042654,4,pos_s1920_e1962_s2034_e2100_s2172_e2238_s2352_e2388,48,0.018957345971563982,0,pos
FUN_009352,54,0.14285714285714285,1,pos_s312_e348,0,0.0,0,pos
FUN_008165,0,0.0,0,pos,0,0.0,0,pos
FUN_005157,0,0.0,0,pos,0,0.0,0,pos
FUN_006072,42,0.050724637681159424,1,pos_s648_e684,0,0.0,0,pos
FUN_000867,6,0.0031446540880503146,0,pos,0,0.0,0,pos
FUN_008681,0,0.0,0,pos,0,0.0,0,pos
FUN_010738,0,0.0,0,pos,0,0.0,0,pos
FUN_006784,0,0.0,0,pos,0,0.0,0,pos
FUN_002862,0,0.0,0,pos,0,0.0,0,pos
FUN_005785,0,0.0,0,pos,0,0.0,0,pos
FUN_005576,0,0.0,0,pos,0,0.0,0,pos
FUN_010116,0,0.0,0,pos,0,0.0,0,pos
FUN_009378,0,0.0,0,pos,0,0.0,0,pos
FUN_008480,0,0.0,0,pos,0,0.0,0,pos
FUN_012517,90,0.25862068965517243,1,pos_s60_e114,30,0.08620689655172414,0,pos
FUN_011280,84,0.01684717208182912,1,pos_s2124_e2160,0,0.0,0,pos
FUN_004022,18,0.012,0,pos,0,0.0,0,pos
FUN_012253,0,0.0,0,pos,0,0.0,0,pos
FUN_016802,0,0.0,0,pos,0,0.0,0,pos
FUN_000330,0,0.0,0,pos,0,0.0,0,pos
FUN_007840,0,0.0,0,pos,0,0.0,0,pos
FUN_001286,0,0.0,0,pos,0,0.0,0,pos
FUN_005729,0,0.0,0,pos,0,0.0,0,pos
FUN_016559,0,0.0,0,pos,0,0.0,0,pos
FUN_003430,126,0.046052631578947366,1,pos_s1566_e1614,0,0.0,0,pos
FUN_009675,0,0.0,0,pos,0,0.0,0,pos
FUN_012239,0,0.0,0,pos,0,0.0,0,pos
FUN_003477,60,0.025252525252525252,0,pos,6,0.0025252525252525255,0,pos
FUN_006998,0,0.0,0,pos,0,0.0,0,pos
FUN_007010,114,0.03015873015873016,1,pos_s1230_e1302,90,0.023809523809523808,1,pos_s1230_e1302
FUN_009043,108,0.09326424870466321,2,pos_s402_e468_s816_e846,0,0.0,0,pos
FUN_005471,0,0.0,0,pos,0,0.0,0,pos
FUN_009493,12,0.006097560975609756,0,pos,0,0.0,0,pos
FUN_011358,0,0.0,0,pos,0,0.0,0,pos
FUN_004614,168,0.11475409836065574,2,pos_s318_e390_s684_e762,6,0.004098360655737705,0,pos
FUN_005697,6,0.004149377593360996,0,pos,0,0.0,0,pos
FUN_008147,66,0.08088235294117647,1,pos_s306_e360,0,0.0,0,pos
FUN_009136,36,0.020761245674740483,1,pos_s528_e564,0,0.0,0,pos
FUN_003465,0,0.0,0,pos,0,0.0,0,pos
FUN_012356,486,0.13278688524590163,3,pos_s618_e756_s900_e1014_s1212_e1260,228,0.06229508196721312,2,pos_s618_e714_s3612_e3654
FUN_007239,6,0.0016750418760469012,0,pos,0,0.0,0,pos
FUN_002608,0,0.0,0,pos,0,0.0,0,pos
FUN_004049,0,0.0,0,pos,0,0.0,0,pos
FUN_006546,0,0.0,0,pos,0,0.0,0,pos
FUN_011611,0,0.0,0,pos,0,0.0,0,pos
FUN_007579,66,0.2558139534883721,1,pos_s114_e180,0,0.0,0,pos
FUN_001896,0,0.0,0,pos,0,0.0,0,pos
FUN_010714,0,0.0,0,pos,0,0.0,0,pos
FUN_002196,0,0.0,0,pos,0,0.0,0,pos
FUN_009203,84,0.03056768558951965,1,pos_s1050_e1092,0,0.0,0,pos
FUN_011866,0,0.0,0,pos,0,0.0,0,pos
FUN_002796,66,0.031161473087818695,1,pos_s1518_e1548,18,0.0084985835694051,0,pos
FUN_015432,0,0.0,0,pos,0,0.0,0,pos
FUN_006313,0,0.0,0,pos,0,0.0,0,pos
FUN_004356,0,0.0,0,pos,0,0.0,0,pos
FUN_006857,0,0.0,0,pos,0,0.0,0,pos
FUN_007517,18,0.06666666666666667,0,pos,0,0.0,0,pos
FUN_002344,0,0.0,0,pos,0,0.0,0,pos
FUN_005741,0,0.0,0,pos,0,0.0,0,pos
FUN_009464,0,0.0,0,pos,0,0.0,0,pos
FUN_007226,0,0.0,0,pos,0,0.0,0,pos
FUN_011368,12,0.007067137809187279,0,pos,0,0.0,0,pos
FUN_016434,0,0.0,0,pos,0,0.0,0,pos
FUN_003394,282,0.10904872389791183,2,pos_s660_e714_s2226_e2352,120,0.04640371229698376,1,pos_s2232_e2346
FUN_000688,72,0.010230179028132993,1,pos_s5982_e6048,0,0.0,0,pos
FUN_011024,6,0.0017857142857142857,0,pos,0,0.0,0,pos
FUN_000573,0,0.0,0,pos,0,0.0,0,pos
FUN_004072,0,0.0,0,pos,0,0.0,0,pos
FUN_003307,0,0.0,0,pos,0,0.0,0,pos
FUN_001110,0,0.0,0,pos,0,0.0,0,pos
FUN_006330,18,0.007075471698113208,0,pos,0,0.0,0,pos
FUN_005656,0,0.0,0,pos,0,0.0,0,pos
FUN_011419,0,0.0,0,pos,0,0.0,0,pos
FUN_005260,36,0.014705882352941176,1,pos_s1212_e1248,36,0.014705882352941176,1,pos_s1212_e1248
FUN_000178,18,0.005905511811023622,0,pos,18,0.005905511811023622,0,pos
FUN_007987,30,0.05102040816326531,0,pos,0,0.0,0,pos
FUN_001306,0,0.0,0,pos,0,0.0,0,pos
FUN_000659,6,0.0013986013986013986,0,pos,0,0.0,0,pos
FUN_003015,72,0.1875,1,pos_s144_e216,0,0.0,0,pos
FUN_002580,6,0.008333333333333333,0,pos,0,0.0,0,pos
FUN_001747,174,0.027306967984934087,3,pos_s5016_e5064_s5070_e5100_s6000_e6060,42,0.006591337099811676,1,pos_s6018_e6060
FUN_009702,0,0.0,0,pos,0,0.0,0,pos
FUN_005653,102,0.11258278145695365,1,pos_s360_e438,36,0.039735099337748346,1,pos_s402_e438
FUN_015601,0,0.0,0,pos,0,0.0,0,pos
FUN_007837,6,0.016129032258064516,0,pos,0,0.0,0,pos
FUN_003724,0,0.0,0,pos,0,0.0,0,pos
FUN_010562,6,0.008928571428571428,0,pos,0,0.0,0,pos
FUN_012251,0,0.0,0,pos,0,0.0,0,pos
FUN_005966,0,0.0,0,pos,0,0.0,0,pos
FUN_005365,0,0.0,0,pos,0,0.0,0,pos
FUN_008444,0,0.0,0,pos,0,0.0,0,pos
FUN_004747,12,0.006734006734006734,0,pos,0,0.0,0,pos
FUN_006432,0,0.0,0,pos,0,0.0,0,pos
FUN_009190,0,0.0,0,pos,0,0.0,0,pos
FUN_005717,0,0.0,0,pos,0,0.0,0,pos
FUN_004584,0,0.0,0,pos,0,0.0,0,pos
FUN_015747,0,0.0,0,pos,0,0.0,0,pos
FUN_000693,12,0.008298755186721992,0,pos,0,0.0,0,pos
FUN_015730,0,0.0,0,pos,0,0.0,0,pos
FUN_011295,78,0.023722627737226276,1,pos_s2634_e2712,0,0.0,0,pos
FUN_005048,0,0.0,0,pos,0,0.0,0,pos
FUN_007134,18,0.06976744186046512,0,pos,0,0.0,0,pos
FUN_015258,0,0.0,0,pos,0,0.0,0,pos
FUN_004360,0,0.0,0,pos,0,0.0,0,pos
FUN_004034,150,0.1072961373390558,2,pos_s636_e726_s1044_e1080,66,0.04721030042918455,1,pos_s660_e726
FUN_001754,0,0.0,0,pos,0,0.0,0,pos
FUN_008194,0,0.0,0,pos,0,0.0,0,pos
FUN_000479,288,0.04804804804804805,3,pos_s5442_e5514_s5622_e5670_s5730_e5844,150,0.025025025025025027,3,pos_s5448_e5478_s5622_e5670_s5730_e5796
FUN_009284,6,0.030303030303030304,0,pos,0,0.0,0,pos
FUN_011300,0,0.0,0,pos,0,0.0,0,pos
FUN_004275,6,0.0018975332068311196,0,pos,0,0.0,0,pos
FUN_016534,0,0.0,0,pos,0,0.0,0,pos
FUN_004388,30,0.007861635220125786,1,pos_s2418_e2448,0,0.0,0,pos
FUN_003444,0,0.0,0,pos,0,0.0,0,pos
FUN_004467,36,0.11538461538461539,1,pos_s30_e66,0,0.0,0,pos
FUN_007446,414,0.16428571428571428,5,pos_s510_e576_s696_e774_s1902_e1968_s1980_e2010_s2124_e2178,60,0.023809523809523808,1,pos_s516_e546
FUN_006446,108,0.0703125,2,pos_s1374_e1404_s1464_e1518,24,0.015625,0,pos
FUN_007298,0,0.0,0,pos,0,0.0,0,pos
FUN_015767,0,0.0,0,pos,0,0.0,0,pos
FUN_004057,0,0.0,0,pos,0,0.0,0,pos
FUN_008296,0,0.0,0,pos,0,0.0,0,pos
FUN_009939,0,0.0,0,pos,0,0.0,0,pos
FUN_011361,0,0.0,0,pos,0,0.0,0,pos
FUN_016356,0,0.0,0,pos,0,0.0,0,pos
FUN_010648,120,0.02447980416156671,1,pos_s1914_e1980,0,0.0,0,pos
FUN_001968,0,0.0,0,pos,0,0.0,0,pos
FUN_000388,0,0.0,0,pos,0,0.0,0,pos
FUN_001423,0,0.0,0,pos,0,0.0,0,pos
FUN_007167,12,0.03278688524590164,0,pos,0,0.0,0,pos
FUN_016817,0,0.0,0,pos,0,0.0,0,pos
FUN_008185,0,0.0,0,pos,0,0.0,0,pos
FUN_006186,6,0.03333333333333333,0,pos,0,0.0,0,pos
FUN_009893,0,0.0,0,pos,0,0.0,0,pos
FUN_008487,0,0.0,0,pos,0,0.0,0,pos
FUN_016170,0,0.0,0,pos,0,0.0,0,pos
FUN_002109,24,0.02631578947368421,0,pos,0,0.0,0,pos
FUN_005661,78,0.030952380952380953,1,pos_s2370_e2442,0,0.0,0,pos
FUN_004724,336,0.06243032329988852,3,pos_s2850_e2880_s2964_e3102_s3210_e3324,222,0.04124860646599777,2,pos_s2964_e3102_s3246_e3282
FUN_002762,0,0.0,0,pos,0,0.0,0,pos
FUN_009073,0,0.0,0,pos,0,0.0,0,pos
FUN_004288,0,0.0,0,pos,0,0.0,0,pos
FUN_008648,0,0.0,0,pos,0,0.0,0,pos
FUN_001043,474,0.12135176651305683,5,pos_s1860_e1974_s1980_e2064_s2784_e2898_s2946_e2994_s3342_e3402,234,0.059907834101382486,3,pos_s1884_e1974_s1980_e2022_s3360_e3402
FUN_000170,0,0.0,0,pos,0,0.0,0,pos
FUN_002472,0,0.0,0,pos,0,0.0,0,pos
FUN_008934,132,0.05238095238095238,1,pos_s1110_e1230,84,0.03333333333333333,2,pos_s1152_e1188_s1194_e1230
FUN_010731,0,0.0,0,pos,0,0.0,0,pos
FUN_005455,0,0.0,0,pos,0,0.0,0,pos
FUN_015935,0,0.0,0,pos,0,0.0,0,pos
FUN_007797,0,0.0,0,pos,0,0.0,0,pos
FUN_008636,0,0.0,0,pos,0,0.0,0,pos
FUN_002220,66,0.046610169491525424,1,pos_s1074_e1128,0,0.0,0,pos
FUN_005848,0,0.0,0,pos,0,0.0,0,pos
FUN_002946,0,0.0,0,pos,0,0.0,0,pos
FUN_016369,0,0.0,0,pos,0,0.0,0,pos
FUN_010595,36,0.029411764705882353,1,pos_s918_e954,0,0.0,0,pos
FUN_003503,54,0.03571428571428571,1,pos_s942_e978,24,0.015873015873015872,0,pos
FUN_008224,0,0.0,0,pos,0,0.0,0,pos
FUN_012404,0,0.0,0,pos,0,0.0,0,pos
FUN_000060,0,0.0,0,pos,0,0.0,0,pos
FUN_005290,0,0.0,0,pos,0,0.0,0,pos
FUN_009419,1284,0.2150753768844221,14,pos_s450_e504_s1242_e1272_s1488_e1554_s1950_e1998_s3564_e3786_s3810_e3846_s4224_e4338_s4524_e4632_s4950_e5022_s5028_e5172_s5346_e5412_s5598_e5628_s5712_e5802_s5826_e5904,510,0.08542713567839195,6,pos_s3642_e3780_s4290_e4326_s4578_e4632_s5058_e5142_s5742_e5802_s5826_e5904
FUN_009167,96,0.13008130081300814,1,pos_s540_e636,60,0.08130081300813008,1,pos_s564_e624
FUN_006410,0,0.0,0,pos,0,0.0,0,pos
FUN_006979,0,0.0,0,pos,0,0.0,0,pos
FUN_012000,0,0.0,0,pos,0,0.0,0,pos
FUN_010547,0,0.0,0,pos,0,0.0,0,pos
FUN_002559,18,0.017341040462427744,0,pos,18,0.017341040462427744,0,pos
FUN_001514,0,0.0,0,pos,0,0.0,0,pos
FUN_016410,0,0.0,0,pos,0,0.0,0,pos
FUN_009545,18,0.005597014925373134,0,pos,0,0.0,0,pos
FUN_001160,6,0.0020408163265306124,0,pos,0,0.0,0,pos
FUN_009769,6,0.003401360544217687,0,pos,0,0.0,0,pos
FUN_007012,0,0.0,0,pos,0,0.0,0,pos
FUN_001592,0,0.0,0,pos,0,0.0,0,pos
FUN_001585,0,0.0,0,pos,0,0.0,0,pos
FUN_004450,174,0.09698996655518395,3,pos_s240_e276_s294_e330_s366_e462,30,0.016722408026755852,1,pos_s402_e432
FUN_008198,384,0.08432147562582346,5,pos_s852_e942_s1362_e1446_s2940_e3024_s3150_e3186_s3192_e3222,204,0.04479578392621871,3,pos_s876_e942_s1368_e1404_s3192_e3222
FUN_004114,0,0.0,0,pos,0,0.0,0,pos
FUN_003551,0,0.0,0,pos,0,0.0,0,pos
FUN_001858,0,0.0,0,pos,0,0.0,0,pos
FUN_010463,0,0.0,0,pos,0,0.0,0,pos
FUN_009808,36,0.037267080745341616,1,pos_s750_e780,0,0.0,0,pos
FUN_004398,0,0.0,0,pos,0,0.0,0,pos
FUN_010239,96,0.06926406926406926,2,pos_s786_e816_s1218_e1266,0,0.0,0,pos
FUN_015720,0,0.0,0,pos,0,0.0,0,pos
FUN_004818,0,0.0,0,pos,0,0.0,0,pos
FUN_005377,18,0.006550218340611353,0,pos,0,0.0,0,pos
FUN_005978,0,0.0,0,pos,0,0.0,0,pos
FUN_001557,24,0.022099447513812154,0,pos,0,0.0,0,pos
FUN_012081,0,0.0,0,pos,0,0.0,0,pos
FUN_009536,0,0.0,0,pos,0,0.0,0,pos
FUN_000757,24,0.018518518518518517,0,pos,0,0.0,0,pos
FUN_016070,0,0.0,0,pos,0,0.0,0,pos
FUN_006327,0,0.0,0,pos,0,0.0,0,pos
FUN_003822,0,0.0,0,pos,0,0.0,0,pos
FUN_001226,0,0.0,0,pos,0,0.0,0,pos
FUN_007636,6,0.010869565217391304,0,pos,0,0.0,0,pos
FUN_002025,222,0.05211267605633803,4,pos_s1542_e1590_s2658_e2706_s3384_e3426_s3444_e3486,48,0.011267605633802818,1,pos_s3384_e3414
FUN_001383,114,0.06070287539936102,1,pos_s486_e600,72,0.038338658146964855,1,pos_s492_e540
FUN_006595,24,0.006269592476489028,0,pos,0,0.0,0,pos
FUN_001794,30,0.01644736842105263,1,pos_s1752_e1782,0,0.0,0,pos
FUN_002890,0,0.0,0,pos,0,0.0,0,pos
FUN_015565,0,0.0,0,pos,0,0.0,0,pos
FUN_011206,0,0.0,0,pos,0,0.0,0,pos
FUN_011223,0,0.0,0,pos,0,0.0,0,pos
FUN_001339,0,0.0,0,pos,0,0.0,0,pos
FUN_007662,0,0.0,0,pos,0,0.0,0,pos
FUN_010052,48,0.01616161616161616,1,pos_s2832_e2874,42,0.014141414141414142,1,pos_s2832_e2874
FUN_001164,0,0.0,0,pos,0,0.0,0,pos
FUN_010873,0,0.0,0,pos,0,0.0,0,pos
FUN_012345,0,0.0,0,pos,0,0.0,0,pos
FUN_002615,0,0.0,0,pos,0,0.0,0,pos
FUN_000174,0,0.0,0,pos,0,0.0,0,pos
FUN_009299,0,0.0,0,pos,0,0.0,0,pos
FUN_000130,0,0.0,0,pos,0,0.0,0,pos
FUN_005508,6,0.010526315789473684,0,pos,0,0.0,0,pos
FUN_002321,0,0.0,0,pos,0,0.0,0,pos
FUN_006354,0,0.0,0,pos,0,0.0,0,pos
FUN_011820,0,0.0,0,pos,0,0.0,0,pos
FUN_009564,0,0.0,0,pos,0,0.0,0,pos
FUN_016846,0,0.0,0,pos,0,0.0,0,pos
FUN_016439,0,0.0,0,pos,0,0.0,0,pos
FUN_010145,0,0.0,0,pos,0,0.0,0,pos
FUN_016517,0,0.0,0,pos,0,0.0,0,pos
FUN_012330,0,0.0,0,pos,0,0.0,0,pos
FUN_009570,0,0.0,0,pos,0,0.0,0,pos
FUN_002906,0,0.0,0,pos,0,0.0,0,pos
FUN_005264,0,0.0,0,pos,0,0.0,0,pos
FUN_011133,48,0.022408963585434174,0,pos,0,0.0,0,pos
FUN_000494,0,0.0,0,pos,0,0.0,0,pos
FUN_003270,24,0.007434944237918215,0,pos,0,0.0,0,pos
FUN_002468,66,0.1746031746031746,1,pos_s84_e126,6,0.015873015873015872,0,pos
FUN_015956,0,0.0,0,pos,0,0.0,0,pos
FUN_011250,0,0.0,0,pos,0,0.0,0,pos
FUN_004239,0,0.0,0,pos,0,0.0,0,pos
FUN_010384,12,0.02857142857142857,0,pos,12,0.02857142857142857,0,pos
FUN_002915,0,0.0,0,pos,0,0.0,0,pos
FUN_004160,0,0.0,0,pos,0,0.0,0,pos
FUN_002154,0,0.0,0,pos,0,0.0,0,pos
FUN_005352,0,0.0,0,pos,0,0.0,0,pos
FUN_016235,0,0.0,0,pos,0,0.0,0,pos
FUN_002566,0,0.0,0,pos,0,0.0,0,pos
FUN_006395,0,0.0,0,pos,0,0.0,0,pos
FUN_003955,54,0.010356731875719217,1,pos_s2292_e2340,0,0.0,0,pos
FUN_001192,6,0.00423728813559322,0,pos,0,0.0,0,pos
FUN_005529,0,0.0,0,pos,0,0.0,0,pos
FUN_007130,0,0.0,0,pos,0,0.0,0,pos
FUN_006352,6,0.0035842293906810036,0,pos,0,0.0,0,pos
FUN_007029,54,0.029508196721311476,1,pos_s468_e522,0,0.0,0,pos
FUN_000457,0,0.0,0,pos,0,0.0,0,pos
FUN_005405,0,0.0,0,pos,0,0.0,0,pos
FUN_006034,0,0.0,0,pos,0,0.0,0,pos
FUN_012235,0,0.0,0,pos,0,0.0,0,pos
FUN_003075,0,0.0,0,pos,0,0.0,0,pos
FUN_005409,0,0.0,0,pos,0,0.0,0,pos
FUN_004206,18,0.011764705882352941,0,pos,0,0.0,0,pos
FUN_008572,0,0.0,0,pos,0,0.0,0,pos
FUN_001337,174,0.19078947368421054,4,pos_s216_e252_s582_e618_s624_e654_s660_e732,24,0.02631578947368421,0,pos
FUN_006184,0,0.0,0,pos,0,0.0,0,pos
FUN_007489,0,0.0,0,pos,0,0.0,0,pos
FUN_002294,18,0.014705882352941176,0,pos,6,0.004901960784313725,0,pos
FUN_006781,0,0.0,0,pos,0,0.0,0,pos
FUN_006643,0,0.0,0,pos,0,0.0,0,pos
FUN_006473,30,0.01639344262295082,1,pos_s462_e492,0,0.0,0,pos
FUN_005382,42,0.00830367734282325,0,pos,30,0.005931198102016607,0,pos
FUN_007868,0,0.0,0,pos,0,0.0,0,pos
FUN_003763,0,0.0,0,pos,0,0.0,0,pos
FUN_001044,0,0.0,0,pos,0,0.0,0,pos
FUN_004124,0,0.0,0,pos,0,0.0,0,pos
FUN_002880,0,0.0,0,pos,0,0.0,0,pos
FUN_005625,0,0.0,0,pos,0,0.0,0,pos
FUN_005603,0,0.0,0,pos,0,0.0,0,pos
FUN_003031,6,0.0125,0,pos,0,0.0,0,pos
FUN_004843,198,0.3402061855670103,3,pos_s54_e108_s444_e474_s504_e558,24,0.041237113402061855,0,pos
FUN_007921,12,0.005390835579514825,0,pos,0,0.0,0,pos
FUN_001838,108,0.04225352112676056,1,pos_s2310_e2388,0,0.0,0,pos
FUN_012179,6,0.011627906976744186,0,pos,0,0.0,0,pos
FUN_009461,36,0.02654867256637168,0,pos,24,0.017699115044247787,0,pos
FUN_003004,0,0.0,0,pos,0,0.0,0,pos
FUN_000319,0,0.0,0,pos,0,0.0,0,pos
FUN_007843,36,0.09090909090909091,0,pos,0,0.0,0,pos
FUN_008046,66,0.08270676691729323,1,pos_s330_e396,0,0.0,0,pos
FUN_010754,0,0.0,0,pos,0,0.0,0,pos
FUN_011969,0,0.0,0,pos,0,0.0,0,pos
FUN_003628,30,0.012254901960784314,1,pos_s90_e120,24,0.00980392156862745,0,pos
FUN_010383,72,0.24,1,pos_s6_e78,72,0.24,1,pos_s6_e78
FUN_003264,0,0.0,0,pos,0,0.0,0,pos
FUN_009497,60,0.04484304932735426,1,pos_s90_e150,0,0.0,0,pos
FUN_002616,6,0.003257328990228013,0,pos,0,0.0,0,pos
FUN_009317,0,0.0,0,pos,0,0.0,0,pos
FUN_009194,138,0.12568306010928962,1,pos_s954_e1002,0,0.0,0,pos
FUN_008859,48,0.029304029304029304,1,pos_s966_e1014,0,0.0,0,pos
FUN_015887,0,0.0,0,pos,0,0.0,0,pos
FUN_016139,0,0.0,0,pos,0,0.0,0,pos
FUN_016205,0,0.0,0,pos,0,0.0,0,pos
FUN_016068,0,0.0,0,pos,0,0.0,0,pos
FUN_010683,72,0.018838304552590265,1,pos_s918_e984,36,0.009419152276295133,1,pos_s942_e978
FUN_007231,0,0.0,0,pos,0,0.0,0,pos
FUN_011467,6,0.017857142857142856,0,pos,0,0.0,0,pos
FUN_001022,0,0.0,0,pos,0,0.0,0,pos
FUN_015610,0,0.0,0,pos,0,0.0,0,pos
FUN_010031,0,0.0,0,pos,0,0.0,0,pos
FUN_004823,0,0.0,0,pos,0,0.0,0,pos
FUN_003088,6,0.00641025641025641,0,pos,0,0.0,0,pos
FUN_003603,36,0.10344827586206896,1,pos_s96_e132,0,0.0,0,pos
FUN_007653,0,0.0,0,pos,0,0.0,0,pos
FUN_008552,0,0.0,0,pos,0,0.0,0,pos
FUN_010751,0,0.0,0,pos,0,0.0,0,pos
FUN_004835,0,0.0,0,pos,0,0.0,0,pos
FUN_015854,0,0.0,0,pos,0,0.0,0,pos
FUN_011443,0,0.0,0,pos,0,0.0,0,pos
FUN_008510,0,0.0,0,pos,0,0.0,0,pos
FUN_001566,0,0.0,0,pos,0,0.0,0,pos
FUN_016850,0,0.0,0,pos,0,0.0,0,pos
FUN_015870,0,0.0,0,pos,0,0.0,0,pos
FUN_005085,108,0.18947368421052632,2,pos_s0_e48_s210_e270,48,0.08421052631578947,1,pos_s0_e48
FUN_000288,18,0.02027027027027027,0,pos,0,0.0,0,pos
FUN_007465,0,0.0,0,pos,0,0.0,0,pos
FUN_010098,0,0.0,0,pos,0,0.0,0,pos
FUN_008619,36,0.009230769230769232,1,pos_s3252_e3288,0,0.0,0,pos
FUN_007796,0,0.0,0,pos,0,0.0,0,pos
FUN_003452,0,0.0,0,pos,0,0.0,0,pos
FUN_011836,0,0.0,0,pos,0,0.0,0,pos
FUN_016745,0,0.0,0,pos,0,0.0,0,pos
FUN_008956,0,0.0,0,pos,0,0.0,0,pos
FUN_003760,96,0.06177606177606178,2,pos_s1038_e1080_s1092_e1134,0,0.0,0,pos
FUN_000266,0,0.0,0,pos,0,0.0,0,pos
FUN_003895,0,0.0,0,pos,0,0.0,0,pos
FUN_005902,0,0.0,0,pos,0,0.0,0,pos
FUN_007980,0,0.0,0,pos,0,0.0,0,pos
FUN_008050,0,0.0,0,pos,0,0.0,0,pos
FUN_012126,0,0.0,0,pos,0,0.0,0,pos
FUN_016562,0,0.0,0,pos,0,0.0,0,pos
FUN_009481,0,0.0,0,pos,0,0.0,0,pos
FUN_012108,0,0.0,0,pos,0,0.0,0,pos
FUN_009547,0,0.0,0,pos,0,0.0,0,pos
FUN_005543,6,0.010416666666666666,0,pos,0,0.0,0,pos
FUN_002735,0,0.0,0,pos,0,0.0,0,pos
FUN_011499,0,0.0,0,pos,0,0.0,0,pos
FUN_009559,24,0.011834319526627219,0,pos,0,0.0,0,pos
FUN_005689,0,0.0,0,pos,0,0.0,0,pos
FUN_004733,0,0.0,0,pos,0,0.0,0,pos
FUN_007719,72,0.038834951456310676,2,pos_s1182_e1218_s1230_e1266,0,0.0,0,pos
FUN_000422,0,0.0,0,pos,0,0.0,0,pos
FUN_008260,66,0.08270676691729323,0,pos,0,0.0,0,pos
FUN_001300,0,0.0,0,pos,0,0.0,0,pos
FUN_009775,90,0.0297029702970297,1,pos_s2238_e2328,6,0.0019801980198019802,0,pos
FUN_006841,0,0.0,0,pos,0,0.0,0,pos
FUN_011019,60,0.08403361344537816,2,pos_s132_e162_s276_e306,0,0.0,0,pos
FUN_009124,174,0.21641791044776118,3,pos_s78_e132_s216_e264_s402_e438,18,0.022388059701492536,0,pos
FUN_016079,0,0.0,0,pos,0,0.0,0,pos
FUN_015490,0,0.0,0,pos,0,0.0,0,pos
FUN_005866,0,0.0,0,pos,0,0.0,0,pos
FUN_003069,204,0.031865042174320526,2,pos_s1158_e1314_s5652_e5682,150,0.023430178069353328,1,pos_s1158_e1308
FUN_010561,0,0.0,0,pos,0,0.0,0,pos
FUN_004644,0,0.0,0,pos,0,0.0,0,pos
FUN_015893,0,0.0,0,pos,0,0.0,0,pos
FUN_012073,0,0.0,0,pos,0,0.0,0,pos
FUN_000823,0,0.0,0,pos,0,0.0,0,pos
FUN_007945,24,0.007952286282306162,0,pos,0,0.0,0,pos
FUN_015639,0,0.0,0,pos,0,0.0,0,pos
FUN_010679,48,0.007073386383731211,1,pos_s4026_e4074,6,0.0008841732979664014,0,pos
FUN_000725,0,0.0,0,pos,0,0.0,0,pos
FUN_011100,0,0.0,0,pos,0,0.0,0,pos
FUN_007000,0,0.0,0,pos,0,0.0,0,pos
FUN_001991,0,0.0,0,pos,0,0.0,0,pos
FUN_010776,0,0.0,0,pos,0,0.0,0,pos
FUN_015921,0,0.0,0,pos,0,0.0,0,pos
FUN_016806,0,0.0,0,pos,0,0.0,0,pos
FUN_008979,48,0.02247191011235955,0,pos,0,0.0,0,pos
FUN_007052,0,0.0,0,pos,0,0.0,0,pos
FUN_010149,0,0.0,0,pos,0,0.0,0,pos
FUN_002714,78,0.025540275049115914,2,pos_s204_e234_s1602_e1650,18,0.005893909626719057,0,pos
FUN_006694,0,0.0,0,pos,0,0.0,0,pos
FUN_001275,6,0.0012437810945273632,0,pos,0,0.0,0,pos
FUN_015654,0,0.0,0,pos,0,0.0,0,pos
FUN_003101,0,0.0,0,pos,0,0.0,0,pos
FUN_009365,0,0.0,0,pos,0,0.0,0,pos
FUN_001999,924,0.3136456211812627,8,pos_s1086_e1200_s1308_e1434_s1614_e1728_s1794_e1950_s2076_e2130_s2190_e2256_s2424_e2454_s2634_e2748,480,0.1629327902240326,5,pos_s1086_e1200_s1614_e1728_s1794_e1848_s1854_e1896_s2634_e2700
FUN_006747,0,0.0,0,pos,0,0.0,0,pos
FUN_016554,0,0.0,0,pos,0,0.0,0,pos
FUN_007503,0,0.0,0,pos,0,0.0,0,pos
FUN_010405,0,0.0,0,pos,0,0.0,0,pos
FUN_001857,18,0.01048951048951049,0,pos,0,0.0,0,pos
FUN_000462,0,0.0,0,pos,0,0.0,0,pos
FUN_000585,0,0.0,0,pos,0,0.0,0,pos
FUN_009890,0,0.0,0,pos,0,0.0,0,pos
FUN_006144,600,0.37735849056603776,3,pos_s18_e144_s210_e534_s1416_e1506,414,0.26037735849056604,5,pos_s30_e144_s222_e270_s312_e354_s366_e492_s1452_e1500
FUN_004271,0,0.0,0,pos,0,0.0,0,pos
FUN_009974,0,0.0,0,pos,0,0.0,0,pos
FUN_000182,0,0.0,0,pos,0,0.0,0,pos
FUN_007829,36,0.005988023952095809,0,pos,0,0.0,0,pos
FUN_016789,0,0.0,0,pos,0,0.0,0,pos
FUN_006966,0,0.0,0,pos,0,0.0,0,pos
FUN_010256,0,0.0,0,pos,0,0.0,0,pos
FUN_008574,0,0.0,0,pos,0,0.0,0,pos
FUN_002610,0,0.0,0,pos,0,0.0,0,pos
FUN_008625,0,0.0,0,pos,0,0.0,0,pos
FUN_000243,0,0.0,0,pos,0,0.0,0,pos
FUN_003752,18,0.02,0,pos,0,0.0,0,pos
FUN_009429,0,0.0,0,pos,0,0.0,0,pos
FUN_015582,0,0.0,0,pos,0,0.0,0,pos
FUN_001413,0,0.0,0,pos,0,0.0,0,pos
FUN_004347,0,0.0,0,pos,0,0.0,0,pos
FUN_015557,0,0.0,0,pos,0,0.0,0,pos
FUN_004196,0,0.0,0,pos,0,0.0,0,pos
FUN_000530,450,0.22255192878338279,5,pos_s60_e90_s198_e240_s1284_e1356_s1536_e1608_s1788_e1902,222,0.10979228486646884,2,pos_s1290_e1338_s1788_e1878
FUN_006925,0,0.0,0,pos,0,0.0,0,pos
FUN_002256,96,0.027874564459930314,1,pos_s534_e570,6,0.0017421602787456446,0,pos
FUN_016411,0,0.0,0,pos,0,0.0,0,pos
FUN_007893,0,0.0,0,pos,0,0.0,0,pos
FUN_008294,0,0.0,0,pos,0,0.0,0,pos
FUN_001462,0,0.0,0,pos,0,0.0,0,pos
FUN_015711,0,0.0,0,pos,0,0.0,0,pos
FUN_002208,156,0.08637873754152824,2,pos_s24_e72_s1026_e1062,6,0.0033222591362126247,0,pos
FUN_003139,12,0.011363636363636364,0,pos,0,0.0,0,pos
FUN_007474,0,0.0,0,pos,0,0.0,0,pos
FUN_001004,612,0.18149466192170818,6,pos_s150_e180_s186_e294_s594_e708_s768_e882_s906_e1056_s1302_e1332,372,0.1103202846975089,5,pos_s198_e288_s594_e636_s648_e708_s768_e882_s906_e948
FUN_002266,120,0.0353356890459364,1,pos_s2646_e2760,114,0.03356890459363958,1,pos_s2646_e2760
FUN_001718,0,0.0,0,pos,0,0.0,0,pos
FUN_007589,42,0.10144927536231885,1,pos_s258_e300,0,0.0,0,pos
FUN_004246,0,0.0,0,pos,0,0.0,0,pos
FUN_009788,0,0.0,0,pos,0,0.0,0,pos
FUN_002315,42,0.028455284552845527,1,pos_s1392_e1434,0,0.0,0,pos
FUN_000741,24,0.0149812734082397,0,pos,0,0.0,0,pos
FUN_007009,0,0.0,0,pos,0,0.0,0,pos
FUN_010828,0,0.0,0,pos,0,0.0,0,pos
FUN_003515,0,0.0,0,pos,0,0.0,0,pos
FUN_015840,0,0.0,0,pos,0,0.0,0,pos
FUN_012016,0,0.0,0,pos,0,0.0,0,pos
FUN_012518,0,0.0,0,pos,0,0.0,0,pos
FUN_007848,12,0.00333889816360601,0,pos,0,0.0,0,pos
FUN_007057,0,0.0,0,pos,0,0.0,0,pos
FUN_011600,0,0.0,0,pos,0,0.0,0,pos
FUN_003715,24,0.031746031746031744,0,pos,0,0.0,0,pos
FUN_008174,456,0.5984251968503937,4,pos_s0_e36_s162_e210_s354_e402_s456_e600,288,0.3779527559055118,6,pos_s0_e36_s162_e204_s546_e582_s636_e672_s678_e708_s714_e750
FUN_004386,0,0.0,0,pos,0,0.0,0,pos
FUN_012190,0,0.0,0,pos,0,0.0,0,pos
FUN_003737,300,0.23809523809523808,3,pos_s210_e246_s468_e582_s924_e1044,114,0.09047619047619047,1,pos_s468_e582
FUN_007476,0,0.0,0,pos,0,0.0,0,pos
FUN_009014,24,0.023391812865497075,0,pos,0,0.0,0,pos
FUN_008319,120,0.02877697841726619,2,pos_s138_e192_s1518_e1560,48,0.011510791366906475,0,pos
FUN_000463,126,0.08267716535433071,1,pos_s1356_e1482,60,0.03937007874015748,1,pos_s1398_e1440
FUN_009303,18,0.01675977653631285,0,pos,0,0.0,0,pos
FUN_008071,0,0.0,0,pos,0,0.0,0,pos
FUN_006175,0,0.0,0,pos,0,0.0,0,pos
FUN_001744,0,0.0,0,pos,0,0.0,0,pos
FUN_003639,132,0.19469026548672566,1,pos_s42_e174,42,0.061946902654867256,0,pos
FUN_011214,42,0.056,0,pos,0,0.0,0,pos
FUN_008971,24,0.024096385542168676,0,pos,0,0.0,0,pos
FUN_008512,0,0.0,0,pos,0,0.0,0,pos
FUN_006677,0,0.0,0,pos,0,0.0,0,pos
FUN_015594,0,0.0,0,pos,0,0.0,0,pos
FUN_006118,0,0.0,0,pos,0,0.0,0,pos
FUN_016569,0,0.0,0,pos,0,0.0,0,pos
FUN_005262,0,0.0,0,pos,0,0.0,0,pos
FUN_005056,24,0.038461538461538464,0,pos,0,0.0,0,pos
FUN_010647,234,0.08705357142857142,4,pos_s0_e60_s354_e390_s426_e468_s2442_e2508,42,0.015625,1,pos_s2442_e2484
FUN_015578,0,0.0,0,pos,0,0.0,0,pos
FUN_006541,0,0.0,0,pos,0,0.0,0,pos
FUN_002300,0,0.0,0,pos,0,0.0,0,pos
FUN_010450,84,0.056910569105691054,1,pos_s1272_e1338,66,0.044715447154471545,1,pos_s1272_e1338
FUN_003002,420,0.3448275862068966,4,pos_s6_e102_s222_e318_s456_e486_s594_e714,156,0.12807881773399016,2,pos_s6_e90_s642_e702
FUN_016614,0,0.0,0,pos,0,0.0,0,pos
FUN_004979,96,0.07511737089201878,2,pos_s528_e576_s996_e1044,54,0.04225352112676056,1,pos_s528_e576
FUN_015619,0,0.0,0,pos,0,0.0,0,pos
FUN_016494,0,0.0,0,pos,0,0.0,0,pos
FUN_004468,0,0.0,0,pos,0,0.0,0,pos
FUN_008376,12,0.007662835249042145,0,pos,0,0.0,0,pos
FUN_000079,78,0.02524271844660194,2,pos_s12_e42_s750_e786,18,0.005825242718446602,0,pos
FUN_016034,0,0.0,0,pos,0,0.0,0,pos
FUN_000198,0,0.0,0,pos,0,0.0,0,pos
FUN_005317,66,0.12941176470588237,1,pos_s360_e426,24,0.047058823529411764,0,pos
FUN_009963,0,0.0,0,pos,0,0.0,0,pos
FUN_001461,0,0.0,0,pos,0,0.0,0,pos
FUN_004692,0,0.0,0,pos,0,0.0,0,pos
FUN_006791,0,0.0,0,pos,0,0.0,0,pos
FUN_007084,0,0.0,0,pos,0,0.0,0,pos
FUN_001067,0,0.0,0,pos,0,0.0,0,pos
FUN_005494,0,0.0,0,pos,0,0.0,0,pos
FUN_000804,24,0.01694915254237288,0,pos,0,0.0,0,pos
FUN_015554,0,0.0,0,pos,0,0.0,0,pos
FUN_011042,30,0.012594458438287154,0,pos,0,0.0,0,pos
FUN_001257,0,0.0,0,pos,0,0.0,0,pos
FUN_005386,0,0.0,0,pos,0,0.0,0,pos
FUN_015708,0,0.0,0,pos,0,0.0,0,pos
FUN_015941,0,0.0,0,pos,0,0.0,0,pos
FUN_002128,12,0.0036036036036036037,0,pos,0,0.0,0,pos
FUN_008989,354,0.08526011560693642,5,pos_s1452_e1500_s2070_e2124_s2160_e2190_s3348_e3378_s3438_e3510,72,0.017341040462427744,1,pos_s3444_e3474
FUN_015927,0,0.0,0,pos,0,0.0,0,pos
FUN_004785,0,0.0,0,pos,0,0.0,0,pos
FUN_000043,0,0.0,0,pos,0,0.0,0,pos
FUN_000716,228,0.07916666666666666,4,pos_s1068_e1176_s2544_e2586_s2604_e2652_s2658_e2688,12,0.004166666666666667,0,pos
FUN_005748,0,0.0,0,pos,0,0.0,0,pos
FUN_010238,66,0.04741379310344827,1,pos_s1170_e1224,0,0.0,0,pos
FUN_001933,54,0.0661764705882353,1,pos_s354_e384,0,0.0,0,pos
FUN_008962,84,0.0979020979020979,1,pos_s498_e582,18,0.02097902097902098,0,pos
FUN_004768,0,0.0,0,pos,0,0.0,0,pos
FUN_012421,0,0.0,0,pos,0,0.0,0,pos
FUN_004962,180,0.058365758754863814,3,pos_s204_e246_s702_e780_s1074_e1104,6,0.0019455252918287938,0,pos
FUN_016171,0,0.0,0,pos,0,0.0,0,pos
FUN_005380,0,0.0,0,pos,0,0.0,0,pos
FUN_016045,0,0.0,0,pos,0,0.0,0,pos
FUN_007537,660,0.2619047619047619,7,pos_s624_e756_s918_e1056_s1272_e1332_s1356_e1392_s1542_e1650_s1926_e1962_s2358_e2412,204,0.08095238095238096,1,pos_s654_e756
FUN_002780,6,0.038461538461538464,0,pos,0,0.0,0,pos
FUN_006915,552,0.11044417767106843,5,pos_s432_e546_s1452_e1566_s1896_e2010_s2070_e2184_s3018_e3060,312,0.062424969987995196,3,pos_s1452_e1566_s1896_e2010_s2118_e2154
FUN_001678,0,0.0,0,pos,0,0.0,0,pos
FUN_016336,0,0.0,0,pos,0,0.0,0,pos
FUN_006901,0,0.0,0,pos,0,0.0,0,pos
FUN_005752,0,0.0,0,pos,0,0.0,0,pos
FUN_003281,66,0.05612244897959184,1,pos_s396_e462,18,0.015306122448979591,0,pos
FUN_002639,0,0.0,0,pos,0,0.0,0,pos
FUN_004516,180,0.15384615384615385,2,pos_s108_e210_s978_e1044,42,0.035897435897435895,1,pos_s1008_e1038
FUN_001618,0,0.0,0,pos,0,0.0,0,pos
FUN_009826,0,0.0,0,pos,0,0.0,0,pos
FUN_003431,0,0.0,0,pos,0,0.0,0,pos
FUN_009145,60,0.11904761904761904,1,pos_s198_e258,0,0.0,0,pos
FUN_001104,0,0.0,0,pos,0,0.0,0,pos
FUN_002741,0,0.0,0,pos,0,0.0,0,pos
FUN_000012,0,0.0,0,pos,0,0.0,0,pos
FUN_004989,0,0.0,0,pos,0,0.0,0,pos
FUN_003620,66,0.13095238095238096,1,pos_s0_e36,36,0.07142857142857142,1,pos_s0_e36
FUN_011329,0,0.0,0,pos,0,0.0,0,pos
FUN_003629,0,0.0,0,pos,0,0.0,0,pos
FUN_009739,0,0.0,0,pos,0,0.0,0,pos
FUN_015741,0,0.0,0,pos,0,0.0,0,pos
FUN_016474,0,0.0,0,pos,0,0.0,0,pos
FUN_001716,0,0.0,0,pos,0,0.0,0,pos
FUN_005903,0,0.0,0,pos,0,0.0,0,pos
FUN_012360,0,0.0,0,pos,0,0.0,0,pos
FUN_004623,0,0.0,0,pos,0,0.0,0,pos
FUN_005515,12,0.006756756756756757,0,pos,12,0.006756756756756757,0,pos
FUN_005502,60,0.07751937984496124,0,pos,0,0.0,0,pos
FUN_003213,0,0.0,0,pos,0,0.0,0,pos
FUN_016877,0,0.0,0,pos,0,0.0,0,pos
FUN_002654,0,0.0,0,pos,0,0.0,0,pos
FUN_004667,0,0.0,0,pos,0,0.0,0,pos
FUN_006974,0,0.0,0,pos,0,0.0,0,pos
FUN_016596,0,0.0,0,pos,0,0.0,0,pos
FUN_009598,0,0.0,0,pos,0,0.0,0,pos
FUN_005223,48,0.0273972602739726,1,pos_s1146_e1194,0,0.0,0,pos
FUN_015967,0,0.0,0,pos,0,0.0,0,pos
FUN_001467,48,0.037914691943127965,1,pos_s1056_e1092,30,0.023696682464454975,1,pos_s1056_e1086
FUN_002475,0,0.0,0,pos,0,0.0,0,pos
FUN_016553,0,0.0,0,pos,0,0.0,0,pos
FUN_007318,6,0.004219409282700422,0,pos,6,0.004219409282700422,0,pos
FUN_001336,0,0.0,0,pos,0,0.0,0,pos
FUN_007929,24,0.014035087719298246,0,pos,0,0.0,0,pos
FUN_000690,0,0.0,0,pos,0,0.0,0,pos
FUN_004244,6,0.005780346820809248,0,pos,0,0.0,0,pos
FUN_002898,0,0.0,0,pos,0,0.0,0,pos
FUN_006575,0,0.0,0,pos,0,0.0,0,pos
FUN_003744,12,0.009259259259259259,0,pos,0,0.0,0,pos
FUN_000200,0,0.0,0,pos,0,0.0,0,pos
FUN_001282,138,0.04339622641509434,2,pos_s414_e474_s1890_e1932,6,0.0018867924528301887,0,pos
FUN_015488,0,0.0,0,pos,0,0.0,0,pos
FUN_011184,12,0.07407407407407407,0,pos,12,0.07407407407407407,0,pos
FUN_001412,0,0.0,0,pos,0,0.0,0,pos
FUN_016529,0,0.0,0,pos,0,0.0,0,pos
FUN_002753,0,0.0,0,pos,0,0.0,0,pos
FUN_003898,96,0.038461538461538464,1,pos_s930_e972,12,0.004807692307692308,0,pos
FUN_007260,0,0.0,0,pos,0,0.0,0,pos
FUN_000365,0,0.0,0,pos,0,0.0,0,pos
FUN_009302,30,0.007215007215007215,1,pos_s3870_e3900,0,0.0,0,pos
FUN_012066,0,0.0,0,pos,0,0.0,0,pos
FUN_016285,0,0.0,0,pos,0,0.0,0,pos
FUN_011180,84,0.12962962962962962,0,pos,72,0.1111111111111111,0,pos
FUN_008280,0,0.0,0,pos,0,0.0,0,pos
FUN_009355,0,0.0,0,pos,0,0.0,0,pos
FUN_001923,0,0.0,0,pos,0,0.0,0,pos
FUN_004488,0,0.0,0,pos,0,0.0,0,pos
FUN_009126,0,0.0,0,pos,0,0.0,0,pos
FUN_001123,0,0.0,0,pos,0,0.0,0,pos
FUN_001360,0,0.0,0,pos,0,0.0,0,pos
FUN_002284,0,0.0,0,pos,0,0.0,0,pos
FUN_016054,0,0.0,0,pos,0,0.0,0,pos
FUN_012338,0,0.0,0,pos,0,0.0,0,pos
FUN_000651,0,0.0,0,pos,0,0.0,0,pos
FUN_009641,0,0.0,0,pos,0,0.0,0,pos
FUN_002723,54,0.030612244897959183,0,pos,24,0.013605442176870748,0,pos
FUN_007872,0,0.0,0,pos,0,0.0,0,pos
FUN_011746,0,0.0,0,pos,0,0.0,0,pos
FUN_000827,0,0.0,0,pos,0,0.0,0,pos
FUN_000104,18,0.061224489795918366,0,pos,18,0.061224489795918366,0,pos
FUN_012059,0,0.0,0,pos,0,0.0,0,pos
FUN_008274,30,0.006631299734748011,1,pos_s4374_e4404,0,0.0,0,pos
FUN_002933,0,0.0,0,pos,0,0.0,0,pos
FUN_004546,102,0.026234567901234566,1,pos_s1932_e1986,6,0.0015432098765432098,0,pos
FUN_008111,0,0.0,0,pos,0,0.0,0,pos
FUN_002990,0,0.0,0,pos,0,0.0,0,pos
FUN_003271,48,0.07142857142857142,1,pos_s600_e648,6,0.008928571428571428,0,pos
FUN_016700,132,0.08,1,pos_s1404_e1536,126,0.07636363636363637,1,pos_s1410_e1536
FUN_016316,0,0.0,0,pos,0,0.0,0,pos
FUN_001658,144,0.014879107253564786,2,pos_s498_e534_s762_e858,12,0.0012399256044637321,0,pos
FUN_009801,90,0.0847457627118644,1,pos_s186_e234,6,0.005649717514124294,0,pos
FUN_002455,138,0.04956896551724138,2,pos_s1746_e1836_s2016_e2052,36,0.01293103448275862,1,pos_s2016_e2052
FUN_012229,0,0.0,0,pos,0,0.0,0,pos
FUN_009975,0,0.0,0,pos,0,0.0,0,pos
FUN_000601,0,0.0,0,pos,0,0.0,0,pos
FUN_006719,0,0.0,0,pos,0,0.0,0,pos
FUN_004293,84,0.041666666666666664,1,pos_s1806_e1872,6,0.002976190476190476,0,pos
FUN_001466,66,0.008607198748043818,0,pos,0,0.0,0,pos
FUN_009207,18,0.013636363636363636,0,pos,12,0.00909090909090909,0,pos
FUN_007737,78,0.09420289855072464,1,pos_s102_e168,0,0.0,0,pos
FUN_016373,0,0.0,0,pos,0,0.0,0,pos
FUN_008821,0,0.0,0,pos,0,0.0,0,pos
FUN_009019,6,0.002544529262086514,0,pos,0,0.0,0,pos
FUN_016267,0,0.0,0,pos,0,0.0,0,pos
FUN_015860,0,0.0,0,pos,0,0.0,0,pos
FUN_010644,54,0.014018691588785047,0,pos,0,0.0,0,pos
FUN_006989,54,0.06569343065693431,1,pos_s744_e774,0,0.0,0,pos
FUN_011630,0,0.0,0,pos,0,0.0,0,pos
FUN_004514,174,0.5,2,pos_s6_e66_s102_e216,96,0.27586206896551724,1,pos_s138_e216
FUN_007923,0,0.0,0,pos,0,0.0,0,pos
FUN_002255,12,0.008333333333333333,0,pos,0,0.0,0,pos
FUN_000701,0,0.0,0,pos,0,0.0,0,pos
FUN_008087,0,0.0,0,pos,0,0.0,0,pos
FUN_015282,0,0.0,0,pos,0,0.0,0,pos
FUN_004406,0,0.0,0,pos,0,0.0,0,pos
FUN_009879,0,0.0,0,pos,0,0.0,0,pos
FUN_006648,0,0.0,0,pos,0,0.0,0,pos
FUN_016094,0,0.0,0,pos,0,0.0,0,pos
FUN_004535,0,0.0,0,pos,0,0.0,0,pos
FUN_006591,0,0.0,0,pos,0,0.0,0,pos
FUN_016698,0,0.0,0,pos,0,0.0,0,pos
FUN_008908,0,0.0,0,pos,0,0.0,0,pos
FUN_011128,54,0.10227272727272728,1,pos_s420_e468,0,0.0,0,pos
FUN_001116,0,0.0,0,pos,0,0.0,0,pos
FUN_000078,0,0.0,0,pos,0,0.0,0,pos
FUN_011041,6,0.002398081534772182,0,pos,0,0.0,0,pos
FUN_016752,0,0.0,0,pos,0,0.0,0,pos
FUN_009658,0,0.0,0,pos,0,0.0,0,pos
FUN_004073,0,0.0,0,pos,0,0.0,0,pos
FUN_003684,0,0.0,0,pos,0,0.0,0,pos
FUN_005503,0,0.0,0,pos,0,0.0,0,pos
FUN_005832,264,0.10401891252955082,3,pos_s1134_e1224_s1740_e1782_s2388_e2466,78,0.030732860520094562,1,pos_s2388_e2442
FUN_006130,90,0.026041666666666668,2,pos_s2298_e2334_s2340_e2376,0,0.0,0,pos
FUN_004874,0,0.0,0,pos,0,0.0,0,pos
FUN_011762,0,0.0,0,pos,0,0.0,0,pos
FUN_006561,0,0.0,0,pos,0,0.0,0,pos
FUN_009202,0,0.0,0,pos,0,0.0,0,pos
FUN_001720,0,0.0,0,pos,0,0.0,0,pos
FUN_001106,0,0.0,0,pos,0,0.0,0,pos
FUN_016214,0,0.0,0,pos,0,0.0,0,pos
FUN_000461,0,0.0,0,pos,0,0.0,0,pos
FUN_007343,0,0.0,0,pos,0,0.0,0,pos
FUN_012208,54,0.15254237288135594,1,pos_s216_e270,0,0.0,0,pos
FUN_015549,0,0.0,0,pos,0,0.0,0,pos
FUN_005033,0,0.0,0,pos,0,0.0,0,pos
FUN_009459,24,0.14285714285714285,0,pos,0,0.0,0,pos
FUN_000582,0,0.0,0,pos,0,0.0,0,pos
FUN_009513,108,0.046632124352331605,0,pos,6,0.0025906735751295338,0,pos
FUN_016208,0,0.0,0,pos,0,0.0,0,pos
FUN_003242,6,0.008064516129032258,0,pos,0,0.0,0,pos
FUN_003062,36,0.018575851393188854,1,pos_s0_e36,12,0.006191950464396285,0,pos
FUN_000263,6,0.0044444444444444444,0,pos,0,0.0,0,pos
FUN_004150,0,0.0,0,pos,0,0.0,0,pos
FUN_003736,0,0.0,0,pos,0,0.0,0,pos
FUN_007958,0,0.0,0,pos,0,0.0,0,pos
FUN_016787,0,0.0,0,pos,0,0.0,0,pos
FUN_016497,0,0.0,0,pos,0,0.0,0,pos
FUN_005895,156,0.013124684502776375,3,pos_s6594_e6624_s6936_e6972_s7014_e7050,12,0.0010095911155981827,0,pos
FUN_004774,0,0.0,0,pos,0,0.0,0,pos
FUN_006635,0,0.0,0,pos,0,0.0,0,pos
FUN_002320,0,0.0,0,pos,0,0.0,0,pos
FUN_016440,0,0.0,0,pos,0,0.0,0,pos
FUN_016024,0,0.0,0,pos,0,0.0,0,pos
FUN_004107,0,0.0,0,pos,0,0.0,0,pos
FUN_002254,48,0.03463203463203463,1,pos_s864_e912,0,0.0,0,pos
FUN_007854,0,0.0,0,pos,0,0.0,0,pos
FUN_008845,36,0.02181818181818182,1,pos_s1458_e1494,36,0.02181818181818182,1,pos_s1458_e1494
FUN_008744,0,0.0,0,pos,0,0.0,0,pos
FUN_016466,0,0.0,0,pos,0,0.0,0,pos
FUN_016398,0,0.0,0,pos,0,0.0,0,pos
FUN_011108,48,0.055944055944055944,0,pos,0,0.0,0,pos
FUN_000466,24,0.005326231691078562,0,pos,0,0.0,0,pos
FUN_011401,0,0.0,0,pos,0,0.0,0,pos
FUN_008142,0,0.0,0,pos,0,0.0,0,pos
FUN_005961,0,0.0,0,pos,0,0.0,0,pos
FUN_004830,0,0.0,0,pos,0,0.0,0,pos
FUN_015848,0,0.0,0,pos,0,0.0,0,pos
FUN_008237,120,0.08097165991902834,2,pos_s306_e336_s594_e654,0,0.0,0,pos
FUN_016213,0,0.0,0,pos,0,0.0,0,pos
FUN_001777,42,0.019230769230769232,1,pos_s54_e96,0,0.0,0,pos
FUN_011365,0,0.0,0,pos,0,0.0,0,pos
FUN_002849,0,0.0,0,pos,0,0.0,0,pos
FUN_000237,420,0.23026315789473684,5,pos_s204_e318_s1074_e1164_s1512_e1548_s1650_e1740_s1776_e1812,204,0.1118421052631579,3,pos_s228_e288_s1074_e1128_s1674_e1740
FUN_000151,132,0.01926444833625219,2,pos_s3690_e3756_s3906_e3960,0,0.0,0,pos
FUN_015312,0,0.0,0,pos,0,0.0,0,pos
FUN_001962,0,0.0,0,pos,0,0.0,0,pos
FUN_004662,216,0.34615384615384615,3,pos_s252_e312_s396_e486_s492_e534,120,0.19230769230769232,2,pos_s252_e306_s426_e486
FUN_000855,0,0.0,0,pos,0,0.0,0,pos
FUN_007562,0,0.0,0,pos,0,0.0,0,pos
FUN_009729,0,0.0,0,pos,0,0.0,0,pos
FUN_008545,0,0.0,0,pos,0,0.0,0,pos
FUN_015952,0,0.0,0,pos,0,0.0,0,pos
FUN_011126,0,0.0,0,pos,0,0.0,0,pos
FUN_002448,30,0.04032258064516129,0,pos,30,0.04032258064516129,0,pos
FUN_005994,72,0.03571428571428571,1,pos_s1794_e1866,6,0.002976190476190476,0,pos
FUN_011324,30,0.04,1,pos_s546_e576,0,0.0,0,pos
FUN_009158,0,0.0,0,pos,0,0.0,0,pos
FUN_011828,0,0.0,0,pos,0,0.0,0,pos
FUN_000032,48,0.05755395683453238,1,pos_s210_e258,48,0.05755395683453238,1,pos_s210_e258
FUN_003881,0,0.0,0,pos,0,0.0,0,pos
FUN_015919,0,0.0,0,pos,0,0.0,0,pos
FUN_003433,1278,0.25,12,pos_s840_e906_s1170_e1200_s1230_e1284_s1476_e1578_s2004_e2268_s2316_e2556_s2592_e2628_s2736_e2778_s3612_e3660_s4380_e4440_s4464_e4548_s4698_e4842,696,0.13615023474178403,9,pos_s1482_e1578_s2046_e2166_s2178_e2220_s2232_e2268_s2316_e2352_s2418_e2550_s2598_e2628_s4404_e4434_s4728_e4806
FUN_012185,0,0.0,0,pos,0,0.0,0,pos
FUN_005431,0,0.0,0,pos,0,0.0,0,pos
FUN_008404,0,0.0,0,pos,0,0.0,0,pos
FUN_009440,90,0.04672897196261682,1,pos_s1248_e1320,18,0.009345794392523364,0,pos
FUN_005582,0,0.0,0,pos,0,0.0,0,pos
FUN_004330,0,0.0,0,pos,0,0.0,0,pos
FUN_009597,0,0.0,0,pos,0,0.0,0,pos
FUN_002156,0,0.0,0,pos,0,0.0,0,pos
FUN_011364,6,0.0070921985815602835,0,pos,0,0.0,0,pos
FUN_002120,36,0.08695652173913043,0,pos,0,0.0,0,pos
FUN_010262,6,0.0028169014084507044,0,pos,0,0.0,0,pos
FUN_010992,0,0.0,0,pos,0,0.0,0,pos
FUN_003315,0,0.0,0,pos,0,0.0,0,pos
FUN_009318,0,0.0,0,pos,0,0.0,0,pos
FUN_006614,84,0.4375,1,pos_s0_e84,12,0.0625,0,pos
FUN_002751,0,0.0,0,pos,0,0.0,0,pos
FUN_007742,0,0.0,0,pos,0,0.0,0,pos
FUN_008080,0,0.0,0,pos,0,0.0,0,pos
FUN_007588,18,0.021739130434782608,0,pos,0,0.0,0,pos
FUN_004359,102,0.040865384615384616,1,pos_s462_e504,0,0.0,0,pos
FUN_011366,12,0.003703703703703704,0,pos,0,0.0,0,pos
FUN_006852,60,0.10416666666666667,1,pos_s60_e120,30,0.052083333333333336,1,pos_s60_e90
FUN_011558,0,0.0,0,pos,0,0.0,0,pos
FUN_012178,0,0.0,0,pos,0,0.0,0,pos
FUN_010631,0,0.0,0,pos,0,0.0,0,pos
FUN_015354,0,0.0,0,pos,0,0.0,0,pos
FUN_011627,0,0.0,0,pos,0,0.0,0,pos
FUN_000818,0,0.0,0,pos,0,0.0,0,pos
FUN_002207,0,0.0,0,pos,0,0.0,0,pos
FUN_007439,240,0.04171011470281543,3,pos_s1620_e1704_s1818_e1860_s5130_e5220,102,0.017726798748696558,2,pos_s1662_e1704_s5184_e5220
FUN_016291,0,0.0,0,pos,0,0.0,0,pos
FUN_016660,0,0.0,0,pos,0,0.0,0,pos
FUN_010896,234,0.0273492286115007,2,pos_s1872_e1968_s5838_e5952,114,0.01332398316970547,1,pos_s5838_e5952
FUN_015453,0,0.0,0,pos,0,0.0,0,pos
FUN_016631,0,0.0,0,pos,0,0.0,0,pos
FUN_002626,0,0.0,0,pos,0,0.0,0,pos
FUN_015511,0,0.0,0,pos,0,0.0,0,pos
FUN_016223,0,0.0,0,pos,0,0.0,0,pos
FUN_007867,0,0.0,0,pos,0,0.0,0,pos
FUN_011411,0,0.0,0,pos,0,0.0,0,pos
FUN_002061,12,0.013986013986013986,0,pos,0,0.0,0,pos
FUN_004917,0,0.0,0,pos,0,0.0,0,pos
FUN_011148,96,0.16666666666666666,1,pos_s12_e96,42,0.07291666666666667,1,pos_s12_e48
FUN_011086,0,0.0,0,pos,0,0.0,0,pos
FUN_008720,234,0.01814797580269893,4,pos_s1002_e1032_s2094_e2124_s4692_e4722_s10104_e10140,24,0.0018613308515588647,0,pos
FUN_004646,60,0.01,1,pos_s2196_e2256,18,0.003,0,pos
FUN_010381,0,0.0,0,pos,0,0.0,0,pos
FUN_003600,114,0.09090909090909091,1,pos_s888_e978,0,0.0,0,pos
FUN_012099,0,0.0,0,pos,0,0.0,0,pos
FUN_010271,0,0.0,0,pos,0,0.0,0,pos
FUN_004144,0,0.0,0,pos,0,0.0,0,pos
FUN_003719,6,0.001589825119236884,0,pos,0,0.0,0,pos
FUN_000455,0,0.0,0,pos,0,0.0,0,pos
FUN_001279,0,0.0,0,pos,0,0.0,0,pos
FUN_001602,0,0.0,0,pos,0,0.0,0,pos
FUN_015979,0,0.0,0,pos,0,0.0,0,pos
FUN_003223,0,0.0,0,pos,0,0.0,0,pos
FUN_002606,0,0.0,0,pos,0,0.0,0,pos
FUN_007106,0,0.0,0,pos,0,0.0,0,pos
FUN_011072,0,0.0,0,pos,0,0.0,0,pos
FUN_008550,0,0.0,0,pos,0,0.0,0,pos
FUN_001745,0,0.0,0,pos,0,0.0,0,pos
FUN_008579,108,0.05921052631578947,1,pos_s1314_e1422,84,0.046052631578947366,1,pos_s1338_e1422
FUN_007444,0,0.0,0,pos,0,0.0,0,pos
FUN_004472,0,0.0,0,pos,0,0.0,0,pos
FUN_001025,36,0.15,1,pos_s0_e36,36,0.15,1,pos_s0_e36
FUN_000478,408,0.0411373260738052,3,pos_s7572_e7650_s8496_e8718_s9432_e9528,192,0.019358741681790685,3,pos_s7596_e7650_s8532_e8604_s9480_e9528
FUN_001559,24,0.016666666666666666,0,pos,18,0.0125,0,pos
FUN_008555,150,0.045207956600361664,3,pos_s624_e654_s852_e906_s1812_e1842,0,0.0,0,pos
FUN_016335,0,0.0,0,pos,0,0.0,0,pos
FUN_009412,0,0.0,0,pos,0,0.0,0,pos
FUN_006884,0,0.0,0,pos,0,0.0,0,pos
FUN_008808,0,0.0,0,pos,0,0.0,0,pos
FUN_010853,0,0.0,0,pos,0,0.0,0,pos
FUN_009036,150,0.08928571428571429,2,pos_s996_e1110_s1350_e1386,42,0.025,1,pos_s1068_e1110
FUN_010744,6,0.002717391304347826,0,pos,0,0.0,0,pos
FUN_002446,0,0.0,0,pos,0,0.0,0,pos
FUN_007228,0,0.0,0,pos,0,0.0,0,pos
FUN_009714,0,0.0,0,pos,0,0.0,0,pos
FUN_008533,0,0.0,0,pos,0,0.0,0,pos
FUN_016689,0,0.0,0,pos,0,0.0,0,pos
FUN_016862,0,0.0,0,pos,0,0.0,0,pos
FUN_001464,0,0.0,0,pos,0,0.0,0,pos
FUN_001036,0,0.0,0,pos,0,0.0,0,pos
FUN_012148,0,0.0,0,pos,0,0.0,0,pos
FUN_004986,6,0.010526315789473684,0,pos,0,0.0,0,pos
FUN_003222,18,0.0078125,0,pos,0,0.0,0,pos
FUN_012410,0,0.0,0,pos,0,0.0,0,pos
FUN_004939,0,0.0,0,pos,0,0.0,0,pos
FUN_009798,0,0.0,0,pos,0,0.0,0,pos
FUN_010206,0,0.0,0,pos,0,0.0,0,pos
FUN_002404,0,0.0,0,pos,0,0.0,0,pos
FUN_004703,0,0.0,0,pos,0,0.0,0,pos
FUN_001495,96,0.17391304347826086,1,pos_s144_e240,0,0.0,0,pos
FUN_001038,6,0.009900990099009901,0,pos,0,0.0,0,pos
FUN_011716,432,0.09782608695652174,4,pos_s2328_e2412_s2424_e2520_s3756_e3816_s4164_e4290,144,0.03260869565217391,2,pos_s3756_e3816_s4230_e4266
FUN_009180,264,0.028890347997373604,3,pos_s822_e894_s5736_e5850_s6318_e6360,78,0.008535784635587657,1,pos_s5796_e5850
FUN_000096,114,0.027616279069767442,1,pos_s54_e84,0,0.0,0,pos
FUN_004784,30,0.023696682464454975,0,pos,0,0.0,0,pos
FUN_004544,0,0.0,0,pos,0,0.0,0,pos
FUN_000797,0,0.0,0,pos,0,0.0,0,pos
FUN_000443,6,0.012658227848101266,0,pos,0,0.0,0,pos
FUN_005081,264,0.13293051359516617,3,pos_s468_e528_s918_e1032_s1260_e1320,144,0.07250755287009064,2,pos_s468_e504_s924_e1032
FUN_002222,0,0.0,0,pos,0,0.0,0,pos
FUN_002515,6,0.005681818181818182,0,pos,0,0.0,0,pos
FUN_010813,126,0.040229885057471264,2,pos_s1482_e1512_s1770_e1806,24,0.007662835249042145,0,pos
FUN_005936,96,0.1951219512195122,1,pos_s234_e306,36,0.07317073170731707,0,pos
FUN_009747,0,0.0,0,pos,0,0.0,0,pos
FUN_012207,0,0.0,0,pos,0,0.0,0,pos
FUN_011251,0,0.0,0,pos,0,0.0,0,pos
FUN_003481,0,0.0,0,pos,0,0.0,0,pos
FUN_015659,0,0.0,0,pos,0,0.0,0,pos
FUN_001586,126,0.07046979865771812,3,pos_s1266_e1308_s1680_e1722_s1740_e1776,36,0.020134228187919462,0,pos
FUN_002558,0,0.0,0,pos,0,0.0,0,pos
FUN_011887,0,0.0,0,pos,0,0.0,0,pos
FUN_003143,0,0.0,0,pos,0,0.0,0,pos
FUN_000552,0,0.0,0,pos,0,0.0,0,pos
FUN_008519,48,0.03571428571428571,0,pos,0,0.0,0,pos
FUN_002381,0,0.0,0,pos,0,0.0,0,pos
FUN_006126,0,0.0,0,pos,0,0.0,0,pos
FUN_001285,0,0.0,0,pos,0,0.0,0,pos
FUN_004414,0,0.0,0,pos,0,0.0,0,pos
FUN_008701,0,0.0,0,pos,0,0.0,0,pos
FUN_010008,54,0.025714285714285714,1,pos_s612_e660,24,0.011428571428571429,0,pos
FUN_004003,18,0.13636363636363635,0,pos,0,0.0,0,pos
FUN_016583,0,0.0,0,pos,0,0.0,0,pos
FUN_011455,0,0.0,0,pos,0,0.0,0,pos
FUN_004571,0,0.0,0,pos,0,0.0,0,pos
FUN_003359,6,0.004629629629629629,0,pos,6,0.004629629629629629,0,pos
FUN_009764,0,0.0,0,pos,0,0.0,0,pos
FUN_006983,222,0.036926147704590816,2,pos_s1524_e1632_s4116_e4176,96,0.015968063872255488,1,pos_s1524_e1620
FUN_002791,60,0.08333333333333333,1,pos_s300_e360,6,0.008333333333333333,0,pos
FUN_000219,0,0.0,0,pos,0,0.0,0,pos
FUN_001848,258,0.07072368421052631,4,pos_s876_e906_s2940_e3054_s3360_e3414_s3420_e3480,144,0.039473684210526314,1,pos_s2940_e3054
FUN_011530,0,0.0,0,pos,0,0.0,0,pos
FUN_009185,0,0.0,0,pos,0,0.0,0,pos
FUN_009846,0,0.0,0,pos,0,0.0,0,pos
FUN_001688,0,0.0,0,pos,0,0.0,0,pos
FUN_008695,48,0.039603960396039604,1,pos_s1068_e1116,0,0.0,0,pos
FUN_000070,114,0.059006211180124224,2,pos_s30_e90_s216_e246,90,0.046583850931677016,2,pos_s30_e60_s216_e246
FUN_016462,0,0.0,0,pos,0,0.0,0,pos
FUN_010537,0,0.0,0,pos,0,0.0,0,pos
FUN_004235,0,0.0,0,pos,0,0.0,0,pos
FUN_010986,42,0.021806853582554516,1,pos_s786_e828,6,0.003115264797507788,0,pos
FUN_006387,0,0.0,0,pos,0,0.0,0,pos
FUN_005767,0,0.0,0,pos,0,0.0,0,pos
FUN_010441,774,0.3359375,8,pos_s192_e336_s984_e1104_s1254_e1398_s1506_e1548_s1740_e1806_s1950_e2004_s2052_e2118_s2124_e2172,198,0.0859375,3,pos_s270_e318_s984_e1056_s2058_e2094
FUN_010273,0,0.0,0,pos,0,0.0,0,pos
FUN_002287,0,0.0,0,pos,0,0.0,0,pos
FUN_000093,336,0.05288007554296506,4,pos_s624_e666_s1176_e1272_s2598_e2664_s6228_e6264,132,0.02077431539187913,1,pos_s1176_e1254
FUN_007485,24,0.015209125475285171,0,pos,0,0.0,0,pos
FUN_005585,0,0.0,0,pos,0,0.0,0,pos
FUN_015509,0,0.0,0,pos,0,0.0,0,pos
FUN_009227,0,0.0,0,pos,0,0.0,0,pos
FUN_002860,0,0.0,0,pos,0,0.0,0,pos
FUN_009141,0,0.0,0,pos,0,0.0,0,pos
FUN_003982,0,0.0,0,pos,0,0.0,0,pos
FUN_003861,0,0.0,0,pos,0,0.0,0,pos
FUN_000428,0,0.0,0,pos,0,0.0,0,pos
FUN_006647,0,0.0,0,pos,0,0.0,0,pos
FUN_008118,90,0.037037037037037035,1,pos_s426_e510,30,0.012345679012345678,1,pos_s474_e504
FUN_016167,0,0.0,0,pos,0,0.0,0,pos
FUN_003200,48,0.01904761904761905,1,pos_s1506_e1536,0,0.0,0,pos
FUN_015726,0,0.0,0,pos,0,0.0,0,pos
FUN_015692,0,0.0,0,pos,0,0.0,0,pos
FUN_010642,0,0.0,0,pos,0,0.0,0,pos
FUN_010787,0,0.0,0,pos,0,0.0,0,pos
FUN_003604,0,0.0,0,pos,0,0.0,0,pos
FUN_003512,0,0.0,0,pos,0,0.0,0,pos
FUN_012416,0,0.0,0,pos,0,0.0,0,pos
FUN_010849,0,0.0,0,pos,0,0.0,0,pos
FUN_010302,24,0.08888888888888889,0,pos,6,0.022222222222222223,0,pos
FUN_012319,0,0.0,0,pos,0,0.0,0,pos
FUN_016528,0,0.0,0,pos,0,0.0,0,pos
FUN_011942,0,0.0,0,pos,0,0.0,0,pos
FUN_009633,96,0.01737242128121607,2,pos_s2556_e2616_s4950_e4980,0,0.0,0,pos
FUN_010427,120,0.12578616352201258,1,pos_s690_e804,90,0.09433962264150944,1,pos_s690_e780
FUN_007437,0,0.0,0,pos,0,0.0,0,pos
FUN_011626,0,0.0,0,pos,0,0.0,0,pos
FUN_004273,36,0.011152416356877323,0,pos,0,0.0,0,pos
FUN_016868,0,0.0,0,pos,0,0.0,0,pos
FUN_003368,0,0.0,0,pos,0,0.0,0,pos
FUN_008011,0,0.0,0,pos,0,0.0,0,pos
FUN_007682,0,0.0,0,pos,0,0.0,0,pos
FUN_007331,0,0.0,0,pos,0,0.0,0,pos
FUN_009649,18,0.04918032786885246,0,pos,0,0.0,0,pos
FUN_015375,0,0.0,0,pos,0,0.0,0,pos
FUN_009192,0,0.0,0,pos,0,0.0,0,pos
FUN_004486,174,0.059548254620123205,2,pos_s450_e486_s1788_e1824,48,0.01642710472279261,1,pos_s2862_e2904
FUN_002607,0,0.0,0,pos,0,0.0,0,pos
FUN_002903,0,0.0,0,pos,0,0.0,0,pos
FUN_008521,0,0.0,0,pos,0,0.0,0,pos
FUN_000186,0,0.0,0,pos,0,0.0,0,pos
FUN_001303,0,0.0,0,pos,0,0.0,0,pos
FUN_015982,0,0.0,0,pos,0,0.0,0,pos
FUN_000401,24,0.011396011396011397,0,pos,0,0.0,0,pos
FUN_002029,84,0.15730337078651685,2,pos_s372_e408_s438_e480,0,0.0,0,pos
FUN_016735,0,0.0,0,pos,0,0.0,0,pos
FUN_004231,54,0.5,1,pos_s48_e78,0,0.0,0,pos
FUN_005506,180,0.07159904534606205,1,pos_s1974_e2040,84,0.03341288782816229,0,pos
FUN_012310,0,0.0,0,pos,0,0.0,0,pos
FUN_009843,0,0.0,0,pos,0,0.0,0,pos
FUN_016039,0,0.0,0,pos,0,0.0,0,pos
FUN_011412,0,0.0,0,pos,0,0.0,0,pos
FUN_015775,0,0.0,0,pos,0,0.0,0,pos
FUN_010179,0,0.0,0,pos,0,0.0,0,pos
FUN_006143,192,0.48484848484848486,1,pos_s132_e162,72,0.18181818181818182,0,pos
FUN_004197,0,0.0,0,pos,0,0.0,0,pos
FUN_012351,0,0.0,0,pos,0,0.0,0,pos
FUN_015396,0,0.0,0,pos,0,0.0,0,pos
FUN_011792,0,0.0,0,pos,0,0.0,0,pos
FUN_012545,0,0.0,0,pos,0,0.0,0,pos
FUN_008140,0,0.0,0,pos,0,0.0,0,pos
FUN_010634,0,0.0,0,pos,0,0.0,0,pos
FUN_010506,0,0.0,0,pos,0,0.0,0,pos
FUN_001743,0,0.0,0,pos,0,0.0,0,pos
FUN_001006,0,0.0,0,pos,0,0.0,0,pos
FUN_016573,0,0.0,0,pos,0,0.0,0,pos
FUN_016043,0,0.0,0,pos,0,0.0,0,pos
FUN_007538,210,0.09333333333333334,2,pos_s324_e372_s1830_e1944,18,0.008,0,pos
FUN_000029,0,0.0,0,pos,0,0.0,0,pos
FUN_000591,0,0.0,0,pos,0,0.0,0,pos
FUN_000545,0,0.0,0,pos,0,0.0,0,pos
FUN_003201,12,0.007633587786259542,0,pos,0,0.0,0,pos
FUN_003036,0,0.0,0,pos,0,0.0,0,pos
FUN_010174,0,0.0,0,pos,0,0.0,0,pos
FUN_016482,0,0.0,0,pos,0,0.0,0,pos
FUN_008234,0,0.0,0,pos,0,0.0,0,pos
FUN_005681,156,0.08637873754152824,2,pos_s96_e150_s1026_e1128,0,0.0,0,pos
FUN_012145,0,0.0,0,pos,0,0.0,0,pos
FUN_015733,0,0.0,0,pos,0,0.0,0,pos
FUN_005132,0,0.0,0,pos,0,0.0,0,pos
FUN_003865,6,0.003289473684210526,0,pos,0,0.0,0,pos
FUN_003914,120,0.01152073732718894,1,pos_s174_e240,24,0.002304147465437788,0,pos
FUN_005255,0,0.0,0,pos,0,0.0,0,pos
FUN_004545,390,0.0905292479108635,3,pos_s1224_e1320_s1596_e1710_s1752_e1818,12,0.002785515320334262,0,pos
FUN_015670,0,0.0,0,pos,0,0.0,0,pos
FUN_007011,0,0.0,0,pos,0,0.0,0,pos
FUN_004603,0,0.0,0,pos,0,0.0,0,pos
FUN_007250,0,0.0,0,pos,0,0.0,0,pos
FUN_002905,30,0.08771929824561403,1,pos_s282_e312,0,0.0,0,pos
FUN_012200,0,0.0,0,pos,0,0.0,0,pos
FUN_003466,90,0.09615384615384616,1,pos_s360_e444,0,0.0,0,pos
FUN_009923,0,0.0,0,pos,0,0.0,0,pos
FUN_010226,72,0.07453416149068323,1,pos_s816_e876,0,0.0,0,pos
FUN_016608,0,0.0,0,pos,0,0.0,0,pos
FUN_000179,6,0.003861003861003861,0,pos,0,0.0,0,pos
FUN_002773,144,0.13333333333333333,1,pos_s648_e774,108,0.1,1,pos_s666_e774
FUN_010654,0,0.0,0,pos,0,0.0,0,pos
FUN_003428,450,0.08907363420427554,6,pos_s1584_e1638_s2454_e2532_s2670_e2700_s2850_e2922_s3870_e3930_s4422_e4470,36,0.007125890736342043,0,pos
FUN_012369,0,0.0,0,pos,0,0.0,0,pos
FUN_000778,6,0.0125,0,pos,0,0.0,0,pos
FUN_006866,0,0.0,0,pos,0,0.0,0,pos
FUN_015483,0,0.0,0,pos,0,0.0,0,pos
FUN_015877,0,0.0,0,pos,0,0.0,0,pos
FUN_008633,0,0.0,0,pos,0,0.0,0,pos
FUN_000905,0,0.0,0,pos,0,0.0,0,pos
FUN_009640,0,0.0,0,pos,0,0.0,0,pos
FUN_008658,78,0.043333333333333335,2,pos_s516_e564_s636_e666,0,0.0,0,pos
FUN_005226,0,0.0,0,pos,0,0.0,0,pos
FUN_016807,0,0.0,0,pos,0,0.0,0,pos
FUN_016430,0,0.0,0,pos,0,0.0,0,pos
FUN_010120,24,0.06349206349206349,0,pos,0,0.0,0,pos
FUN_004337,96,0.023633677991137372,2,pos_s1380_e1410_s1518_e1572,6,0.0014771048744460858,0,pos
FUN_000784,0,0.0,0,pos,0,0.0,0,pos
FUN_003669,0,0.0,0,pos,0,0.0,0,pos
FUN_001641,24,0.02127659574468085,0,pos,0,0.0,0,pos
FUN_006012,12,0.0035335689045936395,0,pos,0,0.0,0,pos
FUN_004365,84,0.06666666666666667,2,pos_s54_e96_s1146_e1188,42,0.03333333333333333,1,pos_s1146_e1188
FUN_004389,0,0.0,0,pos,0,0.0,0,pos
FUN_016002,0,0.0,0,pos,0,0.0,0,pos
FUN_006742,0,0.0,0,pos,0,0.0,0,pos
FUN_015827,0,0.0,0,pos,0,0.0,0,pos
FUN_010025,78,0.07647058823529412,1,pos_s324_e402,6,0.0058823529411764705,0,pos
FUN_005059,0,0.0,0,pos,0,0.0,0,pos
FUN_005862,0,0.0,0,pos,0,0.0,0,pos
FUN_011379,0,0.0,0,pos,0,0.0,0,pos
FUN_011952,0,0.0,0,pos,0,0.0,0,pos
FUN_009762,54,0.23076923076923078,0,pos,0,0.0,0,pos
FUN_009089,30,0.014619883040935672,0,pos,0,0.0,0,pos
FUN_012435,0,0.0,0,pos,0,0.0,0,pos
FUN_010893,12,0.0034423407917383822,0,pos,0,0.0,0,pos
FUN_000974,72,0.04240282685512368,1,pos_s612_e654,0,0.0,0,pos
FUN_001680,0,0.0,0,pos,0,0.0,0,pos
FUN_005307,0,0.0,0,pos,0,0.0,0,pos
FUN_016719,0,0.0,0,pos,0,0.0,0,pos
FUN_006478,6,0.006993006993006993,0,pos,0,0.0,0,pos
FUN_000472,48,0.02185792349726776,1,pos_s390_e420,0,0.0,0,pos
FUN_015818,0,0.0,0,pos,0,0.0,0,pos
FUN_001547,0,0.0,0,pos,0,0.0,0,pos
FUN_007041,0,0.0,0,pos,0,0.0,0,pos
FUN_007572,0,0.0,0,pos,0,0.0,0,pos
FUN_007076,0,0.0,0,pos,0,0.0,0,pos
FUN_007779,156,0.013485477178423237,2,pos_s3012_e3126_s9744_e9786,30,0.0025933609958506223,1,pos_s3084_e3114
FUN_009236,0,0.0,0,pos,0,0.0,0,pos
FUN_002430,6,0.00211864406779661,0,pos,0,0.0,0,pos
FUN_004579,0,0.0,0,pos,0,0.0,0,pos
FUN_012007,0,0.0,0,pos,0,0.0,0,pos
FUN_000780,54,0.014492753623188406,1,pos_s2676_e2724,0,0.0,0,pos
FUN_008511,0,0.0,0,pos,0,0.0,0,pos
FUN_006380,12,0.005128205128205128,0,pos,0,0.0,0,pos
FUN_007288,36,0.2222222222222222,0,pos,6,0.037037037037037035,0,pos
FUN_002447,0,0.0,0,pos,0,0.0,0,pos
FUN_008688,0,0.0,0,pos,0,0.0,0,pos
FUN_011306,0,0.0,0,pos,0,0.0,0,pos
FUN_000648,0,0.0,0,pos,0,0.0,0,pos
FUN_002731,186,0.15270935960591134,2,pos_s936_e1020_s1032_e1134,102,0.08374384236453201,2,pos_s1032_e1080_s1098_e1134
FUN_011868,0,0.0,0,pos,0,0.0,0,pos
FUN_008385,0,0.0,0,pos,0,0.0,0,pos
FUN_015977,0,0.0,0,pos,0,0.0,0,pos
FUN_003681,0,0.0,0,pos,0,0.0,0,pos
FUN_006612,0,0.0,0,pos,0,0.0,0,pos
FUN_010742,48,0.07692307692307693,0,pos,18,0.028846153846153848,0,pos
FUN_010458,108,0.06428571428571428,1,pos_s36_e138,90,0.05357142857142857,1,pos_s54_e132
FUN_000967,66,0.08943089430894309,1,pos_s210_e276,18,0.024390243902439025,0,pos
FUN_010487,198,0.11418685121107267,4,pos_s0_e54_s456_e486_s492_e546_s684_e726,66,0.03806228373702422,0,pos
FUN_002726,0,0.0,0,pos,0,0.0,0,pos
FUN_009648,6,0.014285714285714285,0,pos,0,0.0,0,pos
FUN_003749,120,0.06779661016949153,0,pos,72,0.04067796610169491,0,pos
FUN_006571,0,0.0,0,pos,0,0.0,0,pos
FUN_010018,0,0.0,0,pos,0,0.0,0,pos
FUN_016778,0,0.0,0,pos,0,0.0,0,pos
FUN_010075,0,0.0,0,pos,0,0.0,0,pos
FUN_002187,18,0.009900990099009901,0,pos,0,0.0,0,pos
FUN_006188,300,0.1893939393939394,3,pos_s720_e834_s876_e930_s972_e1104,204,0.12878787878787878,2,pos_s894_e924_s972_e1080
FUN_009796,18,0.007692307692307693,0,pos,0,0.0,0,pos
FUN_003851,0,0.0,0,pos,0,0.0,0,pos
FUN_002243,0,0.0,0,pos,0,0.0,0,pos
FUN_003095,102,0.043701799485861184,1,pos_s1422_e1524,66,0.028277634961439587,1,pos_s1422_e1488
FUN_010205,150,0.1388888888888889,2,pos_s138_e198_s672_e762,84,0.07777777777777778,1,pos_s672_e750
FUN_011562,96,0.13675213675213677,0,pos,54,0.07692307692307693,0,pos
FUN_007917,108,0.07531380753138076,1,pos_s66_e150,54,0.03765690376569038,1,pos_s72_e126
FUN_006986,0,0.0,0,pos,0,0.0,0,pos
FUN_007771,0,0.0,0,pos,0,0.0,0,pos
FUN_001133,0,0.0,0,pos,0,0.0,0,pos
FUN_004168,0,0.0,0,pos,0,0.0,0,pos
FUN_003633,156,0.09701492537313433,2,pos_s1242_e1290_s1296_e1404,102,0.06343283582089553,2,pos_s1242_e1272_s1332_e1404
FUN_007708,0,0.0,0,pos,0,0.0,0,pos
FUN_016469,0,0.0,0,pos,0,0.0,0,pos
FUN_001980,0,0.0,0,pos,0,0.0,0,pos
FUN_010530,0,0.0,0,pos,0,0.0,0,pos
FUN_011956,0,0.0,0,pos,0,0.0,0,pos
FUN_008361,0,0.0,0,pos,0,0.0,0,pos
FUN_000761,90,0.06944444444444445,1,pos_s96_e174,0,0.0,0,pos
FUN_001595,0,0.0,0,pos,0,0.0,0,pos
FUN_015356,0,0.0,0,pos,0,0.0,0,pos
FUN_007650,48,0.1111111111111111,1,pos_s372_e402,0,0.0,0,pos
FUN_001567,0,0.0,0,pos,0,0.0,0,pos
FUN_007844,0,0.0,0,pos,0,0.0,0,pos
FUN_006948,0,0.0,0,pos,0,0.0,0,pos
FUN_000765,18,0.017241379310344827,0,pos,0,0.0,0,pos
FUN_001227,0,0.0,0,pos,0,0.0,0,pos
FUN_004687,0,0.0,0,pos,0,0.0,0,pos
FUN_015280,0,0.0,0,pos,0,0.0,0,pos
FUN_009413,0,0.0,0,pos,0,0.0,0,pos
FUN_004198,0,0.0,0,pos,0,0.0,0,pos
FUN_009554,54,0.05357142857142857,1,pos_s270_e306,0,0.0,0,pos
FUN_011507,0,0.0,0,pos,0,0.0,0,pos
FUN_008217,18,0.011904761904761904,0,pos,6,0.003968253968253968,0,pos
FUN_005754,0,0.0,0,pos,0,0.0,0,pos
FUN_004038,0,0.0,0,pos,0,0.0,0,pos
FUN_009568,174,0.1336405529953917,3,pos_s36_e144_s168_e198_s654_e684,36,0.027649769585253458,0,pos
FUN_003873,0,0.0,0,pos,0,0.0,0,pos
FUN_001260,6,0.003787878787878788,0,pos,0,0.0,0,pos
FUN_004366,192,0.03950617283950617,2,pos_s2580_e2634_s2688_e2772,30,0.006172839506172839,0,pos
FUN_005999,30,0.03125,0,pos,0,0.0,0,pos
FUN_011421,36,0.16666666666666666,0,pos,12,0.05555555555555555,0,pos
FUN_010127,0,0.0,0,pos,0,0.0,0,pos
FUN_016505,0,0.0,0,pos,0,0.0,0,pos
FUN_004496,18,0.02702702702702703,0,pos,0,0.0,0,pos
FUN_005786,0,0.0,0,pos,0,0.0,0,pos
FUN_001998,204,0.08095238095238096,3,pos_s246_e360_s648_e678_s708_e738,126,0.05,1,pos_s246_e360
FUN_011092,126,0.07924528301886792,1,pos_s1146_e1188,72,0.045283018867924525,1,pos_s1146_e1188
FUN_000997,0,0.0,0,pos,0,0.0,0,pos
FUN_010882,0,0.0,0,pos,0,0.0,0,pos
FUN_004967,72,0.024793388429752067,1,pos_s1290_e1320,0,0.0,0,pos
FUN_006888,0,0.0,0,pos,0,0.0,0,pos
FUN_010843,0,0.0,0,pos,0,0.0,0,pos
FUN_016834,0,0.0,0,pos,0,0.0,0,pos
FUN_005789,66,0.08270676691729323,1,pos_s588_e642,0,0.0,0,pos
FUN_005204,0,0.0,0,pos,0,0.0,0,pos
FUN_000525,0,0.0,0,pos,0,0.0,0,pos
FUN_009280,18,0.02830188679245283,0,pos,18,0.02830188679245283,0,pos
FUN_012155,0,0.0,0,pos,0,0.0,0,pos
FUN_001361,0,0.0,0,pos,0,0.0,0,pos
FUN_011947,0,0.0,0,pos,0,0.0,0,pos
FUN_016801,0,0.0,0,pos,0,0.0,0,pos
FUN_000985,246,0.12576687116564417,2,pos_s666_e732_s1080_e1236,48,0.024539877300613498,1,pos_s1170_e1200
FUN_002171,0,0.0,0,pos,0,0.0,0,pos
FUN_001921,0,0.0,0,pos,0,0.0,0,pos
FUN_004759,0,0.0,0,pos,0,0.0,0,pos
FUN_007688,18,0.031578947368421054,0,pos,0,0.0,0,pos
FUN_006263,0,0.0,0,pos,0,0.0,0,pos
FUN_009060,12,0.004484304932735426,0,pos,0,0.0,0,pos
FUN_006170,72,0.04411764705882353,1,pos_s1470_e1530,18,0.011029411764705883,0,pos
FUN_004735,0,0.0,0,pos,0,0.0,0,pos
FUN_008366,0,0.0,0,pos,0,0.0,0,pos
FUN_016682,0,0.0,0,pos,0,0.0,0,pos
FUN_015458,0,0.0,0,pos,0,0.0,0,pos
FUN_004663,48,0.027586206896551724,1,pos_s1614_e1644,0,0.0,0,pos
FUN_004318,84,0.05737704918032787,1,pos_s18_e102,0,0.0,0,pos
FUN_002313,0,0.0,0,pos,0,0.0,0,pos
FUN_010027,0,0.0,0,pos,0,0.0,0,pos
FUN_010126,0,0.0,0,pos,0,0.0,0,pos
FUN_006615,0,0.0,0,pos,0,0.0,0,pos
FUN_002680,6,0.014925373134328358,0,pos,0,0.0,0,pos
FUN_011785,0,0.0,0,pos,0,0.0,0,pos
FUN_000777,0,0.0,0,pos,0,0.0,0,pos
FUN_000542,90,0.03787878787878788,1,pos_s1788_e1854,24,0.010101010101010102,0,pos
FUN_007750,0,0.0,0,pos,0,0.0,0,pos
FUN_005221,0,0.0,0,pos,0,0.0,0,pos
FUN_004431,30,0.012755102040816327,0,pos,0,0.0,0,pos
FUN_003517,72,0.06417112299465241,1,pos_s732_e762,30,0.026737967914438502,1,pos_s732_e762
FUN_008070,0,0.0,0,pos,0,0.0,0,pos
FUN_010301,0,0.0,0,pos,0,0.0,0,pos
FUN_006486,0,0.0,0,pos,0,0.0,0,pos
FUN_002816,0,0.0,0,pos,0,0.0,0,pos
FUN_015629,0,0.0,0,pos,0,0.0,0,pos
FUN_006036,0,0.0,0,pos,0,0.0,0,pos
FUN_006470,0,0.0,0,pos,0,0.0,0,pos
FUN_002910,0,0.0,0,pos,0,0.0,0,pos
FUN_011229,0,0.0,0,pos,0,0.0,0,pos
FUN_003375,18,0.0054446460980036296,0,pos,6,0.0018148820326678765,0,pos
FUN_006096,0,0.0,0,pos,0,0.0,0,pos
FUN_001712,0,0.0,0,pos,0,0.0,0,pos
FUN_002666,0,0.0,0,pos,0,0.0,0,pos
FUN_005370,0,0.0,0,pos,0,0.0,0,pos
FUN_004547,0,0.0,0,pos,0,0.0,0,pos
FUN_006743,0,0.0,0,pos,0,0.0,0,pos
FUN_003582,0,0.0,0,pos,0,0.0,0,pos
FUN_003670,0,0.0,0,pos,0,0.0,0,pos
FUN_011215,48,0.064,1,pos_s390_e438,42,0.056,1,pos_s396_e438
FUN_001076,0,0.0,0,pos,0,0.0,0,pos
FUN_011312,0,0.0,0,pos,0,0.0,0,pos
FUN_007314,84,0.034229828850855744,1,pos_s1488_e1542,18,0.007334963325183374,0,pos
FUN_005627,54,0.026627218934911243,1,pos_s1968_e2022,0,0.0,0,pos
FUN_008584,0,0.0,0,pos,0,0.0,0,pos
FUN_002481,0,0.0,0,pos,0,0.0,0,pos
FUN_006745,0,0.0,0,pos,0,0.0,0,pos
FUN_007366,102,0.06367041198501873,1,pos_s1074_e1164,78,0.04868913857677903,1,pos_s1092_e1164
FUN_010051,0,0.0,0,pos,0,0.0,0,pos
FUN_008585,0,0.0,0,pos,0,0.0,0,pos
FUN_008891,276,0.0888030888030888,4,pos_s2334_e2376_s2418_e2448_s2484_e2520_s2676_e2730,60,0.019305019305019305,1,pos_s3048_e3102
FUN_002984,0,0.0,0,pos,0,0.0,0,pos
FUN_008983,0,0.0,0,pos,0,0.0,0,pos
FUN_010044,0,0.0,0,pos,0,0.0,0,pos
FUN_011254,24,0.004733727810650888,0,pos,0,0.0,0,pos
FUN_010128,0,0.0,0,pos,0,0.0,0,pos
FUN_006337,6,0.004016064257028112,0,pos,0,0.0,0,pos
FUN_000824,0,0.0,0,pos,0,0.0,0,pos
FUN_004751,0,0.0,0,pos,0,0.0,0,pos
FUN_008878,0,0.0,0,pos,0,0.0,0,pos
FUN_002000,0,0.0,0,pos,0,0.0,0,pos
FUN_003528,42,0.020348837209302327,0,pos,0,0.0,0,pos
FUN_004782,0,0.0,0,pos,0,0.0,0,pos
FUN_003962,0,0.0,0,pos,0,0.0,0,pos
FUN_010778,36,0.07058823529411765,1,pos_s336_e372,0,0.0,0,pos
FUN_005402,438,0.1600877192982456,6,pos_s174_e210_s1104_e1152_s1158_e1248_s1554_e1596_s1650_e1686_s1692_e1800,96,0.03508771929824561,1,pos_s1716_e1788
FUN_003910,6,0.0017667844522968198,0,pos,0,0.0,0,pos
FUN_002630,0,0.0,0,pos,0,0.0,0,pos
FUN_011273,0,0.0,0,pos,0,0.0,0,pos
FUN_007020,78,0.05439330543933055,1,pos_s1062_e1116,0,0.0,0,pos
FUN_008685,324,0.18815331010452963,4,pos_s30_e90_s108_e144_s504_e666_s684_e750,264,0.15331010452961671,3,pos_s30_e84_s114_e144_s504_e666
FUN_011434,36,0.007556675062972292,0,pos,0,0.0,0,pos
FUN_000802,0,0.0,0,pos,0,0.0,0,pos
FUN_015388,0,0.0,0,pos,0,0.0,0,pos
FUN_004682,0,0.0,0,pos,0,0.0,0,pos
FUN_012280,0,0.0,0,pos,0,0.0,0,pos
FUN_008101,0,0.0,0,pos,0,0.0,0,pos
FUN_000260,18,0.017341040462427744,0,pos,0,0.0,0,pos
FUN_010011,0,0.0,0,pos,0,0.0,0,pos
FUN_006751,18,0.006864988558352402,0,pos,0,0.0,0,pos
FUN_003385,18,0.008746355685131196,0,pos,18,0.008746355685131196,0,pos
FUN_005646,24,0.008528784648187633,0,pos,0,0.0,0,pos
FUN_001875,0,0.0,0,pos,0,0.0,0,pos
FUN_000733,0,0.0,0,pos,0,0.0,0,pos
FUN_011196,12,0.007067137809187279,0,pos,12,0.007067137809187279,0,pos
FUN_009098,0,0.0,0,pos,0,0.0,0,pos
FUN_001410,264,0.05520702634880803,3,pos_s960_e1068_s1074_e1140_s1242_e1296,18,0.0037641154328732747,0,pos
FUN_010826,0,0.0,0,pos,0,0.0,0,pos
FUN_012497,0,0.0,0,pos,0,0.0,0,pos
FUN_010175,6,0.0035211267605633804,0,pos,0,0.0,0,pos
FUN_000549,0,0.0,0,pos,0,0.0,0,pos
FUN_001649,0,0.0,0,pos,0,0.0,0,pos
FUN_016874,0,0.0,0,pos,0,0.0,0,pos
FUN_006476,120,0.11560693641618497,2,pos_s246_e330_s984_e1014,72,0.06936416184971098,1,pos_s252_e324
FUN_000424,0,0.0,0,pos,0,0.0,0,pos
FUN_009809,54,0.05084745762711865,1,pos_s0_e30,0,0.0,0,pos
FUN_015895,0,0.0,0,pos,0,0.0,0,pos
FUN_015666,0,0.0,0,pos,0,0.0,0,pos
FUN_016638,0,0.0,0,pos,0,0.0,0,pos
FUN_001326,18,0.015706806282722512,0,pos,0,0.0,0,pos
FUN_016133,0,0.0,0,pos,0,0.0,0,pos
FUN_006560,0,0.0,0,pos,0,0.0,0,pos
FUN_003162,0,0.0,0,pos,0,0.0,0,pos
FUN_007859,0,0.0,0,pos,0,0.0,0,pos
FUN_002947,0,0.0,0,pos,0,0.0,0,pos
FUN_008505,0,0.0,0,pos,0,0.0,0,pos
FUN_011495,0,0.0,0,pos,0,0.0,0,pos
FUN_003759,0,0.0,0,pos,0,0.0,0,pos
FUN_007789,0,0.0,0,pos,0,0.0,0,pos
FUN_007259,12,0.03636363636363636,0,pos,0,0.0,0,pos
FUN_003174,0,0.0,0,pos,0,0.0,0,pos
FUN_011370,12,0.041666666666666664,0,pos,0,0.0,0,pos
FUN_002242,0,0.0,0,pos,0,0.0,0,pos
FUN_008930,42,0.030434782608695653,1,pos_s126_e168,6,0.004347826086956522,0,pos
FUN_002935,0,0.0,0,pos,0,0.0,0,pos
FUN_005642,0,0.0,0,pos,0,0.0,0,pos
FUN_009733,6,0.0014771048744460858,0,pos,0,0.0,0,pos
FUN_010357,42,0.04964539007092199,1,pos_s414_e456,0,0.0,0,pos
FUN_011712,0,0.0,0,pos,0,0.0,0,pos
FUN_012378,0,0.0,0,pos,0,0.0,0,pos
FUN_008220,0,0.0,0,pos,0,0.0,0,pos
FUN_003708,0,0.0,0,pos,0,0.0,0,pos
FUN_009824,0,0.0,0,pos,0,0.0,0,pos
FUN_009105,18,0.009584664536741214,0,pos,0,0.0,0,pos
FUN_000482,42,0.01383399209486166,1,pos_s1080_e1122,0,0.0,0,pos
FUN_011259,0,0.0,0,pos,0,0.0,0,pos
FUN_001369,72,0.04669260700389105,1,pos_s456_e528,66,0.042801556420233464,1,pos_s456_e522
FUN_005069,120,0.02493765586034913,1,pos_s1536_e1590,24,0.004987531172069825,0,pos
FUN_001398,18,0.011194029850746268,0,pos,0,0.0,0,pos
FUN_009222,0,0.0,0,pos,0,0.0,0,pos
FUN_010539,0,0.0,0,pos,0,0.0,0,pos
FUN_002526,0,0.0,0,pos,0,0.0,0,pos
FUN_011444,0,0.0,0,pos,0,0.0,0,pos
FUN_008207,102,0.09659090909090909,1,pos_s924_e1026,18,0.017045454545454544,0,pos
FUN_005415,0,0.0,0,pos,0,0.0,0,pos
FUN_003331,0,0.0,0,pos,0,0.0,0,pos
FUN_010122,0,0.0,0,pos,0,0.0,0,pos
FUN_002576,0,0.0,0,pos,0,0.0,0,pos
FUN_004105,0,0.0,0,pos,0,0.0,0,pos
FUN_003783,0,0.0,0,pos,0,0.0,0,pos
FUN_002013,78,0.06565656565656566,1,pos_s822_e864,12,0.010101010101010102,0,pos
FUN_011576,0,0.0,0,pos,0,0.0,0,pos
FUN_003776,0,0.0,0,pos,0,0.0,0,pos
FUN_001267,0,0.0,0,pos,0,0.0,0,pos
FUN_012476,0,0.0,0,pos,0,0.0,0,pos
FUN_010977,0,0.0,0,pos,0,0.0,0,pos
FUN_004165,0,0.0,0,pos,0,0.0,0,pos
FUN_016393,0,0.0,0,pos,0,0.0,0,pos
FUN_000924,0,0.0,0,pos,0,0.0,0,pos
FUN_000959,18,0.014150943396226415,0,pos,0,0.0,0,pos
FUN_000018,174,0.03387850467289719,2,pos_s612_e648_s4140_e4254,102,0.01985981308411215,2,pos_s4176_e4206_s4218_e4254
FUN_002406,78,0.11304347826086956,1,pos_s90_e120,18,0.02608695652173913,0,pos
FUN_009991,96,0.06694560669456066,1,pos_s48_e144,0,0.0,0,pos
FUN_009594,0,0.0,0,pos,0,0.0,0,pos
FUN_001966,30,0.3125,1,pos_s0_e30,6,0.0625,0,pos
FUN_008067,0,0.0,0,pos,0,0.0,0,pos
FUN_009703,0,0.0,0,pos,0,0.0,0,pos
FUN_016805,0,0.0,0,pos,0,0.0,0,pos
FUN_005760,0,0.0,0,pos,0,0.0,0,pos
FUN_010957,24,0.00881057268722467,0,pos,0,0.0,0,pos
FUN_010724,12,0.009478672985781991,0,pos,0,0.0,0,pos
FUN_015355,0,0.0,0,pos,0,0.0,0,pos
FUN_011205,0,0.0,0,pos,0,0.0,0,pos
FUN_007645,0,0.0,0,pos,0,0.0,0,pos
FUN_015412,0,0.0,0,pos,0,0.0,0,pos
FUN_008613,0,0.0,0,pos,0,0.0,0,pos
FUN_016075,0,0.0,0,pos,0,0.0,0,pos
FUN_000291,0,0.0,0,pos,0,0.0,0,pos
FUN_008985,144,0.09795918367346938,1,pos_s1320_e1458,54,0.036734693877551024,1,pos_s1392_e1428
FUN_007475,0,0.0,0,pos,0,0.0,0,pos
FUN_004731,0,0.0,0,pos,0,0.0,0,pos
FUN_006793,54,0.32142857142857145,1,pos_s18_e66,0,0.0,0,pos
FUN_002113,102,0.023977433004231313,1,pos_s1968_e2046,0,0.0,0,pos
FUN_003077,24,0.006279434850863423,0,pos,0,0.0,0,pos
FUN_010569,0,0.0,0,pos,0,0.0,0,pos
FUN_005975,6,0.025,0,pos,0,0.0,0,pos
FUN_007206,0,0.0,0,pos,0,0.0,0,pos
FUN_011380,144,0.2962962962962963,2,pos_s6_e120_s204_e234,0,0.0,0,pos
FUN_005791,246,0.3333333333333333,3,pos_s306_e384_s420_e480_s522_e630,102,0.13821138211382114,1,pos_s564_e618
FUN_016551,0,0.0,0,pos,0,0.0,0,pos
FUN_007027,0,0.0,0,pos,0,0.0,0,pos
FUN_003927,0,0.0,0,pos,0,0.0,0,pos
FUN_016760,0,0.0,0,pos,0,0.0,0,pos
FUN_005274,96,0.00796812749003984,1,pos_s3198_e3234,6,0.00049800796812749,0,pos
FUN_010792,6,0.005235602094240838,0,pos,0,0.0,0,pos
FUN_003413,0,0.0,0,pos,0,0.0,0,pos
FUN_008936,0,0.0,0,pos,0,0.0,0,pos
FUN_006947,162,0.15428571428571428,2,pos_s708_e810_s822_e882,54,0.05142857142857143,1,pos_s732_e774
FUN_001548,0,0.0,0,pos,0,0.0,0,pos
FUN_000300,30,0.01718213058419244,0,pos,0,0.0,0,pos
FUN_004199,42,0.06422018348623854,1,pos_s588_e630,42,0.06422018348623854,1,pos_s588_e630
FUN_010423,24,0.03076923076923077,0,pos,0,0.0,0,pos
FUN_001772,48,0.021447721179624665,1,pos_s1908_e1956,12,0.005361930294906166,0,pos
FUN_003440,6,0.004149377593360996,0,pos,0,0.0,0,pos
FUN_006697,0,0.0,0,pos,0,0.0,0,pos
FUN_006927,48,0.03187250996015936,1,pos_s204_e252,0,0.0,0,pos
FUN_002593,78,0.024667931688804556,1,pos_s1500_e1542,0,0.0,0,pos
FUN_009106,18,0.0297029702970297,0,pos,0,0.0,0,pos
FUN_011003,150,0.01773049645390071,1,pos_s6636_e6720,0,0.0,0,pos
FUN_004010,0,0.0,0,pos,0,0.0,0,pos
FUN_009081,0,0.0,0,pos,0,0.0,0,pos
FUN_008247,0,0.0,0,pos,0,0.0,0,pos
FUN_001837,18,0.010676156583629894,0,pos,0,0.0,0,pos
FUN_011400,0,0.0,0,pos,0,0.0,0,pos
FUN_010645,0,0.0,0,pos,0,0.0,0,pos
FUN_007280,0,0.0,0,pos,0,0.0,0,pos
FUN_009005,0,0.0,0,pos,0,0.0,0,pos
FUN_010807,252,0.08155339805825243,5,pos_s1278_e1308_s1590_e1620_s2538_e2628_s2730_e2772_s2790_e2832,30,0.009708737864077669,1,pos_s2802_e2832
FUN_003252,0,0.0,0,pos,0,0.0,0,pos
FUN_005913,0,0.0,0,pos,0,0.0,0,pos
FUN_005303,72,0.21428571428571427,1,pos_s0_e30,24,0.07142857142857142,0,pos
FUN_005769,0,0.0,0,pos,0,0.0,0,pos
FUN_006586,0,0.0,0,pos,0,0.0,0,pos
FUN_004258,24,0.0273972602739726,0,pos,0,0.0,0,pos
FUN_016532,0,0.0,0,pos,0,0.0,0,pos
FUN_002164,0,0.0,0,pos,0,0.0,0,pos
FUN_015644,0,0.0,0,pos,0,0.0,0,pos
FUN_009636,168,0.0163265306122449,2,pos_s4404_e4482_s5442_e5496,54,0.0052478134110787176,1,pos_s5442_e5496
FUN_004266,0,0.0,0,pos,0,0.0,0,pos
FUN_007649,258,0.3644067796610169,2,pos_s234_e306_s330_e498,186,0.2627118644067797,4,pos_s258_e306_s330_e366_s384_e438_s444_e492
FUN_008831,0,0.0,0,pos,0,0.0,0,pos
FUN_004862,60,0.030211480362537766,1,pos_s1854_e1884,0,0.0,0,pos
FUN_004511,0,0.0,0,pos,0,0.0,0,pos
FUN_016639,0,0.0,0,pos,0,0.0,0,pos
FUN_016792,0,0.0,0,pos,0,0.0,0,pos
FUN_007192,126,0.1891891891891892,2,pos_s192_e234_s390_e474,24,0.036036036036036036,0,pos
FUN_004931,0,0.0,0,pos,0,0.0,0,pos
FUN_000538,6,0.005076142131979695,0,pos,0,0.0,0,pos
FUN_001064,66,0.022494887525562373,1,pos_s666_e720,0,0.0,0,pos
FUN_010416,186,0.13025210084033614,2,pos_s264_e372_s1038_e1110,0,0.0,0,pos
FUN_008789,108,0.1651376146788991,1,pos_s498_e600,30,0.045871559633027525,0,pos
FUN_008321,0,0.0,0,pos,0,0.0,0,pos
FUN_000526,6,0.0010504201680672268,0,pos,0,0.0,0,pos
FUN_016120,0,0.0,0,pos,0,0.0,0,pos
FUN_003997,0,0.0,0,pos,0,0.0,0,pos
FUN_002573,0,0.0,0,pos,0,0.0,0,pos
FUN_011855,0,0.0,0,pos,0,0.0,0,pos
FUN_003399,0,0.0,0,pos,0,0.0,0,pos
FUN_009921,0,0.0,0,pos,0,0.0,0,pos
FUN_010325,72,0.07692307692307693,2,pos_s384_e414_s624_e654,0,0.0,0,pos
FUN_003849,150,0.08445945945945946,2,pos_s144_e180_s270_e366,24,0.013513513513513514,0,pos
FUN_000961,0,0.0,0,pos,0,0.0,0,pos
FUN_009578,72,0.011039558417663294,2,pos_s1944_e1980_s5994_e6030,0,0.0,0,pos
FUN_002701,270,0.1906779661016949,4,pos_s726_e756_s768_e828_s888_e942_s1050_e1086,90,0.0635593220338983,2,pos_s768_e816_s1056_e1086
FUN_002620,0,0.0,0,pos,0,0.0,0,pos
FUN_002337,126,0.13636363636363635,2,pos_s582_e624_s708_e744,42,0.045454545454545456,1,pos_s594_e624
FUN_016479,0,0.0,0,pos,0,0.0,0,pos
FUN_008178,150,0.08361204013377926,2,pos_s636_e678_s996_e1104,66,0.03678929765886288,1,pos_s996_e1062
FUN_003473,60,0.08196721311475409,1,pos_s132_e168,0,0.0,0,pos
FUN_007104,156,0.028729281767955802,3,pos_s1986_e2022_s3114_e3162_s3174_e3240,0,0.0,0,pos
FUN_004970,108,0.07377049180327869,1,pos_s846_e900,54,0.036885245901639344,1,pos_s846_e900
FUN_003048,36,0.06666666666666667,0,pos,0,0.0,0,pos
FUN_011617,0,0.0,0,pos,0,0.0,0,pos
FUN_009661,0,0.0,0,pos,0,0.0,0,pos
FUN_006375,6,0.0035087719298245615,0,pos,6,0.0035087719298245615,0,pos
FUN_000685,0,0.0,0,pos,0,0.0,0,pos
FUN_002688,0,0.0,0,pos,0,0.0,0,pos
FUN_007227,0,0.0,0,pos,0,0.0,0,pos
FUN_015787,0,0.0,0,pos,0,0.0,0,pos
FUN_007643,48,0.03333333333333333,1,pos_s1212_e1260,30,0.020833333333333332,1,pos_s1218_e1248
FUN_010104,0,0.0,0,pos,0,0.0,0,pos
FUN_010124,0,0.0,0,pos,0,0.0,0,pos
FUN_001293,132,0.22916666666666666,0,pos,114,0.19791666666666666,0,pos
FUN_005031,54,0.025495750708215296,1,pos_s1734_e1782,24,0.0113314447592068,0,pos
FUN_015975,0,0.0,0,pos,0,0.0,0,pos
FUN_009285,0,0.0,0,pos,0,0.0,0,pos
FUN_009948,0,0.0,0,pos,0,0.0,0,pos
FUN_011065,24,0.05263157894736842,0,pos,0,0.0,0,pos
FUN_010876,180,0.04267425320056899,3,pos_s2436_e2508_s3150_e3186_s3228_e3264,18,0.004267425320056899,0,pos
FUN_000653,12,0.004008016032064128,0,pos,0,0.0,0,pos
FUN_009894,0,0.0,0,pos,0,0.0,0,pos
FUN_006686,0,0.0,0,pos,0,0.0,0,pos
FUN_007452,24,0.019801980198019802,0,pos,0,0.0,0,pos
FUN_001634,42,0.08139534883720931,1,pos_s18_e60,0,0.0,0,pos
FUN_011194,0,0.0,0,pos,0,0.0,0,pos
FUN_015992,0,0.0,0,pos,0,0.0,0,pos
FUN_000102,0,0.0,0,pos,0,0.0,0,pos
FUN_003232,0,0.0,0,pos,0,0.0,0,pos
FUN_004390,0,0.0,0,pos,0,0.0,0,pos
FUN_002809,0,0.0,0,pos,0,0.0,0,pos
FUN_011581,0,0.0,0,pos,0,0.0,0,pos
FUN_002679,0,0.0,0,pos,0,0.0,0,pos
FUN_006103,0,0.0,0,pos,0,0.0,0,pos
FUN_003268,0,0.0,0,pos,0,0.0,0,pos
FUN_015319,0,0.0,0,pos,0,0.0,0,pos
FUN_015981,0,0.0,0,pos,0,0.0,0,pos
FUN_010455,48,0.0175054704595186,1,pos_s720_e762,0,0.0,0,pos
FUN_004186,0,0.0,0,pos,0,0.0,0,pos
FUN_010451,0,0.0,0,pos,0,0.0,0,pos
FUN_000606,0,0.0,0,pos,0,0.0,0,pos
FUN_003435,192,0.12121212121212122,1,pos_s762_e834,30,0.01893939393939394,0,pos
FUN_001638,24,0.012944983818770227,0,pos,0,0.0,0,pos
FUN_001866,0,0.0,0,pos,0,0.0,0,pos
FUN_008976,0,0.0,0,pos,0,0.0,0,pos
FUN_010715,18,0.01775147928994083,0,pos,0,0.0,0,pos
FUN_000429,42,0.016786570743405275,0,pos,0,0.0,0,pos
FUN_007968,24,0.012195121951219513,0,pos,0,0.0,0,pos
FUN_011830,0,0.0,0,pos,0,0.0,0,pos
FUN_011097,0,0.0,0,pos,0,0.0,0,pos
FUN_004968,0,0.0,0,pos,0,0.0,0,pos
FUN_006942,0,0.0,0,pos,0,0.0,0,pos
FUN_000633,0,0.0,0,pos,0,0.0,0,pos
FUN_010554,0,0.0,0,pos,0,0.0,0,pos
FUN_012134,0,0.0,0,pos,0,0.0,0,pos
FUN_016767,0,0.0,0,pos,0,0.0,0,pos
FUN_010921,0,0.0,0,pos,0,0.0,0,pos
FUN_006274,0,0.0,0,pos,0,0.0,0,pos
FUN_001458,150,0.1358695652173913,2,pos_s0_e66_s900_e936,12,0.010869565217391304,0,pos
FUN_003215,24,0.021505376344086023,0,pos,0,0.0,0,pos
FUN_005206,12,0.005988023952095809,0,pos,0,0.0,0,pos
FUN_008332,42,0.0171990171990172,0,pos,0,0.0,0,pos
FUN_007421,156,0.06451612903225806,2,pos_s492_e570_s1554_e1620,90,0.03722084367245657,1,pos_s1554_e1620
FUN_015959,0,0.0,0,pos,0,0.0,0,pos
FUN_015519,0,0.0,0,pos,0,0.0,0,pos
FUN_007344,84,0.4117647058823529,1,pos_s0_e48,18,0.08823529411764706,0,pos
FUN_007996,0,0.0,0,pos,0,0.0,0,pos
FUN_007799,0,0.0,0,pos,0,0.0,0,pos
FUN_005142,0,0.0,0,pos,0,0.0,0,pos
FUN_001199,30,0.0847457627118644,0,pos,6,0.01694915254237288,0,pos
FUN_002020,0,0.0,0,pos,0,0.0,0,pos
FUN_002907,0,0.0,0,pos,0,0.0,0,pos
FUN_002142,0,0.0,0,pos,0,0.0,0,pos
FUN_001099,0,0.0,0,pos,0,0.0,0,pos
FUN_005363,0,0.0,0,pos,0,0.0,0,pos
FUN_002037,42,0.03867403314917127,1,pos_s1032_e1062,6,0.0055248618784530384,0,pos
FUN_004166,0,0.0,0,pos,0,0.0,0,pos
FUN_001373,0,0.0,0,pos,0,0.0,0,pos
FUN_007145,0,0.0,0,pos,0,0.0,0,pos
FUN_010404,0,0.0,0,pos,0,0.0,0,pos
FUN_002068,12,0.025974025974025976,0,pos,0,0.0,0,pos
FUN_000177,0,0.0,0,pos,0,0.0,0,pos
FUN_002460,0,0.0,0,pos,0,0.0,0,pos
FUN_003293,0,0.0,0,pos,0,0.0,0,pos
FUN_007324,0,0.0,0,pos,0,0.0,0,pos
FUN_012064,0,0.0,0,pos,0,0.0,0,pos
FUN_008380,12,0.0039603960396039604,0,pos,0,0.0,0,pos
FUN_003951,0,0.0,0,pos,0,0.0,0,pos
FUN_003434,24,0.017543859649122806,0,pos,0,0.0,0,pos
FUN_004016,12,0.031746031746031744,0,pos,0,0.0,0,pos
FUN_002324,0,0.0,0,pos,0,0.0,0,pos
FUN_016146,0,0.0,0,pos,0,0.0,0,pos
FUN_005802,0,0.0,0,pos,0,0.0,0,pos
FUN_010861,0,0.0,0,pos,0,0.0,0,pos
FUN_002718,18,0.011320754716981131,0,pos,0,0.0,0,pos
FUN_002992,0,0.0,0,pos,0,0.0,0,pos
FUN_000909,96,0.05387205387205387,1,pos_s48_e120,6,0.003367003367003367,0,pos
FUN_016400,0,0.0,0,pos,0,0.0,0,pos
FUN_010815,48,0.03755868544600939,1,pos_s666_e714,24,0.018779342723004695,0,pos
FUN_003344,66,0.029649595687331536,1,pos_s1068_e1116,0,0.0,0,pos
FUN_002303,30,0.02631578947368421,1,pos_s948_e978,0,0.0,0,pos
FUN_012212,0,0.0,0,pos,0,0.0,0,pos
FUN_007256,0,0.0,0,pos,0,0.0,0,pos
FUN_005852,654,0.11461619348054679,7,pos_s612_e702_s726_e792_s810_e846_s1242_e1326_s3978_e4032_s5034_e5118_s5136_e5286,138,0.024185068349106203,2,pos_s660_e696_s5172_e5202
FUN_011437,342,0.24358974358974358,3,pos_s504_e582_s1026_e1176_s1224_e1338,258,0.18376068376068377,3,pos_s504_e558_s1074_e1140_s1224_e1338
FUN_002340,0,0.0,0,pos,0,0.0,0,pos
FUN_015525,0,0.0,0,pos,0,0.0,0,pos
FUN_011582,0,0.0,0,pos,0,0.0,0,pos
FUN_016116,282,0.06275033377837116,3,pos_s300_e420_s3588_e3642_s3672_e3702,48,0.010680907877169559,1,pos_s3600_e3642
FUN_015677,12,0.0036900369003690036,0,pos,12,0.0036900369003690036,0,pos
FUN_007801,0,0.0,0,pos,0,0.0,0,pos
FUN_003012,156,0.27956989247311825,2,pos_s228_e270_s294_e408,114,0.20430107526881722,1,pos_s294_e408
FUN_000829,216,0.07894736842105263,3,pos_s1434_e1488_s1566_e1644_s1950_e2034,162,0.05921052631578947,2,pos_s1566_e1602_s1950_e2034
FUN_012291,0,0.0,0,pos,0,0.0,0,pos
FUN_011504,0,0.0,0,pos,0,0.0,0,pos
FUN_011145,12,0.003048780487804878,0,pos,0,0.0,0,pos
FUN_005663,18,0.0189873417721519,0,pos,0,0.0,0,pos
FUN_009492,0,0.0,0,pos,0,0.0,0,pos
FUN_010620,0,0.0,0,pos,0,0.0,0,pos
FUN_015463,0,0.0,0,pos,0,0.0,0,pos
FUN_009275,0,0.0,0,pos,0,0.0,0,pos
FUN_009456,0,0.0,0,pos,0,0.0,0,pos
FUN_007976,0,0.0,0,pos,0,0.0,0,pos
FUN_004329,0,0.0,0,pos,0,0.0,0,pos
FUN_001627,0,0.0,0,pos,0,0.0,0,pos
FUN_000227,72,0.04838709677419355,1,pos_s1062_e1122,12,0.008064516129032258,0,pos
FUN_001573,186,0.11313868613138686,2,pos_s690_e768_s1062_e1152,90,0.05474452554744526,1,pos_s702_e768
FUN_001027,0,0.0,0,pos,0,0.0,0,pos
FUN_011063,84,0.08,1,pos_s84_e144,0,0.0,0,pos
FUN_005257,0,0.0,0,pos,0,0.0,0,pos
FUN_003258,42,0.011725293132328308,1,pos_s2748_e2790,0,0.0,0,pos
FUN_016847,0,0.0,0,pos,0,0.0,0,pos
FUN_003366,0,0.0,0,pos,0,0.0,0,pos
FUN_006005,0,0.0,0,pos,0,0.0,0,pos
FUN_007953,0,0.0,0,pos,0,0.0,0,pos
FUN_016344,0,0.0,0,pos,0,0.0,0,pos
FUN_004515,0,0.0,0,pos,0,0.0,0,pos
FUN_007744,0,0.0,0,pos,0,0.0,0,pos
FUN_001789,0,0.0,0,pos,0,0.0,0,pos
FUN_011775,0,0.0,0,pos,0,0.0,0,pos
FUN_006994,192,0.09667673716012085,3,pos_s798_e888_s1254_e1290_s1584_e1626,96,0.04833836858006042,1,pos_s798_e864
FUN_009400,0,0.0,0,pos,0,0.0,0,pos
FUN_010637,138,0.41818181818181815,1,pos_s156_e270,66,0.2,1,pos_s222_e270
FUN_015882,0,0.0,0,pos,0,0.0,0,pos
FUN_004633,0,0.0,0,pos,0,0.0,0,pos
FUN_006273,0,0.0,0,pos,0,0.0,0,pos
FUN_005943,48,0.025559105431309903,1,pos_s1296_e1344,0,0.0,0,pos
FUN_012303,0,0.0,0,pos,0,0.0,0,pos
FUN_008317,36,0.017699115044247787,1,pos_s192_e228,0,0.0,0,pos
FUN_002631,0,0.0,0,pos,0,0.0,0,pos
FUN_007319,0,0.0,0,pos,0,0.0,0,pos
FUN_005993,0,0.0,0,pos,0,0.0,0,pos
FUN_000775,0,0.0,0,pos,0,0.0,0,pos
FUN_010310,114,0.009639776763064434,1,pos_s6810_e6864,54,0.0045662100456621,1,pos_s6810_e6864
FUN_005790,90,0.05639097744360902,2,pos_s408_e468_s1554_e1584,0,0.0,0,pos
FUN_009261,18,0.0189873417721519,0,pos,6,0.006329113924050633,0,pos
FUN_010454,6,0.0028735632183908046,0,pos,0,0.0,0,pos
FUN_016756,0,0.0,0,pos,0,0.0,0,pos
FUN_012471,0,0.0,0,pos,0,0.0,0,pos
FUN_004753,30,0.01,0,pos,0,0.0,0,pos
FUN_004113,0,0.0,0,pos,0,0.0,0,pos
FUN_012135,0,0.0,0,pos,0,0.0,0,pos
FUN_016031,0,0.0,0,pos,0,0.0,0,pos
FUN_009327,18,0.0064516129032258064,0,pos,0,0.0,0,pos
FUN_009473,0,0.0,0,pos,0,0.0,0,pos
FUN_000599,0,0.0,0,pos,0,0.0,0,pos
FUN_011841,0,0.0,0,pos,0,0.0,0,pos
FUN_000713,0,0.0,0,pos,0,0.0,0,pos
FUN_016492,0,0.0,0,pos,0,0.0,0,pos
FUN_004346,72,0.039735099337748346,1,pos_s834_e894,54,0.029801324503311258,1,pos_s840_e894
FUN_003500,24,0.013605442176870748,0,pos,0,0.0,0,pos
FUN_001722,18,0.0058823529411764705,0,pos,0,0.0,0,pos
FUN_008642,0,0.0,0,pos,0,0.0,0,pos
FUN_006038,0,0.0,0,pos,0,0.0,0,pos
FUN_005504,0,0.0,0,pos,0,0.0,0,pos
FUN_000800,0,0.0,0,pos,0,0.0,0,pos
FUN_007028,84,0.021875,2,pos_s372_e414_s3564_e3594,12,0.003125,0,pos
FUN_001169,0,0.0,0,pos,0,0.0,0,pos
FUN_006492,0,0.0,0,pos,0,0.0,0,pos
FUN_004427,6,0.0030120481927710845,0,pos,0,0.0,0,pos
FUN_015301,0,0.0,0,pos,0,0.0,0,pos
FUN_001846,0,0.0,0,pos,0,0.0,0,pos
FUN_002958,708,0.06577480490523968,6,pos_s7170_e7320_s9084_e9138_s9222_e9318_s9438_e9504_s9666_e9792_s10224_e10320,210,0.01950947603121516,3,pos_s7278_e7320_s9666_e9702_s10266_e10320
FUN_011011,0,0.0,0,pos,0,0.0,0,pos
FUN_012412,0,0.0,0,pos,0,0.0,0,pos
FUN_006058,66,0.21153846153846154,1,pos_s174_e210,0,0.0,0,pos
FUN_016666,0,0.0,0,pos,0,0.0,0,pos
FUN_005007,66,0.01649175412293853,1,pos_s1080_e1146,0,0.0,0,pos
FUN_016175,0,0.0,0,pos,0,0.0,0,pos
FUN_003596,192,0.16580310880829016,2,pos_s102_e144_s582_e690,24,0.02072538860103627,0,pos
FUN_010980,0,0.0,0,pos,0,0.0,0,pos
FUN_016871,0,0.0,0,pos,0,0.0,0,pos
FUN_008016,0,0.0,0,pos,0,0.0,0,pos
FUN_003674,0,0.0,0,pos,0,0.0,0,pos
FUN_006333,0,0.0,0,pos,0,0.0,0,pos
FUN_004419,0,0.0,0,pos,0,0.0,0,pos
FUN_012473,0,0.0,0,pos,0,0.0,0,pos
FUN_015737,0,0.0,0,pos,0,0.0,0,pos
FUN_008331,6,0.0028169014084507044,0,pos,6,0.0028169014084507044,0,pos
FUN_006245,0,0.0,0,pos,0,0.0,0,pos
FUN_001897,432,0.02556818181818182,7,pos_s918_e948_s2880_e2928_s5148_e5196_s6654_e6684_s9330_e9366_s10140_e10218_s11802_e11892,126,0.007457386363636364,2,pos_s10170_e10206_s11802_e11880
FUN_015908,0,0.0,0,pos,0,0.0,0,pos
FUN_008766,30,0.05952380952380952,0,pos,0,0.0,0,pos
FUN_003756,126,0.09545454545454546,2,pos_s12_e42_s1134_e1200,18,0.013636363636363636,0,pos
FUN_011714,0,0.0,0,pos,0,0.0,0,pos
FUN_004960,60,0.09615384615384616,1,pos_s474_e510,0,0.0,0,pos
FUN_001820,0,0.0,0,pos,0,0.0,0,pos
FUN_006193,48,0.01839080459770115,0,pos,0,0.0,0,pos
FUN_003679,0,0.0,0,pos,0,0.0,0,pos
FUN_010927,0,0.0,0,pos,0,0.0,0,pos
FUN_001725,0,0.0,0,pos,0,0.0,0,pos
FUN_015852,0,0.0,0,pos,0,0.0,0,pos
FUN_012215,0,0.0,0,pos,0,0.0,0,pos
FUN_010745,48,0.07207207207207207,1,pos_s162_e192,0,0.0,0,pos
FUN_005547,0,0.0,0,pos,0,0.0,0,pos
FUN_012078,0,0.0,0,pos,0,0.0,0,pos
FUN_003296,30,0.022026431718061675,0,pos,6,0.004405286343612335,0,pos
FUN_002743,0,0.0,0,pos,0,0.0,0,pos
FUN_008000,0,0.0,0,pos,0,0.0,0,pos
FUN_011031,30,0.030120481927710843,1,pos_s150_e180,0,0.0,0,pos
FUN_010575,0,0.0,0,pos,0,0.0,0,pos
FUN_010901,12,0.006191950464396285,0,pos,0,0.0,0,pos
FUN_016381,0,0.0,0,pos,0,0.0,0,pos
FUN_012138,0,0.0,0,pos,0,0.0,0,pos
FUN_016692,120,0.03992015968063872,1,pos_s150_e264,72,0.023952095808383235,1,pos_s192_e264
FUN_001717,0,0.0,0,pos,0,0.0,0,pos
FUN_010247,192,0.0943952802359882,3,pos_s168_e222_s228_e300_s312_e366,18,0.008849557522123894,0,pos
FUN_010315,240,0.05063291139240506,4,pos_s630_e660_s714_e744_s1620_e1674_s2862_e2922,72,0.015189873417721518,1,pos_s1626_e1674
FUN_007509,0,0.0,0,pos,0,0.0,0,pos
FUN_011817,0,0.0,0,pos,0,0.0,0,pos
FUN_000868,0,0.0,0,pos,0,0.0,0,pos
FUN_006512,0,0.0,0,pos,0,0.0,0,pos
FUN_006152,0,0.0,0,pos,0,0.0,0,pos
FUN_005117,0,0.0,0,pos,0,0.0,0,pos
FUN_012096,0,0.0,0,pos,0,0.0,0,pos
FUN_009847,66,0.021653543307086614,1,pos_s852_e918,0,0.0,0,pos
FUN_004631,6,0.002777777777777778,0,pos,0,0.0,0,pos
FUN_006653,0,0.0,0,pos,0,0.0,0,pos
FUN_003023,0,0.0,0,pos,0,0.0,0,pos
FUN_007060,426,0.014501633986928105,5,pos_s9858_e9894_s9912_e9972_s10746_e10860_s11676_e11724_s23628_e23688,216,0.007352941176470588,3,pos_s9930_e9966_s10746_e10860_s11682_e11712
FUN_005366,0,0.0,0,pos,0,0.0,0,pos
FUN_003402,0,0.0,0,pos,0,0.0,0,pos
FUN_002953,24,0.03773584905660377,0,pos,0,0.0,0,pos
FUN_015562,0,0.0,0,pos,0,0.0,0,pos
FUN_010907,6,0.0019193857965451055,0,pos,0,0.0,0,pos
FUN_012532,0,0.0,0,pos,0,0.0,0,pos
FUN_006993,12,0.014598540145985401,0,pos,0,0.0,0,pos
FUN_004954,0,0.0,0,pos,0,0.0,0,pos
FUN_007278,0,0.0,0,pos,0,0.0,0,pos
FUN_007878,12,0.006309148264984227,0,pos,0,0.0,0,pos
FUN_015513,0,0.0,0,pos,0,0.0,0,pos
FUN_002497,24,0.012861736334405145,0,pos,0,0.0,0,pos
FUN_015932,0,0.0,0,pos,0,0.0,0,pos
FUN_009754,0,0.0,0,pos,0,0.0,0,pos
FUN_000560,6,0.008695652173913044,0,pos,0,0.0,0,pos
FUN_009761,0,0.0,0,pos,0,0.0,0,pos
FUN_002060,66,0.04700854700854701,0,pos,66,0.04700854700854701,0,pos
FUN_010184,0,0.0,0,pos,0,0.0,0,pos
FUN_011933,0,0.0,0,pos,0,0.0,0,pos
FUN_007382,216,0.06545454545454546,3,pos_s1890_e1926_s1938_e2040_s2244_e2322,54,0.016363636363636365,1,pos_s2262_e2310
FUN_000327,0,0.0,0,pos,0,0.0,0,pos
FUN_016622,0,0.0,0,pos,0,0.0,0,pos
FUN_003318,66,0.0859375,2,pos_s540_e576_s606_e636,0,0.0,0,pos
FUN_004028,0,0.0,0,pos,0,0.0,0,pos
FUN_008543,66,0.16417910447761194,1,pos_s0_e66,0,0.0,0,pos
FUN_009288,0,0.0,0,pos,0,0.0,0,pos
FUN_003014,210,0.14893617021276595,2,pos_s252_e336_s996_e1050,36,0.02553191489361702,0,pos
FUN_016038,0,0.0,0,pos,0,0.0,0,pos
FUN_015735,0,0.0,0,pos,0,0.0,0,pos
FUN_011091,0,0.0,0,pos,0,0.0,0,pos
FUN_004159,0,0.0,0,pos,0,0.0,0,pos
FUN_012439,54,0.13636363636363635,1,pos_s276_e324,0,0.0,0,pos
FUN_016412,0,0.0,0,pos,0,0.0,0,pos
FUN_008853,66,0.027777777777777776,1,pos_s2046_e2112,0,0.0,0,pos
FUN_012014,0,0.0,0,pos,0,0.0,0,pos
FUN_002133,0,0.0,0,pos,0,0.0,0,pos
FUN_016880,0,0.0,0,pos,0,0.0,0,pos
FUN_007182,42,0.04697986577181208,1,pos_s540_e582,42,0.04697986577181208,1,pos_s540_e582
FUN_003199,0,0.0,0,pos,0,0.0,0,pos
FUN_015500,0,0.0,0,pos,0,0.0,0,pos
FUN_007899,0,0.0,0,pos,0,0.0,0,pos
FUN_010872,108,0.016901408450704224,1,pos_s3762_e3852,0,0.0,0,pos
FUN_003916,90,0.08152173913043478,1,pos_s114_e204,90,0.08152173913043478,1,pos_s114_e204
FUN_001623,156,0.02841530054644809,2,pos_s222_e288_s1146_e1206,60,0.01092896174863388,1,pos_s246_e288
FUN_006139,0,0.0,0,pos,0,0.0,0,pos
FUN_000089,0,0.0,0,pos,0,0.0,0,pos
FUN_010743,0,0.0,0,pos,0,0.0,0,pos
FUN_010844,0,0.0,0,pos,0,0.0,0,pos
FUN_008871,6,0.010309278350515464,0,pos,0,0.0,0,pos
FUN_006295,0,0.0,0,pos,0,0.0,0,pos
FUN_002118,0,0.0,0,pos,0,0.0,0,pos
FUN_011569,0,0.0,0,pos,0,0.0,0,pos
FUN_002178,0,0.0,0,pos,0,0.0,0,pos
FUN_004494,0,0.0,0,pos,0,0.0,0,pos
FUN_012186,0,0.0,0,pos,0,0.0,0,pos
FUN_015719,0,0.0,0,pos,0,0.0,0,pos
FUN_016702,0,0.0,0,pos,0,0.0,0,pos
FUN_003227,0,0.0,0,pos,0,0.0,0,pos
FUN_012284,0,0.0,0,pos,0,0.0,0,pos
FUN_011359,24,0.009259259259259259,0,pos,0,0.0,0,pos
FUN_012508,0,0.0,0,pos,0,0.0,0,pos
FUN_011532,0,0.0,0,pos,0,0.0,0,pos
FUN_007455,0,0.0,0,pos,0,0.0,0,pos
FUN_001874,0,0.0,0,pos,0,0.0,0,pos
FUN_010077,0,0.0,0,pos,0,0.0,0,pos
FUN_001079,0,0.0,0,pos,0,0.0,0,pos
FUN_010708,12,0.010256410256410256,0,pos,0,0.0,0,pos
FUN_001653,0,0.0,0,pos,0,0.0,0,pos
FUN_008520,0,0.0,0,pos,0,0.0,0,pos
FUN_009025,48,0.07207207207207207,1,pos_s102_e138,36,0.05405405405405406,1,pos_s102_e138
FUN_006872,42,0.019337016574585635,1,pos_s408_e444,0,0.0,0,pos
FUN_004777,12,0.017857142857142856,0,pos,0,0.0,0,pos
FUN_006463,180,0.056925996204933584,2,pos_s618_e714_s1542_e1590,24,0.007590132827324478,0,pos
FUN_009553,60,0.010526315789473684,1,pos_s4638_e4686,0,0.0,0,pos
FUN_001792,0,0.0,0,pos,0,0.0,0,pos
FUN_010994,0,0.0,0,pos,0,0.0,0,pos
FUN_009617,0,0.0,0,pos,0,0.0,0,pos
FUN_003018,0,0.0,0,pos,0,0.0,0,pos
FUN_005668,462,0.11015736766809728,6,pos_s0_e30_s36_e78_s618_e660_s798_e834_s2928_e2970_s3138_e3228,54,0.012875536480686695,0,pos
FUN_003437,0,0.0,0,pos,0,0.0,0,pos
FUN_005372,36,0.025974025974025976,0,pos,0,0.0,0,pos
FUN_002297,0,0.0,0,pos,0,0.0,0,pos
FUN_000969,0,0.0,0,pos,0,0.0,0,pos
FUN_015247,0,0.0,0,pos,0,0.0,0,pos
FUN_001741,0,0.0,0,pos,0,0.0,0,pos
FUN_008627,48,0.0365296803652968,1,pos_s1260_e1296,36,0.0273972602739726,1,pos_s1260_e1296
FUN_016357,0,0.0,0,pos,0,0.0,0,pos
FUN_001508,0,0.0,0,pos,0,0.0,0,pos
FUN_010983,0,0.0,0,pos,0,0.0,0,pos
FUN_012438,0,0.0,0,pos,0,0.0,0,pos
FUN_001097,144,0.01981833195706028,3,pos_s6774_e6858_s6864_e6894_s6936_e6966,66,0.009083402146985962,1,pos_s6780_e6846
FUN_010663,12,0.006944444444444444,0,pos,0,0.0,0,pos
FUN_004098,0,0.0,0,pos,0,0.0,0,pos
FUN_006775,0,0.0,0,pos,0,0.0,0,pos
FUN_009587,12,0.006329113924050633,0,pos,6,0.0031645569620253164,0,pos
FUN_012320,0,0.0,0,pos,0,0.0,0,pos
FUN_009137,30,0.010351966873706004,0,pos,0,0.0,0,pos
FUN_016798,0,0.0,0,pos,0,0.0,0,pos
FUN_002861,0,0.0,0,pos,0,0.0,0,pos
FUN_007624,0,0.0,0,pos,0,0.0,0,pos
FUN_006658,6,0.007462686567164179,0,pos,0,0.0,0,pos
FUN_009885,0,0.0,0,pos,0,0.0,0,pos
FUN_009827,0,0.0,0,pos,0,0.0,0,pos
FUN_002050,0,0.0,0,pos,0,0.0,0,pos
FUN_000384,0,0.0,0,pos,0,0.0,0,pos
FUN_002434,0,0.0,0,pos,0,0.0,0,pos
FUN_000945,0,0.0,0,pos,0,0.0,0,pos
FUN_009270,0,0.0,0,pos,0,0.0,0,pos
FUN_009491,0,0.0,0,pos,0,0.0,0,pos
FUN_004820,0,0.0,0,pos,0,0.0,0,pos
FUN_000432,144,0.0995850622406639,2,pos_s1266_e1332_s1344_e1380,24,0.016597510373443983,0,pos
FUN_002327,0,0.0,0,pos,0,0.0,0,pos
FUN_000140,126,0.020854021847070508,2,pos_s4092_e4140_s4428_e4464,0,0.0,0,pos
FUN_007374,0,0.0,0,pos,0,0.0,0,pos
FUN_011464,0,0.0,0,pos,0,0.0,0,pos
FUN_010283,0,0.0,0,pos,0,0.0,0,pos
FUN_008248,0,0.0,0,pos,0,0.0,0,pos
FUN_016876,0,0.0,0,pos,0,0.0,0,pos
FUN_005087,54,0.10975609756097561,0,pos,24,0.04878048780487805,0,pos
FUN_016489,0,0.0,0,pos,0,0.0,0,pos
FUN_011255,0,0.0,0,pos,0,0.0,0,pos
FUN_016371,0,0.0,0,pos,0,0.0,0,pos
FUN_007900,0,0.0,0,pos,0,0.0,0,pos
FUN_005299,0,0.0,0,pos,0,0.0,0,pos
FUN_009255,12,0.05128205128205128,0,pos,12,0.05128205128205128,0,pos
FUN_016333,0,0.0,0,pos,0,0.0,0,pos
FUN_000197,0,0.0,0,pos,0,0.0,0,pos
FUN_000264,0,0.0,0,pos,0,0.0,0,pos
FUN_001188,0,0.0,0,pos,0,0.0,0,pos
FUN_004216,42,0.041916167664670656,1,pos_s390_e432,0,0.0,0,pos
FUN_005970,0,0.0,0,pos,0,0.0,0,pos
FUN_008439,6,0.007936507936507936,0,pos,0,0.0,0,pos
FUN_004436,0,0.0,0,pos,0,0.0,0,pos
FUN_000635,0,0.0,0,pos,0,0.0,0,pos
FUN_010484,0,0.0,0,pos,0,0.0,0,pos
FUN_003936,0,0.0,0,pos,0,0.0,0,pos
FUN_001445,84,0.020260492040520984,1,pos_s1068_e1110,0,0.0,0,pos
FUN_007620,0,0.0,0,pos,0,0.0,0,pos
FUN_006896,0,0.0,0,pos,0,0.0,0,pos
FUN_005020,0,0.0,0,pos,0,0.0,0,pos
FUN_011550,0,0.0,0,pos,0,0.0,0,pos
FUN_004104,0,0.0,0,pos,0,0.0,0,pos
FUN_004372,0,0.0,0,pos,0,0.0,0,pos
FUN_003041,0,0.0,0,pos,0,0.0,0,pos
FUN_004792,0,0.0,0,pos,0,0.0,0,pos
FUN_008801,66,0.034055727554179564,1,pos_s624_e684,12,0.006191950464396285,0,pos
FUN_004557,168,0.13658536585365855,2,pos_s948_e1080_s1104_e1134,54,0.04390243902439024,1,pos_s966_e1020
FUN_005764,0,0.0,0,pos,0,0.0,0,pos
FUN_000267,0,0.0,0,pos,0,0.0,0,pos
FUN_016230,0,0.0,0,pos,0,0.0,0,pos
FUN_009250,0,0.0,0,pos,0,0.0,0,pos
FUN_012304,0,0.0,0,pos,0,0.0,0,pos
FUN_007570,0,0.0,0,pos,0,0.0,0,pos
FUN_011479,0,0.0,0,pos,0,0.0,0,pos
FUN_005306,198,0.030499075785582256,2,pos_s3186_e3234_s4584_e4656,0,0.0,0,pos
FUN_016526,0,0.0,0,pos,0,0.0,0,pos
FUN_008212,66,0.017915309446254073,1,pos_s1998_e2064,0,0.0,0,pos
FUN_005105,6,0.009615384615384616,0,pos,0,0.0,0,pos
FUN_005359,24,0.010610079575596816,0,pos,0,0.0,0,pos
FUN_011449,12,0.005698005698005698,0,pos,0,0.0,0,pos
FUN_010102,84,0.07692307692307693,1,pos_s468_e552,0,0.0,0,pos
FUN_011310,0,0.0,0,pos,0,0.0,0,pos
FUN_002049,0,0.0,0,pos,0,0.0,0,pos
FUN_008551,18,0.01020408163265306,0,pos,0,0.0,0,pos
FUN_008823,0,0.0,0,pos,0,0.0,0,pos
FUN_015933,0,0.0,0,pos,0,0.0,0,pos
FUN_015672,0,0.0,0,pos,0,0.0,0,pos
FUN_001643,0,0.0,0,pos,0,0.0,0,pos
FUN_008181,0,0.0,0,pos,0,0.0,0,pos
FUN_011165,12,0.005089058524173028,0,pos,0,0.0,0,pos
FUN_011139,0,0.0,0,pos,0,0.0,0,pos
FUN_007746,12,0.006097560975609756,0,pos,0,0.0,0,pos
FUN_005594,12,0.0078125,0,pos,0,0.0,0,pos
FUN_002325,120,0.05698005698005698,2,pos_s726_e816_s1746_e1776,0,0.0,0,pos
FUN_011843,0,0.0,0,pos,0,0.0,0,pos
FUN_004566,0,0.0,0,pos,0,0.0,0,pos
FUN_001014,0,0.0,0,pos,0,0.0,0,pos
FUN_010808,0,0.0,0,pos,0,0.0,0,pos
FUN_008256,0,0.0,0,pos,0,0.0,0,pos
FUN_008664,90,0.04983388704318937,1,pos_s594_e654,18,0.009966777408637873,0,pos
FUN_001074,0,0.0,0,pos,0,0.0,0,pos
FUN_011035,0,0.0,0,pos,0,0.0,0,pos
FUN_006861,96,0.029465930018416207,1,pos_s1056_e1146,0,0.0,0,pos
FUN_012061,0,0.0,0,pos,0,0.0,0,pos
FUN_015450,0,0.0,0,pos,0,0.0,0,pos
FUN_002941,12,0.004158004158004158,0,pos,0,0.0,0,pos
FUN_007095,0,0.0,0,pos,0,0.0,0,pos
FUN_010797,0,0.0,0,pos,0,0.0,0,pos
FUN_007418,0,0.0,0,pos,0,0.0,0,pos
FUN_007839,24,0.02072538860103627,0,pos,0,0.0,0,pos
FUN_016581,0,0.0,0,pos,0,0.0,0,pos
FUN_001342,0,0.0,0,pos,0,0.0,0,pos
FUN_002543,0,0.0,0,pos,0,0.0,0,pos
FUN_001708,0,0.0,0,pos,0,0.0,0,pos
FUN_016374,0,0.0,0,pos,0,0.0,0,pos
FUN_006169,6,0.0029154518950437317,0,pos,0,0.0,0,pos
FUN_011122,48,0.20512820512820512,1,pos_s78_e126,0,0.0,0,pos
FUN_006532,0,0.0,0,pos,0,0.0,0,pos
FUN_011848,0,0.0,0,pos,0,0.0,0,pos
FUN_008173,0,0.0,0,pos,0,0.0,0,pos
FUN_016022,0,0.0,0,pos,0,0.0,0,pos
FUN_015621,0,0.0,0,pos,0,0.0,0,pos
FUN_016545,0,0.0,0,pos,0,0.0,0,pos
FUN_002165,84,0.05622489959839357,2,pos_s324_e366_s1194_e1230,0,0.0,0,pos
FUN_015441,0,0.0,0,pos,0,0.0,0,pos
FUN_003754,0,0.0,0,pos,0,0.0,0,pos
FUN_011088,12,0.0091324200913242,0,pos,0,0.0,0,pos
FUN_004071,0,0.0,0,pos,0,0.0,0,pos
FUN_006898,72,0.07947019867549669,1,pos_s228_e300,0,0.0,0,pos
FUN_001628,0,0.0,0,pos,0,0.0,0,pos
FUN_004504,0,0.0,0,pos,0,0.0,0,pos
FUN_011557,0,0.0,0,pos,0,0.0,0,pos
FUN_007117,30,0.03048780487804878,1,pos_s756_e786,0,0.0,0,pos
FUN_011114,0,0.0,0,pos,0,0.0,0,pos
FUN_003593,0,0.0,0,pos,0,0.0,0,pos
FUN_016321,0,0.0,0,pos,0,0.0,0,pos
FUN_003999,0,0.0,0,pos,0,0.0,0,pos
FUN_009779,18,0.0055147058823529415,0,pos,0,0.0,0,pos
FUN_015740,0,0.0,0,pos,0,0.0,0,pos
FUN_004154,0,0.0,0,pos,0,0.0,0,pos
FUN_001594,6,0.004166666666666667,0,pos,0,0.0,0,pos
FUN_002719,12,0.012658227848101266,0,pos,0,0.0,0,pos
FUN_003926,0,0.0,0,pos,0,0.0,0,pos
FUN_007193,630,0.42857142857142855,6,pos_s42_e186_s246_e306_s336_e450_s630_e702_s876_e990_s1026_e1092,258,0.17551020408163265,3,pos_s132_e168_s336_e450_s654_e702
FUN_016140,102,0.09392265193370165,2,pos_s270_e300_s306_e378,0,0.0,0,pos
FUN_012063,0,0.0,0,pos,0,0.0,0,pos
FUN_006253,0,0.0,0,pos,0,0.0,0,pos
FUN_002436,0,0.0,0,pos,0,0.0,0,pos
FUN_006104,0,0.0,0,pos,0,0.0,0,pos
FUN_002463,0,0.0,0,pos,0,0.0,0,pos
FUN_016507,0,0.0,0,pos,0,0.0,0,pos
FUN_016032,0,0.0,0,pos,0,0.0,0,pos
FUN_005797,0,0.0,0,pos,0,0.0,0,pos
FUN_006302,0,0.0,0,pos,0,0.0,0,pos
FUN_011954,0,0.0,0,pos,0,0.0,0,pos
FUN_015316,0,0.0,0,pos,0,0.0,0,pos
FUN_005040,0,0.0,0,pos,0,0.0,0,pos
FUN_003260,0,0.0,0,pos,0,0.0,0,pos
FUN_000381,0,0.0,0,pos,0,0.0,0,pos
FUN_003186,0,0.0,0,pos,0,0.0,0,pos
FUN_003638,0,0.0,0,pos,0,0.0,0,pos
FUN_001823,12,0.004807692307692308,0,pos,0,0.0,0,pos
FUN_010221,0,0.0,0,pos,0,0.0,0,pos
FUN_005638,156,0.07027027027027027,2,pos_s1044_e1074_s2064_e2094,0,0.0,0,pos
FUN_009560,0,0.0,0,pos,0,0.0,0,pos
FUN_007014,0,0.0,0,pos,0,0.0,0,pos
FUN_001816,0,0.0,0,pos,0,0.0,0,pos
FUN_011779,0,0.0,0,pos,0,0.0,0,pos
FUN_001070,0,0.0,0,pos,0,0.0,0,pos
FUN_008830,0,0.0,0,pos,0,0.0,0,pos
FUN_015339,0,0.0,0,pos,0,0.0,0,pos
FUN_000571,18,0.003816793893129771,0,pos,12,0.002544529262086514,0,pos
FUN_002869,0,0.0,0,pos,0,0.0,0,pos
FUN_003360,0,0.0,0,pos,0,0.0,0,pos
FUN_016158,0,0.0,0,pos,0,0.0,0,pos
FUN_010342,0,0.0,0,pos,0,0.0,0,pos
FUN_009793,0,0.0,0,pos,0,0.0,0,pos
FUN_016788,0,0.0,0,pos,0,0.0,0,pos
FUN_011428,126,0.09090909090909091,2,pos_s60_e132_s138_e168,72,0.05194805194805195,1,pos_s66_e120
FUN_012121,0,0.0,0,pos,0,0.0,0,pos
FUN_004142,48,0.061068702290076333,1,pos_s504_e546,30,0.03816793893129771,1,pos_s504_e534
FUN_005329,330,0.10091743119266056,5,pos_s678_e726_s732_e786_s1200_e1320_s1782_e1830_s2112_e2166,90,0.027522935779816515,1,pos_s1782_e1830
FUN_012136,0,0.0,0,pos,0,0.0,0,pos
FUN_007436,12,0.009852216748768473,0,pos,0,0.0,0,pos
FUN_001613,54,0.029411764705882353,1,pos_s1590_e1620,0,0.0,0,pos
FUN_003558,0,0.0,0,pos,0,0.0,0,pos
FUN_011598,0,0.0,0,pos,0,0.0,0,pos
FUN_016761,108,0.11920529801324503,2,pos_s582_e654_s660_e696,18,0.019867549668874173,0,pos
FUN_011834,0,0.0,0,pos,0,0.0,0,pos
FUN_009816,30,0.006622516556291391,0,pos,0,0.0,0,pos
FUN_006393,0,0.0,0,pos,0,0.0,0,pos
FUN_011718,0,0.0,0,pos,0,0.0,0,pos
FUN_016839,0,0.0,0,pos,0,0.0,0,pos
FUN_000115,0,0.0,0,pos,0,0.0,0,pos
FUN_001295,24,0.006756756756756757,0,pos,0,0.0,0,pos
FUN_002792,0,0.0,0,pos,0,0.0,0,pos
FUN_001198,18,0.004651162790697674,0,pos,0,0.0,0,pos
FUN_007828,0,0.0,0,pos,0,0.0,0,pos
FUN_009942,0,0.0,0,pos,0,0.0,0,pos
FUN_007373,0,0.0,0,pos,0,0.0,0,pos
FUN_011203,168,0.032,2,pos_s480_e522_s3504_e3558,42,0.008,1,pos_s480_e516
FUN_002167,12,0.008620689655172414,0,pos,0,0.0,0,pos
FUN_004051,0,0.0,0,pos,0,0.0,0,pos
FUN_001151,30,0.042735042735042736,1,pos_s420_e450,0,0.0,0,pos
FUN_010308,0,0.0,0,pos,0,0.0,0,pos
FUN_004230,0,0.0,0,pos,0,0.0,0,pos
FUN_000125,0,0.0,0,pos,0,0.0,0,pos
FUN_015423,0,0.0,0,pos,0,0.0,0,pos
FUN_011244,0,0.0,0,pos,0,0.0,0,pos
FUN_007511,0,0.0,0,pos,0,0.0,0,pos
FUN_008020,0,0.0,0,pos,0,0.0,0,pos
FUN_012413,0,0.0,0,pos,0,0.0,0,pos
FUN_008045,54,0.02425876010781671,0,pos,12,0.005390835579514825,0,pos
FUN_002930,30,0.03067484662576687,0,pos,0,0.0,0,pos
FUN_016625,0,0.0,0,pos,0,0.0,0,pos
FUN_007451,0,0.0,0,pos,0,0.0,0,pos
FUN_011776,0,0.0,0,pos,0,0.0,0,pos
FUN_004821,0,0.0,0,pos,0,0.0,0,pos
FUN_000519,0,0.0,0,pos,0,0.0,0,pos
FUN_004950,78,0.11711711711711711,1,pos_s486_e546,0,0.0,0,pos
FUN_005236,0,0.0,0,pos,0,0.0,0,pos
FUN_016444,0,0.0,0,pos,0,0.0,0,pos
FUN_000714,0,0.0,0,pos,0,0.0,0,pos
FUN_009003,120,0.07407407407407407,1,pos_s1266_e1356,84,0.05185185185185185,1,pos_s1278_e1356
FUN_012362,0,0.0,0,pos,0,0.0,0,pos
FUN_011484,0,0.0,0,pos,0,0.0,0,pos
FUN_009859,0,0.0,0,pos,0,0.0,0,pos
FUN_005552,6,0.00684931506849315,0,pos,0,0.0,0,pos
FUN_016334,0,0.0,0,pos,0,0.0,0,pos
FUN_016456,0,0.0,0,pos,0,0.0,0,pos
FUN_003084,0,0.0,0,pos,0,0.0,0,pos
FUN_009004,168,0.1728395061728395,3,pos_s90_e120_s150_e216_s330_e396,42,0.043209876543209874,1,pos_s168_e198
FUN_010380,222,0.13703703703703704,1,pos_s1314_e1500,138,0.08518518518518518,2,pos_s1320_e1362_s1446_e1494
FUN_010087,0,0.0,0,pos,0,0.0,0,pos
FUN_001284,48,0.019656019656019656,1,pos_s2196_e2244,0,0.0,0,pos
FUN_010258,18,0.010033444816053512,0,pos,0,0.0,0,pos
FUN_003164,0,0.0,0,pos,0,0.0,0,pos
FUN_004727,72,0.075,1,pos_s0_e60,0,0.0,0,pos
FUN_005652,6,0.0019646365422396855,0,pos,0,0.0,0,pos
FUN_001545,0,0.0,0,pos,0,0.0,0,pos
FUN_007499,156,0.026395939086294416,1,pos_s420_e450,0,0.0,0,pos
FUN_005403,0,0.0,0,pos,0,0.0,0,pos
FUN_008481,0,0.0,0,pos,0,0.0,0,pos
FUN_001955,18,0.003054989816700611,0,pos,0,0.0,0,pos
FUN_002074,0,0.0,0,pos,0,0.0,0,pos
FUN_000039,30,0.022026431718061675,0,pos,0,0.0,0,pos
FUN_008705,0,0.0,0,pos,0,0.0,0,pos
FUN_010072,0,0.0,0,pos,0,0.0,0,pos
FUN_005861,18,0.005309734513274336,0,pos,0,0.0,0,pos
FUN_001426,18,0.013513513513513514,0,pos,0,0.0,0,pos
FUN_002918,96,0.026981450252951095,2,pos_s3360_e3420_s3426_e3462,36,0.01011804384485666,1,pos_s3426_e3462
FUN_011286,0,0.0,0,pos,0,0.0,0,pos
FUN_012460,0,0.0,0,pos,0,0.0,0,pos
FUN_011871,0,0.0,0,pos,0,0.0,0,pos
FUN_012072,0,0.0,0,pos,0,0.0,0,pos
FUN_006593,0,0.0,0,pos,0,0.0,0,pos
FUN_002899,0,0.0,0,pos,0,0.0,0,pos
FUN_011186,66,0.1,1,pos_s480_e528,42,0.06363636363636363,1,pos_s486_e522
FUN_002875,0,0.0,0,pos,0,0.0,0,pos
FUN_015926,0,0.0,0,pos,0,0.0,0,pos
FUN_016389,0,0.0,0,pos,0,0.0,0,pos
FUN_004793,12,0.0034071550255536627,0,pos,0,0.0,0,pos
FUN_008898,6,0.004219409282700422,0,pos,0,0.0,0,pos
FUN_012005,0,0.0,0,pos,0,0.0,0,pos
FUN_003614,18,0.0297029702970297,0,pos,0,0.0,0,pos
FUN_011534,0,0.0,0,pos,0,0.0,0,pos
FUN_006977,0,0.0,0,pos,0,0.0,0,pos
FUN_007831,36,0.036585365853658534,1,pos_s0_e36,12,0.012195121951219513,0,pos
FUN_007800,12,0.014184397163120567,0,pos,6,0.0070921985815602835,0,pos
FUN_005222,0,0.0,0,pos,0,0.0,0,pos
FUN_008266,84,0.06306306306306306,2,pos_s648_e684_s696_e726,0,0.0,0,pos
FUN_001936,90,0.019867549668874173,0,pos,18,0.003973509933774834,0,pos
FUN_011824,0,0.0,0,pos,0,0.0,0,pos
FUN_003277,0,0.0,0,pos,0,0.0,0,pos
FUN_004776,30,0.014749262536873156,1,pos_s414_e444,18,0.008849557522123894,0,pos
FUN_006733,12,0.02631578947368421,0,pos,12,0.02631578947368421,0,pos
FUN_002413,0,0.0,0,pos,0,0.0,0,pos
FUN_006013,0,0.0,0,pos,0,0.0,0,pos
FUN_003636,24,0.029850746268656716,0,pos,0,0.0,0,pos
FUN_003455,342,0.24568965517241378,5,pos_s342_e378_s456_e486_s504_e564_s1008_e1044_s1314_e1368,36,0.02586206896551724,0,pos
FUN_000490,0,0.0,0,pos,0,0.0,0,pos
FUN_000502,0,0.0,0,pos,0,0.0,0,pos
FUN_009446,126,0.8076923076923077,1,pos_s0_e102,72,0.46153846153846156,1,pos_s0_e72
FUN_010675,6,0.004347826086956522,0,pos,0,0.0,0,pos
FUN_000615,0,0.0,0,pos,0,0.0,0,pos
FUN_005904,0,0.0,0,pos,0,0.0,0,pos
FUN_003883,0,0.0,0,pos,0,0.0,0,pos
FUN_000539,0,0.0,0,pos,0,0.0,0,pos
FUN_002228,0,0.0,0,pos,0,0.0,0,pos
FUN_009263,90,0.06147540983606557,1,pos_s1092_e1134,24,0.01639344262295082,0,pos
FUN_005058,0,0.0,0,pos,0,0.0,0,pos
FUN_003755,0,0.0,0,pos,0,0.0,0,pos
FUN_005181,0,0.0,0,pos,0,0.0,0,pos
FUN_006157,0,0.0,0,pos,0,0.0,0,pos
FUN_006151,0,0.0,0,pos,0,0.0,0,pos
FUN_012241,0,0.0,0,pos,0,0.0,0,pos
FUN_008866,72,0.2857142857142857,0,pos,0,0.0,0,pos
FUN_000258,0,0.0,0,pos,0,0.0,0,pos
FUN_000247,114,0.2235294117647059,1,pos_s150_e264,114,0.2235294117647059,1,pos_s150_e264
FUN_007673,6,0.0019157088122605363,0,pos,0,0.0,0,pos
FUN_005118,12,0.0024906600249066002,0,pos,6,0.0012453300124533001,0,pos
FUN_003738,18,0.04838709677419355,0,pos,0,0.0,0,pos
FUN_007607,174,0.019091507570770244,3,pos_s1212_e1242_s2358_e2436_s5508_e5550,0,0.0,0,pos
FUN_001249,78,0.03430079155672823,1,pos_s1008_e1050,36,0.0158311345646438,0,pos
FUN_016697,0,0.0,0,pos,0,0.0,0,pos
FUN_010419,0,0.0,0,pos,0,0.0,0,pos
FUN_007792,0,0.0,0,pos,0,0.0,0,pos
FUN_011301,0,0.0,0,pos,0,0.0,0,pos
FUN_010370,60,0.05319148936170213,1,pos_s660_e708,30,0.026595744680851064,0,pos
FUN_009430,0,0.0,0,pos,0,0.0,0,pos
FUN_016225,0,0.0,0,pos,0,0.0,0,pos
FUN_001521,0,0.0,0,pos,0,0.0,0,pos
FUN_005184,108,0.026470588235294117,2,pos_s624_e672_s786_e834,6,0.0014705882352941176,0,pos
FUN_003686,0,0.0,0,pos,0,0.0,0,pos
FUN_004795,162,0.10037174721189591,2,pos_s498_e534_s1278_e1326,0,0.0,0,pos
FUN_009329,114,0.05093833780160858,1,pos_s1242_e1356,102,0.045576407506702415,1,pos_s1242_e1344
FUN_011946,0,0.0,0,pos,0,0.0,0,pos
FUN_004763,0,0.0,0,pos,0,0.0,0,pos
FUN_015691,0,0.0,0,pos,0,0.0,0,pos
FUN_015823,0,0.0,0,pos,0,0.0,0,pos
FUN_005672,0,0.0,0,pos,0,0.0,0,pos
FUN_010447,0,0.0,0,pos,0,0.0,0,pos
FUN_015524,0,0.0,0,pos,0,0.0,0,pos
FUN_011388,0,0.0,0,pos,0,0.0,0,pos
FUN_012461,0,0.0,0,pos,0,0.0,0,pos
FUN_006399,36,0.01818181818181818,0,pos,0,0.0,0,pos
FUN_001078,0,0.0,0,pos,0,0.0,0,pos
FUN_001488,6,0.008130081300813009,0,pos,0,0.0,0,pos
FUN_012479,24,0.0625,0,pos,0,0.0,0,pos
FUN_010389,0,0.0,0,pos,0,0.0,0,pos
FUN_007954,0,0.0,0,pos,0,0.0,0,pos
FUN_000581,0,0.0,0,pos,0,0.0,0,pos
FUN_007196,0,0.0,0,pos,0,0.0,0,pos
FUN_016498,0,0.0,0,pos,0,0.0,0,pos
FUN_001386,12,0.0036968576709796672,0,pos,0,0.0,0,pos
FUN_012331,0,0.0,0,pos,0,0.0,0,pos
FUN_016659,0,0.0,0,pos,0,0.0,0,pos
FUN_007818,0,0.0,0,pos,0,0.0,0,pos
FUN_009072,0,0.0,0,pos,0,0.0,0,pos
FUN_003182,0,0.0,0,pos,0,0.0,0,pos
FUN_006638,0,0.0,0,pos,0,0.0,0,pos
FUN_010639,12,0.005649717514124294,0,pos,0,0.0,0,pos
FUN_002102,48,0.009060022650056626,1,pos_s630_e678,36,0.006795016987542469,1,pos_s630_e666
FUN_011468,0,0.0,0,pos,0,0.0,0,pos
FUN_012352,0,0.0,0,pos,0,0.0,0,pos
FUN_010984,0,0.0,0,pos,0,0.0,0,pos
FUN_009151,0,0.0,0,pos,0,0.0,0,pos
FUN_008674,12,0.007462686567164179,0,pos,0,0.0,0,pos
FUN_004901,0,0.0,0,pos,0,0.0,0,pos
FUN_002595,0,0.0,0,pos,0,0.0,0,pos
FUN_012324,0,0.0,0,pos,0,0.0,0,pos
FUN_007966,0,0.0,0,pos,0,0.0,0,pos
FUN_006816,78,0.04980842911877394,1,pos_s1128_e1206,12,0.007662835249042145,0,pos
FUN_015822,0,0.0,0,pos,0,0.0,0,pos
FUN_001242,0,0.0,0,pos,0,0.0,0,pos
FUN_008999,0,0.0,0,pos,0,0.0,0,pos
FUN_000811,0,0.0,0,pos,0,0.0,0,pos
FUN_011799,306,0.425,3,pos_s0_e48_s216_e276_s366_e540,168,0.23333333333333334,4,pos_s18_e48_s216_e252_s390_e426_s474_e540
FUN_016338,0,0.0,0,pos,0,0.0,0,pos
FUN_011634,0,0.0,0,pos,0,0.0,0,pos
FUN_008034,0,0.0,0,pos,0,0.0,0,pos
FUN_016835,0,0.0,0,pos,0,0.0,0,pos
FUN_003536,282,0.18076923076923077,5,pos_s312_e360_s432_e480_s486_e522_s570_e618_s630_e678,84,0.05384615384615385,1,pos_s312_e348
FUN_015885,0,0.0,0,pos,0,0.0,0,pos
FUN_015533,0,0.0,0,pos,0,0.0,0,pos
FUN_006849,360,0.26666666666666666,5,pos_s0_e48_s114_e228_s276_e348_s396_e462_s600_e630,186,0.13777777777777778,2,pos_s138_e228_s276_e312
FUN_008229,78,0.06310679611650485,1,pos_s1086_e1122,0,0.0,0,pos
FUN_003660,0,0.0,0,pos,0,0.0,0,pos
FUN_005076,0,0.0,0,pos,0,0.0,0,pos
FUN_003524,0,0.0,0,pos,0,0.0,0,pos
FUN_001959,0,0.0,0,pos,0,0.0,0,pos
FUN_009065,24,0.13793103448275862,0,pos,0,0.0,0,pos
FUN_015590,0,0.0,0,pos,0,0.0,0,pos
FUN_003322,0,0.0,0,pos,0,0.0,0,pos
FUN_009555,96,0.02952029520295203,1,pos_s1758_e1854,96,0.02952029520295203,1,pos_s1758_e1854
FUN_007332,48,0.0449438202247191,1,pos_s192_e234,0,0.0,0,pos
FUN_004045,90,0.022321428571428572,1,pos_s2934_e2976,0,0.0,0,pos
FUN_006835,6,0.008547008547008548,0,pos,0,0.0,0,pos
FUN_010589,0,0.0,0,pos,0,0.0,0,pos
FUN_000406,0,0.0,0,pos,0,0.0,0,pos
FUN_016830,0,0.0,0,pos,0,0.0,0,pos
FUN_008375,0,0.0,0,pos,0,0.0,0,pos
FUN_016741,0,0.0,0,pos,0,0.0,0,pos
FUN_001121,0,0.0,0,pos,0,0.0,0,pos
FUN_012140,0,0.0,0,pos,0,0.0,0,pos
FUN_000251,0,0.0,0,pos,0,0.0,0,pos
FUN_002698,144,0.03428571428571429,2,pos_s126_e162_s204_e252,30,0.007142857142857143,0,pos
FUN_001221,0,0.0,0,pos,0,0.0,0,pos
FUN_001841,36,0.012552301255230125,1,pos_s2766_e2796,0,0.0,0,pos
FUN_009142,0,0.0,0,pos,0,0.0,0,pos
FUN_010069,30,0.01893939393939394,1,pos_s666_e696,0,0.0,0,pos
FUN_005997,66,0.03343465045592705,1,pos_s1902_e1956,0,0.0,0,pos
FUN_011061,0,0.0,0,pos,0,0.0,0,pos
FUN_007738,0,0.0,0,pos,0,0.0,0,pos
FUN_008532,72,0.09302325581395349,1,pos_s66_e138,18,0.023255813953488372,0,pos
FUN_006447,0,0.0,0,pos,0,0.0,0,pos
FUN_003073,0,0.0,0,pos,0,0.0,0,pos
FUN_015875,0,0.0,0,pos,0,0.0,0,pos
FUN_008756,0,0.0,0,pos,0,0.0,0,pos
FUN_011309,0,0.0,0,pos,0,0.0,0,pos
FUN_008757,0,0.0,0,pos,0,0.0,0,pos
FUN_000456,30,0.050505050505050504,0,pos,0,0.0,0,pos
FUN_000499,30,0.026041666666666668,1,pos_s48_e78,0,0.0,0,pos
FUN_004402,258,0.22872340425531915,1,pos_s780_e972,168,0.14893617021276595,1,pos_s780_e930
FUN_011854,0,0.0,0,pos,0,0.0,0,pos
FUN_015793,0,0.0,0,pos,0,0.0,0,pos
FUN_007594,0,0.0,0,pos,0,0.0,0,pos
FUN_002100,0,0.0,0,pos,0,0.0,0,pos
FUN_003020,0,0.0,0,pos,0,0.0,0,pos
FUN_002338,0,0.0,0,pos,0,0.0,0,pos
FUN_006454,48,0.046242774566473986,1,pos_s420_e468,0,0.0,0,pos
FUN_005540,0,0.0,0,pos,0,0.0,0,pos
FUN_007141,0,0.0,0,pos,0,0.0,0,pos
FUN_008614,96,0.019464720194647202,1,pos_s4806_e4902,0,0.0,0,pos
FUN_011079,84,0.012477718360071301,1,pos_s4998_e5028,6,0.00089126559714795,0,pos
FUN_008268,0,0.0,0,pos,0,0.0,0,pos
FUN_007795,12,0.017094017094017096,0,pos,0,0.0,0,pos
FUN_008264,6,0.008620689655172414,0,pos,0,0.0,0,pos
FUN_007136,0,0.0,0,pos,0,0.0,0,pos
FUN_010809,54,0.027777777777777776,1,pos_s390_e438,0,0.0,0,pos
FUN_010689,0,0.0,0,pos,0,0.0,0,pos
FUN_003934,0,0.0,0,pos,0,0.0,0,pos
FUN_005172,150,0.028058361391694726,2,pos_s4596_e4626_s4764_e4860,66,0.012345679012345678,1,pos_s4794_e4860
FUN_003272,24,0.022857142857142857,0,pos,24,0.022857142857142857,0,pos
FUN_011858,0,0.0,0,pos,0,0.0,0,pos
FUN_000292,12,0.008438818565400843,0,pos,0,0.0,0,pos
FUN_008941,0,0.0,0,pos,0,0.0,0,pos
FUN_006372,30,0.02242152466367713,0,pos,0,0.0,0,pos
FUN_008463,216,0.03471552555448409,3,pos_s1218_e1308_s1350_e1380_s1452_e1512,66,0.010607521697203472,1,pos_s1278_e1308
FUN_009759,0,0.0,0,pos,0,0.0,0,pos
FUN_012133,0,0.0,0,pos,0,0.0,0,pos
FUN_016142,0,0.0,0,pos,0,0.0,0,pos
FUN_012423,0,0.0,0,pos,0,0.0,0,pos
FUN_011163,12,0.004962779156327543,0,pos,0,0.0,0,pos
FUN_000614,0,0.0,0,pos,0,0.0,0,pos
FUN_007305,0,0.0,0,pos,0,0.0,0,pos
FUN_011865,0,0.0,0,pos,0,0.0,0,pos
FUN_010082,66,0.014102564102564103,0,pos,0,0.0,0,pos
FUN_009094,0,0.0,0,pos,0,0.0,0,pos
FUN_004982,0,0.0,0,pos,0,0.0,0,pos
FUN_001481,18,0.011235955056179775,0,pos,0,0.0,0,pos
FUN_006450,48,0.009456264775413711,0,pos,0,0.0,0,pos
FUN_001321,276,0.10454545454545454,5,pos_s696_e780_s936_e966_s1182_e1230_s1416_e1452_s1464_e1500,84,0.031818181818181815,1,pos_s708_e780
FUN_007659,396,0.1875,5,pos_s384_e438_s858_e942_s1026_e1104_s1416_e1476_s1878_e1926,48,0.022727272727272728,1,pos_s1446_e1476
FUN_010156,0,0.0,0,pos,0,0.0,0,pos
FUN_000106,0,0.0,0,pos,0,0.0,0,pos
FUN_002188,0,0.0,0,pos,0,0.0,0,pos
FUN_010121,6,0.006369426751592357,0,pos,0,0.0,0,pos
FUN_008715,12,0.007936507936507936,0,pos,0,0.0,0,pos
FUN_002510,12,0.0018975332068311196,0,pos,0,0.0,0,pos
FUN_001971,0,0.0,0,pos,0,0.0,0,pos
FUN_016352,0,0.0,0,pos,0,0.0,0,pos
FUN_003076,0,0.0,0,pos,0,0.0,0,pos
FUN_016390,114,0.051351351351351354,1,pos_s1170_e1284,48,0.021621621621621623,1,pos_s1236_e1284
FUN_011747,0,0.0,0,pos,0,0.0,0,pos
FUN_010830,0,0.0,0,pos,0,0.0,0,pos
FUN_008593,0,0.0,0,pos,0,0.0,0,pos
FUN_002524,0,0.0,0,pos,0,0.0,0,pos
FUN_007026,0,0.0,0,pos,0,0.0,0,pos
FUN_012191,0,0.0,0,pos,0,0.0,0,pos
FUN_016879,0,0.0,0,pos,0,0.0,0,pos
FUN_008434,30,0.04201680672268908,0,pos,0,0.0,0,pos
FUN_007372,144,0.096,2,pos_s1176_e1206_s1212_e1326,30,0.02,1,pos_s1176_e1206
FUN_006288,0,0.0,0,pos,0,0.0,0,pos
FUN_003493,0,0.0,0,pos,0,0.0,0,pos
FUN_011270,0,0.0,0,pos,0,0.0,0,pos
FUN_009999,0,0.0,0,pos,0,0.0,0,pos
FUN_005736,0,0.0,0,pos,0,0.0,0,pos
FUN_009444,108,0.18181818181818182,1,pos_s96_e204,108,0.18181818181818182,1,pos_s96_e204
FUN_010835,0,0.0,0,pos,0,0.0,0,pos
FUN_015765,0,0.0,0,pos,0,0.0,0,pos
FUN_005883,0,0.0,0,pos,0,0.0,0,pos
FUN_006937,0,0.0,0,pos,0,0.0,0,pos
FUN_004807,0,0.0,0,pos,0,0.0,0,pos
FUN_012146,0,0.0,0,pos,0,0.0,0,pos
FUN_007158,0,0.0,0,pos,0,0.0,0,pos
FUN_003900,0,0.0,0,pos,0,0.0,0,pos
FUN_002091,84,0.20588235294117646,0,pos,60,0.14705882352941177,0,pos
FUN_003171,12,0.005115089514066497,0,pos,0,0.0,0,pos
FUN_008286,156,0.23214285714285715,2,pos_s456_e528_s558_e642,0,0.0,0,pos
FUN_009613,0,0.0,0,pos,0,0.0,0,pos
FUN_000464,12,0.012195121951219513,0,pos,0,0.0,0,pos
FUN_009388,0,0.0,0,pos,0,0.0,0,pos
FUN_000822,0,0.0,0,pos,0,0.0,0,pos
FUN_009849,18,0.0125,0,pos,0,0.0,0,pos
FUN_006256,0,0.0,0,pos,0,0.0,0,pos
FUN_003323,0,0.0,0,pos,0,0.0,0,pos
FUN_007543,0,0.0,0,pos,0,0.0,0,pos
FUN_016575,84,0.1076923076923077,1,pos_s594_e636,0,0.0,0,pos
FUN_016814,0,0.0,0,pos,0,0.0,0,pos
FUN_000858,378,0.2669491525423729,3,pos_s438_e528_s582_e714_s732_e870,216,0.15254237288135594,3,pos_s438_e486_s636_e690_s732_e840
FUN_006666,66,0.024943310657596373,1,pos_s2334_e2400,0,0.0,0,pos
FUN_000294,0,0.0,0,pos,0,0.0,0,pos
FUN_004277,0,0.0,0,pos,0,0.0,0,pos
FUN_015572,0,0.0,0,pos,0,0.0,0,pos
FUN_008915,60,0.056818181818181816,0,pos,0,0.0,0,pos
FUN_005385,0,0.0,0,pos,0,0.0,0,pos
FUN_006028,0,0.0,0,pos,0,0.0,0,pos
FUN_005631,12,0.015151515151515152,0,pos,0,0.0,0,pos
FUN_008527,126,0.1044776119402985,1,pos_s258_e384,30,0.024875621890547265,1,pos_s354_e384
FUN_016427,0,0.0,0,pos,0,0.0,0,pos
FUN_010668,0,0.0,0,pos,0,0.0,0,pos
FUN_008145,144,0.1218274111675127,2,pos_s384_e420_s432_e504,18,0.015228426395939087,0,pos
FUN_016550,0,0.0,0,pos,0,0.0,0,pos
FUN_016391,0,0.0,0,pos,0,0.0,0,pos
FUN_000792,30,0.038461538461538464,0,pos,0,0.0,0,pos
FUN_016062,0,0.0,0,pos,0,0.0,0,pos
FUN_008363,138,0.0970464135021097,2,pos_s210_e252_s414_e456,24,0.016877637130801686,0,pos
FUN_003590,0,0.0,0,pos,0,0.0,0,pos
FUN_009165,96,0.06153846153846154,1,pos_s624_e696,24,0.015384615384615385,0,pos
FUN_016454,0,0.0,0,pos,0,0.0,0,pos
FUN_003996,0,0.0,0,pos,0,0.0,0,pos
FUN_012547,0,0.0,0,pos,0,0.0,0,pos
FUN_005533,0,0.0,0,pos,0,0.0,0,pos
FUN_004183,0,0.0,0,pos,0,0.0,0,pos
FUN_001113,138,0.022030651340996167,2,pos_s852_e924_s972_e1002,0,0.0,0,pos
FUN_003499,0,0.0,0,pos,0,0.0,0,pos
FUN_012348,0,0.0,0,pos,0,0.0,0,pos
FUN_001072,0,0.0,0,pos,0,0.0,0,pos
FUN_016077,0,0.0,0,pos,0,0.0,0,pos
FUN_008119,0,0.0,0,pos,0,0.0,0,pos
FUN_001993,0,0.0,0,pos,0,0.0,0,pos
FUN_007064,0,0.0,0,pos,0,0.0,0,pos
FUN_012548,0,0.0,0,pos,0,0.0,0,pos
FUN_009447,0,0.0,0,pos,0,0.0,0,pos
FUN_000001,0,0.0,0,pos,0,0.0,0,pos
FUN_015757,0,0.0,0,pos,0,0.0,0,pos
FUN_001209,0,0.0,0,pos,0,0.0,0,pos
FUN_004940,12,0.013422818791946308,0,pos,0,0.0,0,pos
FUN_002094,0,0.0,0,pos,0,0.0,0,pos
FUN_005710,0,0.0,0,pos,0,0.0,0,pos
FUN_011770,0,0.0,0,pos,0,0.0,0,pos
FUN_016523,0,0.0,0,pos,0,0.0,0,pos
FUN_015792,0,0.0,0,pos,0,0.0,0,pos
FUN_001633,210,0.0364963503649635,3,pos_s4974_e5004_s5022_e5082_s5406_e5526,96,0.016684045881126174,1,pos_s5406_e5466
FUN_006385,0,0.0,0,pos,0,0.0,0,pos
FUN_001791,0,0.0,0,pos,0,0.0,0,pos
FUN_005687,36,0.02702702702702703,1,pos_s1110_e1140,0,0.0,0,pos
FUN_000577,0,0.0,0,pos,0,0.0,0,pos
FUN_003230,0,0.0,0,pos,0,0.0,0,pos
FUN_001884,0,0.0,0,pos,0,0.0,0,pos
FUN_008704,66,0.014804845222072678,0,pos,0,0.0,0,pos
FUN_011045,120,0.08547008547008547,2,pos_s354_e438_s1146_e1182,54,0.038461538461538464,1,pos_s354_e402
FUN_016597,0,0.0,0,pos,0,0.0,0,pos
FUN_010398,336,0.3835616438356164,4,pos_s24_e84_s156_e336_s378_e408_s456_e492,162,0.18493150684931506,1,pos_s162_e264
FUN_000223,66,0.029891304347826088,1,pos_s1908_e1950,6,0.002717391304347826,0,pos
FUN_015424,0,0.0,0,pos,0,0.0,0,pos
FUN_008608,0,0.0,0,pos,0,0.0,0,pos
FUN_000631,84,0.05511811023622047,1,pos_s378_e432,0,0.0,0,pos
FUN_001843,108,0.009036144578313253,1,pos_s3996_e4056,0,0.0,0,pos
FUN_006027,132,0.030683403068340307,2,pos_s3606_e3648_s4050_e4098,0,0.0,0,pos
FUN_016866,0,0.0,0,pos,0,0.0,0,pos
FUN_005796,0,0.0,0,pos,0,0.0,0,pos
FUN_002617,0,0.0,0,pos,0,0.0,0,pos
FUN_008369,0,0.0,0,pos,0,0.0,0,pos
FUN_009333,0,0.0,0,pos,0,0.0,0,pos
FUN_009651,324,0.035202086049543675,4,pos_s6942_e6972_s7002_e7056_s7956_e7992_s8028_e8136,114,0.012385919165580182,2,pos_s8034_e8064_s8082_e8136
FUN_000667,0,0.0,0,pos,0,0.0,0,pos
FUN_000849,54,0.011494252873563218,1,pos_s2634_e2664,0,0.0,0,pos
FUN_001047,96,0.023564064801178203,2,pos_s1602_e1644_s2688_e2742,0,0.0,0,pos
FUN_010938,54,0.03461538461538462,1,pos_s186_e240,54,0.03461538461538462,1,pos_s186_e240
FUN_004370,90,0.01730103806228374,1,pos_s762_e840,0,0.0,0,pos
FUN_006548,0,0.0,0,pos,0,0.0,0,pos
FUN_010497,0,0.0,0,pos,0,0.0,0,pos
FUN_001775,0,0.0,0,pos,0,0.0,0,pos
FUN_010560,66,0.07333333333333333,1,pos_s708_e774,36,0.04,0,pos
FUN_007379,0,0.0,0,pos,0,0.0,0,pos
FUN_002663,0,0.0,0,pos,0,0.0,0,pos
FUN_011701,36,0.057692307692307696,1,pos_s0_e36,18,0.028846153846153848,0,pos
FUN_009511,66,0.11224489795918367,1,pos_s432_e498,12,0.02040816326530612,0,pos
FUN_016630,0,0.0,0,pos,0,0.0,0,pos
FUN_006164,66,0.22,1,pos_s168_e228,0,0.0,0,pos
FUN_011342,180,0.9090909090909091,0,pos,114,0.5757575757575758,1,pos_s36_e120
FUN_003710,0,0.0,0,pos,0,0.0,0,pos
FUN_009277,0,0.0,0,pos,0,0.0,0,pos
FUN_000059,0,0.0,0,pos,0,0.0,0,pos
FUN_007674,180,0.2702702702702703,1,pos_s12_e132,24,0.036036036036036036,0,pos
FUN_005885,0,0.0,0,pos,0,0.0,0,pos
FUN_006475,24,0.01092896174863388,0,pos,24,0.01092896174863388,0,pos
FUN_006082,0,0.0,0,pos,0,0.0,0,pos
FUN_010718,0,0.0,0,pos,0,0.0,0,pos
FUN_007960,42,0.01364522417153996,1,pos_s1740_e1770,12,0.003898635477582846,0,pos
FUN_003320,0,0.0,0,pos,0,0.0,0,pos
FUN_007483,132,0.09016393442622951,2,pos_s0_e36_s138_e222,48,0.03278688524590164,1,pos_s174_e222
FUN_011492,54,0.06164383561643835,1,pos_s588_e642,0,0.0,0,pos
FUN_011078,6,0.009009009009009009,0,pos,6,0.009009009009009009,0,pos
FUN_012396,0,0.0,0,pos,0,0.0,0,pos
FUN_003251,0,0.0,0,pos,0,0.0,0,pos
FUN_004483,126,0.14583333333333334,2,pos_s678_e744_s804_e858,66,0.0763888888888889,1,pos_s816_e858
FUN_016504,0,0.0,0,pos,0,0.0,0,pos
FUN_008693,0,0.0,0,pos,0,0.0,0,pos
FUN_000356,0,0.0,0,pos,0,0.0,0,pos
FUN_008490,144,0.09090909090909091,1,pos_s342_e468,48,0.030303030303030304,1,pos_s402_e450
FUN_003941,0,0.0,0,pos,0,0.0,0,pos
FUN_005194,72,0.06857142857142857,1,pos_s6_e78,0,0.0,0,pos
FUN_002932,30,0.0684931506849315,1,pos_s0_e30,12,0.0273972602739726,0,pos
FUN_001145,0,0.0,0,pos,0,0.0,0,pos
FUN_001770,0,0.0,0,pos,0,0.0,0,pos
FUN_009784,6,0.0011185682326621924,0,pos,0,0.0,0,pos
FUN_003611,0,0.0,0,pos,0,0.0,0,pos
FUN_002147,0,0.0,0,pos,0,0.0,0,pos
FUN_000529,0,0.0,0,pos,0,0.0,0,pos
FUN_016060,0,0.0,0,pos,0,0.0,0,pos
FUN_010962,0,0.0,0,pos,0,0.0,0,pos
FUN_009033,0,0.0,0,pos,0,0.0,0,pos
FUN_012206,0,0.0,0,pos,0,0.0,0,pos
FUN_010824,0,0.0,0,pos,0,0.0,0,pos
FUN_010582,48,0.24242424242424243,1,pos_s114_e144,12,0.06060606060606061,0,pos
FUN_012483,0,0.0,0,pos,0,0.0,0,pos
FUN_015307,0,0.0,0,pos,0,0.0,0,pos
FUN_004980,108,0.07377049180327869,1,pos_s870_e942,54,0.036885245901639344,1,pos_s882_e936
FUN_009357,528,0.1689059500959693,8,pos_s786_e816_s1152_e1206_s1266_e1362_s1464_e1518_s2454_e2520_s2586_e2616_s2628_e2688_s2880_e2910,222,0.0710172744721689,3,pos_s1152_e1182_s1296_e1362_s2484_e2520
FUN_002967,0,0.0,0,pos,0,0.0,0,pos
FUN_000285,0,0.0,0,pos,0,0.0,0,pos
FUN_004362,0,0.0,0,pos,0,0.0,0,pos
FUN_002744,0,0.0,0,pos,0,0.0,0,pos
FUN_006936,6,0.009615384615384616,0,pos,0,0.0,0,pos
FUN_011742,0,0.0,0,pos,0,0.0,0,pos
FUN_009470,0,0.0,0,pos,0,0.0,0,pos
FUN_015560,0,0.0,0,pos,0,0.0,0,pos
FUN_011856,0,0.0,0,pos,0,0.0,0,pos
FUN_011552,36,0.16666666666666666,1,pos_s24_e60,36,0.16666666666666666,1,pos_s24_e60
FUN_008058,12,0.014705882352941176,0,pos,0,0.0,0,pos
FUN_011218,282,0.06420765027322405,4,pos_s654_e690_s1200_e1248_s1914_e2040_s2148_e2196,96,0.02185792349726776,1,pos_s1926_e1992
FUN_007339,0,0.0,0,pos,0,0.0,0,pos
FUN_010626,0,0.0,0,pos,0,0.0,0,pos
FUN_011478,30,0.037037037037037035,1,pos_s468_e498,18,0.022222222222222223,0,pos
FUN_009045,0,0.0,0,pos,0,0.0,0,pos
FUN_008796,0,0.0,0,pos,0,0.0,0,pos
FUN_006088,0,0.0,0,pos,0,0.0,0,pos
FUN_009349,0,0.0,0,pos,0,0.0,0,pos
FUN_006064,0,0.0,0,pos,0,0.0,0,pos
FUN_007082,78,0.050980392156862744,1,pos_s54_e126,6,0.00392156862745098,0,pos
FUN_010761,0,0.0,0,pos,0,0.0,0,pos
FUN_000270,30,0.10204081632653061,0,pos,30,0.10204081632653061,0,pos
FUN_016609,0,0.0,0,pos,0,0.0,0,pos
FUN_009144,0,0.0,0,pos,0,0.0,0,pos
FUN_011592,0,0.0,0,pos,0,0.0,0,pos
FUN_009925,36,0.21428571428571427,0,pos,0,0.0,0,pos
FUN_003989,72,0.05286343612334802,1,pos_s1248_e1296,30,0.022026431718061675,1,pos_s1254_e1284
FUN_011435,0,0.0,0,pos,0,0.0,0,pos
FUN_000483,12,0.008771929824561403,0,pos,0,0.0,0,pos
FUN_001037,0,0.0,0,pos,0,0.0,0,pos
FUN_011320,12,0.010362694300518135,0,pos,0,0.0,0,pos
FUN_000616,114,0.04589371980676329,1,pos_s1614_e1728,102,0.04106280193236715,2,pos_s1614_e1686_s1698_e1728
FUN_016284,0,0.0,0,pos,0,0.0,0,pos
FUN_008542,126,0.0860655737704918,1,pos_s1344_e1428,114,0.0778688524590164,1,pos_s1344_e1428
FUN_008787,0,0.0,0,pos,0,0.0,0,pos
FUN_011453,0,0.0,0,pos,0,0.0,0,pos
FUN_009462,0,0.0,0,pos,0,0.0,0,pos
FUN_010394,78,0.06403940886699508,1,pos_s318_e390,6,0.0049261083743842365,0,pos
FUN_011289,0,0.0,0,pos,0,0.0,0,pos
FUN_004332,12,0.011363636363636364,0,pos,0,0.0,0,pos
FUN_002199,0,0.0,0,pos,0,0.0,0,pos
FUN_006215,0,0.0,0,pos,0,0.0,0,pos
FUN_000795,0,0.0,0,pos,0,0.0,0,pos
FUN_007535,66,0.01544943820224719,1,pos_s3120_e3174,12,0.0028089887640449437,0,pos
FUN_000409,48,0.016,0,pos,0,0.0,0,pos
FUN_005801,6,0.02702702702702703,0,pos,0,0.0,0,pos
FUN_005043,0,0.0,0,pos,0,0.0,0,pos
FUN_003183,0,0.0,0,pos,0,0.0,0,pos
FUN_006691,48,0.008403361344537815,1,pos_s480_e528,48,0.008403361344537815,1,pos_s480_e528
FUN_006436,102,0.23943661971830985,1,pos_s126_e228,0,0.0,0,pos
FUN_002514,288,0.17204301075268819,2,pos_s96_e186_s1188_e1350,168,0.1003584229390681,3,pos_s144_e186_s1236_e1302_s1308_e1350
FUN_006267,6,0.002197802197802198,0,pos,0,0.0,0,pos
FUN_011523,0,0.0,0,pos,0,0.0,0,pos
FUN_008670,0,0.0,0,pos,0,0.0,0,pos
FUN_006409,78,0.053497942386831275,1,pos_s474_e552,72,0.04938271604938271,1,pos_s480_e552
FUN_009520,0,0.0,0,pos,0,0.0,0,pos
FUN_003234,0,0.0,0,pos,0,0.0,0,pos
FUN_007809,0,0.0,0,pos,0,0.0,0,pos
FUN_015596,0,0.0,0,pos,0,0.0,0,pos
FUN_008932,0,0.0,0,pos,0,0.0,0,pos
FUN_005285,0,0.0,0,pos,0,0.0,0,pos
FUN_015609,0,0.0,0,pos,0,0.0,0,pos
FUN_004801,0,0.0,0,pos,0,0.0,0,pos
FUN_006025,72,0.02146690518783542,1,pos_s3300_e3336,24,0.007155635062611807,0,pos
FUN_006606,0,0.0,0,pos,0,0.0,0,pos
FUN_002414,12,0.00966183574879227,0,pos,0,0.0,0,pos
FUN_000161,0,0.0,0,pos,0,0.0,0,pos
FUN_008791,0,0.0,0,pos,0,0.0,0,pos
FUN_007614,0,0.0,0,pos,0,0.0,0,pos
FUN_004474,0,0.0,0,pos,0,0.0,0,pos
FUN_003956,0,0.0,0,pos,0,0.0,0,pos
FUN_000960,0,0.0,0,pos,0,0.0,0,pos
FUN_010973,0,0.0,0,pos,0,0.0,0,pos
FUN_001704,0,0.0,0,pos,0,0.0,0,pos
FUN_015750,0,0.0,0,pos,0,0.0,0,pos
FUN_007071,0,0.0,0,pos,0,0.0,0,pos
FUN_005890,0,0.0,0,pos,0,0.0,0,pos
FUN_004210,0,0.0,0,pos,0,0.0,0,pos
FUN_006720,54,0.034482758620689655,1,pos_s1092_e1146,12,0.007662835249042145,0,pos
FUN_015884,0,0.0,0,pos,0,0.0,0,pos
FUN_004591,18,0.018292682926829267,0,pos,0,0.0,0,pos
FUN_004321,0,0.0,0,pos,0,0.0,0,pos
FUN_016199,0,0.0,0,pos,0,0.0,0,pos
FUN_002291,0,0.0,0,pos,0,0.0,0,pos
FUN_001552,0,0.0,0,pos,0,0.0,0,pos
FUN_001835,54,0.022167487684729065,1,pos_s1656_e1710,30,0.012315270935960592,0,pos
FUN_005712,0,0.0,0,pos,0,0.0,0,pos
FUN_007277,90,0.055762081784386616,1,pos_s1452_e1524,12,0.007434944237918215,0,pos
FUN_015283,0,0.0,0,pos,0,0.0,0,pos
FUN_006542,0,0.0,0,pos,0,0.0,0,pos
FUN_001446,0,0.0,0,pos,0,0.0,0,pos
FUN_016815,0,0.0,0,pos,0,0.0,0,pos
FUN_009924,0,0.0,0,pos,0,0.0,0,pos
FUN_003560,0,0.0,0,pos,0,0.0,0,pos
FUN_009117,54,0.022556390977443608,1,pos_s1044_e1092,0,0.0,0,pos
FUN_001363,0,0.0,0,pos,0,0.0,0,pos
FUN_000003,0,0.0,0,pos,0,0.0,0,pos
FUN_000235,66,0.00858034321372855,1,pos_s6606_e6636,0,0.0,0,pos
FUN_003998,0,0.0,0,pos,0,0.0,0,pos
FUN_005224,60,0.09900990099009901,1,pos_s312_e348,0,0.0,0,pos
FUN_007472,90,0.09803921568627451,1,pos_s0_e66,0,0.0,0,pos
FUN_005418,0,0.0,0,pos,0,0.0,0,pos
FUN_007258,0,0.0,0,pos,0,0.0,0,pos
FUN_002750,36,0.009022556390977444,1,pos_s3780_e3816,0,0.0,0,pos
FUN_002262,0,0.0,0,pos,0,0.0,0,pos
FUN_011985,0,0.0,0,pos,0,0.0,0,pos
FUN_007931,36,0.020134228187919462,1,pos_s1008_e1044,0,0.0,0,pos
FUN_011454,0,0.0,0,pos,0,0.0,0,pos
FUN_007873,90,0.05067567567567568,1,pos_s240_e324,48,0.02702702702702703,1,pos_s276_e324
FUN_000656,156,0.033942558746736295,3,pos_s744_e792_s906_e972_s990_e1020,0,0.0,0,pos
FUN_003013,0,0.0,0,pos,0,0.0,0,pos
FUN_015702,0,0.0,0,pos,0,0.0,0,pos
FUN_006392,0,0.0,0,pos,0,0.0,0,pos
FUN_005270,0,0.0,0,pos,0,0.0,0,pos
FUN_009410,0,0.0,0,pos,0,0.0,0,pos
FUN_002019,0,0.0,0,pos,0,0.0,0,pos
FUN_011989,0,0.0,0,pos,0,0.0,0,pos
FUN_016463,0,0.0,0,pos,0,0.0,0,pos
FUN_006736,0,0.0,0,pos,0,0.0,0,pos
FUN_010911,0,0.0,0,pos,0,0.0,0,pos
FUN_011060,204,0.09042553191489362,5,pos_s162_e222_s234_e270_s534_e564_s930_e960_s966_e996,84,0.03723404255319149,2,pos_s186_e222_s234_e264
FUN_009639,0,0.0,0,pos,0,0.0,0,pos
FUN_003613,36,0.10344827586206896,1,pos_s276_e312,0,0.0,0,pos
FUN_009386,0,0.0,0,pos,0,0.0,0,pos
FUN_007112,36,0.046153846153846156,0,pos,12,0.015384615384615385,0,pos
FUN_010349,0,0.0,0,pos,0,0.0,0,pos
FUN_011967,0,0.0,0,pos,0,0.0,0,pos
FUN_001331,48,0.18604651162790697,0,pos,18,0.06976744186046512,0,pos
FUN_006881,162,0.313953488372093,1,pos_s222_e372,66,0.12790697674418605,1,pos_s276_e312
FUN_008567,174,0.09235668789808917,2,pos_s102_e144_s1044_e1080,18,0.009554140127388535,0,pos
FUN_008588,24,0.0070052539404553416,0,pos,0,0.0,0,pos
FUN_012180,0,0.0,0,pos,0,0.0,0,pos
FUN_004087,96,0.08648648648648649,0,pos,48,0.043243243243243246,1,pos_s1020_e1050
FUN_007005,48,0.22857142857142856,0,pos,0,0.0,0,pos
FUN_001564,0,0.0,0,pos,0,0.0,0,pos
FUN_015753,0,0.0,0,pos,0,0.0,0,pos
FUN_002137,102,0.11258278145695365,1,pos_s222_e306,78,0.08609271523178808,1,pos_s222_e300
FUN_007919,24,0.011461318051575931,0,pos,0,0.0,0,pos
FUN_007482,0,0.0,0,pos,0,0.0,0,pos
FUN_002280,0,0.0,0,pos,0,0.0,0,pos
FUN_002361,90,0.1171875,2,pos_s96_e150_s174_e210,54,0.0703125,1,pos_s96_e150
FUN_007365,0,0.0,0,pos,0,0.0,0,pos
FUN_012119,0,0.0,0,pos,0,0.0,0,pos
FUN_006080,48,0.013050570962479609,0,pos,0,0.0,0,pos
FUN_003022,0,0.0,0,pos,0,0.0,0,pos
FUN_011406,0,0.0,0,pos,0,0.0,0,pos
FUN_008874,90,0.007462686567164179,1,pos_s9858_e9900,12,0.0009950248756218905,0,pos
FUN_002163,0,0.0,0,pos,0,0.0,0,pos
FUN_008925,114,0.06333333333333334,1,pos_s1056_e1170,6,0.0033333333333333335,0,pos
FUN_004238,0,0.0,0,pos,0,0.0,0,pos
FUN_003969,60,0.07194244604316546,1,pos_s354_e396,24,0.02877697841726619,0,pos
FUN_004764,30,0.008741258741258742,0,pos,0,0.0,0,pos
FUN_002089,36,0.03773584905660377,0,pos,0,0.0,0,pos
FUN_008175,102,0.06967213114754098,1,pos_s768_e870,12,0.00819672131147541,0,pos
FUN_000611,0,0.0,0,pos,0,0.0,0,pos
FUN_012490,0,0.0,0,pos,0,0.0,0,pos
FUN_016174,0,0.0,0,pos,0,0.0,0,pos
FUN_002633,12,0.013605442176870748,0,pos,0,0.0,0,pos
FUN_004732,150,0.07739938080495357,2,pos_s420_e456_s1176_e1206,42,0.021671826625386997,0,pos
FUN_001490,0,0.0,0,pos,0,0.0,0,pos
FUN_011262,0,0.0,0,pos,0,0.0,0,pos
FUN_004328,0,0.0,0,pos,0,0.0,0,pos
FUN_008964,0,0.0,0,pos,0,0.0,0,pos
FUN_007583,0,0.0,0,pos,0,0.0,0,pos
FUN_007838,0,0.0,0,pos,0,0.0,0,pos
FUN_008213,0,0.0,0,pos,0,0.0,0,pos
FUN_016654,0,0.0,0,pos,0,0.0,0,pos
FUN_003516,0,0.0,0,pos,0,0.0,0,pos
FUN_005030,0,0.0,0,pos,0,0.0,0,pos
FUN_000918,66,0.10377358490566038,1,pos_s180_e246,0,0.0,0,pos
FUN_004854,0,0.0,0,pos,0,0.0,0,pos
FUN_004335,0,0.0,0,pos,0,0.0,0,pos
FUN_007988,6,0.003355704697986577,0,pos,0,0.0,0,pos
FUN_000162,54,0.02102803738317757,0,pos,0,0.0,0,pos
FUN_010771,0,0.0,0,pos,0,0.0,0,pos
FUN_004118,0,0.0,0,pos,0,0.0,0,pos
FUN_009981,0,0.0,0,pos,0,0.0,0,pos
FUN_012205,0,0.0,0,pos,0,0.0,0,pos
FUN_005505,0,0.0,0,pos,0,0.0,0,pos
FUN_000576,0,0.0,0,pos,0,0.0,0,pos
FUN_009585,0,0.0,0,pos,0,0.0,0,pos
FUN_006155,126,0.029005524861878452,3,pos_s0_e30_s2502_e2556_s2880_e2910,18,0.004143646408839779,0,pos
FUN_011264,84,0.09523809523809523,1,pos_s72_e108,0,0.0,0,pos
FUN_011448,90,0.12931034482758622,1,pos_s318_e378,60,0.08620689655172414,1,pos_s318_e372
FUN_011420,48,0.01045751633986928,0,pos,6,0.00130718954248366,0,pos
FUN_001591,0,0.0,0,pos,0,0.0,0,pos
FUN_015674,0,0.0,0,pos,0,0.0,0,pos
FUN_000557,0,0.0,0,pos,0,0.0,0,pos
FUN_008711,0,0.0,0,pos,0,0.0,0,pos
FUN_001248,0,0.0,0,pos,0,0.0,0,pos
FUN_004134,0,0.0,0,pos,0,0.0,0,pos
FUN_008475,0,0.0,0,pos,0,0.0,0,pos
FUN_001978,0,0.0,0,pos,0,0.0,0,pos
FUN_010021,0,0.0,0,pos,0,0.0,0,pos
FUN_010061,0,0.0,0,pos,0,0.0,0,pos
FUN_009631,132,0.07586206896551724,2,pos_s1254_e1290_s1596_e1668,18,0.010344827586206896,0,pos
FUN_003618,0,0.0,0,pos,0,0.0,0,pos
FUN_002776,0,0.0,0,pos,0,0.0,0,pos
FUN_010141,0,0.0,0,pos,0,0.0,0,pos
FUN_009184,0,0.0,0,pos,0,0.0,0,pos
FUN_004221,12,0.027777777777777776,0,pos,12,0.027777777777777776,0,pos
FUN_005698,90,0.04477611940298507,1,pos_s1458_e1488,0,0.0,0,pos
FUN_006343,0,0.0,0,pos,0,0.0,0,pos
FUN_001406,0,0.0,0,pos,0,0.0,0,pos
FUN_010166,0,0.0,0,pos,0,0.0,0,pos
FUN_000398,0,0.0,0,pos,0,0.0,0,pos
FUN_004213,0,0.0,0,pos,0,0.0,0,pos
FUN_011763,0,0.0,0,pos,0,0.0,0,pos
FUN_012084,24,0.01809954751131222,0,pos,0,0.0,0,pos
FUN_002919,90,0.21428571428571427,1,pos_s234_e324,0,0.0,0,pos
FUN_003442,0,0.0,0,pos,0,0.0,0,pos
FUN_009206,0,0.0,0,pos,0,0.0,0,pos
FUN_003172,0,0.0,0,pos,0,0.0,0,pos
FUN_003068,0,0.0,0,pos,0,0.0,0,pos
FUN_007350,324,0.057569296375266525,4,pos_s2058_e2118_s3450_e3486_s3810_e3858_s4614_e4746,48,0.008528784648187633,0,pos
FUN_007468,84,0.05090909090909091,2,pos_s426_e456_s906_e948,0,0.0,0,pos
FUN_004672,336,0.2828282828282828,3,pos_s690_e954_s978_e1014_s1026_e1056,216,0.18181818181818182,1,pos_s762_e942
FUN_000630,0,0.0,0,pos,0,0.0,0,pos
FUN_000371,0,0.0,0,pos,0,0.0,0,pos
FUN_016181,0,0.0,0,pos,0,0.0,0,pos
FUN_009001,0,0.0,0,pos,0,0.0,0,pos
FUN_011782,0,0.0,0,pos,0,0.0,0,pos
FUN_008326,0,0.0,0,pos,0,0.0,0,pos
FUN_004913,0,0.0,0,pos,0,0.0,0,pos
FUN_015671,0,0.0,0,pos,0,0.0,0,pos
FUN_015905,0,0.0,0,pos,0,0.0,0,pos
FUN_007247,24,0.008032128514056224,0,pos,0,0.0,0,pos
FUN_001881,0,0.0,0,pos,0,0.0,0,pos
FUN_015803,0,0.0,0,pos,0,0.0,0,pos
FUN_011159,54,0.04945054945054945,1,pos_s348_e396,0,0.0,0,pos
FUN_007559,48,0.020253164556962026,0,pos,0,0.0,0,pos
FUN_008873,6,0.007874015748031496,0,pos,0,0.0,0,pos
FUN_016537,0,0.0,0,pos,0,0.0,0,pos
FUN_005095,0,0.0,0,pos,0,0.0,0,pos
FUN_000452,0,0.0,0,pos,0,0.0,0,pos
FUN_006952,0,0.0,0,pos,0,0.0,0,pos
FUN_012540,0,0.0,0,pos,0,0.0,0,pos
FUN_007563,0,0.0,0,pos,0,0.0,0,pos
FUN_011556,0,0.0,0,pos,0,0.0,0,pos
FUN_007370,0,0.0,0,pos,0,0.0,0,pos
FUN_016179,0,0.0,0,pos,0,0.0,0,pos
FUN_005256,126,0.025362318840579712,2,pos_s318_e366_s1554_e1632,18,0.0036231884057971015,0,pos
FUN_011021,0,0.0,0,pos,0,0.0,0,pos
FUN_010501,0,0.0,0,pos,0,0.0,0,pos
FUN_005008,6,0.012658227848101266,0,pos,0,0.0,0,pos
FUN_003456,0,0.0,0,pos,0,0.0,0,pos
FUN_001800,0,0.0,0,pos,0,0.0,0,pos
FUN_000844,162,0.03400503778337532,3,pos_s324_e378_s384_e438_s648_e690,30,0.006297229219143577,1,pos_s348_e378
FUN_011090,282,0.30128205128205127,2,pos_s336_e396_s474_e588,144,0.15384615384615385,2,pos_s342_e396_s516_e576
FUN_010922,0,0.0,0,pos,0,0.0,0,pos
FUN_003709,0,0.0,0,pos,0,0.0,0,pos
FUN_000788,0,0.0,0,pos,0,0.0,0,pos
FUN_008568,42,0.029045643153526972,1,pos_s1014_e1044,12,0.008298755186721992,0,pos
FUN_000605,48,0.028169014084507043,0,pos,12,0.007042253521126761,0,pos
FUN_010656,156,0.040625,2,pos_s1674_e1728_s3366_e3414,18,0.0046875,0,pos
FUN_011199,0,0.0,0,pos,0,0.0,0,pos
FUN_016105,0,0.0,0,pos,0,0.0,0,pos
FUN_006396,0,0.0,0,pos,0,0.0,0,pos
FUN_016774,0,0.0,0,pos,0,0.0,0,pos
FUN_000947,36,0.01327433628318584,1,pos_s1368_e1404,0,0.0,0,pos
FUN_016185,0,0.0,0,pos,0,0.0,0,pos
FUN_010437,0,0.0,0,pos,0,0.0,0,pos
FUN_006459,96,0.03088803088803089,1,pos_s264_e360,0,0.0,0,pos
FUN_011584,0,0.0,0,pos,0,0.0,0,pos
FUN_010673,12,0.005571030640668524,0,pos,0,0.0,0,pos
FUN_002696,0,0.0,0,pos,0,0.0,0,pos
FUN_005374,0,0.0,0,pos,0,0.0,0,pos
FUN_016856,0,0.0,0,pos,0,0.0,0,pos
FUN_011109,0,0.0,0,pos,0,0.0,0,pos
FUN_012388,0,0.0,0,pos,0,0.0,0,pos
FUN_016166,0,0.0,0,pos,0,0.0,0,pos
FUN_009064,36,0.017543859649122806,1,pos_s1662_e1698,0,0.0,0,pos
FUN_012094,0,0.0,0,pos,0,0.0,0,pos
FUN_002417,6,0.0045871559633027525,0,pos,0,0.0,0,pos
FUN_002765,0,0.0,0,pos,0,0.0,0,pos
FUN_009452,0,0.0,0,pos,0,0.0,0,pos
FUN_012515,0,0.0,0,pos,0,0.0,0,pos
FUN_010182,0,0.0,0,pos,0,0.0,0,pos
FUN_006110,0,0.0,0,pos,0,0.0,0,pos
FUN_004407,120,0.0447427293064877,1,pos_s24_e78,36,0.013422818791946308,0,pos
FUN_000882,0,0.0,0,pos,0,0.0,0,pos
FUN_006897,36,0.013015184381778741,0,pos,0,0.0,0,pos
FUN_005719,36,0.056074766355140186,0,pos,18,0.028037383177570093,0,pos
FUN_010690,0,0.0,0,pos,0,0.0,0,pos
FUN_007235,0,0.0,0,pos,0,0.0,0,pos
FUN_001098,0,0.0,0,pos,0,0.0,0,pos
FUN_015814,0,0.0,0,pos,0,0.0,0,pos
FUN_015976,0,0.0,0,pos,0,0.0,0,pos
FUN_016736,0,0.0,0,pos,0,0.0,0,pos
FUN_008396,42,0.026717557251908396,0,pos,0,0.0,0,pos
FUN_011291,96,0.07048458149779736,1,pos_s6_e48,6,0.004405286343612335,0,pos
FUN_005967,72,0.36363636363636365,1,pos_s18_e84,18,0.09090909090909091,0,pos
FUN_002632,0,0.0,0,pos,0,0.0,0,pos
FUN_003617,12,0.005376344086021506,0,pos,0,0.0,0,pos
FUN_004664,0,0.0,0,pos,0,0.0,0,pos
FUN_003244,78,0.036011080332409975,1,pos_s1914_e1950,12,0.00554016620498615,0,pos
FUN_003552,0,0.0,0,pos,0,0.0,0,pos
FUN_002982,0,0.0,0,pos,0,0.0,0,pos
FUN_010161,0,0.0,0,pos,0,0.0,0,pos
FUN_012536,6,0.0196078431372549,0,pos,0,0.0,0,pos
FUN_015398,0,0.0,0,pos,0,0.0,0,pos
FUN_015271,0,0.0,0,pos,0,0.0,0,pos
FUN_010329,54,0.05625,1,pos_s0_e54,0,0.0,0,pos
FUN_008105,0,0.0,0,pos,0,0.0,0,pos
FUN_011539,0,0.0,0,pos,0,0.0,0,pos
FUN_009907,0,0.0,0,pos,0,0.0,0,pos
FUN_015416,0,0.0,0,pos,0,0.0,0,pos
FUN_009225,0,0.0,0,pos,0,0.0,0,pos
FUN_000231,96,0.64,1,pos_s6_e102,42,0.28,0,pos
FUN_016384,0,0.0,0,pos,0,0.0,0,pos
FUN_002681,24,0.036036036036036036,0,pos,0,0.0,0,pos
FUN_006928,144,0.05783132530120482,2,pos_s420_e456_s672_e774,24,0.00963855421686747,0,pos
FUN_007189,24,0.041666666666666664,0,pos,0,0.0,0,pos
FUN_002961,12,0.014285714285714285,0,pos,0,0.0,0,pos
FUN_001654,0,0.0,0,pos,0,0.0,0,pos
FUN_007727,0,0.0,0,pos,0,0.0,0,pos
FUN_008464,0,0.0,0,pos,0,0.0,0,pos
FUN_009494,0,0.0,0,pos,0,0.0,0,pos
FUN_015494,0,0.0,0,pos,0,0.0,0,pos
FUN_003316,0,0.0,0,pos,0,0.0,0,pos
FUN_008143,318,0.03505291005291005,3,pos_s648_e720_s990_e1086_s5946_e6018,6,0.0006613756613756613,0,pos
FUN_001650,54,0.020785219399538105,1,pos_s174_e228,0,0.0,0,pos
FUN_001882,0,0.0,0,pos,0,0.0,0,pos
FUN_006156,114,0.05080213903743316,1,pos_s1878_e1986,72,0.03208556149732621,1,pos_s1890_e1962
FUN_001353,0,0.0,0,pos,0,0.0,0,pos
FUN_000766,6,0.004739336492890996,0,pos,0,0.0,0,pos
FUN_001039,0,0.0,0,pos,0,0.0,0,pos
FUN_010073,0,0.0,0,pos,0,0.0,0,pos
FUN_010817,0,0.0,0,pos,0,0.0,0,pos
FUN_005834,0,0.0,0,pos,0,0.0,0,pos
FUN_006699,0,0.0,0,pos,0,0.0,0,pos
FUN_006995,0,0.0,0,pos,0,0.0,0,pos
FUN_016684,0,0.0,0,pos,0,0.0,0,pos
FUN_011245,0,0.0,0,pos,0,0.0,0,pos
FUN_006163,0,0.0,0,pos,0,0.0,0,pos
FUN_005548,0,0.0,0,pos,0,0.0,0,pos
FUN_011016,570,0.09013282732447818,8,pos_s390_e468_s498_e576_s3078_e3114_s3180_e3252_s4320_e4386_s5838_e5886_s5898_e5946_s6114_e6144,228,0.036053130929791274,3,pos_s498_e576_s3186_e3252_s5844_e5886
FUN_002115,0,0.0,0,pos,0,0.0,0,pos
FUN_006565,0,0.0,0,pos,0,0.0,0,pos
FUN_006944,0,0.0,0,pos,0,0.0,0,pos
FUN_015559,0,0.0,0,pos,0,0.0,0,pos
FUN_005664,42,0.035175879396984924,1,pos_s0_e42,0,0.0,0,pos
FUN_006919,120,0.06369426751592357,1,pos_s1404_e1446,0,0.0,0,pos
FUN_002648,30,0.011737089201877934,0,pos,0,0.0,0,pos
FUN_010246,0,0.0,0,pos,0,0.0,0,pos
FUN_002214,0,0.0,0,pos,0,0.0,0,pos
FUN_003314,0,0.0,0,pos,0,0.0,0,pos
FUN_010831,36,0.011320754716981131,1,pos_s438_e468,0,0.0,0,pos
FUN_009738,30,0.02,0,pos,0,0.0,0,pos
FUN_000830,0,0.0,0,pos,0,0.0,0,pos
FUN_010234,0,0.0,0,pos,0,0.0,0,pos
FUN_003349,54,0.025787965616045846,1,pos_s744_e780,0,0.0,0,pos
FUN_004296,0,0.0,0,pos,0,0.0,0,pos
FUN_000204,0,0.0,0,pos,0,0.0,0,pos
FUN_005814,0,0.0,0,pos,0,0.0,0,pos
FUN_008557,96,0.03463203463203463,2,pos_s1860_e1914_s2406_e2436,36,0.012987012987012988,1,pos_s1866_e1902
FUN_008109,6,0.0036496350364963502,0,pos,0,0.0,0,pos
FUN_006663,0,0.0,0,pos,0,0.0,0,pos
FUN_007392,150,0.0589622641509434,2,pos_s1062_e1092_s1104_e1146,6,0.0023584905660377358,0,pos
FUN_001696,0,0.0,0,pos,0,0.0,0,pos
FUN_007985,0,0.0,0,pos,0,0.0,0,pos
FUN_007265,0,0.0,0,pos,0,0.0,0,pos
FUN_005315,24,0.008048289738430584,0,pos,0,0.0,0,pos
FUN_015910,0,0.0,0,pos,0,0.0,0,pos
FUN_007995,0,0.0,0,pos,0,0.0,0,pos
FUN_000746,12,0.0043859649122807015,0,pos,0,0.0,0,pos
FUN_011068,42,0.05223880597014925,1,pos_s588_e624,0,0.0,0,pos
FUN_011136,0,0.0,0,pos,0,0.0,0,pos
FUN_000418,132,0.041121495327102804,1,pos_s2790_e2910,108,0.03364485981308411,1,pos_s2808_e2910
FUN_000613,0,0.0,0,pos,0,0.0,0,pos
FUN_016673,0,0.0,0,pos,0,0.0,0,pos
FUN_009785,0,0.0,0,pos,0,0.0,0,pos
FUN_007683,0,0.0,0,pos,0,0.0,0,pos
FUN_002876,0,0.0,0,pos,0,0.0,0,pos
FUN_005313,0,0.0,0,pos,0,0.0,0,pos
FUN_003541,0,0.0,0,pos,0,0.0,0,pos
FUN_016021,0,0.0,0,pos,0,0.0,0,pos
FUN_003058,120,0.07722007722007722,1,pos_s1194_e1272,0,0.0,0,pos
FUN_008270,0,0.0,0,pos,0,0.0,0,pos
FUN_012336,0,0.0,0,pos,0,0.0,0,pos
FUN_005676,18,0.005628517823639775,0,pos,0,0.0,0,pos
FUN_006684,0,0.0,0,pos,0,0.0,0,pos
FUN_016453,0,0.0,0,pos,0,0.0,0,pos
FUN_005464,0,0.0,0,pos,0,0.0,0,pos
FUN_000860,0,0.0,0,pos,0,0.0,0,pos
FUN_015465,0,0.0,0,pos,0,0.0,0,pos
FUN_005843,0,0.0,0,pos,0,0.0,0,pos
FUN_008592,0,0.0,0,pos,0,0.0,0,pos
FUN_008065,96,0.04395604395604396,1,pos_s834_e888,0,0.0,0,pos
FUN_010481,0,0.0,0,pos,0,0.0,0,pos
FUN_010697,18,0.010526315789473684,0,pos,0,0.0,0,pos
FUN_000884,0,0.0,0,pos,0,0.0,0,pos
FUN_004240,0,0.0,0,pos,0,0.0,0,pos
FUN_005220,0,0.0,0,pos,0,0.0,0,pos
FUN_008061,0,0.0,0,pos,0,0.0,0,pos
FUN_016270,0,0.0,0,pos,0,0.0,0,pos
FUN_002104,72,0.0192,1,pos_s600_e666,18,0.0048,0,pos
FUN_001901,0,0.0,0,pos,0,0.0,0,pos
FUN_011131,42,0.03225806451612903,1,pos_s450_e492,0,0.0,0,pos
FUN_005248,0,0.0,0,pos,0,0.0,0,pos
FUN_002971,0,0.0,0,pos,0,0.0,0,pos
FUN_006268,0,0.0,0,pos,0,0.0,0,pos
FUN_006968,0,0.0,0,pos,0,0.0,0,pos
FUN_007348,0,0.0,0,pos,0,0.0,0,pos
FUN_010762,0,0.0,0,pos,0,0.0,0,pos
FUN_000670,0,0.0,0,pos,0,0.0,0,pos
FUN_001802,0,0.0,0,pos,0,0.0,0,pos
FUN_008504,0,0.0,0,pos,0,0.0,0,pos
FUN_003696,0,0.0,0,pos,0,0.0,0,pos
FUN_002850,12,0.03225806451612903,0,pos,0,0.0,0,pos
FUN_009044,216,0.09045226130653267,2,pos_s1110_e1206_s1272_e1338,72,0.03015075376884422,1,pos_s1164_e1206
FUN_005309,0,0.0,0,pos,0,0.0,0,pos
FUN_003129,60,0.057803468208092484,0,pos,0,0.0,0,pos
FUN_011170,0,0.0,0,pos,0,0.0,0,pos
FUN_005078,6,0.003257328990228013,0,pos,0,0.0,0,pos
FUN_004721,0,0.0,0,pos,0,0.0,0,pos
FUN_015794,0,0.0,0,pos,0,0.0,0,pos
FUN_001530,132,0.0990990990990991,3,pos_s288_e324_s984_e1050_s1056_e1086,54,0.04054054054054054,1,pos_s1014_e1050
FUN_016436,0,0.0,0,pos,0,0.0,0,pos
FUN_009092,18,0.010238907849829351,0,pos,0,0.0,0,pos
FUN_001813,0,0.0,0,pos,0,0.0,0,pos
FUN_000622,0,0.0,0,pos,0,0.0,0,pos
FUN_008094,0,0.0,0,pos,0,0.0,0,pos
FUN_007166,114,0.0521978021978022,1,pos_s1548_e1632,6,0.0027472527472527475,0,pos
FUN_002086,0,0.0,0,pos,0,0.0,0,pos
FUN_001522,0,0.0,0,pos,0,0.0,0,pos
FUN_016244,0,0.0,0,pos,0,0.0,0,pos
FUN_007646,0,0.0,0,pos,0,0.0,0,pos
FUN_000303,0,0.0,0,pos,0,0.0,0,pos
FUN_012193,0,0.0,0,pos,0,0.0,0,pos
FUN_007406,0,0.0,0,pos,0,0.0,0,pos
FUN_016385,0,0.0,0,pos,0,0.0,0,pos
FUN_016555,0,0.0,0,pos,0,0.0,0,pos
FUN_002793,0,0.0,0,pos,0,0.0,0,pos
FUN_003152,0,0.0,0,pos,0,0.0,0,pos
FUN_016040,0,0.0,0,pos,0,0.0,0,pos
FUN_015781,0,0.0,0,pos,0,0.0,0,pos
FUN_004656,0,0.0,0,pos,0,0.0,0,pos
FUN_005925,0,0.0,0,pos,0,0.0,0,pos
FUN_007973,0,0.0,0,pos,0,0.0,0,pos
FUN_015804,0,0.0,0,pos,0,0.0,0,pos
FUN_003202,6,0.007633587786259542,0,pos,0,0.0,0,pos
FUN_008013,0,0.0,0,pos,0,0.0,0,pos
FUN_009698,0,0.0,0,pos,0,0.0,0,pos
FUN_012232,0,0.0,0,pos,0,0.0,0,pos
FUN_003533,144,0.03153745072273324,2,pos_s3726_e3786_s4314_e4350,0,0.0,0,pos
FUN_016198,0,0.0,0,pos,0,0.0,0,pos
FUN_006909,0,0.0,0,pos,0,0.0,0,pos
FUN_011179,306,0.08374384236453201,2,pos_s2850_e3048_s3144_e3240,174,0.047619047619047616,2,pos_s2874_e2946_s3156_e3240
FUN_001605,48,0.12121212121212122,0,pos,12,0.030303030303030304,0,pos
FUN_006498,0,0.0,0,pos,0,0.0,0,pos
FUN_006588,6,0.007874015748031496,0,pos,0,0.0,0,pos
FUN_001456,0,0.0,0,pos,0,0.0,0,pos
FUN_007632,0,0.0,0,pos,0,0.0,0,pos
FUN_010169,0,0.0,0,pos,0,0.0,0,pos
FUN_003804,0,0.0,0,pos,0,0.0,0,pos
FUN_010081,324,0.1323529411764706,4,pos_s174_e204_s1002_e1110_s1122_e1158_s1284_e1374,48,0.0196078431372549,0,pos
FUN_012359,24,0.039603960396039604,0,pos,0,0.0,0,pos
FUN_006753,6,0.0019342359767891683,0,pos,0,0.0,0,pos
FUN_008159,48,0.043478260869565216,0,pos,18,0.016304347826086956,0,pos
FUN_004283,462,0.08406113537117904,5,pos_s1284_e1314_s1392_e1464_s1740_e1824_s2718_e2826_s3546_e3594,150,0.027292576419213975,3,pos_s1764_e1794_s2718_e2772_s2778_e2826
FUN_007270,0,0.0,0,pos,0,0.0,0,pos
FUN_015431,0,0.0,0,pos,0,0.0,0,pos
FUN_003745,0,0.0,0,pos,0,0.0,0,pos
FUN_011197,0,0.0,0,pos,0,0.0,0,pos
FUN_009813,0,0.0,0,pos,0,0.0,0,pos
FUN_006312,0,0.0,0,pos,0,0.0,0,pos
FUN_009723,0,0.0,0,pos,0,0.0,0,pos
FUN_008856,144,0.14906832298136646,2,pos_s0_e30_s744_e834,66,0.06832298136645963,0,pos
FUN_005593,36,0.016666666666666666,1,pos_s1182_e1212,0,0.0,0,pos
FUN_016245,0,0.0,0,pos,0,0.0,0,pos
FUN_010010,0,0.0,0,pos,0,0.0,0,pos
FUN_007879,0,0.0,0,pos,0,0.0,0,pos
FUN_009626,84,0.07526881720430108,1,pos_s444_e504,0,0.0,0,pos
FUN_002229,0,0.0,0,pos,0,0.0,0,pos
FUN_003426,270,0.3629032258064516,3,pos_s252_e300_s306_e378_s516_e630,108,0.14516129032258066,2,pos_s330_e360_s552_e600
FUN_011614,0,0.0,0,pos,0,0.0,0,pos
FUN_012071,0,0.0,0,pos,0,0.0,0,pos
FUN_002075,0,0.0,0,pos,0,0.0,0,pos
FUN_005399,0,0.0,0,pos,0,0.0,0,pos
FUN_008038,24,0.008791208791208791,0,pos,0,0.0,0,pos
FUN_007897,0,0.0,0,pos,0,0.0,0,pos
FUN_006429,0,0.0,0,pos,0,0.0,0,pos
FUN_000897,0,0.0,0,pos,0,0.0,0,pos
FUN_007210,0,0.0,0,pos,0,0.0,0,pos
FUN_000944,54,0.015957446808510637,1,pos_s528_e570,0,0.0,0,pos
FUN_006992,0,0.0,0,pos,0,0.0,0,pos
FUN_006971,30,0.034722222222222224,0,pos,0,0.0,0,pos
FUN_005915,0,0.0,0,pos,0,0.0,0,pos
FUN_008026,0,0.0,0,pos,0,0.0,0,pos
FUN_006100,0,0.0,0,pos,0,0.0,0,pos
FUN_011098,0,0.0,0,pos,0,0.0,0,pos
FUN_000556,0,0.0,0,pos,0,0.0,0,pos
FUN_000689,0,0.0,0,pos,0,0.0,0,pos
FUN_004408,102,0.06343283582089553,1,pos_s1152_e1218,18,0.011194029850746268,0,pos
FUN_000779,198,0.058823529411764705,2,pos_s1368_e1488_s2244_e2274,48,0.0142602495543672,1,pos_s1416_e1446
FUN_008885,0,0.0,0,pos,0,0.0,0,pos
FUN_002343,0,0.0,0,pos,0,0.0,0,pos
FUN_005782,0,0.0,0,pos,0,0.0,0,pos
FUN_007062,0,0.0,0,pos,0,0.0,0,pos
FUN_012387,0,0.0,0,pos,0,0.0,0,pos
FUN_001892,0,0.0,0,pos,0,0.0,0,pos
FUN_005630,6,0.008695652173913044,0,pos,0,0.0,0,pos
FUN_007058,120,0.042826552462526764,2,pos_s1146_e1182_s1620_e1692,48,0.017130620985010708,0,pos
FUN_006685,0,0.0,0,pos,0,0.0,0,pos
FUN_003502,312,0.14168937329700274,3,pos_s624_e738_s942_e1056_s1080_e1152,234,0.10626702997275204,3,pos_s624_e672_s690_e732_s942_e1056
FUN_016340,0,0.0,0,pos,0,0.0,0,pos
FUN_008009,0,0.0,0,pos,0,0.0,0,pos
FUN_000476,0,0.0,0,pos,0,0.0,0,pos
FUN_003224,0,0.0,0,pos,0,0.0,0,pos
FUN_011138,6,0.07142857142857142,0,pos,0,0.0,0,pos
FUN_012386,0,0.0,0,pos,0,0.0,0,pos
FUN_007694,48,0.0163265306122449,0,pos,0,0.0,0,pos
FUN_001008,0,0.0,0,pos,0,0.0,0,pos
FUN_016215,0,0.0,0,pos,0,0.0,0,pos
FUN_003072,0,0.0,0,pos,0,0.0,0,pos
FUN_006779,102,0.09770114942528736,1,pos_s912_e1014,96,0.09195402298850575,1,pos_s912_e1008
FUN_003256,0,0.0,0,pos,0,0.0,0,pos
FUN_009577,60,0.03225806451612903,1,pos_s528_e564,24,0.012903225806451613,0,pos
FUN_010536,0,0.0,0,pos,0,0.0,0,pos
FUN_010305,138,0.17424242424242425,1,pos_s606_e642,12,0.015151515151515152,0,pos
FUN_015570,0,0.0,0,pos,0,0.0,0,pos
FUN_005287,0,0.0,0,pos,0,0.0,0,pos
FUN_016041,0,0.0,0,pos,0,0.0,0,pos
FUN_001187,102,0.17346938775510204,1,pos_s90_e174,72,0.12244897959183673,1,pos_s96_e168
FUN_006116,24,0.005326231691078562,0,pos,0,0.0,0,pos
FUN_001932,6,0.0025575447570332483,0,pos,0,0.0,0,pos
FUN_000057,12,0.012269938650306749,0,pos,0,0.0,0,pos
FUN_000423,0,0.0,0,pos,0,0.0,0,pos
FUN_002466,90,0.09803921568627451,1,pos_s654_e744,36,0.0392156862745098,1,pos_s708_e744
FUN_011510,0,0.0,0,pos,0,0.0,0,pos
FUN_002725,72,0.024390243902439025,1,pos_s1470_e1512,0,0.0,0,pos
FUN_002044,66,0.057291666666666664,0,pos,0,0.0,0,pos
FUN_009286,0,0.0,0,pos,0,0.0,0,pos
FUN_010270,6,0.008130081300813009,0,pos,0,0.0,0,pos
FUN_010706,0,0.0,0,pos,0,0.0,0,pos
FUN_001880,0,0.0,0,pos,0,0.0,0,pos
FUN_008729,42,0.0603448275862069,1,pos_s504_e540,0,0.0,0,pos
FUN_009218,0,0.0,0,pos,0,0.0,0,pos
FUN_007069,18,0.018633540372670808,0,pos,0,0.0,0,pos
FUN_007021,138,0.19166666666666668,1,pos_s336_e474,48,0.06666666666666667,1,pos_s390_e426
FUN_016812,0,0.0,0,pos,0,0.0,0,pos
FUN_011209,36,0.015544041450777202,1,pos_s1608_e1644,0,0.0,0,pos
FUN_000453,0,0.0,0,pos,0,0.0,0,pos
FUN_001246,0,0.0,0,pos,0,0.0,0,pos
FUN_005571,0,0.0,0,pos,0,0.0,0,pos
FUN_003474,216,0.28125,3,pos_s0_e102_s126_e180_s276_e312,84,0.109375,2,pos_s60_e102_s126_e162
FUN_015426,0,0.0,0,pos,0,0.0,0,pos
FUN_016073,0,0.0,0,pos,0,0.0,0,pos
FUN_011154,0,0.0,0,pos,0,0.0,0,pos
FUN_006871,0,0.0,0,pos,0,0.0,0,pos
FUN_002998,0,0.0,0,pos,0,0.0,0,pos
FUN_001736,0,0.0,0,pos,0,0.0,0,pos
FUN_005899,0,0.0,0,pos,0,0.0,0,pos
FUN_005873,0,0.0,0,pos,0,0.0,0,pos
FUN_009674,0,0.0,0,pos,0,0.0,0,pos
FUN_015385,0,0.0,0,pos,0,0.0,0,pos
FUN_001531,0,0.0,0,pos,0,0.0,0,pos
FUN_009125,0,0.0,0,pos,0,0.0,0,pos
FUN_011987,0,0.0,0,pos,0,0.0,0,pos
FUN_012141,0,0.0,0,pos,0,0.0,0,pos
FUN_007950,0,0.0,0,pos,0,0.0,0,pos
FUN_004260,0,0.0,0,pos,0,0.0,0,pos
FUN_015291,0,0.0,0,pos,0,0.0,0,pos
FUN_011857,0,0.0,0,pos,0,0.0,0,pos
FUN_008602,24,0.031496062992125984,0,pos,0,0.0,0,pos
FUN_004443,30,0.09090909090909091,1,pos_s150_e180,0,0.0,0,pos
FUN_015880,0,0.0,0,pos,0,0.0,0,pos
FUN_001765,66,0.042801556420233464,1,pos_s0_e66,60,0.038910505836575876,1,pos_s6_e66
FUN_011992,0,0.0,0,pos,0,0.0,0,pos
FUN_016027,0,0.0,0,pos,0,0.0,0,pos
FUN_003158,0,0.0,0,pos,0,0.0,0,pos
FUN_003214,276,0.35384615384615387,2,pos_s216_e342_s354_e450,180,0.23076923076923078,2,pos_s216_e342_s354_e396
FUN_011788,0,0.0,0,pos,0,0.0,0,pos
FUN_011261,0,0.0,0,pos,0,0.0,0,pos
FUN_005338,0,0.0,0,pos,0,0.0,0,pos
FUN_007539,0,0.0,0,pos,0,0.0,0,pos
FUN_009693,6,0.007246376811594203,0,pos,0,0.0,0,pos
FUN_015347,0,0.0,0,pos,0,0.0,0,pos
FUN_000929,0,0.0,0,pos,0,0.0,0,pos
FUN_006611,12,0.022727272727272728,0,pos,0,0.0,0,pos
FUN_007249,24,0.03278688524590164,0,pos,0,0.0,0,pos
FUN_002387,0,0.0,0,pos,0,0.0,0,pos
FUN_011070,24,0.03225806451612903,0,pos,6,0.008064516129032258,0,pos
FUN_001058,54,0.02821316614420063,1,pos_s576_e624,0,0.0,0,pos
FUN_012372,0,0.0,0,pos,0,0.0,0,pos
FUN_008445,0,0.0,0,pos,0,0.0,0,pos
FUN_006962,84,0.029350104821802937,1,pos_s1182_e1218,0,0.0,0,pos
FUN_007380,426,0.10939907550077041,5,pos_s1596_e1692_s1704_e1764_s2250_e2304_s2442_e2538_s2550_e2592,108,0.02773497688751926,2,pos_s1626_e1668_s2262_e2298
FUN_001299,0,0.0,0,pos,0,0.0,0,pos
FUN_015592,0,0.0,0,pos,0,0.0,0,pos
FUN_000181,6,0.00423728813559322,0,pos,0,0.0,0,pos
FUN_004265,30,0.015723270440251572,1,pos_s0_e30,0,0.0,0,pos
FUN_010232,594,0.14327062228654125,8,pos_s1224_e1278_s1296_e1332_s1392_e1470_s2256_e2328_s2358_e2406_s2658_e2718_s2724_e2826_s3066_e3150,180,0.04341534008683068,3,pos_s1410_e1470_s2724_e2766_s2790_e2820
FUN_011730,0,0.0,0,pos,0,0.0,0,pos
FUN_005649,96,0.06639004149377593,1,pos_s1290_e1386,0,0.0,0,pos
FUN_001252,0,0.0,0,pos,0,0.0,0,pos
FUN_010083,510,0.13076923076923078,5,pos_s900_e1044_s1182_e1296_s1554_e1584_s1884_e1980_s3372_e3486,282,0.07230769230769231,4,pos_s984_e1044_s1926_e1980_s3372_e3426_s3438_e3468
FUN_005525,54,0.022900763358778626,0,pos,0,0.0,0,pos
FUN_015540,0,0.0,0,pos,0,0.0,0,pos
FUN_015437,0,0.0,0,pos,0,0.0,0,pos
FUN_009644,78,0.07222222222222222,1,pos_s606_e672,18,0.016666666666666666,0,pos
FUN_001409,0,0.0,0,pos,0,0.0,0,pos
FUN_006497,0,0.0,0,pos,0,0.0,0,pos
FUN_001642,48,0.03292181069958848,1,pos_s666_e714,0,0.0,0,pos
FUN_007054,36,0.005128205128205128,0,pos,0,0.0,0,pos
FUN_008531,120,0.03838771593090211,2,pos_s2970_e3024_s3036_e3096,66,0.02111324376199616,1,pos_s3042_e3090
FUN_015731,0,0.0,0,pos,0,0.0,0,pos
FUN_006821,42,0.0625,1,pos_s348_e390,0,0.0,0,pos
FUN_008827,0,0.0,0,pos,0,0.0,0,pos
FUN_003484,42,0.13725490196078433,1,pos_s120_e162,0,0.0,0,pos
FUN_007549,0,0.0,0,pos,0,0.0,0,pos
FUN_011573,0,0.0,0,pos,0,0.0,0,pos
FUN_003573,0,0.0,0,pos,0,0.0,0,pos
FUN_001290,18,0.008086253369272238,0,pos,0,0.0,0,pos
FUN_000718,0,0.0,0,pos,0,0.0,0,pos
FUN_010007,0,0.0,0,pos,0,0.0,0,pos
FUN_009183,0,0.0,0,pos,0,0.0,0,pos
FUN_016695,0,0.0,0,pos,0,0.0,0,pos
FUN_005360,306,0.08823529411764706,5,pos_s24_e66_s72_e108_s1050_e1158_s2604_e2634_s3114_e3156,84,0.02422145328719723,1,pos_s1074_e1158
FUN_010926,24,0.015209125475285171,0,pos,0,0.0,0,pos
FUN_002204,0,0.0,0,pos,0,0.0,0,pos
FUN_005959,0,0.0,0,pos,0,0.0,0,pos
FUN_000240,0,0.0,0,pos,0,0.0,0,pos
FUN_000527,0,0.0,0,pos,0,0.0,0,pos
FUN_001540,0,0.0,0,pos,0,0.0,0,pos
FUN_009482,0,0.0,0,pos,0,0.0,0,pos
FUN_010265,0,0.0,0,pos,0,0.0,0,pos
FUN_012397,0,0.0,0,pos,0,0.0,0,pos
FUN_000595,0,0.0,0,pos,0,0.0,0,pos
FUN_007168,48,0.03571428571428571,1,pos_s360_e402,42,0.03125,1,pos_s360_e402
FUN_004453,0,0.0,0,pos,0,0.0,0,pos
FUN_012082,0,0.0,0,pos,0,0.0,0,pos
FUN_006505,0,0.0,0,pos,0,0.0,0,pos
FUN_006990,0,0.0,0,pos,0,0.0,0,pos
FUN_008764,0,0.0,0,pos,0,0.0,0,pos
FUN_007558,0,0.0,0,pos,0,0.0,0,pos
FUN_000785,0,0.0,0,pos,0,0.0,0,pos
FUN_000917,24,0.09302325581395349,0,pos,0,0.0,0,pos
FUN_008522,0,0.0,0,pos,0,0.0,0,pos
FUN_007834,204,0.04956268221574344,3,pos_s1050_e1092_s1098_e1158_s1326_e1362,30,0.007288629737609329,0,pos
FUN_001675,0,0.0,0,pos,0,0.0,0,pos
FUN_001969,0,0.0,0,pos,0,0.0,0,pos
FUN_003491,0,0.0,0,pos,0,0.0,0,pos
FUN_006596,24,0.021052631578947368,0,pos,0,0.0,0,pos
FUN_007053,0,0.0,0,pos,0,0.0,0,pos
FUN_003046,0,0.0,0,pos,0,0.0,0,pos
FUN_003605,6,0.0055248618784530384,0,pos,0,0.0,0,pos
FUN_008535,0,0.0,0,pos,0,0.0,0,pos
FUN_003627,0,0.0,0,pos,0,0.0,0,pos
FUN_009159,0,0.0,0,pos,0,0.0,0,pos
FUN_006296,0,0.0,0,pos,0,0.0,0,pos
FUN_003525,108,0.044226044226044224,1,pos_s2304_e2412,42,0.0171990171990172,1,pos_s2340_e2382
FUN_004032,156,0.12807881773399016,1,pos_s1062_e1200,78,0.06403940886699508,1,pos_s1152_e1188
FUN_006740,0,0.0,0,pos,0,0.0,0,pos
FUN_009579,312,0.029936672423719057,5,pos_s2910_e2970_s9150_e9180_s9330_e9390_s9858_e9912_s9954_e9996,6,0.0005757052389176742,0,pos
FUN_007905,54,0.018867924528301886,1,pos_s1380_e1410,0,0.0,0,pos
FUN_016720,0,0.0,0,pos,0,0.0,0,pos
FUN_015944,0,0.0,0,pos,0,0.0,0,pos
FUN_001652,0,0.0,0,pos,0,0.0,0,pos
FUN_010213,54,0.06164383561643835,1,pos_s168_e222,0,0.0,0,pos
FUN_004060,0,0.0,0,pos,0,0.0,0,pos
FUN_008190,0,0.0,0,pos,0,0.0,0,pos
FUN_002925,0,0.0,0,pos,0,0.0,0,pos
FUN_016051,0,0.0,0,pos,0,0.0,0,pos
FUN_004040,0,0.0,0,pos,0,0.0,0,pos
FUN_011272,96,0.19753086419753085,1,pos_s138_e210,42,0.08641975308641975,1,pos_s150_e180
FUN_000640,0,0.0,0,pos,0,0.0,0,pos
FUN_003209,18,0.01910828025477707,0,pos,0,0.0,0,pos
FUN_010201,0,0.0,0,pos,0,0.0,0,pos
FUN_003120,0,0.0,0,pos,0,0.0,0,pos
FUN_000658,0,0.0,0,pos,0,0.0,0,pos
FUN_011317,0,0.0,0,pos,0,0.0,0,pos
FUN_008180,0,0.0,0,pos,0,0.0,0,pos
FUN_011591,0,0.0,0,pos,0,0.0,0,pos
FUN_012308,0,0.0,0,pos,0,0.0,0,pos
FUN_001839,30,0.0228310502283105,0,pos,0,0.0,0,pos
FUN_006414,18,0.023076923076923078,0,pos,0,0.0,0,pos
FUN_009958,0,0.0,0,pos,0,0.0,0,pos
FUN_005354,0,0.0,0,pos,0,0.0,0,pos
FUN_001990,0,0.0,0,pos,0,0.0,0,pos
FUN_007703,0,0.0,0,pos,0,0.0,0,pos
FUN_009615,0,0.0,0,pos,0,0.0,0,pos
FUN_001693,0,0.0,0,pos,0,0.0,0,pos
FUN_004050,0,0.0,0,pos,0,0.0,0,pos
FUN_006074,0,0.0,0,pos,0,0.0,0,pos
FUN_001139,0,0.0,0,pos,0,0.0,0,pos
FUN_005654,36,0.02564102564102564,0,pos,0,0.0,0,pos
FUN_002561,36,0.02197802197802198,0,pos,0,0.0,0,pos
FUN_001482,0,0.0,0,pos,0,0.0,0,pos
FUN_003888,0,0.0,0,pos,0,0.0,0,pos
FUN_008262,0,0.0,0,pos,0,0.0,0,pos
FUN_008834,0,0.0,0,pos,0,0.0,0,pos
FUN_009977,72,0.024390243902439025,1,pos_s2280_e2322,18,0.006097560975609756,0,pos
FUN_001911,0,0.0,0,pos,0,0.0,0,pos
FUN_006258,48,0.07142857142857142,1,pos_s516_e546,0,0.0,0,pos
FUN_010592,96,0.11764705882352941,2,pos_s684_e744_s762_e798,0,0.0,0,pos
FUN_007257,0,0.0,0,pos,0,0.0,0,pos
FUN_006211,0,0.0,0,pos,0,0.0,0,pos
FUN_005252,0,0.0,0,pos,0,0.0,0,pos
FUN_000739,0,0.0,0,pos,0,0.0,0,pos
FUN_016007,0,0.0,0,pos,0,0.0,0,pos
FUN_000016,0,0.0,0,pos,0,0.0,0,pos
FUN_005583,0,0.0,0,pos,0,0.0,0,pos
FUN_005665,0,0.0,0,pos,0,0.0,0,pos
FUN_007328,0,0.0,0,pos,0,0.0,0,pos
FUN_010878,102,0.13709677419354838,1,pos_s462_e534,60,0.08064516129032258,1,pos_s462_e522
FUN_006598,0,0.0,0,pos,0,0.0,0,pos
FUN_000505,0,0.0,0,pos,0,0.0,0,pos
FUN_002221,66,0.048672566371681415,1,pos_s786_e852,0,0.0,0,pos
FUN_000618,0,0.0,0,pos,0,0.0,0,pos
FUN_003784,0,0.0,0,pos,0,0.0,0,pos
FUN_001773,0,0.0,0,pos,0,0.0,0,pos
FUN_012245,0,0.0,0,pos,0,0.0,0,pos
FUN_009556,18,0.015957446808510637,0,pos,0,0.0,0,pos
FUN_015253,0,0.0,0,pos,0,0.0,0,pos
FUN_002678,102,0.07589285714285714,2,pos_s360_e396_s414_e468,24,0.017857142857142856,0,pos
FUN_008733,12,0.0091324200913242,0,pos,0,0.0,0,pos
FUN_016327,0,0.0,0,pos,0,0.0,0,pos
FUN_016757,0,0.0,0,pos,0,0.0,0,pos
FUN_004775,0,0.0,0,pos,0,0.0,0,pos
FUN_003863,0,0.0,0,pos,0,0.0,0,pos
FUN_009642,18,0.04918032786885246,0,pos,0,0.0,0,pos
FUN_003450,48,0.020833333333333332,1,pos_s1302_e1344,0,0.0,0,pos
FUN_004392,0,0.0,0,pos,0,0.0,0,pos
FUN_004760,0,0.0,0,pos,0,0.0,0,pos
FUN_015953,0,0.0,0,pos,0,0.0,0,pos
FUN_002782,0,0.0,0,pos,0,0.0,0,pos
FUN_002181,54,0.017857142857142856,1,pos_s1938_e1992,0,0.0,0,pos
FUN_006790,0,0.0,0,pos,0,0.0,0,pos
FUN_002596,12,0.015748031496062992,0,pos,0,0.0,0,pos
FUN_004636,78,0.010416666666666666,1,pos_s3426_e3498,0,0.0,0,pos
FUN_005973,0,0.0,0,pos,0,0.0,0,pos
FUN_009743,0,0.0,0,pos,0,0.0,0,pos
FUN_012195,0,0.0,0,pos,0,0.0,0,pos
FUN_010857,0,0.0,0,pos,0,0.0,0,pos
FUN_005301,0,0.0,0,pos,0,0.0,0,pos
FUN_000450,0,0.0,0,pos,0,0.0,0,pos
FUN_009490,0,0.0,0,pos,0,0.0,0,pos
FUN_006755,36,0.009819967266775777,0,pos,0,0.0,0,pos
FUN_003298,0,0.0,0,pos,0,0.0,0,pos
FUN_000224,0,0.0,0,pos,0,0.0,0,pos
FUN_016318,0,0.0,0,pos,0,0.0,0,pos
FUN_001230,0,0.0,0,pos,0,0.0,0,pos
FUN_016663,0,0.0,0,pos,0,0.0,0,pos
FUN_002801,0,0.0,0,pos,0,0.0,0,pos
FUN_011589,0,0.0,0,pos,0,0.0,0,pos
FUN_012402,0,0.0,0,pos,0,0.0,0,pos
FUN_003093,6,0.004,0,pos,0,0.0,0,pos
FUN_008778,54,0.043478260869565216,1,pos_s756_e804,0,0.0,0,pos
FUN_009115,0,0.0,0,pos,0,0.0,0,pos
FUN_002867,102,0.06296296296296296,2,pos_s1062_e1098_s1212_e1278,6,0.003703703703703704,0,pos
FUN_015961,0,0.0,0,pos,0,0.0,0,pos
FUN_016703,0,0.0,0,pos,0,0.0,0,pos
FUN_011373,282,0.0408695652173913,4,pos_s1050_e1092_s3402_e3510_s4080_e4116_s6372_e6402,114,0.01652173913043478,1,pos_s3402_e3480
FUN_008148,0,0.0,0,pos,0,0.0,0,pos
FUN_010067,0,0.0,0,pos,0,0.0,0,pos
FUN_016446,0,0.0,0,pos,0,0.0,0,pos
FUN_004091,72,0.06521739130434782,1,pos_s1014_e1086,42,0.03804347826086957,1,pos_s1014_e1050
FUN_004693,0,0.0,0,pos,0,0.0,0,pos
FUN_005854,102,0.03434343434343434,2,pos_s1908_e1950_s2280_e2340,0,0.0,0,pos
FUN_005724,0,0.0,0,pos,0,0.0,0,pos
FUN_002140,0,0.0,0,pos,0,0.0,0,pos
FUN_016763,0,0.0,0,pos,0,0.0,0,pos
FUN_005199,18,0.02127659574468085,0,pos,0,0.0,0,pos
FUN_011083,0,0.0,0,pos,0,0.0,0,pos
FUN_009574,0,0.0,0,pos,0,0.0,0,pos
FUN_004005,0,0.0,0,pos,0,0.0,0,pos
FUN_011446,6,0.008620689655172414,0,pos,0,0.0,0,pos
FUN_010858,0,0.0,0,pos,0,0.0,0,pos
FUN_000958,36,0.03550295857988166,0,pos,0,0.0,0,pos
FUN_006145,0,0.0,0,pos,0,0.0,0,pos
FUN_011720,0,0.0,0,pos,0,0.0,0,pos
FUN_012513,0,0.0,0,pos,0,0.0,0,pos
FUN_002017,6,0.004629629629629629,0,pos,0,0.0,0,pos
FUN_015486,0,0.0,0,pos,0,0.0,0,pos
FUN_015777,0,0.0,0,pos,0,0.0,0,pos
FUN_000517,0,0.0,0,pos,0,0.0,0,pos
FUN_002525,0,0.0,0,pos,0,0.0,0,pos
FUN_007615,0,0.0,0,pos,0,0.0,0,pos
FUN_010378,0,0.0,0,pos,0,0.0,0,pos
FUN_003249,12,0.004347826086956522,0,pos,6,0.002173913043478261,0,pos
FUN_009851,0,0.0,0,pos,0,0.0,0,pos
FUN_015530,66,0.06962025316455696,2,pos_s630_e666_s744_e774,12,0.012658227848101266,0,pos
FUN_000254,0,0.0,0,pos,0,0.0,0,pos
FUN_001647,0,0.0,0,pos,0,0.0,0,pos
FUN_002201,54,0.018907563025210083,1,pos_s894_e930,0,0.0,0,pos
FUN_016053,0,0.0,0,pos,0,0.0,0,pos
FUN_001659,0,0.0,0,pos,0,0.0,0,pos
FUN_009397,0,0.0,0,pos,0,0.0,0,pos
FUN_016218,0,0.0,0,pos,0,0.0,0,pos
FUN_005718,0,0.0,0,pos,0,0.0,0,pos
FUN_000284,162,0.08517350157728706,1,pos_s186_e282,36,0.01892744479495268,1,pos_s204_e234
FUN_000040,0,0.0,0,pos,0,0.0,0,pos
FUN_007217,42,0.02280130293159609,1,pos_s1554_e1584,0,0.0,0,pos
FUN_012467,0,0.0,0,pos,0,0.0,0,pos
FUN_007709,0,0.0,0,pos,0,0.0,0,pos
FUN_007408,0,0.0,0,pos,0,0.0,0,pos
FUN_000229,288,0.11428571428571428,3,pos_s606_e642_s846_e882_s1200_e1362,108,0.04285714285714286,2,pos_s1224_e1266_s1278_e1344
FUN_011761,0,0.0,0,pos,0,0.0,0,pos
FUN_004749,24,0.011049723756906077,0,pos,6,0.0027624309392265192,0,pos
FUN_002955,192,0.2644628099173554,2,pos_s318_e402_s636_e720,12,0.01652892561983471,0,pos
FUN_003178,0,0.0,0,pos,0,0.0,0,pos
FUN_004452,24,0.07407407407407407,0,pos,0,0.0,0,pos
FUN_006951,0,0.0,0,pos,0,0.0,0,pos
FUN_009789,0,0.0,0,pos,0,0.0,0,pos
FUN_000700,66,0.18032786885245902,1,pos_s6_e72,0,0.0,0,pos
FUN_000114,0,0.0,0,pos,0,0.0,0,pos
FUN_011601,0,0.0,0,pos,0,0.0,0,pos
FUN_004858,222,0.6851851851851852,2,pos_s0_e102_s108_e204,90,0.2777777777777778,1,pos_s162_e192
FUN_016591,0,0.0,0,pos,0,0.0,0,pos
FUN_006477,0,0.0,0,pos,0,0.0,0,pos
FUN_001333,0,0.0,0,pos,0,0.0,0,pos
FUN_003485,0,0.0,0,pos,0,0.0,0,pos
FUN_003221,6,0.0024449877750611247,0,pos,0,0.0,0,pos
FUN_010793,0,0.0,0,pos,0,0.0,0,pos
FUN_007611,12,0.05714285714285714,0,pos,0,0.0,0,pos
FUN_009414,0,0.0,0,pos,0,0.0,0,pos
FUN_016645,0,0.0,0,pos,0,0.0,0,pos
FUN_004574,0,0.0,0,pos,0,0.0,0,pos
FUN_005202,0,0.0,0,pos,0,0.0,0,pos
FUN_016657,0,0.0,0,pos,0,0.0,0,pos
FUN_001695,18,0.010067114093959731,0,pos,0,0.0,0,pos
FUN_016845,0,0.0,0,pos,0,0.0,0,pos
FUN_004866,0,0.0,0,pos,0,0.0,0,pos
FUN_016107,0,0.0,0,pos,0,0.0,0,pos
FUN_004190,78,0.01911764705882353,2,pos_s918_e948_s1236_e1278,42,0.010294117647058823,1,pos_s1236_e1278
FUN_004779,0,0.0,0,pos,0,0.0,0,pos
FUN_000026,108,0.011435832274459974,1,pos_s6030_e6132,78,0.008259212198221092,2,pos_s6036_e6066_s6084_e6126
FUN_011353,108,0.01978021978021978,1,pos_s2346_e2448,30,0.005494505494505495,0,pos
FUN_011181,12,0.03389830508474576,0,pos,0,0.0,0,pos
FUN_011113,0,0.0,0,pos,0,0.0,0,pos
FUN_005293,0,0.0,0,pos,0,0.0,0,pos
FUN_015474,0,0.0,0,pos,0,0.0,0,pos
FUN_004304,0,0.0,0,pos,0,0.0,0,pos
FUN_010269,0,0.0,0,pos,0,0.0,0,pos
FUN_009278,174,0.16666666666666666,2,pos_s150_e264_s288_e342,78,0.07471264367816093,1,pos_s204_e264
FUN_001793,18,0.007792207792207792,0,pos,0,0.0,0,pos
FUN_009638,0,0.0,0,pos,0,0.0,0,pos
FUN_001352,42,0.029787234042553193,1,pos_s834_e876,0,0.0,0,pos
FUN_015250,0,0.0,0,pos,0,0.0,0,pos
FUN_000390,0,0.0,0,pos,0,0.0,0,pos
FUN_007175,0,0.0,0,pos,0,0.0,0,pos
FUN_006338,0,0.0,0,pos,0,0.0,0,pos
FUN_012385,0,0.0,0,pos,0,0.0,0,pos
FUN_009169,0,0.0,0,pos,0,0.0,0,pos
FUN_006316,0,0.0,0,pos,0,0.0,0,pos
FUN_015419,0,0.0,0,pos,0,0.0,0,pos
FUN_008712,108,0.05504587155963303,1,pos_s234_e342,0,0.0,0,pos
FUN_007677,0,0.0,0,pos,0,0.0,0,pos
FUN_009891,0,0.0,0,pos,0,0.0,0,pos
FUN_008799,216,0.27906976744186046,1,pos_s450_e582,114,0.14728682170542637,1,pos_s456_e564
FUN_008765,150,0.030303030303030304,3,pos_s0_e54_s3756_e3822_s4278_e4308,12,0.0024242424242424242,0,pos
FUN_007211,0,0.0,0,pos,0,0.0,0,pos
FUN_012147,0,0.0,0,pos,0,0.0,0,pos
FUN_015704,0,0.0,0,pos,0,0.0,0,pos
FUN_004325,0,0.0,0,pos,0,0.0,0,pos
FUN_010132,18,0.017964071856287425,0,pos,0,0.0,0,pos
FUN_003026,0,0.0,0,pos,0,0.0,0,pos
FUN_006912,0,0.0,0,pos,0,0.0,0,pos
FUN_003680,0,0.0,0,pos,0,0.0,0,pos
FUN_006022,0,0.0,0,pos,0,0.0,0,pos
FUN_006844,0,0.0,0,pos,0,0.0,0,pos
FUN_006287,0,0.0,0,pos,0,0.0,0,pos
FUN_007736,0,0.0,0,pos,0,0.0,0,pos
FUN_007924,462,0.022344747533372025,7,pos_s642_e696_s2004_e2052_s12174_e12210_s13920_e13992_s15750_e15804_s16524_e16572_s19992_e20058,72,0.003482298316889147,1,pos_s16542_e16572
FUN_006433,0,0.0,0,pos,0,0.0,0,pos
FUN_007351,0,0.0,0,pos,0,0.0,0,pos
FUN_002881,0,0.0,0,pos,0,0.0,0,pos
FUN_000943,0,0.0,0,pos,0,0.0,0,pos
FUN_011253,210,0.09695290858725762,3,pos_s138_e228_s234_e270_s588_e654,54,0.024930747922437674,1,pos_s186_e216
FUN_008638,594,0.2053941908713693,5,pos_s894_e1050_s1098_e1164_s1170_e1218_s2574_e2658_s2664_e2844,384,0.13278008298755187,4,pos_s894_e990_s1104_e1164_s2604_e2658_s2664_e2826
FUN_000853,0,0.0,0,pos,0,0.0,0,pos
FUN_001667,0,0.0,0,pos,0,0.0,0,pos
FUN_002382,288,0.13872832369942195,3,pos_s6_e120_s234_e318_s1590_e1662,174,0.0838150289017341,2,pos_s6_e120_s258_e318
FUN_004665,0,0.0,0,pos,0,0.0,0,pos
FUN_001156,0,0.0,0,pos,0,0.0,0,pos
FUN_015662,0,0.0,0,pos,0,0.0,0,pos
FUN_010496,0,0.0,0,pos,0,0.0,0,pos
FUN_002144,0,0.0,0,pos,0,0.0,0,pos
FUN_004894,0,0.0,0,pos,0,0.0,0,pos
FUN_008797,42,0.032407407407407406,1,pos_s0_e42,0,0.0,0,pos
FUN_007647,24,0.0449438202247191,0,pos,0,0.0,0,pos
FUN_016680,0,0.0,0,pos,0,0.0,0,pos
FUN_004416,0,0.0,0,pos,0,0.0,0,pos
FUN_005414,0,0.0,0,pos,0,0.0,0,pos
FUN_006537,6,0.0022935779816513763,0,pos,0,0.0,0,pos
FUN_016367,0,0.0,0,pos,0,0.0,0,pos
FUN_009665,144,0.04088586030664395,2,pos_s852_e882_s1332_e1368,0,0.0,0,pos
FUN_003943,0,0.0,0,pos,0,0.0,0,pos
FUN_003689,0,0.0,0,pos,0,0.0,0,pos
FUN_004788,48,0.02185792349726776,1,pos_s780_e816,0,0.0,0,pos
FUN_015407,0,0.0,0,pos,0,0.0,0,pos
FUN_005512,6,0.0051813471502590676,0,pos,0,0.0,0,pos
FUN_003549,72,0.05084745762711865,1,pos_s342_e390,0,0.0,0,pos
FUN_003811,0,0.0,0,pos,0,0.0,0,pos
FUN_009892,0,0.0,0,pos,0,0.0,0,pos
FUN_004358,78,0.04529616724738676,1,pos_s954_e1008,18,0.010452961672473868,0,pos
FUN_016286,0,0.0,0,pos,0,0.0,0,pos
FUN_000740,0,0.0,0,pos,0,0.0,0,pos
FUN_006520,84,0.05737704918032787,2,pos_s1212_e1242_s1248_e1302,0,0.0,0,pos
FUN_004969,0,0.0,0,pos,0,0.0,0,pos
FUN_001691,0,0.0,0,pos,0,0.0,0,pos
FUN_001385,0,0.0,0,pos,0,0.0,0,pos
FUN_010248,0,0.0,0,pos,0,0.0,0,pos
FUN_015461,0,0.0,0,pos,0,0.0,0,pos
FUN_002551,0,0.0,0,pos,0,0.0,0,pos
FUN_006373,72,0.015604681404421327,1,pos_s2868_e2898,42,0.009102730819245773,0,pos
FUN_009707,126,0.03690685413005272,1,pos_s2490_e2568,0,0.0,0,pos
FUN_012156,0,0.0,0,pos,0,0.0,0,pos
FUN_004310,0,0.0,0,pos,0,0.0,0,pos
FUN_008609,0,0.0,0,pos,0,0.0,0,pos
FUN_001372,0,0.0,0,pos,0,0.0,0,pos
FUN_007524,0,0.0,0,pos,0,0.0,0,pos
FUN_015760,0,0.0,0,pos,0,0.0,0,pos
FUN_007323,0,0.0,0,pos,0,0.0,0,pos
FUN_011935,0,0.0,0,pos,0,0.0,0,pos
FUN_009417,0,0.0,0,pos,0,0.0,0,pos
FUN_008583,0,0.0,0,pos,0,0.0,0,pos
FUN_001234,0,0.0,0,pos,0,0.0,0,pos
FUN_001677,0,0.0,0,pos,0,0.0,0,pos
FUN_008662,0,0.0,0,pos,0,0.0,0,pos
FUN_005308,0,0.0,0,pos,0,0.0,0,pos
FUN_000045,0,0.0,0,pos,0,0.0,0,pos
FUN_010442,0,0.0,0,pos,0,0.0,0,pos
FUN_005897,0,0.0,0,pos,0,0.0,0,pos
FUN_005867,0,0.0,0,pos,0,0.0,0,pos
FUN_016723,0,0.0,0,pos,0,0.0,0,pos
FUN_010625,30,0.02702702702702703,0,pos,0,0.0,0,pos
FUN_016613,0,0.0,0,pos,0,0.0,0,pos
FUN_016643,0,0.0,0,pos,0,0.0,0,pos
FUN_010691,0,0.0,0,pos,0,0.0,0,pos
FUN_000055,6,0.0040650406504065045,0,pos,0,0.0,0,pos
FUN_003606,0,0.0,0,pos,0,0.0,0,pos
FUN_015968,0,0.0,0,pos,0,0.0,0,pos
FUN_009269,0,0.0,0,pos,0,0.0,0,pos
FUN_004079,0,0.0,0,pos,0,0.0,0,pos
FUN_016003,0,0.0,0,pos,0,0.0,0,pos
FUN_008098,6,0.003968253968253968,0,pos,0,0.0,0,pos
FUN_005916,0,0.0,0,pos,0,0.0,0,pos
FUN_016738,0,0.0,0,pos,0,0.0,0,pos
FUN_002810,0,0.0,0,pos,0,0.0,0,pos
FUN_010952,0,0.0,0,pos,0,0.0,0,pos
FUN_010230,204,0.18579234972677597,3,pos_s12_e90_s762_e792_s1002_e1032,18,0.01639344262295082,0,pos
FUN_000511,0,0.0,0,pos,0,0.0,0,pos
FUN_009672,0,0.0,0,pos,0,0.0,0,pos
FUN_005213,120,0.037243947858473,1,pos_s2622_e2736,114,0.035381750465549346,1,pos_s2622_e2736
FUN_000837,0,0.0,0,pos,0,0.0,0,pos
FUN_008612,0,0.0,0,pos,0,0.0,0,pos
FUN_000074,258,0.0957683741648107,2,pos_s630_e744_s2472_e2604,216,0.0801781737193764,2,pos_s630_e744_s2490_e2580
FUN_010167,0,0.0,0,pos,0,0.0,0,pos
FUN_012379,102,0.015468607825295723,0,pos,66,0.010009099181073703,1,pos_s6492_e6558
FUN_003017,60,0.16129032258064516,0,pos,6,0.016129032258064516,0,pos
FUN_011377,0,0.0,0,pos,0,0.0,0,pos
FUN_006911,0,0.0,0,pos,0,0.0,0,pos
FUN_016783,0,0.0,0,pos,0,0.0,0,pos
FUN_000183,0,0.0,0,pos,0,0.0,0,pos
FUN_016797,0,0.0,0,pos,0,0.0,0,pos
FUN_003087,162,0.08737864077669903,3,pos_s996_e1074_s1104_e1140_s1182_e1224,54,0.02912621359223301,1,pos_s1188_e1218
FUN_016849,0,0.0,0,pos,0,0.0,0,pos
FUN_006617,0,0.0,0,pos,0,0.0,0,pos
FUN_008271,0,0.0,0,pos,0,0.0,0,pos
FUN_009249,0,0.0,0,pos,0,0.0,0,pos
FUN_006303,0,0.0,0,pos,0,0.0,0,pos
FUN_008872,24,0.02962962962962963,0,pos,0,0.0,0,pos
FUN_010529,6,0.004608294930875576,0,pos,0,0.0,0,pos
FUN_011025,36,0.02654867256637168,1,pos_s588_e624,0,0.0,0,pos
FUN_011081,114,0.38,1,pos_s150_e252,66,0.22,1,pos_s180_e246
FUN_008484,0,0.0,0,pos,0,0.0,0,pos
FUN_011886,0,0.0,0,pos,0,0.0,0,pos
FUN_010603,0,0.0,0,pos,0,0.0,0,pos
FUN_010633,756,0.11988582302568981,9,pos_s1890_e1920_s2292_e2388_s2526_e2640_s3150_e3210_s3384_e3480_s3864_e3978_s4656_e4692_s5556_e5658_s6240_e6294,318,0.05042816365366318,3,pos_s3408_e3468_s3864_e3978_s5574_e5658
FUN_002690,0,0.0,0,pos,0,0.0,0,pos
FUN_006577,108,0.2222222222222222,1,pos_s234_e324,0,0.0,0,pos
FUN_015636,0,0.0,0,pos,0,0.0,0,pos
FUN_004299,0,0.0,0,pos,0,0.0,0,pos
FUN_012522,0,0.0,0,pos,0,0.0,0,pos
FUN_012086,0,0.0,0,pos,0,0.0,0,pos
FUN_007238,12,0.0031007751937984496,0,pos,0,0.0,0,pos
FUN_007431,0,0.0,0,pos,0,0.0,0,pos
FUN_001512,0,0.0,0,pos,0,0.0,0,pos
FUN_007504,36,0.01107011070110701,0,pos,12,0.0036900369003690036,0,pos
FUN_011241,0,0.0,0,pos,0,0.0,0,pos
FUN_006502,0,0.0,0,pos,0,0.0,0,pos
FUN_015514,0,0.0,0,pos,0,0.0,0,pos
FUN_012237,0,0.0,0,pos,0,0.0,0,pos
FUN_015687,0,0.0,0,pos,0,0.0,0,pos
FUN_004035,0,0.0,0,pos,0,0.0,0,pos
FUN_000644,0,0.0,0,pos,0,0.0,0,pos
FUN_002456,0,0.0,0,pos,0,0.0,0,pos
FUN_009228,0,0.0,0,pos,0,0.0,0,pos
FUN_005121,84,0.125,1,pos_s18_e78,12,0.017857142857142856,0,pos
FUN_015867,0,0.0,0,pos,0,0.0,0,pos
FUN_007186,0,0.0,0,pos,0,0.0,0,pos
FUN_015839,0,0.0,0,pos,0,0.0,0,pos
FUN_009912,0,0.0,0,pos,0,0.0,0,pos
FUN_009792,0,0.0,0,pos,0,0.0,0,pos
FUN_002827,0,0.0,0,pos,0,0.0,0,pos
FUN_006194,0,0.0,0,pos,0,0.0,0,pos
FUN_010012,0,0.0,0,pos,0,0.0,0,pos
FUN_011340,132,0.16417910447761194,2,pos_s18_e54_s624_e678,6,0.007462686567164179,0,pos
FUN_016098,0,0.0,0,pos,0,0.0,0,pos
FUN_007173,348,0.20567375886524822,3,pos_s780_e882_s984_e1098_s1110_e1224,264,0.15602836879432624,3,pos_s846_e882_s990_e1098_s1110_e1200
FUN_010424,0,0.0,0,pos,0,0.0,0,pos
FUN_011201,0,0.0,0,pos,0,0.0,0,pos
FUN_009053,0,0.0,0,pos,0,0.0,0,pos
FUN_007286,0,0.0,0,pos,0,0.0,0,pos
FUN_001931,0,0.0,0,pos,0,0.0,0,pos
FUN_005173,0,0.0,0,pos,0,0.0,0,pos
FUN_006675,0,0.0,0,pos,0,0.0,0,pos
FUN_016875,90,0.02717391304347826,2,pos_s2130_e2172_s2190_e2238,6,0.0018115942028985507,0,pos
FUN_004292,0,0.0,0,pos,0,0.0,0,pos
FUN_007139,0,0.0,0,pos,0,0.0,0,pos
FUN_005489,96,0.09696969696969697,2,pos_s270_e306_s336_e384,0,0.0,0,pos
FUN_002599,30,0.011990407673860911,0,pos,0,0.0,0,pos
FUN_000141,0,0.0,0,pos,0,0.0,0,pos
FUN_003098,0,0.0,0,pos,0,0.0,0,pos
FUN_001416,210,0.2713178294573643,1,pos_s372_e498,198,0.2558139534883721,1,pos_s372_e498
FUN_010879,0,0.0,0,pos,0,0.0,0,pos
FUN_006009,0,0.0,0,pos,0,0.0,0,pos
FUN_009181,6,0.0018315018315018315,0,pos,0,0.0,0,pos
FUN_002625,0,0.0,0,pos,0,0.0,0,pos
FUN_007866,0,0.0,0,pos,0,0.0,0,pos
FUN_006112,0,0.0,0,pos,0,0.0,0,pos
FUN_000983,0,0.0,0,pos,0,0.0,0,pos
FUN_004685,0,0.0,0,pos,0,0.0,0,pos
FUN_003772,0,0.0,0,pos,0,0.0,0,pos
FUN_001764,12,0.017094017094017096,0,pos,0,0.0,0,pos
FUN_008518,0,0.0,0,pos,0,0.0,0,pos
FUN_010355,0,0.0,0,pos,0,0.0,0,pos
FUN_011439,0,0.0,0,pos,0,0.0,0,pos
FUN_004313,0,0.0,0,pos,0,0.0,0,pos
FUN_005304,0,0.0,0,pos,0,0.0,0,pos
FUN_005898,0,0.0,0,pos,0,0.0,0,pos
FUN_008954,0,0.0,0,pos,0,0.0,0,pos
FUN_005647,0,0.0,0,pos,0,0.0,0,pos
FUN_001635,18,0.015625,0,pos,0,0.0,0,pos
FUN_008965,0,0.0,0,pos,0,0.0,0,pos
FUN_003353,0,0.0,0,pos,0,0.0,0,pos
FUN_011360,312,0.11040339702760085,6,pos_s468_e510_s516_e582_s1824_e1854_s2076_e2106_s2424_e2460_s2778_e2814,0,0.0,0,pos
FUN_007639,24,0.025157232704402517,0,pos,18,0.018867924528301886,0,pos
FUN_000834,0,0.0,0,pos,0,0.0,0,pos
FUN_008844,126,0.058823529411764705,2,pos_s588_e648_s1284_e1350,60,0.028011204481792718,1,pos_s1284_e1344
FUN_011383,66,0.061452513966480445,1,pos_s210_e246,0,0.0,0,pos
FUN_009664,30,0.027932960893854747,1,pos_s126_e156,0,0.0,0,pos
FUN_005951,0,0.0,0,pos,0,0.0,0,pos
FUN_006419,534,0.11265822784810127,6,pos_s522_e570_s750_e828_s1296_e1410_s1434_e1548_s3330_e3396_s4008_e4056,210,0.04430379746835443,3,pos_s750_e804_s1380_e1410_s1434_e1548
FUN_012068,0,0.0,0,pos,0,0.0,0,pos
FUN_000353,12,0.006389776357827476,0,pos,0,0.0,0,pos
FUN_010085,0,0.0,0,pos,0,0.0,0,pos
FUN_007857,354,0.05235137533274179,6,pos_s3294_e3396_s3462_e3504_s5418_e5484_s6030_e6084_s6114_e6144_s6528_e6558,72,0.01064773735581189,1,pos_s6036_e6078
FUN_011724,0,0.0,0,pos,0,0.0,0,pos
FUN_007470,0,0.0,0,pos,0,0.0,0,pos
FUN_003848,0,0.0,0,pos,0,0.0,0,pos
FUN_008235,60,0.0411522633744856,1,pos_s792_e846,0,0.0,0,pos
FUN_011153,0,0.0,0,pos,0,0.0,0,pos
FUN_012307,0,0.0,0,pos,0,0.0,0,pos
FUN_008529,0,0.0,0,pos,0,0.0,0,pos
FUN_011728,0,0.0,0,pos,0,0.0,0,pos
FUN_001425,0,0.0,0,pos,0,0.0,0,pos
FUN_016668,0,0.0,0,pos,0,0.0,0,pos
FUN_004736,84,0.09210526315789473,1,pos_s612_e690,6,0.006578947368421052,0,pos
FUN_009736,0,0.0,0,pos,0,0.0,0,pos
FUN_006310,24,0.010101010101010102,0,pos,0,0.0,0,pos
FUN_005538,150,0.10683760683760683,1,pos_s882_e1002,42,0.029914529914529916,1,pos_s882_e918
FUN_015360,0,0.0,0,pos,0,0.0,0,pos
FUN_007274,114,0.14728682170542637,1,pos_s186_e300,54,0.06976744186046512,1,pos_s246_e288
FUN_001899,0,0.0,0,pos,0,0.0,0,pos
FUN_003294,0,0.0,0,pos,0,0.0,0,pos
FUN_016113,0,0.0,0,pos,0,0.0,0,pos
FUN_007518,0,0.0,0,pos,0,0.0,0,pos
FUN_002398,78,0.02037617554858934,1,pos_s2628_e2694,66,0.017241379310344827,1,pos_s2628_e2694
FUN_004371,0,0.0,0,pos,0,0.0,0,pos
FUN_004555,0,0.0,0,pos,0,0.0,0,pos
FUN_015816,0,0.0,0,pos,0,0.0,0,pos
FUN_003460,414,0.06941649899396378,6,pos_s1398_e1434_s1482_e1608_s2502_e2532_s3324_e3408_s5220_e5250_s5886_e5934,204,0.03420523138832998,2,pos_s1548_e1602_s3342_e3408
FUN_005926,0,0.0,0,pos,0,0.0,0,pos
FUN_001358,0,0.0,0,pos,0,0.0,0,pos
FUN_005243,0,0.0,0,pos,0,0.0,0,pos
FUN_011348,0,0.0,0,pos,0,0.0,0,pos
FUN_005632,0,0.0,0,pos,0,0.0,0,pos
FUN_016249,0,0.0,0,pos,0,0.0,0,pos
FUN_011880,0,0.0,0,pos,0,0.0,0,pos
FUN_011305,30,0.007451564828614009,1,pos_s504_e534,24,0.005961251862891207,0,pos
FUN_001992,0,0.0,0,pos,0,0.0,0,pos
FUN_009969,0,0.0,0,pos,0,0.0,0,pos
FUN_011077,0,0.0,0,pos,0,0.0,0,pos
FUN_010890,0,0.0,0,pos,0,0.0,0,pos
FUN_005102,0,0.0,0,pos,0,0.0,0,pos
FUN_015445,0,0.0,0,pos,0,0.0,0,pos
FUN_000846,0,0.0,0,pos,0,0.0,0,pos
FUN_001590,90,0.020242914979757085,1,pos_s1962_e2052,66,0.014844804318488529,1,pos_s1962_e2028
FUN_000475,0,0.0,0,pos,0,0.0,0,pos
FUN_000468,0,0.0,0,pos,0,0.0,0,pos
FUN_011798,84,0.03431372549019608,1,pos_s2088_e2136,12,0.004901960784313725,0,pos
FUN_016401,6,0.009523809523809525,0,pos,0,0.0,0,pos
FUN_007497,48,0.038834951456310676,1,pos_s78_e126,0,0.0,0,pos
FUN_010282,0,0.0,0,pos,0,0.0,0,pos
FUN_003457,264,0.11796246648793565,5,pos_s1116_e1164_s1194_e1224_s1230_e1290_s1440_e1482_s1632_e1692,42,0.01876675603217158,1,pos_s1632_e1668
FUN_015284,0,0.0,0,pos,0,0.0,0,pos
FUN_011522,0,0.0,0,pos,0,0.0,0,pos
FUN_003295,108,0.052478134110787174,2,pos_s144_e222_s972_e1002,78,0.037900874635568516,1,pos_s144_e222
FUN_002218,0,0.0,0,pos,0,0.0,0,pos
FUN_003125,18,0.0026041666666666665,0,pos,0,0.0,0,pos
FUN_005637,0,0.0,0,pos,0,0.0,0,pos
FUN_002306,0,0.0,0,pos,0,0.0,0,pos
FUN_007734,0,0.0,0,pos,0,0.0,0,pos
FUN_007273,24,0.029197080291970802,0,pos,0,0.0,0,pos
FUN_001579,24,0.00796812749003984,0,pos,0,0.0,0,pos
FUN_011333,0,0.0,0,pos,0,0.0,0,pos
FUN_012244,0,0.0,0,pos,0,0.0,0,pos
FUN_012311,0,0.0,0,pos,0,0.0,0,pos
FUN_008285,0,0.0,0,pos,0,0.0,0,pos
FUN_007221,24,0.0111731843575419,0,pos,0,0.0,0,pos
FUN_000167,36,0.02459016393442623,0,pos,18,0.012295081967213115,0,pos
FUN_010099,18,0.03529411764705882,0,pos,0,0.0,0,pos
FUN_003594,0,0.0,0,pos,0,0.0,0,pos
FUN_002030,0,0.0,0,pos,0,0.0,0,pos
FUN_002604,0,0.0,0,pos,0,0.0,0,pos
FUN_003384,0,0.0,0,pos,0,0.0,0,pos
FUN_010038,30,0.01597444089456869,1,pos_s738_e768,0,0.0,0,pos
FUN_004875,0,0.0,0,pos,0,0.0,0,pos
FUN_015328,0,0.0,0,pos,0,0.0,0,pos
FUN_005878,78,0.07065217391304347,1,pos_s906_e966,6,0.005434782608695652,0,pos
FUN_004445,0,0.0,0,pos,0,0.0,0,pos
FUN_004554,0,0.0,0,pos,0,0.0,0,pos
FUN_003373,0,0.0,0,pos,0,0.0,0,pos
FUN_006420,30,0.013812154696132596,0,pos,0,0.0,0,pos
FUN_005921,18,0.025423728813559324,0,pos,0,0.0,0,pos
FUN_006711,78,0.036312849162011177,0,pos,18,0.008379888268156424,0,pos
FUN_001742,0,0.0,0,pos,0,0.0,0,pos
FUN_001788,0,0.0,0,pos,0,0.0,0,pos
FUN_002127,0,0.0,0,pos,0,0.0,0,pos
FUN_012009,0,0.0,0,pos,0,0.0,0,pos
FUN_007063,144,0.0664819944598338,1,pos_s594_e708,60,0.027700831024930747,1,pos_s612_e648
FUN_000620,654,0.014246503725003268,10,pos_s3588_e3630_s4182_e4212_s5490_e5604_s10134_e10182_s10200_e10242_s12138_e12180_s20562_e20664_s25830_e25872_s30240_e30276_s40164_e40224,198,0.004313161678211998,2,pos_s5490_e5598_s20562_e20640
FUN_012226,330,0.36423841059602646,3,pos_s18_e186_s306_e408_s438_e480,72,0.07947019867549669,0,pos
FUN_011512,0,0.0,0,pos,0,0.0,0,pos
FUN_011892,0,0.0,0,pos,0,0.0,0,pos
FUN_006124,0,0.0,0,pos,0,0.0,0,pos
FUN_000430,66,0.03806228373702422,1,pos_s756_e798,0,0.0,0,pos
FUN_002278,0,0.0,0,pos,0,0.0,0,pos
FUN_005586,12,0.011627906976744186,0,pos,0,0.0,0,pos
FUN_005028,0,0.0,0,pos,0,0.0,0,pos
FUN_005267,0,0.0,0,pos,0,0.0,0,pos
FUN_011623,0,0.0,0,pos,0,0.0,0,pos
FUN_016653,0,0.0,0,pos,0,0.0,0,pos
FUN_010499,0,0.0,0,pos,0,0.0,0,pos
FUN_006727,78,0.036827195467422094,1,pos_s1722_e1788,24,0.0113314447592068,0,pos
FUN_002857,96,0.02882882882882883,1,pos_s12_e54,18,0.005405405405405406,0,pos
FUN_001421,0,0.0,0,pos,0,0.0,0,pos
FUN_003790,0,0.0,0,pos,0,0.0,0,pos
FUN_007933,0,0.0,0,pos,0,0.0,0,pos
FUN_008591,0,0.0,0,pos,0,0.0,0,pos
FUN_016730,0,0.0,0,pos,0,0.0,0,pos
FUN_007652,0,0.0,0,pos,0,0.0,0,pos
FUN_015544,0,0.0,0,pos,0,0.0,0,pos
FUN_007863,42,0.009308510638297872,1,pos_s3420_e3450,36,0.007978723404255319,0,pos
FUN_009409,108,0.03805496828752643,1,pos_s510_e594,0,0.0,0,pos
FUN_004444,84,0.07142857142857142,1,pos_s90_e174,0,0.0,0,pos
FUN_004927,0,0.0,0,pos,0,0.0,0,pos
FUN_006182,0,0.0,0,pos,0,0.0,0,pos
FUN_001735,0,0.0,0,pos,0,0.0,0,pos
FUN_008541,246,0.10991957104557641,3,pos_s0_e54_s90_e180_s504_e594,18,0.00804289544235925,0,pos
FUN_004307,0,0.0,0,pos,0,0.0,0,pos
FUN_012491,0,0.0,0,pos,0,0.0,0,pos
FUN_000372,0,0.0,0,pos,0,0.0,0,pos
FUN_007824,60,0.04878048780487805,1,pos_s180_e216,0,0.0,0,pos
FUN_011260,0,0.0,0,pos,0,0.0,0,pos
FUN_012056,0,0.0,0,pos,0,0.0,0,pos
FUN_011767,0,0.0,0,pos,0,0.0,0,pos
FUN_004042,0,0.0,0,pos,0,0.0,0,pos
FUN_015749,0,0.0,0,pos,0,0.0,0,pos
FUN_001771,0,0.0,0,pos,0,0.0,0,pos
FUN_011936,0,0.0,0,pos,0,0.0,0,pos
FUN_003122,0,0.0,0,pos,0,0.0,0,pos
FUN_001404,0,0.0,0,pos,0,0.0,0,pos
FUN_008302,42,0.016587677725118485,0,pos,0,0.0,0,pos
FUN_009919,12,0.06896551724137931,0,pos,0,0.0,0,pos
FUN_005609,54,0.019438444924406047,1,pos_s2082_e2118,0,0.0,0,pos
FUN_005002,66,0.044534412955465584,1,pos_s378_e444,0,0.0,0,pos
FUN_004814,252,0.07023411371237458,3,pos_s804_e948_s954_e984_s1302_e1338,102,0.028428093645484948,1,pos_s846_e918
FUN_004234,0,0.0,0,pos,0,0.0,0,pos
FUN_005639,36,0.013215859030837005,1,pos_s276_e312,0,0.0,0,pos
FUN_009465,12,0.0125,0,pos,0,0.0,0,pos
FUN_011345,0,0.0,0,pos,0,0.0,0,pos
FUN_001597,0,0.0,0,pos,0,0.0,0,pos
FUN_006171,342,0.08850931677018634,6,pos_s756_e810_s1404_e1446_s2934_e2970_s3096_e3126_s3162_e3198_s3204_e3276,60,0.015527950310559006,0,pos
FUN_010884,0,0.0,0,pos,0,0.0,0,pos
FUN_006534,0,0.0,0,pos,0,0.0,0,pos
FUN_008433,60,0.054945054945054944,1,pos_s102_e150,12,0.01098901098901099,0,pos
FUN_007300,12,0.007042253521126761,0,pos,0,0.0,0,pos
FUN_009231,54,0.13636363636363635,0,pos,18,0.045454545454545456,0,pos
FUN_011407,0,0.0,0,pos,0,0.0,0,pos
FUN_001002,0,0.0,0,pos,0,0.0,0,pos
FUN_001622,0,0.0,0,pos,0,0.0,0,pos
FUN_015464,0,0.0,0,pos,0,0.0,0,pos
FUN_012478,0,0.0,0,pos,0,0.0,0,pos
FUN_011287,240,0.02610966057441253,2,pos_s4836_e4866_s5124_e5160,42,0.0045691906005221935,0,pos
FUN_010760,0,0.0,0,pos,0,0.0,0,pos
FUN_005115,0,0.0,0,pos,0,0.0,0,pos
FUN_011172,156,0.03117505995203837,2,pos_s3984_e4014_s4404_e4470,36,0.007194244604316547,1,pos_s4440_e4470
FUN_010812,60,0.033444816053511704,1,pos_s390_e438,60,0.033444816053511704,1,pos_s390_e438
FUN_012277,0,0.0,0,pos,0,0.0,0,pos
FUN_008691,0,0.0,0,pos,0,0.0,0,pos
FUN_010727,0,0.0,0,pos,0,0.0,0,pos
FUN_000135,0,0.0,0,pos,0,0.0,0,pos
FUN_002211,0,0.0,0,pos,0,0.0,0,pos
FUN_011121,0,0.0,0,pos,0,0.0,0,pos
FUN_007172,192,0.1927710843373494,2,pos_s162_e276_s636_e714,114,0.1144578313253012,1,pos_s162_e276
FUN_006097,0,0.0,0,pos,0,0.0,0,pos
FUN_002997,0,0.0,0,pos,0,0.0,0,pos
FUN_012142,0,0.0,0,pos,0,0.0,0,pos
FUN_003967,12,0.011560693641618497,0,pos,0,0.0,0,pos
FUN_011107,0,0.0,0,pos,0,0.0,0,pos
FUN_015446,0,0.0,0,pos,0,0.0,0,pos
FUN_015984,0,0.0,0,pos,0,0.0,0,pos
FUN_011232,12,0.008771929824561403,0,pos,0,0.0,0,pos
FUN_008403,0,0.0,0,pos,0,0.0,0,pos
FUN_007823,0,0.0,0,pos,0,0.0,0,pos
FUN_005982,0,0.0,0,pos,0,0.0,0,pos
FUN_010997,0,0.0,0,pos,0,0.0,0,pos
FUN_009985,12,0.05714285714285714,0,pos,12,0.05714285714285714,0,pos
FUN_004120,0,0.0,0,pos,0,0.0,0,pos
FUN_009122,0,0.0,0,pos,0,0.0,0,pos
FUN_001572,0,0.0,0,pos,0,0.0,0,pos
FUN_006811,0,0.0,0,pos,0,0.0,0,pos
FUN_000419,0,0.0,0,pos,0,0.0,0,pos
FUN_001068,24,0.011730205278592375,0,pos,0,0.0,0,pos
FUN_003240,0,0.0,0,pos,0,0.0,0,pos
FUN_001473,0,0.0,0,pos,0,0.0,0,pos
FUN_005691,0,0.0,0,pos,0,0.0,0,pos
FUN_005492,0,0.0,0,pos,0,0.0,0,pos
FUN_005619,0,0.0,0,pos,0,0.0,0,pos
FUN_009224,12,0.01282051282051282,0,pos,0,0.0,0,pos
FUN_015267,0,0.0,0,pos,0,0.0,0,pos
FUN_007791,222,0.15948275862068967,4,pos_s876_e918_s930_e990_s1146_e1200_s1218_e1260,150,0.10775862068965517,3,pos_s876_e918_s930_e990_s1146_e1176
FUN_008692,0,0.0,0,pos,0,0.0,0,pos
FUN_001639,24,0.015209125475285171,0,pos,0,0.0,0,pos
FUN_005190,24,0.009195402298850575,0,pos,0,0.0,0,pos
FUN_010300,276,0.06896551724137931,2,pos_s2502_e2634_s2640_e2754,162,0.04047976011994003,2,pos_s2574_e2616_s2640_e2754
FUN_011248,0,0.0,0,pos,0,0.0,0,pos
FUN_007990,90,0.043859649122807015,1,pos_s1818_e1854,30,0.014619883040935672,1,pos_s1818_e1848
FUN_006869,0,0.0,0,pos,0,0.0,0,pos
FUN_006935,0,0.0,0,pos,0,0.0,0,pos
FUN_009498,0,0.0,0,pos,0,0.0,0,pos
FUN_008611,0,0.0,0,pos,0,0.0,0,pos
FUN_005420,72,0.09022556390977443,1,pos_s492_e564,18,0.022556390977443608,0,pos
FUN_004841,0,0.0,0,pos,0,0.0,0,pos
FUN_006812,0,0.0,0,pos,0,0.0,0,pos
FUN_006799,0,0.0,0,pos,0,0.0,0,pos
FUN_009917,0,0.0,0,pos,0,0.0,0,pos
FUN_002176,0,0.0,0,pos,0,0.0,0,pos
FUN_009602,18,0.020833333333333332,0,pos,0,0.0,0,pos
FUN_008919,0,0.0,0,pos,0,0.0,0,pos
FUN_016687,0,0.0,0,pos,0,0.0,0,pos
FUN_011610,0,0.0,0,pos,0,0.0,0,pos
FUN_010042,0,0.0,0,pos,0,0.0,0,pos
FUN_016426,0,0.0,0,pos,0,0.0,0,pos
FUN_011430,0,0.0,0,pos,0,0.0,0,pos
FUN_008485,0,0.0,0,pos,0,0.0,0,pos
FUN_015675,0,0.0,0,pos,0,0.0,0,pos
FUN_006044,0,0.0,0,pos,0,0.0,0,pos
FUN_005079,0,0.0,0,pos,0,0.0,0,pos
FUN_009727,0,0.0,0,pos,0,0.0,0,pos
FUN_008284,0,0.0,0,pos,0,0.0,0,pos
FUN_008112,0,0.0,0,pos,0,0.0,0,pos
FUN_008497,0,0.0,0,pos,0,0.0,0,pos
FUN_002846,0,0.0,0,pos,0,0.0,0,pos
FUN_007554,60,0.02066115702479339,1,pos_s492_e552,0,0.0,0,pos
FUN_005923,0,0.0,0,pos,0,0.0,0,pos
FUN_009567,0,0.0,0,pos,0,0.0,0,pos
FUN_012153,24,0.014336917562724014,0,pos,24,0.014336917562724014,0,pos
FUN_003135,0,0.0,0,pos,0,0.0,0,pos
FUN_004676,0,0.0,0,pos,0,0.0,0,pos
FUN_008615,0,0.0,0,pos,0,0.0,0,pos
FUN_008666,0,0.0,0,pos,0,0.0,0,pos
FUN_010144,0,0.0,0,pos,0,0.0,0,pos
FUN_015254,0,0.0,0,pos,0,0.0,0,pos
FUN_005963,0,0.0,0,pos,0,0.0,0,pos
FUN_002442,0,0.0,0,pos,0,0.0,0,pos
FUN_004744,6,0.003816793893129771,0,pos,0,0.0,0,pos
FUN_009806,0,0.0,0,pos,0,0.0,0,pos
FUN_001601,0,0.0,0,pos,0,0.0,0,pos
FUN_002130,204,0.01756198347107438,3,pos_s5448_e5562_s9036_e9084_s9114_e9156,150,0.012913223140495868,2,pos_s5448_e5562_s9048_e9084
FUN_011450,120,0.24390243902439024,1,pos_s372_e486,102,0.2073170731707317,1,pos_s372_e474
FUN_007467,0,0.0,0,pos,0,0.0,0,pos
FUN_012321,0,0.0,0,pos,0,0.0,0,pos
FUN_000982,0,0.0,0,pos,0,0.0,0,pos
FUN_001474,0,0.0,0,pos,0,0.0,0,pos
FUN_000680,0,0.0,0,pos,0,0.0,0,pos
FUN_004140,0,0.0,0,pos,0,0.0,0,pos
FUN_000379,0,0.0,0,pos,0,0.0,0,pos
FUN_010865,78,0.05726872246696035,1,pos_s1242_e1320,60,0.04405286343612335,1,pos_s1242_e1302
FUN_004613,0,0.0,0,pos,0,0.0,0,pos
FUN_000006,0,0.0,0,pos,0,0.0,0,pos
FUN_006538,270,0.11842105263157894,3,pos_s366_e450_s462_e558_s1350_e1392,90,0.039473684210526314,1,pos_s366_e450
FUN_006201,0,0.0,0,pos,0,0.0,0,pos
FUN_010343,0,0.0,0,pos,0,0.0,0,pos
FUN_009041,6,0.002173913043478261,0,pos,0,0.0,0,pos
FUN_000914,186,0.06418219461697723,2,pos_s1716_e1872_s2862_e2892,24,0.008281573498964804,0,pos
FUN_015879,0,0.0,0,pos,0,0.0,0,pos
FUN_000816,0,0.0,0,pos,0,0.0,0,pos
FUN_003844,0,0.0,0,pos,0,0.0,0,pos
FUN_005857,0,0.0,0,pos,0,0.0,0,pos
FUN_008391,0,0.0,0,pos,0,0.0,0,pos
FUN_016145,0,0.0,0,pos,0,0.0,0,pos
FUN_004286,36,0.037037037037037035,1,pos_s330_e366,0,0.0,0,pos
FUN_004270,0,0.0,0,pos,0,0.0,0,pos
FUN_001728,108,0.06569343065693431,2,pos_s258_e336_s1116_e1146,78,0.04744525547445255,1,pos_s258_e336
FUN_007644,0,0.0,0,pos,0,0.0,0,pos
FUN_002071,0,0.0,0,pos,0,0.0,0,pos
FUN_016728,0,0.0,0,pos,0,0.0,0,pos
FUN_005829,84,0.04294478527607362,1,pos_s48_e132,24,0.012269938650306749,0,pos
FUN_009407,0,0.0,0,pos,0,0.0,0,pos
FUN_005412,0,0.0,0,pos,0,0.0,0,pos
FUN_000951,0,0.0,0,pos,0,0.0,0,pos
FUN_002126,42,0.030042918454935622,1,pos_s348_e390,0,0.0,0,pos
FUN_001702,0,0.0,0,pos,0,0.0,0,pos
FUN_011119,0,0.0,0,pos,0,0.0,0,pos
FUN_004151,0,0.0,0,pos,0,0.0,0,pos
FUN_001906,0,0.0,0,pos,0,0.0,0,pos
FUN_005265,0,0.0,0,pos,0,0.0,0,pos
FUN_011561,48,0.03980099502487562,0,pos,6,0.004975124378109453,0,pos
FUN_000621,198,0.009272267490868222,3,pos_s2994_e3030_s8508_e8556_s17958_e18006,0,0.0,0,pos
FUN_007283,0,0.0,0,pos,0,0.0,0,pos
FUN_001224,180,0.15228426395939088,4,pos_s696_e744_s780_e822_s882_e918_s1092_e1122,54,0.04568527918781726,1,pos_s882_e912
FUN_010241,36,0.01125703564727955,1,pos_s78_e114,0,0.0,0,pos
FUN_009096,216,0.0967741935483871,3,pos_s0_e96_s378_e414_s1962_e2010,12,0.005376344086021506,0,pos
FUN_000338,0,0.0,0,pos,0,0.0,0,pos
FUN_005910,0,0.0,0,pos,0,0.0,0,pos
FUN_004959,0,0.0,0,pos,0,0.0,0,pos
FUN_016134,0,0.0,0,pos,0,0.0,0,pos
FUN_015471,24,0.011904761904761904,0,pos,6,0.002976190476190476,0,pos
FUN_004910,0,0.0,0,pos,0,0.0,0,pos
FUN_012175,0,0.0,0,pos,0,0.0,0,pos
FUN_004339,30,0.019157088122605363,0,pos,0,0.0,0,pos
FUN_005316,120,0.3389830508474576,1,pos_s132_e222,72,0.2033898305084746,1,pos_s138_e186
FUN_015541,0,0.0,0,pos,0,0.0,0,pos
FUN_006690,0,0.0,0,pos,0,0.0,0,pos
FUN_000877,0,0.0,0,pos,0,0.0,0,pos
FUN_005758,24,0.009009009009009009,0,pos,0,0.0,0,pos
FUN_011032,0,0.0,0,pos,0,0.0,0,pos
FUN_015951,0,0.0,0,pos,0,0.0,0,pos
FUN_015370,0,0.0,0,pos,0,0.0,0,pos
FUN_002410,0,0.0,0,pos,0,0.0,0,pos
FUN_000664,0,0.0,0,pos,0,0.0,0,pos
FUN_002107,0,0.0,0,pos,0,0.0,0,pos
FUN_008233,30,0.014534883720930232,0,pos,0,0.0,0,pos
FUN_003702,0,0.0,0,pos,0,0.0,0,pos
FUN_008755,78,0.034482758620689655,1,pos_s2100_e2148,0,0.0,0,pos
FUN_005779,0,0.0,0,pos,0,0.0,0,pos
FUN_006266,0,0.0,0,pos,0,0.0,0,pos
FUN_003683,0,0.0,0,pos,0,0.0,0,pos
FUN_001917,0,0.0,0,pos,0,0.0,0,pos
FUN_005821,12,0.005934718100890208,0,pos,0,0.0,0,pos
FUN_007767,78,0.03170731707317073,1,pos_s2238_e2316,24,0.00975609756097561,0,pos
FUN_006785,0,0.0,0,pos,0,0.0,0,pos
FUN_000973,78,0.10655737704918032,1,pos_s510_e564,0,0.0,0,pos
FUN_000771,0,0.0,0,pos,0,0.0,0,pos
FUN_015566,0,0.0,0,pos,0,0.0,0,pos
FUN_015275,0,0.0,0,pos,0,0.0,0,pos
FUN_006376,30,0.01773049645390071,0,pos,6,0.0035460992907801418,0,pos
FUN_008130,0,0.0,0,pos,0,0.0,0,pos
FUN_007876,120,0.02894356005788712,2,pos_s2334_e2376_s2754_e2808,0,0.0,0,pos
FUN_011733,0,0.0,0,pos,0,0.0,0,pos
FUN_010483,498,0.07699443413729128,8,pos_s852_e894_s930_e960_s1338_e1368_s2184_e2274_s3546_e3576_s4476_e4518_s6126_e6186_s6198_e6312,72,0.011131725417439703,0,pos
FUN_015256,0,0.0,0,pos,0,0.0,0,pos
FUN_011524,0,0.0,0,pos,0,0.0,0,pos
FUN_012282,0,0.0,0,pos,0,0.0,0,pos
FUN_010296,132,0.10837438423645321,2,pos_s378_e450_s924_e960,90,0.07389162561576355,1,pos_s378_e444
FUN_003550,42,0.02766798418972332,0,pos,12,0.007905138339920948,0,pos
FUN_005188,0,0.0,0,pos,0,0.0,0,pos
FUN_001738,48,0.018561484918793503,1,pos_s246_e294,0,0.0,0,pos
FUN_015807,0,0.0,0,pos,0,0.0,0,pos
FUN_002407,0,0.0,0,pos,0,0.0,0,pos
FUN_004756,0,0.0,0,pos,0,0.0,0,pos
FUN_002328,0,0.0,0,pos,0,0.0,0,pos
FUN_004882,0,0.0,0,pos,0,0.0,0,pos
FUN_004600,0,0.0,0,pos,0,0.0,0,pos
FUN_001914,162,0.07803468208092486,3,pos_s456_e486_s990_e1032_s1038_e1104,0,0.0,0,pos
FUN_000895,0,0.0,0,pos,0,0.0,0,pos
FUN_005159,12,0.00909090909090909,0,pos,0,0.0,0,pos
FUN_010947,84,0.059322033898305086,1,pos_s1344_e1404,18,0.012711864406779662,0,pos
FUN_012451,0,0.0,0,pos,0,0.0,0,pos
FUN_000817,72,0.08955223880597014,1,pos_s654_e726,0,0.0,0,pos
FUN_006386,222,0.08747044917257683,3,pos_s528_e558_s984_e1080_s2184_e2226,60,0.02364066193853428,1,pos_s528_e558
FUN_009342,144,0.16666666666666666,2,pos_s204_e258_s588_e648,36,0.041666666666666664,1,pos_s612_e648
FUN_001359,0,0.0,0,pos,0,0.0,0,pos
FUN_009104,84,0.013307984790874524,1,pos_s4578_e4608,30,0.004752851711026616,0,pos
FUN_001437,0,0.0,0,pos,0,0.0,0,pos
FUN_001240,42,0.041176470588235294,1,pos_s720_e756,0,0.0,0,pos
FUN_009290,264,0.06035665294924554,4,pos_s1242_e1314_s1782_e1824_s2484_e2538_s3000_e3036,42,0.009602194787379973,0,pos
FUN_003042,0,0.0,0,pos,0,0.0,0,pos
FUN_016305,0,0.0,0,pos,0,0.0,0,pos
FUN_006660,0,0.0,0,pos,0,0.0,0,pos
FUN_010789,0,0.0,0,pos,0,0.0,0,pos
FUN_007203,30,0.02074688796680498,1,pos_s1062_e1092,0,0.0,0,pos
FUN_016413,0,0.0,0,pos,0,0.0,0,pos
FUN_004449,84,0.016317016317016316,1,pos_s2484_e2568,30,0.005827505827505828,1,pos_s2484_e2514
FUN_007895,0,0.0,0,pos,0,0.0,0,pos
FUN_004252,36,0.012711864406779662,1,pos_s876_e912,0,0.0,0,pos
FUN_007487,66,0.05392156862745098,1,pos_s468_e534,12,0.00980392156862745,0,pos
FUN_015942,0,0.0,0,pos,0,0.0,0,pos
FUN_009254,0,0.0,0,pos,0,0.0,0,pos
FUN_000128,30,0.006887052341597796,0,pos,0,0.0,0,pos
FUN_010364,0,0.0,0,pos,0,0.0,0,pos
FUN_007692,54,0.027950310559006212,1,pos_s90_e144,36,0.018633540372670808,1,pos_s96_e132
FUN_009015,48,0.034334763948497854,1,pos_s474_e516,0,0.0,0,pos
FUN_004333,66,0.03832752613240418,1,pos_s1656_e1704,0,0.0,0,pos
FUN_015862,0,0.0,0,pos,0,0.0,0,pos
FUN_003350,48,0.015841584158415842,1,pos_s126_e174,0,0.0,0,pos
FUN_015889,0,0.0,0,pos,0,0.0,0,pos
FUN_001479,126,0.17796610169491525,1,pos_s246_e330,0,0.0,0,pos
FUN_015365,0,0.0,0,pos,0,0.0,0,pos
FUN_009312,312,0.15615615615615616,2,pos_s546_e708_s1494_e1602,204,0.1021021021021021,2,pos_s552_e618_s1494_e1602
FUN_000120,0,0.0,0,pos,0,0.0,0,pos
FUN_007969,0,0.0,0,pos,0,0.0,0,pos
FUN_008279,0,0.0,0,pos,0,0.0,0,pos
FUN_008933,48,0.02962962962962963,1,pos_s1230_e1278,0,0.0,0,pos
FUN_007368,60,0.02617801047120419,1,pos_s1710_e1758,0,0.0,0,pos
FUN_000900,48,0.037383177570093455,1,pos_s150_e198,0,0.0,0,pos
FUN_005891,0,0.0,0,pos,0,0.0,0,pos
FUN_005804,0,0.0,0,pos,0,0.0,0,pos
FUN_011451,0,0.0,0,pos,0,0.0,0,pos
FUN_001859,0,0.0,0,pos,0,0.0,0,pos
FUN_008884,66,0.05641025641025641,1,pos_s330_e396,6,0.005128205128205128,0,pos
FUN_006367,0,0.0,0,pos,0,0.0,0,pos
FUN_012314,0,0.0,0,pos,0,0.0,0,pos
FUN_002298,0,0.0,0,pos,0,0.0,0,pos
FUN_010388,6,0.007518796992481203,0,pos,0,0.0,0,pos
FUN_008582,0,0.0,0,pos,0,0.0,0,pos
FUN_015635,0,0.0,0,pos,0,0.0,0,pos
FUN_000521,84,0.025688073394495414,1,pos_s2520_e2580,0,0.0,0,pos
FUN_010162,18,0.007246376811594203,0,pos,0,0.0,0,pos
FUN_005130,0,0.0,0,pos,0,0.0,0,pos
FUN_000222,6,0.004347826086956522,0,pos,0,0.0,0,pos
FUN_010431,144,0.07250755287009064,2,pos_s1254_e1326_s1332_e1374,24,0.012084592145015106,0,pos
FUN_007890,6,0.015384615384615385,0,pos,0,0.0,0,pos
FUN_001588,138,0.1402439024390244,2,pos_s0_e30_s78_e144,18,0.018292682926829267,0,pos
FUN_011744,0,0.0,0,pos,0,0.0,0,pos
FUN_005981,48,0.09195402298850575,1,pos_s360_e396,0,0.0,0,pos
FUN_010406,90,0.05639097744360902,1,pos_s1314_e1356,0,0.0,0,pos
FUN_006322,0,0.0,0,pos,0,0.0,0,pos
FUN_007222,0,0.0,0,pos,0,0.0,0,pos
FUN_012433,0,0.0,0,pos,0,0.0,0,pos
FUN_008222,0,0.0,0,pos,0,0.0,0,pos
FUN_012332,0,0.0,0,pos,0,0.0,0,pos
FUN_002973,0,0.0,0,pos,0,0.0,0,pos
FUN_006876,0,0.0,0,pos,0,0.0,0,pos
FUN_006907,0,0.0,0,pos,0,0.0,0,pos
FUN_005212,0,0.0,0,pos,0,0.0,0,pos
FUN_010729,60,0.028985507246376812,1,pos_s1254_e1296,6,0.002898550724637681,0,pos
FUN_005292,126,0.02781456953642384,2,pos_s3192_e3234_s3246_e3276,30,0.006622516556291391,0,pos
FUN_008929,0,0.0,0,pos,0,0.0,0,pos
FUN_001668,72,0.03287671232876712,1,pos_s432_e504,0,0.0,0,pos
FUN_002085,150,0.014970059880239521,2,pos_s822_e876_s5910_e5940,18,0.0017964071856287425,0,pos
FUN_011284,0,0.0,0,pos,0,0.0,0,pos
FUN_004128,0,0.0,0,pos,0,0.0,0,pos
FUN_005616,0,0.0,0,pos,0,0.0,0,pos
FUN_002467,0,0.0,0,pos,0,0.0,0,pos
FUN_005798,0,0.0,0,pos,0,0.0,0,pos
FUN_008997,0,0.0,0,pos,0,0.0,0,pos
FUN_008624,0,0.0,0,pos,0,0.0,0,pos
FUN_016210,0,0.0,0,pos,0,0.0,0,pos
FUN_005509,0,0.0,0,pos,0,0.0,0,pos
FUN_011570,0,0.0,0,pos,0,0.0,0,pos
FUN_001061,0,0.0,0,pos,0,0.0,0,pos
FUN_009748,42,0.04142011834319527,1,pos_s330_e372,0,0.0,0,pos
FUN_001223,0,0.0,0,pos,0,0.0,0,pos
FUN_007423,0,0.0,0,pos,0,0.0,0,pos
FUN_007755,0,0.0,0,pos,0,0.0,0,pos
FUN_010757,0,0.0,0,pos,0,0.0,0,pos
FUN_006939,18,0.04477611940298507,0,pos,6,0.014925373134328358,0,pos
FUN_009174,204,0.04096385542168675,2,pos_s1578_e1626_s2496_e2586,0,0.0,0,pos
FUN_009021,30,0.01358695652173913,1,pos_s1446_e1476,0,0.0,0,pos
FUN_015931,0,0.0,0,pos,0,0.0,0,pos
FUN_002376,0,0.0,0,pos,0,0.0,0,pos
FUN_004993,6,0.0070921985815602835,0,pos,0,0.0,0,pos
FUN_000600,0,0.0,0,pos,0,0.0,0,pos
FUN_006837,0,0.0,0,pos,0,0.0,0,pos
FUN_007200,0,0.0,0,pos,0,0.0,0,pos
FUN_002868,0,0.0,0,pos,0,0.0,0,pos
FUN_007552,0,0.0,0,pos,0,0.0,0,pos
FUN_005806,66,0.020560747663551402,1,pos_s618_e660,0,0.0,0,pos
FUN_007816,0,0.0,0,pos,0,0.0,0,pos
FUN_016556,0,0.0,0,pos,0,0.0,0,pos
FUN_008836,96,0.05555555555555555,2,pos_s0_e30_s162_e216,30,0.017361111111111112,0,pos
FUN_006197,0,0.0,0,pos,0,0.0,0,pos
FUN_005019,0,0.0,0,pos,0,0.0,0,pos
FUN_015397,0,0.0,0,pos,0,0.0,0,pos
FUN_005422,0,0.0,0,pos,0,0.0,0,pos
FUN_010974,0,0.0,0,pos,0,0.0,0,pos
FUN_009529,0,0.0,0,pos,0,0.0,0,pos
FUN_002541,0,0.0,0,pos,0,0.0,0,pos
FUN_011950,0,0.0,0,pos,0,0.0,0,pos
FUN_010963,0,0.0,0,pos,0,0.0,0,pos
FUN_004833,0,0.0,0,pos,0,0.0,0,pos
FUN_005845,0,0.0,0,pos,0,0.0,0,pos
FUN_006335,12,0.009708737864077669,0,pos,6,0.0048543689320388345,0,pos
FUN_010599,0,0.0,0,pos,0,0.0,0,pos
FUN_015894,0,0.0,0,pos,0,0.0,0,pos
FUN_006885,0,0.0,0,pos,0,0.0,0,pos
FUN_016829,0,0.0,0,pos,0,0.0,0,pos
FUN_012263,0,0.0,0,pos,0,0.0,0,pos
FUN_000832,0,0.0,0,pos,0,0.0,0,pos
FUN_011336,78,0.07471264367816093,2,pos_s0_e36_s78_e120,36,0.034482758620689655,1,pos_s84_e120
FUN_010868,72,0.030456852791878174,0,pos,12,0.005076142131979695,0,pos
FUN_007079,186,0.08908045977011494,2,pos_s288_e396_s1014_e1086,54,0.02586206896551724,1,pos_s324_e378
FUN_016860,0,0.0,0,pos,0,0.0,0,pos
FUN_009683,0,0.0,0,pos,0,0.0,0,pos
FUN_003343,0,0.0,0,pos,0,0.0,0,pos
FUN_006119,78,0.03333333333333333,2,pos_s1140_e1176_s2058_e2100,0,0.0,0,pos
FUN_004047,204,0.10862619808306709,3,pos_s324_e360_s390_e504_s924_e978,114,0.06070287539936102,1,pos_s390_e504
FUN_006428,12,0.0049504950495049506,0,pos,0,0.0,0,pos
FUN_008388,0,0.0,0,pos,0,0.0,0,pos
FUN_005107,42,0.04794520547945205,1,pos_s240_e270,0,0.0,0,pos
FUN_002351,180,0.04477611940298507,2,pos_s342_e432_s3552_e3600,30,0.007462686567164179,1,pos_s3570_e3600
FUN_011216,0,0.0,0,pos,0,0.0,0,pos
FUN_009121,0,0.0,0,pos,0,0.0,0,pos
FUN_012525,0,0.0,0,pos,0,0.0,0,pos
FUN_009916,0,0.0,0,pos,0,0.0,0,pos
FUN_011282,0,0.0,0,pos,0,0.0,0,pos
FUN_007575,0,0.0,0,pos,0,0.0,0,pos
FUN_004789,0,0.0,0,pos,0,0.0,0,pos
FUN_002768,12,0.024096385542168676,0,pos,0,0.0,0,pos
FUN_005396,0,0.0,0,pos,0,0.0,0,pos
FUN_009331,0,0.0,0,pos,0,0.0,0,pos
FUN_004850,0,0.0,0,pos,0,0.0,0,pos
FUN_000806,0,0.0,0,pos,0,0.0,0,pos
FUN_009024,42,0.25,0,pos,12,0.07142857142857142,0,pos
FUN_006859,0,0.0,0,pos,0,0.0,0,pos
FUN_008202,96,0.022566995768688293,1,pos_s102_e144,0,0.0,0,pos
FUN_007704,0,0.0,0,pos,0,0.0,0,pos
FUN_002246,6,0.005847953216374269,0,pos,0,0.0,0,pos
FUN_006041,0,0.0,0,pos,0,0.0,0,pos
FUN_011959,0,0.0,0,pos,0,0.0,0,pos
FUN_010758,0,0.0,0,pos,0,0.0,0,pos
FUN_010065,282,0.06275033377837116,3,pos_s2490_e2550_s3186_e3300_s3438_e3468,114,0.025367156208277702,1,pos_s3186_e3300
FUN_004442,0,0.0,0,pos,0,0.0,0,pos
FUN_016283,0,0.0,0,pos,0,0.0,0,pos
FUN_001739,60,0.020242914979757085,1,pos_s1950_e1980,0,0.0,0,pos
FUN_000894,90,0.002253267237494367,1,pos_s34086_e34152,0,0.0,0,pos
FUN_002651,0,0.0,0,pos,0,0.0,0,pos
FUN_006177,102,0.054313099041533544,1,pos_s0_e42,0,0.0,0,pos
FUN_015482,0,0.0,0,pos,0,0.0,0,pos
FUN_005486,24,0.01092896174863388,0,pos,6,0.00273224043715847,0,pos
FUN_007666,138,0.07796610169491526,1,pos_s444_e558,72,0.04067796610169491,1,pos_s486_e558
FUN_006750,132,0.09243697478991597,2,pos_s864_e918_s1020_e1098,30,0.02100840336134454,1,pos_s1068_e1098
FUN_008204,0,0.0,0,pos,0,0.0,0,pos
FUN_015527,0,0.0,0,pos,0,0.0,0,pos
FUN_007308,0,0.0,0,pos,0,0.0,0,pos
FUN_008438,732,0.04583020285499624,8,pos_s3876_e3930_s4452_e4518_s5028_e5064_s5730_e5796_s5952_e6048_s13812_e13848_s15150_e15216_s15276_e15306,90,0.005634861006761833,2,pos_s3876_e3912_s6018_e6048
FUN_012223,0,0.0,0,pos,0,0.0,0,pos
FUN_004583,54,0.16666666666666666,1,pos_s0_e54,0,0.0,0,pos
FUN_009075,0,0.0,0,pos,0,0.0,0,pos
FUN_005424,0,0.0,0,pos,0,0.0,0,pos
FUN_012272,0,0.0,0,pos,0,0.0,0,pos
FUN_008896,126,0.09502262443438914,1,pos_s726_e756,0,0.0,0,pos
FUN_000946,84,0.042042042042042045,2,pos_s876_e930_s936_e966,54,0.02702702702702703,1,pos_s876_e924
FUN_002271,0,0.0,0,pos,0,0.0,0,pos
FUN_011277,42,0.025362318840579712,0,pos,0,0.0,0,pos
FUN_002962,96,0.058394160583941604,1,pos_s1482_e1578,54,0.032846715328467155,1,pos_s1482_e1536
FUN_009895,0,0.0,0,pos,0,0.0,0,pos
FUN_008721,12,0.0058997050147492625,0,pos,0,0.0,0,pos
FUN_002488,0,0.0,0,pos,0,0.0,0,pos
FUN_009425,0,0.0,0,pos,0,0.0,0,pos
FUN_016353,0,0.0,0,pos,0,0.0,0,pos
FUN_009424,0,0.0,0,pos,0,0.0,0,pos
FUN_001786,0,0.0,0,pos,0,0.0,0,pos
FUN_002703,0,0.0,0,pos,0,0.0,0,pos
FUN_008883,72,0.07142857142857142,1,pos_s612_e684,0,0.0,0,pos
FUN_000159,0,0.0,0,pos,0,0.0,0,pos
FUN_005872,90,0.060240963855421686,0,pos,84,0.05622489959839357,1,pos_s1404_e1482
FUN_002459,0,0.0,0,pos,0,0.0,0,pos
FUN_015998,0,0.0,0,pos,0,0.0,0,pos
FUN_000703,48,0.023529411764705882,1,pos_s222_e270,36,0.01764705882352941,1,pos_s222_e258
FUN_009685,0,0.0,0,pos,0,0.0,0,pos
FUN_010954,0,0.0,0,pos,0,0.0,0,pos
FUN_015587,0,0.0,0,pos,0,0.0,0,pos
FUN_015428,132,0.08695652173913043,1,pos_s678_e810,102,0.06719367588932806,1,pos_s678_e774
FUN_001189,0,0.0,0,pos,0,0.0,0,pos
FUN_010832,198,0.05699481865284974,3,pos_s2244_e2298_s2328_e2358_s2430_e2544,120,0.03454231433506045,2,pos_s2430_e2484_s2490_e2520
FUN_006166,0,0.0,0,pos,0,0.0,0,pos
FUN_007224,0,0.0,0,pos,0,0.0,0,pos
FUN_006761,0,0.0,0,pos,0,0.0,0,pos
FUN_004936,0,0.0,0,pos,0,0.0,0,pos
FUN_010839,0,0.0,0,pos,0,0.0,0,pos
FUN_010682,24,0.029197080291970802,0,pos,6,0.0072992700729927005,0,pos
FUN_016082,0,0.0,0,pos,0,0.0,0,pos
FUN_009920,0,0.0,0,pos,0,0.0,0,pos
FUN_008969,0,0.0,0,pos,0,0.0,0,pos
FUN_000933,0,0.0,0,pos,0,0.0,0,pos
FUN_005378,0,0.0,0,pos,0,0.0,0,pos
FUN_006882,6,0.007518796992481203,0,pos,6,0.007518796992481203,0,pos
FUN_001984,0,0.0,0,pos,0,0.0,0,pos
FUN_008040,0,0.0,0,pos,0,0.0,0,pos
FUN_016154,84,0.03713527851458886,1,pos_s348_e408,36,0.015915119363395226,1,pos_s378_e408
FUN_003920,0,0.0,0,pos,0,0.0,0,pos
FUN_006146,0,0.0,0,pos,0,0.0,0,pos
FUN_000293,60,0.006361323155216285,1,pos_s4272_e4332,0,0.0,0,pos
FUN_002483,0,0.0,0,pos,0,0.0,0,pos
FUN_000589,0,0.0,0,pos,0,0.0,0,pos
FUN_005870,0,0.0,0,pos,0,0.0,0,pos
FUN_015523,0,0.0,0,pos,0,0.0,0,pos
FUN_005218,108,0.0661764705882353,1,pos_s1182_e1290,18,0.011029411764705883,0,pos
FUN_009314,0,0.0,0,pos,0,0.0,0,pos
FUN_004573,6,0.005263157894736842,0,pos,0,0.0,0,pos
FUN_010854,0,0.0,0,pos,0,0.0,0,pos
FUN_010638,366,0.108348134991119,4,pos_s654_e762_s1164_e1206_s1530_e1578_s2028_e2076,120,0.035523978685612786,2,pos_s654_e714_s2028_e2070
FUN_004810,0,0.0,0,pos,0,0.0,0,pos
FUN_002476,0,0.0,0,pos,0,0.0,0,pos
FUN_003061,0,0.0,0,pos,0,0.0,0,pos
FUN_008412,24,0.028985507246376812,0,pos,0,0.0,0,pos
FUN_010732,0,0.0,0,pos,0,0.0,0,pos
FUN_002422,0,0.0,0,pos,0,0.0,0,pos
FUN_004569,42,0.013944223107569721,1,pos_s1422_e1458,6,0.00199203187250996,0,pos
FUN_008192,0,0.0,0,pos,0,0.0,0,pos
FUN_000363,0,0.0,0,pos,0,0.0,0,pos
FUN_005534,54,0.023316062176165803,0,pos,0,0.0,0,pos
FUN_015742,0,0.0,0,pos,0,0.0,0,pos
FUN_011425,0,0.0,0,pos,0,0.0,0,pos
FUN_000950,12,0.00980392156862745,0,pos,0,0.0,0,pos
FUN_007496,36,0.01875,1,pos_s990_e1020,0,0.0,0,pos
FUN_002465,0,0.0,0,pos,0,0.0,0,pos
FUN_012248,0,0.0,0,pos,0,0.0,0,pos
FUN_004259,0,0.0,0,pos,0,0.0,0,pos
FUN_006810,0,0.0,0,pos,0,0.0,0,pos
FUN_006482,0,0.0,0,pos,0,0.0,0,pos
FUN_001399,0,0.0,0,pos,0,0.0,0,pos
FUN_000246,0,0.0,0,pos,0,0.0,0,pos
FUN_003690,0,0.0,0,pos,0,0.0,0,pos
FUN_009283,0,0.0,0,pos,0,0.0,0,pos
FUN_004630,72,0.012972972972972972,1,pos_s5394_e5466,24,0.004324324324324324,0,pos
FUN_008125,0,0.0,0,pos,0,0.0,0,pos
FUN_003797,42,0.012195121951219513,1,pos_s48_e90,0,0.0,0,pos
FUN_004021,24,0.007858546168958742,0,pos,0,0.0,0,pos
FUN_004399,456,0.06966086159486709,5,pos_s186_e222_s1926_e2016_s2034_e2070_s6012_e6126_s6192_e6276,222,0.03391384051329056,3,pos_s1980_e2010_s6048_e6126_s6192_e6258
FUN_006646,42,0.02834008097165992,1,pos_s54_e96,0,0.0,0,pos
FUN_000508,0,0.0,0,pos,0,0.0,0,pos
FUN_015303,0,0.0,0,pos,0,0.0,0,pos
FUN_002581,0,0.0,0,pos,0,0.0,0,pos
FUN_004412,0,0.0,0,pos,0,0.0,0,pos
FUN_006318,0,0.0,0,pos,0,0.0,0,pos
FUN_005446,0,0.0,0,pos,0,0.0,0,pos
FUN_005590,78,0.09420289855072464,1,pos_s696_e762,0,0.0,0,pos
FUN_003107,0,0.0,0,pos,0,0.0,0,pos
FUN_008534,0,0.0,0,pos,0,0.0,0,pos
FUN_012154,60,0.013717421124828532,1,pos_s2226_e2268,18,0.00411522633744856,0,pos
FUN_011771,0,0.0,0,pos,0,0.0,0,pos
FUN_006797,78,0.0625,1,pos_s498_e576,0,0.0,0,pos
FUN_000117,42,0.02734375,0,pos,0,0.0,0,pos
FUN_001868,0,0.0,0,pos,0,0.0,0,pos
FUN_011355,0,0.0,0,pos,0,0.0,0,pos
FUN_007576,0,0.0,0,pos,0,0.0,0,pos
FUN_000481,0,0.0,0,pos,0,0.0,0,pos
FUN_006299,0,0.0,0,pos,0,0.0,0,pos
FUN_016775,0,0.0,0,pos,0,0.0,0,pos
FUN_000592,0,0.0,0,pos,0,0.0,0,pos
FUN_015873,0,0.0,0,pos,0,0.0,0,pos
FUN_016288,0,0.0,0,pos,0,0.0,0,pos
FUN_015829,0,0.0,0,pos,0,0.0,0,pos
FUN_005957,0,0.0,0,pos,0,0.0,0,pos
FUN_010759,0,0.0,0,pos,0,0.0,0,pos
FUN_011511,0,0.0,0,pos,0,0.0,0,pos
FUN_016243,0,0.0,0,pos,0,0.0,0,pos
FUN_016671,0,0.0,0,pos,0,0.0,0,pos
FUN_003237,0,0.0,0,pos,0,0.0,0,pos
FUN_000116,0,0.0,0,pos,0,0.0,0,pos
FUN_015260,0,0.0,0,pos,0,0.0,0,pos
FUN_012504,0,0.0,0,pos,0,0.0,0,pos
FUN_016001,0,0.0,0,pos,0,0.0,0,pos
FUN_009534,0,0.0,0,pos,0,0.0,0,pos
FUN_015817,0,0.0,0,pos,0,0.0,0,pos
FUN_011026,72,0.06382978723404255,1,pos_s522_e582,0,0.0,0,pos
FUN_011743,0,0.0,0,pos,0,0.0,0,pos
FUN_016431,0,0.0,0,pos,0,0.0,0,pos
FUN_003897,0,0.0,0,pos,0,0.0,0,pos
FUN_001328,0,0.0,0,pos,0,0.0,0,pos
FUN_004653,216,0.08845208845208845,2,pos_s198_e246_s1176_e1338,114,0.04668304668304668,1,pos_s1188_e1302
FUN_002554,0,0.0,0,pos,0,0.0,0,pos
FUN_015696,0,0.0,0,pos,0,0.0,0,pos
FUN_010385,0,0.0,0,pos,0,0.0,0,pos
FUN_010925,30,0.02358490566037736,1,pos_s774_e804,0,0.0,0,pos
FUN_010586,6,0.014925373134328358,0,pos,0,0.0,0,pos
FUN_000994,0,0.0,0,pos,0,0.0,0,pos
FUN_007977,12,0.007692307692307693,0,pos,0,0.0,0,pos
FUN_004001,348,0.2815533980582524,3,pos_s0_e66_s576_e690_s1044_e1122,54,0.043689320388349516,0,pos
FUN_016558,0,0.0,0,pos,0,0.0,0,pos
FUN_002370,0,0.0,0,pos,0,0.0,0,pos
FUN_010516,114,0.18627450980392157,2,pos_s0_e54_s180_e240,18,0.029411764705882353,0,pos
FUN_016388,18,0.046875,0,pos,0,0.0,0,pos
FUN_001891,0,0.0,0,pos,0,0.0,0,pos
FUN_011384,0,0.0,0,pos,0,0.0,0,pos
FUN_004643,0,0.0,0,pos,0,0.0,0,pos
FUN_000062,0,0.0,0,pos,0,0.0,0,pos
FUN_002359,0,0.0,0,pos,0,0.0,0,pos
FUN_016480,0,0.0,0,pos,0,0.0,0,pos
FUN_003789,6,0.005494505494505495,0,pos,0,0.0,0,pos
FUN_003769,0,0.0,0,pos,0,0.0,0,pos
FUN_006026,0,0.0,0,pos,0,0.0,0,pos
FUN_006834,0,0.0,0,pos,0,0.0,0,pos
FUN_001201,0,0.0,0,pos,0,0.0,0,pos
FUN_006584,0,0.0,0,pos,0,0.0,0,pos
FUN_008089,0,0.0,0,pos,0,0.0,0,pos
FUN_012366,0,0.0,0,pos,0,0.0,0,pos
FUN_005855,96,0.05144694533762058,1,pos_s1098_e1128,0,0.0,0,pos
FUN_004641,30,0.08928571428571429,1,pos_s12_e42,30,0.08928571428571429,1,pos_s12_e42
FUN_012358,0,0.0,0,pos,0,0.0,0,pos
FUN_012486,0,0.0,0,pos,0,0.0,0,pos
FUN_004947,18,0.005859375,0,pos,0,0.0,0,pos
FUN_005108,0,0.0,0,pos,0,0.0,0,pos
FUN_016260,0,0.0,0,pos,0,0.0,0,pos
FUN_011525,0,0.0,0,pos,0,0.0,0,pos
FUN_006370,0,0.0,0,pos,0,0.0,0,pos
FUN_004737,0,0.0,0,pos,0,0.0,0,pos
FUN_007146,0,0.0,0,pos,0,0.0,0,pos
FUN_000124,0,0.0,0,pos,0,0.0,0,pos
FUN_000907,0,0.0,0,pos,0,0.0,0,pos
FUN_003188,0,0.0,0,pos,0,0.0,0,pos
FUN_006887,0,0.0,0,pos,0,0.0,0,pos
FUN_016755,0,0.0,0,pos,0,0.0,0,pos
FUN_008607,0,0.0,0,pos,0,0.0,0,pos
FUN_009563,168,0.07526881720430108,3,pos_s426_e474_s492_e552_s1014_e1074,36,0.016129032258064516,0,pos
FUN_004425,0,0.0,0,pos,0,0.0,0,pos
FUN_000764,0,0.0,0,pos,0,0.0,0,pos
FUN_003468,6,0.0136986301369863,0,pos,0,0.0,0,pos
FUN_010866,0,0.0,0,pos,0,0.0,0,pos
FUN_010837,0,0.0,0,pos,0,0.0,0,pos
FUN_006903,0,0.0,0,pos,0,0.0,0,pos
FUN_001158,0,0.0,0,pos,0,0.0,0,pos
FUN_008408,0,0.0,0,pos,0,0.0,0,pos
FUN_007326,0,0.0,0,pos,0,0.0,0,pos
FUN_011583,0,0.0,0,pos,0,0.0,0,pos
FUN_006487,0,0.0,0,pos,0,0.0,0,pos
FUN_008473,42,0.020895522388059702,1,pos_s6_e48,0,0.0,0,pos
FUN_000217,108,0.0891089108910891,1,pos_s378_e450,42,0.034653465346534656,1,pos_s378_e420
FUN_007152,0,0.0,0,pos,0,0.0,0,pos
FUN_005071,60,0.08928571428571429,1,pos_s480_e534,0,0.0,0,pos
FUN_009097,0,0.0,0,pos,0,0.0,0,pos
FUN_002166,24,0.013468013468013467,0,pos,0,0.0,0,pos
FUN_003144,36,0.011450381679389313,1,pos_s1740_e1770,0,0.0,0,pos
FUN_000425,0,0.0,0,pos,0,0.0,0,pos
FUN_000276,0,0.0,0,pos,0,0.0,0,pos
FUN_010912,0,0.0,0,pos,0,0.0,0,pos
FUN_008028,0,0.0,0,pos,0,0.0,0,pos
FUN_009994,0,0.0,0,pos,0,0.0,0,pos
FUN_000728,174,0.25217391304347825,1,pos_s126_e234,66,0.09565217391304348,1,pos_s138_e186
FUN_009345,246,0.08453608247422681,3,pos_s672_e756_s1590_e1620_s2454_e2508,6,0.002061855670103093,0,pos
FUN_000554,0,0.0,0,pos,0,0.0,0,pos
FUN_005143,0,0.0,0,pos,0,0.0,0,pos
FUN_000558,0,0.0,0,pos,0,0.0,0,pos
FUN_009606,0,0.0,0,pos,0,0.0,0,pos
FUN_004112,0,0.0,0,pos,0,0.0,0,pos
FUN_003219,0,0.0,0,pos,0,0.0,0,pos
FUN_007093,0,0.0,0,pos,0,0.0,0,pos
FUN_004361,66,0.10576923076923077,1,pos_s576_e618,0,0.0,0,pos
FUN_007417,0,0.0,0,pos,0,0.0,0,pos
FUN_002527,96,0.2077922077922078,1,pos_s96_e174,0,0.0,0,pos
FUN_007906,102,0.07203389830508475,2,pos_s0_e54_s918_e960,0,0.0,0,pos
FUN_003403,36,0.03428571428571429,0,pos,0,0.0,0,pos
FUN_006305,0,0.0,0,pos,0,0.0,0,pos
FUN_005757,528,0.14497528830313014,4,pos_s660_e762_s1272_e1560_s1980_e2010_s2580_e2634,78,0.0214168039538715,1,pos_s1398_e1452
FUN_008882,0,0.0,0,pos,0,0.0,0,pos
FUN_003033,0,0.0,0,pos,0,0.0,0,pos
FUN_012202,0,0.0,0,pos,0,0.0,0,pos
FUN_005254,114,0.04008438818565401,1,pos_s2520_e2634,30,0.010548523206751054,0,pos
FUN_012170,0,0.0,0,pos,0,0.0,0,pos
FUN_012411,0,0.0,0,pos,0,0.0,0,pos
FUN_006388,0,0.0,0,pos,0,0.0,0,pos
FUN_009391,0,0.0,0,pos,0,0.0,0,pos
FUN_015447,0,0.0,0,pos,0,0.0,0,pos
FUN_000325,84,0.025547445255474453,1,pos_s1968_e2046,18,0.005474452554744526,0,pos
FUN_001929,0,0.0,0,pos,0,0.0,0,pos
FUN_004937,0,0.0,0,pos,0,0.0,0,pos
FUN_000343,162,0.057203389830508475,2,pos_s18_e114_s138_e186,6,0.00211864406779661,0,pos
FUN_012390,0,0.0,0,pos,0,0.0,0,pos
FUN_000787,0,0.0,0,pos,0,0.0,0,pos
FUN_003991,96,0.07804878048780488,1,pos_s570_e648,0,0.0,0,pos
FUN_001475,0,0.0,0,pos,0,0.0,0,pos
FUN_011354,66,0.06470588235294118,1,pos_s12_e60,0,0.0,0,pos
FUN_005793,0,0.0,0,pos,0,0.0,0,pos
FUN_003730,132,0.009486847779215178,1,pos_s13146_e13242,12,0.0008624407072013799,0,pos
FUN_009973,0,0.0,0,pos,0,0.0,0,pos
FUN_012057,0,0.0,0,pos,0,0.0,0,pos
FUN_002642,252,0.11898016997167139,3,pos_s624_e690_s1140_e1218_s1272_e1308,6,0.0028328611898017,0,pos
FUN_010250,0,0.0,0,pos,0,0.0,0,pos
FUN_009441,0,0.0,0,pos,0,0.0,0,pos
FUN_008905,0,0.0,0,pos,0,0.0,0,pos
FUN_011167,0,0.0,0,pos,0,0.0,0,pos
FUN_012187,0,0.0,0,pos,0,0.0,0,pos
FUN_010114,78,0.011627906976744186,1,pos_s5844_e5892,0,0.0,0,pos
FUN_009062,0,0.0,0,pos,0,0.0,0,pos
FUN_010764,0,0.0,0,pos,0,0.0,0,pos
FUN_009566,0,0.0,0,pos,0,0.0,0,pos
FUN_000657,54,0.030612244897959183,1,pos_s228_e264,30,0.017006802721088437,1,pos_s228_e258
FUN_007633,0,0.0,0,pos,0,0.0,0,pos
FUN_006377,0,0.0,0,pos,0,0.0,0,pos
FUN_008195,0,0.0,0,pos,0,0.0,0,pos
FUN_007888,0,0.0,0,pos,0,0.0,0,pos
FUN_001763,0,0.0,0,pos,0,0.0,0,pos
FUN_008134,0,0.0,0,pos,0,0.0,0,pos
FUN_016647,0,0.0,0,pos,0,0.0,0,pos
FUN_010211,0,0.0,0,pos,0,0.0,0,pos
FUN_007598,0,0.0,0,pos,0,0.0,0,pos
FUN_000627,0,0.0,0,pos,0,0.0,0,pos
FUN_010314,0,0.0,0,pos,0,0.0,0,pos
FUN_005783,90,0.2830188679245283,1,pos_s12_e102,6,0.018867924528301886,0,pos
FUN_006716,0,0.0,0,pos,0,0.0,0,pos
FUN_011155,0,0.0,0,pos,0,0.0,0,pos
FUN_010971,30,0.009487666034155597,0,pos,30,0.009487666034155597,0,pos
FUN_001264,0,0.0,0,pos,0,0.0,0,pos
FUN_004865,0,0.0,0,pos,0,0.0,0,pos
FUN_002318,0,0.0,0,pos,0,0.0,0,pos
FUN_016026,0,0.0,0,pos,0,0.0,0,pos
FUN_010801,0,0.0,0,pos,0,0.0,0,pos
FUN_003826,0,0.0,0,pos,0,0.0,0,pos
FUN_016254,0,0.0,0,pos,0,0.0,0,pos
FUN_011984,108,0.09375,1,pos_s384_e474,102,0.08854166666666667,1,pos_s384_e468
FUN_003154,0,0.0,0,pos,0,0.0,0,pos
FUN_000794,0,0.0,0,pos,0,0.0,0,pos
FUN_007445,378,0.19384615384615383,3,pos_s48_e162_s834_e1050_s1866_e1896,228,0.11692307692307692,2,pos_s66_e162_s894_e1008
FUN_012085,0,0.0,0,pos,0,0.0,0,pos
FUN_004842,156,0.026859504132231406,3,pos_s0_e30_s1770_e1812_s1866_e1902,132,0.022727272727272728,2,pos_s0_e30_s1770_e1812
FUN_010014,0,0.0,0,pos,0,0.0,0,pos
FUN_002730,30,0.029069767441860465,0,pos,0,0.0,0,pos
FUN_002292,0,0.0,0,pos,0,0.0,0,pos
FUN_000695,0,0.0,0,pos,0,0.0,0,pos
FUN_002028,0,0.0,0,pos,0,0.0,0,pos
FUN_007327,0,0.0,0,pos,0,0.0,0,pos
FUN_009810,0,0.0,0,pos,0,0.0,0,pos
FUN_011211,0,0.0,0,pos,0,0.0,0,pos
FUN_015838,0,0.0,0,pos,0,0.0,0,pos
FUN_010685,18,0.006944444444444444,0,pos,0,0.0,0,pos
FUN_015930,0,0.0,0,pos,0,0.0,0,pos
FUN_002046,6,0.003355704697986577,0,pos,0,0.0,0,pos
FUN_002644,0,0.0,0,pos,0,0.0,0,pos
FUN_006717,180,0.029970029970029972,3,pos_s1026_e1056_s1080_e1140_s5826_e5856,18,0.002997002997002997,0,pos
FUN_006059,78,0.09027777777777778,1,pos_s198_e270,42,0.04861111111111111,1,pos_s216_e252
FUN_001549,108,0.20454545454545456,2,pos_s54_e102_s120_e168,66,0.125,1,pos_s120_e168
FUN_004695,0,0.0,0,pos,0,0.0,0,pos
FUN_005869,18,0.014925373134328358,0,pos,0,0.0,0,pos
FUN_004432,60,0.07575757575757576,1,pos_s168_e210,0,0.0,0,pos
FUN_001460,132,0.14193548387096774,1,pos_s408_e486,0,0.0,0,pos
FUN_007006,96,0.021739130434782608,1,pos_s1032_e1110,36,0.008152173913043478,1,pos_s1068_e1104
FUN_004188,0,0.0,0,pos,0,0.0,0,pos
FUN_001120,0,0.0,0,pos,0,0.0,0,pos
FUN_001351,0,0.0,0,pos,0,0.0,0,pos
FUN_001834,36,0.025423728813559324,1,pos_s690_e726,0,0.0,0,pos
FUN_005599,132,0.22,1,pos_s0_e132,102,0.17,1,pos_s30_e132
FUN_005053,96,0.09815950920245399,1,pos_s564_e660,78,0.07975460122699386,1,pos_s576_e654
FUN_010795,0,0.0,0,pos,0,0.0,0,pos
FUN_001979,0,0.0,0,pos,0,0.0,0,pos
FUN_011116,138,0.2072072072072072,2,pos_s114_e162_s186_e252,72,0.10810810810810811,1,pos_s198_e252
FUN_000655,72,0.036923076923076927,1,pos_s522_e552,0,0.0,0,pos
FUN_002445,0,0.0,0,pos,0,0.0,0,pos
FUN_006637,0,0.0,0,pos,0,0.0,0,pos
FUN_016748,0,0.0,0,pos,0,0.0,0,pos
FUN_011580,0,0.0,0,pos,0,0.0,0,pos
FUN_003748,0,0.0,0,pos,0,0.0,0,pos
FUN_008132,0,0.0,0,pos,0,0.0,0,pos
FUN_011299,24,0.0392156862745098,0,pos,0,0.0,0,pos
FUN_007315,0,0.0,0,pos,0,0.0,0,pos
FUN_012290,0,0.0,0,pos,0,0.0,0,pos
FUN_016279,0,0.0,0,pos,0,0.0,0,pos
FUN_000017,0,0.0,0,pos,0,0.0,0,pos
FUN_005615,0,0.0,0,pos,0,0.0,0,pos
FUN_005629,66,0.07006369426751592,0,pos,54,0.05732484076433121,0,pos
FUN_009521,0,0.0,0,pos,0,0.0,0,pos
FUN_001175,0,0.0,0,pos,0,0.0,0,pos
FUN_010473,0,0.0,0,pos,0,0.0,0,pos
FUN_016655,0,0.0,0,pos,0,0.0,0,pos
FUN_005109,24,0.03278688524590164,0,pos,0,0.0,0,pos
FUN_007783,18,0.01818181818181818,0,pos,0,0.0,0,pos
FUN_016572,0,0.0,0,pos,0,0.0,0,pos
FUN_003328,0,0.0,0,pos,0,0.0,0,pos
FUN_008002,18,0.009009009009009009,0,pos,0,0.0,0,pos
FUN_000113,48,0.06060606060606061,1,pos_s0_e48,30,0.03787878787878788,1,pos_s0_e30
FUN_010480,0,0.0,0,pos,0,0.0,0,pos
FUN_003665,72,0.028503562945368172,1,pos_s414_e486,60,0.023752969121140142,1,pos_s432_e486
FUN_001915,0,0.0,0,pos,0,0.0,0,pos
FUN_005458,0,0.0,0,pos,0,0.0,0,pos
FUN_012554,0,0.0,0,pos,0,0.0,0,pos
FUN_000743,0,0.0,0,pos,0,0.0,0,pos
FUN_011571,0,0.0,0,pos,0,0.0,0,pos
FUN_001172,48,0.03319502074688797,1,pos_s174_e222,24,0.016597510373443983,0,pos
FUN_008725,30,0.06756756756756757,1,pos_s0_e30,30,0.06756756756756757,1,pos_s0_e30
FUN_012445,0,0.0,0,pos,0,0.0,0,pos
FUN_016372,0,0.0,0,pos,0,0.0,0,pos
FUN_009469,0,0.0,0,pos,0,0.0,0,pos
FUN_007080,0,0.0,0,pos,0,0.0,0,pos
FUN_015637,0,0.0,0,pos,0,0.0,0,pos
FUN_003103,0,0.0,0,pos,0,0.0,0,pos
FUN_006583,0,0.0,0,pos,0,0.0,0,pos
FUN_016691,0,0.0,0,pos,0,0.0,0,pos
FUN_006458,0,0.0,0,pos,0,0.0,0,pos
FUN_001374,0,0.0,0,pos,0,0.0,0,pos
FUN_002839,6,0.0022123893805309734,0,pos,6,0.0022123893805309734,0,pos
FUN_007740,0,0.0,0,pos,0,0.0,0,pos
FUN_016377,0,0.0,0,pos,0,0.0,0,pos
FUN_005139,0,0.0,0,pos,0,0.0,0,pos
FUN_003398,0,0.0,0,pos,0,0.0,0,pos
FUN_008739,0,0.0,0,pos,0,0.0,0,pos
FUN_010786,0,0.0,0,pos,0,0.0,0,pos
FUN_001480,0,0.0,0,pos,0,0.0,0,pos
FUN_016064,0,0.0,0,pos,0,0.0,0,pos
FUN_001603,24,0.011869436201780416,0,pos,0,0.0,0,pos
FUN_007635,6,0.002506265664160401,0,pos,0,0.0,0,pos
FUN_005763,0,0.0,0,pos,0,0.0,0,pos
FUN_009375,114,0.09004739336492891,1,pos_s684_e780,54,0.04265402843601896,1,pos_s702_e738
FUN_000524,0,0.0,0,pos,0,0.0,0,pos
FUN_004988,6,0.005681818181818182,0,pos,0,0.0,0,pos
FUN_002474,0,0.0,0,pos,0,0.0,0,pos
FUN_002734,0,0.0,0,pos,0,0.0,0,pos
FUN_002299,168,0.06930693069306931,3,pos_s1476_e1530_s1986_e2040_s2088_e2130,48,0.019801980198019802,0,pos
FUN_016048,0,0.0,0,pos,0,0.0,0,pos
FUN_005930,54,0.16981132075471697,0,pos,0,0.0,0,pos
FUN_006029,0,0.0,0,pos,0,0.0,0,pos
FUN_002672,0,0.0,0,pos,0,0.0,0,pos
FUN_005648,0,0.0,0,pos,0,0.0,0,pos
FUN_002920,0,0.0,0,pos,0,0.0,0,pos
FUN_000136,0,0.0,0,pos,0,0.0,0,pos
FUN_010766,0,0.0,0,pos,0,0.0,0,pos
FUN_003348,66,0.14102564102564102,1,pos_s378_e420,0,0.0,0,pos
FUN_001195,0,0.0,0,pos,0,0.0,0,pos
FUN_005563,96,0.13793103448275862,1,pos_s72_e168,6,0.008620689655172414,0,pos
FUN_008083,0,0.0,0,pos,0,0.0,0,pos
FUN_009338,0,0.0,0,pos,0,0.0,0,pos
FUN_015251,0,0.0,0,pos,0,0.0,0,pos
FUN_005979,0,0.0,0,pos,0,0.0,0,pos
FUN_002194,30,0.008680555555555556,0,pos,6,0.001736111111111111,0,pos
FUN_000839,0,0.0,0,pos,0,0.0,0,pos
FUN_008333,0,0.0,0,pos,0,0.0,0,pos
FUN_007628,0,0.0,0,pos,0,0.0,0,pos
FUN_002209,162,0.05075187969924812,2,pos_s2562_e2604_s2796_e2886,36,0.011278195488721804,0,pos
FUN_001041,24,0.005242463958060288,0,pos,0,0.0,0,pos
FUN_009515,12,0.0029895366218236174,0,pos,0,0.0,0,pos
FUN_008031,0,0.0,0,pos,0,0.0,0,pos
FUN_001101,42,0.011764705882352941,1,pos_s3336_e3366,0,0.0,0,pos
FUN_005483,0,0.0,0,pos,0,0.0,0,pos
FUN_016825,0,0.0,0,pos,0,0.0,0,pos
FUN_007590,0,0.0,0,pos,0,0.0,0,pos
FUN_011056,360,0.17857142857142858,2,pos_s1044_e1176_s1800_e1926,186,0.09226190476190477,2,pos_s1086_e1140_s1818_e1926
FUN_008035,108,0.02786377708978328,1,pos_s2124_e2172,0,0.0,0,pos
FUN_015338,0,0.0,0,pos,0,0.0,0,pos
FUN_002322,36,0.0021474588403722263,1,pos_s2922_e2958,0,0.0,0,pos
FUN_003601,0,0.0,0,pos,0,0.0,0,pos
FUN_004475,6,0.005128205128205128,0,pos,0,0.0,0,pos
FUN_016117,0,0.0,0,pos,0,0.0,0,pos
FUN_015689,0,0.0,0,pos,0,0.0,0,pos
FUN_006346,0,0.0,0,pos,0,0.0,0,pos
FUN_000850,48,0.02909090909090909,0,pos,0,0.0,0,pos
FUN_015470,0,0.0,0,pos,0,0.0,0,pos
FUN_007154,0,0.0,0,pos,0,0.0,0,pos
FUN_005675,96,0.03855421686746988,1,pos_s1674_e1770,96,0.03855421686746988,1,pos_s1674_e1770
FUN_011528,0,0.0,0,pos,0,0.0,0,pos
FUN_009705,0,0.0,0,pos,0,0.0,0,pos
FUN_016020,0,0.0,0,pos,0,0.0,0,pos
FUN_016086,0,0.0,0,pos,0,0.0,0,pos
FUN_003439,126,0.030523255813953487,1,pos_s1404_e1512,0,0.0,0,pos
FUN_011554,0,0.0,0,pos,0,0.0,0,pos
FUN_001523,0,0.0,0,pos,0,0.0,0,pos
FUN_016650,0,0.0,0,pos,0,0.0,0,pos
FUN_000687,192,0.0392156862745098,2,pos_s318_e414_s3732_e3804,24,0.004901960784313725,0,pos
FUN_002948,0,0.0,0,pos,0,0.0,0,pos
FUN_000099,72,0.010978956999085087,1,pos_s5316_e5364,0,0.0,0,pos
FUN_005032,0,0.0,0,pos,0,0.0,0,pos
FUN_002712,0,0.0,0,pos,0,0.0,0,pos
FUN_006976,0,0.0,0,pos,0,0.0,0,pos
FUN_016295,0,0.0,0,pos,0,0.0,0,pos
FUN_008560,0,0.0,0,pos,0,0.0,0,pos
FUN_000471,0,0.0,0,pos,0,0.0,0,pos
FUN_010396,72,0.11320754716981132,1,pos_s360_e426,42,0.0660377358490566,1,pos_s384_e414
FUN_006160,0,0.0,0,pos,0,0.0,0,pos
FUN_006713,0,0.0,0,pos,0,0.0,0,pos
FUN_009294,120,0.05333333333333334,1,pos_s210_e330,30,0.013333333333333334,0,pos
FUN_004556,12,0.006779661016949152,0,pos,0,0.0,0,pos
FUN_008875,336,0.04294478527607362,4,pos_s3420_e3468_s5418_e5448_s5454_e5562_s5622_e5736,216,0.027607361963190184,2,pos_s5460_e5562_s5622_e5730
FUN_004192,0,0.0,0,pos,0,0.0,0,pos
FUN_015772,0,0.0,0,pos,0,0.0,0,pos
FUN_004171,114,0.021889400921658985,1,pos_s4914_e4986,0,0.0,0,pos
FUN_012400,0,0.0,0,pos,0,0.0,0,pos
FUN_002874,0,0.0,0,pos,0,0.0,0,pos
FUN_008048,66,0.046413502109704644,1,pos_s1254_e1302,0,0.0,0,pos
FUN_016104,0,0.0,0,pos,0,0.0,0,pos
FUN_012462,0,0.0,0,pos,0,0.0,0,pos
FUN_003065,60,0.0641025641025641,1,pos_s696_e732,0,0.0,0,pos
FUN_015642,0,0.0,0,pos,0,0.0,0,pos
FUN_002879,0,0.0,0,pos,0,0.0,0,pos
FUN_006550,0,0.0,0,pos,0,0.0,0,pos
FUN_000730,0,0.0,0,pos,0,0.0,0,pos
FUN_009546,108,0.05263157894736842,2,pos_s1230_e1260_s1290_e1362,78,0.038011695906432746,1,pos_s1290_e1350
FUN_003835,0,0.0,0,pos,0,0.0,0,pos
FUN_001646,0,0.0,0,pos,0,0.0,0,pos
FUN_003411,0,0.0,0,pos,0,0.0,0,pos
FUN_000607,0,0.0,0,pos,0,0.0,0,pos
FUN_015656,0,0.0,0,pos,0,0.0,0,pos
FUN_001726,0,0.0,0,pos,0,0.0,0,pos
FUN_006290,6,0.002583979328165375,0,pos,0,0.0,0,pos
FUN_009204,0,0.0,0,pos,0,0.0,0,pos
FUN_001180,114,0.028700906344410877,2,pos_s1152_e1188_s2652_e2694,0,0.0,0,pos
FUN_000328,0,0.0,0,pos,0,0.0,0,pos
FUN_006999,0,0.0,0,pos,0,0.0,0,pos
FUN_005210,0,0.0,0,pos,0,0.0,0,pos
FUN_004761,0,0.0,0,pos,0,0.0,0,pos
FUN_007912,0,0.0,0,pos,0,0.0,0,pos
FUN_003913,0,0.0,0,pos,0,0.0,0,pos
FUN_011965,0,0.0,0,pos,0,0.0,0,pos
FUN_010468,0,0.0,0,pos,0,0.0,0,pos
FUN_011633,0,0.0,0,pos,0,0.0,0,pos
FUN_000566,0,0.0,0,pos,0,0.0,0,pos
FUN_008068,0,0.0,0,pos,0,0.0,0,pos
FUN_008563,18,0.0071090047393364926,0,pos,0,0.0,0,pos
FUN_011631,0,0.0,0,pos,0,0.0,0,pos
FUN_015667,0,0.0,0,pos,0,0.0,0,pos
FUN_016375,0,0.0,0,pos,0,0.0,0,pos
FUN_003650,0,0.0,0,pos,0,0.0,0,pos
FUN_016399,0,0.0,0,pos,0,0.0,0,pos
FUN_007353,12,0.007326007326007326,0,pos,0,0.0,0,pos
FUN_004725,0,0.0,0,pos,0,0.0,0,pos
FUN_009976,120,0.11560693641618497,2,pos_s366_e414_s792_e834,42,0.04046242774566474,1,pos_s366_e408
FUN_015246,0,0.0,0,pos,0,0.0,0,pos
FUN_001916,156,0.06310679611650485,1,pos_s1314_e1404,66,0.02669902912621359,1,pos_s1320_e1386
FUN_001119,0,0.0,0,pos,0,0.0,0,pos
FUN_002572,102,0.02891156462585034,1,pos_s852_e948,18,0.00510204081632653,0,pos
FUN_010716,0,0.0,0,pos,0,0.0,0,pos
FUN_005185,0,0.0,0,pos,0,0.0,0,pos
FUN_008304,66,0.03873239436619718,1,pos_s1326_e1362,0,0.0,0,pos
FUN_003817,0,0.0,0,pos,0,0.0,0,pos
FUN_009131,0,0.0,0,pos,0,0.0,0,pos
FUN_016699,0,0.0,0,pos,0,0.0,0,pos
FUN_003361,36,0.07792207792207792,1,pos_s402_e438,0,0.0,0,pos
FUN_004281,240,0.0970873786407767,4,pos_s1098_e1152_s1350_e1404_s1440_e1512_s1788_e1824,102,0.0412621359223301,2,pos_s1368_e1404_s1440_e1506
FUN_016447,0,0.0,0,pos,0,0.0,0,pos
FUN_007551,96,0.017718715393133997,1,pos_s3780_e3822,0,0.0,0,pos
FUN_010100,30,0.026455026455026454,0,pos,0,0.0,0,pos
FUN_006255,0,0.0,0,pos,0,0.0,0,pos
FUN_002173,0,0.0,0,pos,0,0.0,0,pos
FUN_011791,0,0.0,0,pos,0,0.0,0,pos
FUN_005416,0,0.0,0,pos,0,0.0,0,pos
FUN_000932,90,0.14563106796116504,1,pos_s360_e450,42,0.06796116504854369,1,pos_s408_e450
FUN_009990,36,0.08,1,pos_s168_e204,0,0.0,0,pos
FUN_005391,0,0.0,0,pos,0,0.0,0,pos
FUN_004245,0,0.0,0,pos,0,0.0,0,pos
FUN_002470,0,0.0,0,pos,0,0.0,0,pos
FUN_002564,0,0.0,0,pos,0,0.0,0,pos
FUN_008255,0,0.0,0,pos,0,0.0,0,pos
FUN_002252,0,0.0,0,pos,0,0.0,0,pos
FUN_000010,0,0.0,0,pos,0,0.0,0,pos
FUN_005956,0,0.0,0,pos,0,0.0,0,pos
FUN_007292,0,0.0,0,pos,0,0.0,0,pos
FUN_016008,0,0.0,0,pos,0,0.0,0,pos
FUN_011438,0,0.0,0,pos,0,0.0,0,pos
FUN_016298,0,0.0,0,pos,0,0.0,0,pos
FUN_016118,0,0.0,0,pos,0,0.0,0,pos
FUN_003045,0,0.0,0,pos,0,0.0,0,pos
FUN_004375,66,0.0421455938697318,1,pos_s792_e852,24,0.01532567049808429,0,pos
FUN_000496,84,0.1794871794871795,2,pos_s36_e72_s96_e144,30,0.0641025641025641,1,pos_s102_e132
FUN_001218,0,0.0,0,pos,0,0.0,0,pos
FUN_007352,0,0.0,0,pos,0,0.0,0,pos
FUN_011200,0,0.0,0,pos,0,0.0,0,pos
FUN_000345,0,0.0,0,pos,0,0.0,0,pos
FUN_011465,0,0.0,0,pos,0,0.0,0,pos
FUN_000321,6,0.007194244604316547,0,pos,6,0.007194244604316547,0,pos
FUN_006567,0,0.0,0,pos,0,0.0,0,pos
FUN_016322,0,0.0,0,pos,0,0.0,0,pos
FUN_004890,0,0.0,0,pos,0,0.0,0,pos
FUN_004272,12,0.004618937644341801,0,pos,0,0.0,0,pos
FUN_000051,0,0.0,0,pos,0,0.0,0,pos
FUN_009368,96,0.03980099502487562,1,pos_s1740_e1824,0,0.0,0,pos
FUN_000215,0,0.0,0,pos,0,0.0,0,pos
FUN_012228,0,0.0,0,pos,0,0.0,0,pos
FUN_000489,0,0.0,0,pos,0,0.0,0,pos
FUN_004403,6,0.0125,0,pos,0,0.0,0,pos
FUN_008410,144,0.026755852842809364,3,pos_s0_e36_s78_e114_s2586_e2646,78,0.014492753623188406,2,pos_s0_e36_s78_e114
FUN_015304,0,0.0,0,pos,0,0.0,0,pos
FUN_003532,0,0.0,0,pos,0,0.0,0,pos
FUN_000373,0,0.0,0,pos,0,0.0,0,pos
FUN_002264,0,0.0,0,pos,0,0.0,0,pos
FUN_015262,0,0.0,0,pos,0,0.0,0,pos
FUN_006582,0,0.0,0,pos,0,0.0,0,pos
FUN_003609,0,0.0,0,pos,0,0.0,0,pos
FUN_006210,0,0.0,0,pos,0,0.0,0,pos
FUN_002686,0,0.0,0,pos,0,0.0,0,pos
FUN_009078,114,0.19387755102040816,0,pos,48,0.08163265306122448,1,pos_s522_e570
FUN_010902,12,0.006968641114982578,0,pos,0,0.0,0,pos
FUN_016114,0,0.0,0,pos,0,0.0,0,pos
FUN_009253,0,0.0,0,pos,0,0.0,0,pos
FUN_010996,0,0.0,0,pos,0,0.0,0,pos
FUN_007786,0,0.0,0,pos,0,0.0,0,pos
FUN_003588,0,0.0,0,pos,0,0.0,0,pos
FUN_002092,0,0.0,0,pos,0,0.0,0,pos
FUN_010430,36,0.08,1,pos_s336_e372,0,0.0,0,pos
FUN_005820,0,0.0,0,pos,0,0.0,0,pos
FUN_015783,0,0.0,0,pos,0,0.0,0,pos
FUN_004892,0,0.0,0,pos,0,0.0,0,pos
FUN_000485,12,0.010810810810810811,0,pos,0,0.0,0,pos
FUN_005805,0,0.0,0,pos,0,0.0,0,pos
FUN_004324,0,0.0,0,pos,0,0.0,0,pos
FUN_015287,0,0.0,0,pos,0,0.0,0,pos
FUN_016768,0,0.0,0,pos,0,0.0,0,pos
FUN_002360,138,0.04159132007233273,1,pos_s3222_e3252,0,0.0,0,pos
FUN_005745,0,0.0,0,pos,0,0.0,0,pos
FUN_002951,0,0.0,0,pos,0,0.0,0,pos
FUN_012100,0,0.0,0,pos,0,0.0,0,pos
FUN_012286,0,0.0,0,pos,0,0.0,0,pos
FUN_005011,6,0.0026041666666666665,0,pos,0,0.0,0,pos
FUN_007388,0,0.0,0,pos,0,0.0,0,pos
FUN_002206,66,0.029023746701846966,1,pos_s2082_e2112,0,0.0,0,pos
FUN_008226,12,0.03125,0,pos,0,0.0,0,pos
FUN_004528,0,0.0,0,pos,0,0.0,0,pos
FUN_006136,0,0.0,0,pos,0,0.0,0,pos
FUN_006205,12,0.00554016620498615,0,pos,0,0.0,0,pos
FUN_009832,0,0.0,0,pos,0,0.0,0,pos
FUN_010333,0,0.0,0,pos,0,0.0,0,pos
FUN_010037,0,0.0,0,pos,0,0.0,0,pos
FUN_002627,0,0.0,0,pos,0,0.0,0,pos
FUN_011863,0,0.0,0,pos,0,0.0,0,pos
FUN_009506,204,0.11564625850340136,3,pos_s174_e228_s264_e294_s624_e726,90,0.05102040816326531,2,pos_s186_e228_s630_e660
FUN_016010,0,0.0,0,pos,0,0.0,0,pos
FUN_003003,30,0.035211267605633804,0,pos,30,0.035211267605633804,0,pos
FUN_004886,72,0.043795620437956206,2,pos_s1416_e1446_s1464_e1500,12,0.0072992700729927005,0,pos
FUN_011520,0,0.0,0,pos,0,0.0,0,pos
FUN_008496,54,0.028125,1,pos_s132_e186,0,0.0,0,pos
FUN_010231,0,0.0,0,pos,0,0.0,0,pos
FUN_006289,12,0.010416666666666666,0,pos,0,0.0,0,pos
FUN_005136,0,0.0,0,pos,0,0.0,0,pos
FUN_004548,0,0.0,0,pos,0,0.0,0,pos
FUN_004222,0,0.0,0,pos,0,0.0,0,pos
FUN_005507,54,0.008563273073263558,1,pos_s3672_e3726,6,0.0009514747859181732,0,pos
FUN_010225,24,0.005908419497784343,0,pos,0,0.0,0,pos
FUN_000915,0,0.0,0,pos,0,0.0,0,pos
FUN_008708,0,0.0,0,pos,0,0.0,0,pos
FUN_003027,0,0.0,0,pos,0,0.0,0,pos
FUN_004368,12,0.007407407407407408,0,pos,0,0.0,0,pos
FUN_007395,0,0.0,0,pos,0,0.0,0,pos
FUN_015443,0,0.0,0,pos,0,0.0,0,pos
FUN_010346,0,0.0,0,pos,0,0.0,0,pos
FUN_010068,0,0.0,0,pos,0,0.0,0,pos
FUN_009193,0,0.0,0,pos,0,0.0,0,pos
FUN_012329,0,0.0,0,pos,0,0.0,0,pos
FUN_005192,0,0.0,0,pos,0,0.0,0,pos
FUN_010130,0,0.0,0,pos,0,0.0,0,pos
FUN_001503,0,0.0,0,pos,0,0.0,0,pos
FUN_016818,0,0.0,0,pos,0,0.0,0,pos
FUN_008339,126,0.15217391304347827,1,pos_s126_e252,36,0.043478260869565216,1,pos_s180_e216
FUN_011431,0,0.0,0,pos,0,0.0,0,pos
FUN_001428,0,0.0,0,pos,0,0.0,0,pos
FUN_004819,0,0.0,0,pos,0,0.0,0,pos
FUN_001297,102,0.26153846153846155,1,pos_s282_e384,0,0.0,0,pos
FUN_016239,0,0.0,0,pos,0,0.0,0,pos
FUN_010180,0,0.0,0,pos,0,0.0,0,pos
FUN_011392,0,0.0,0,pos,0,0.0,0,pos
FUN_003526,216,0.16744186046511628,3,pos_s816_e858_s942_e1032_s1200_e1272,12,0.009302325581395349,0,pos
FUN_002683,0,0.0,0,pos,0,0.0,0,pos
FUN_008238,72,0.0547945205479452,1,pos_s630_e702,18,0.0136986301369863,0,pos
FUN_005678,0,0.0,0,pos,0,0.0,0,pos
FUN_005750,0,0.0,0,pos,0,0.0,0,pos
FUN_016586,0,0.0,0,pos,0,0.0,0,pos
FUN_001414,6,0.01818181818181818,0,pos,0,0.0,0,pos
FUN_016326,0,0.0,0,pos,0,0.0,0,pos
FUN_001947,0,0.0,0,pos,0,0.0,0,pos
FUN_010908,0,0.0,0,pos,0,0.0,0,pos
FUN_006773,0,0.0,0,pos,0,0.0,0,pos
FUN_004726,36,0.029411764705882353,1,pos_s864_e900,0,0.0,0,pos
FUN_000602,0,0.0,0,pos,0,0.0,0,pos
FUN_001087,0,0.0,0,pos,0,0.0,0,pos
FUN_002685,42,0.026022304832713755,0,pos,0,0.0,0,pos
FUN_001376,0,0.0,0,pos,0,0.0,0,pos
FUN_006067,120,0.03616636528028933,1,pos_s2886_e2988,0,0.0,0,pos
FUN_012131,0,0.0,0,pos,0,0.0,0,pos
FUN_004758,36,0.024691358024691357,1,pos_s750_e786,0,0.0,0,pos
FUN_005962,0,0.0,0,pos,0,0.0,0,pos
FUN_009160,0,0.0,0,pos,0,0.0,0,pos
FUN_011750,0,0.0,0,pos,0,0.0,0,pos
FUN_011281,0,0.0,0,pos,0,0.0,0,pos
FUN_003589,0,0.0,0,pos,0,0.0,0,pos
FUN_010070,36,0.007731958762886598,0,pos,0,0.0,0,pos
FUN_003584,0,0.0,0,pos,0,0.0,0,pos
FUN_007687,234,0.10773480662983426,3,pos_s36_e102_s1824_e1908_s1932_e1992,54,0.024861878453038673,0,pos
FUN_001905,168,0.038620689655172416,2,pos_s792_e822_s2766_e2802,0,0.0,0,pos
FUN_006270,0,0.0,0,pos,0,0.0,0,pos
FUN_005813,24,0.023255813953488372,0,pos,0,0.0,0,pos
FUN_006938,144,0.05228758169934641,2,pos_s0_e72_s2586_e2628,60,0.02178649237472767,1,pos_s0_e60
FUN_000087,0,0.0,0,pos,0,0.0,0,pos
FUN_002450,0,0.0,0,pos,0,0.0,0,pos
FUN_002396,78,0.017783857729138167,1,pos_s1392_e1446,0,0.0,0,pos
FUN_001699,0,0.0,0,pos,0,0.0,0,pos
FUN_009772,0,0.0,0,pos,0,0.0,0,pos
FUN_012088,0,0.0,0,pos,0,0.0,0,pos
FUN_000748,0,0.0,0,pos,0,0.0,0,pos
FUN_005998,0,0.0,0,pos,0,0.0,0,pos
FUN_002110,84,0.03664921465968586,1,pos_s1950_e1998,0,0.0,0,pos
FUN_007772,0,0.0,0,pos,0,0.0,0,pos
FUN_004014,0,0.0,0,pos,0,0.0,0,pos
FUN_011207,30,0.030120481927710843,1,pos_s36_e66,0,0.0,0,pos
FUN_010108,0,0.0,0,pos,0,0.0,0,pos
FUN_015725,0,0.0,0,pos,0,0.0,0,pos
FUN_008525,0,0.0,0,pos,0,0.0,0,pos
FUN_015634,0,0.0,0,pos,0,0.0,0,pos
FUN_003467,198,0.1542056074766355,2,pos_s624_e672_s1056_e1152,36,0.028037383177570093,0,pos
FUN_007391,156,0.07602339181286549,3,pos_s1650_e1710_s1716_e1746_s1776_e1842,0,0.0,0,pos
FUN_010748,0,0.0,0,pos,0,0.0,0,pos
FUN_009154,18,0.008771929824561403,0,pos,0,0.0,0,pos
FUN_005481,90,0.075,1,pos_s816_e888,0,0.0,0,pos
FUN_008128,0,0.0,0,pos,0,0.0,0,pos
FUN_001310,0,0.0,0,pos,0,0.0,0,pos
FUN_001317,0,0.0,0,pos,0,0.0,0,pos
FUN_003273,0,0.0,0,pos,0,0.0,0,pos
FUN_015819,0,0.0,0,pos,0,0.0,0,pos
FUN_011708,0,0.0,0,pos,0,0.0,0,pos
FUN_001311,132,0.11518324607329843,1,pos_s732_e834,78,0.06806282722513089,1,pos_s744_e822
FUN_006260,6,0.004651162790697674,0,pos,6,0.004651162790697674,0,pos
FUN_008558,0,0.0,0,pos,0,0.0,0,pos
FUN_010165,42,0.02456140350877193,1,pos_s1566_e1608,0,0.0,0,pos
FUN_015881,138,0.0732484076433121,3,pos_s42_e72_s126_e156_s228_e270,24,0.012738853503184714,0,pos
FUN_000374,0,0.0,0,pos,0,0.0,0,pos
FUN_003992,0,0.0,0,pos,0,0.0,0,pos
FUN_008342,78,0.029082774049217,1,pos_s1290_e1338,0,0.0,0,pos
FUN_008988,120,0.02185792349726776,1,pos_s2868_e2916,18,0.003278688524590164,0,pos
FUN_009347,0,0.0,0,pos,0,0.0,0,pos
FUN_011805,0,0.0,0,pos,0,0.0,0,pos
FUN_003501,0,0.0,0,pos,0,0.0,0,pos
FUN_009621,0,0.0,0,pos,0,0.0,0,pos
FUN_010351,0,0.0,0,pos,0,0.0,0,pos
FUN_000313,0,0.0,0,pos,0,0.0,0,pos
FUN_016248,0,0.0,0,pos,0,0.0,0,pos
FUN_003953,0,0.0,0,pos,0,0.0,0,pos
FUN_008308,0,0.0,0,pos,0,0.0,0,pos
FUN_001130,0,0.0,0,pos,0,0.0,0,pos
FUN_004707,0,0.0,0,pos,0,0.0,0,pos
FUN_004626,102,0.060714285714285714,2,pos_s1260_e1290_s1614_e1662,6,0.0035714285714285713,0,pos
FUN_004943,420,0.05065123010130246,6,pos_s2868_e2898_s2904_e3012_s3234_e3288_s4362_e4452_s5622_e5664_s5856_e5916,150,0.01808972503617945,2,pos_s2952_e2982_s4362_e4434
FUN_011047,0,0.0,0,pos,0,0.0,0,pos
FUN_012469,0,0.0,0,pos,0,0.0,0,pos
FUN_003647,0,0.0,0,pos,0,0.0,0,pos
FUN_003397,0,0.0,0,pos,0,0.0,0,pos
FUN_016490,78,0.12037037037037036,1,pos_s318_e396,0,0.0,0,pos
FUN_002070,0,0.0,0,pos,0,0.0,0,pos
FUN_003086,0,0.0,0,pos,0,0.0,0,pos
FUN_002117,0,0.0,0,pos,0,0.0,0,pos
FUN_011579,0,0.0,0,pos,0,0.0,0,pos
FUN_005558,0,0.0,0,pos,0,0.0,0,pos
FUN_000020,138,0.03801652892561983,3,pos_s822_e858_s1224_e1260_s3552_e3618,12,0.003305785123966942,0,pos
FUN_002772,0,0.0,0,pos,0,0.0,0,pos
FUN_002519,180,0.06097560975609756,3,pos_s390_e468_s960_e990_s2682_e2736,54,0.018292682926829267,0,pos
FUN_007821,90,0.019455252918287938,2,pos_s1794_e1836_s4332_e4362,0,0.0,0,pos
FUN_002123,48,0.018223234624145785,1,pos_s2040_e2070,0,0.0,0,pos
FUN_005711,24,0.07692307692307693,0,pos,24,0.07692307692307693,0,pos
FUN_008599,0,0.0,0,pos,0,0.0,0,pos
FUN_001997,0,0.0,0,pos,0,0.0,0,pos
FUN_016441,0,0.0,0,pos,0,0.0,0,pos
FUN_016512,0,0.0,0,pos,0,0.0,0,pos
FUN_016509,0,0.0,0,pos,0,0.0,0,pos
FUN_009309,0,0.0,0,pos,0,0.0,0,pos
FUN_016192,6,0.005128205128205128,0,pos,0,0.0,0,pos
FUN_010568,0,0.0,0,pos,0,0.0,0,pos
FUN_016578,0,0.0,0,pos,0,0.0,0,pos
FUN_001220,6,0.0045871559633027525,0,pos,6,0.0045871559633027525,0,pos
FUN_016207,60,0.02570694087403599,1,pos_s1980_e2040,30,0.012853470437017995,1,pos_s2010_e2040
FUN_005038,0,0.0,0,pos,0,0.0,0,pos
FUN_000617,72,0.06857142857142857,1,pos_s972_e1008,66,0.06285714285714286,2,pos_s972_e1008_s1014_e1044
FUN_004507,0,0.0,0,pos,0,0.0,0,pos
FUN_015723,0,0.0,0,pos,0,0.0,0,pos
FUN_002428,240,0.22346368715083798,3,pos_s96_e126_s138_e240_s336_e432,18,0.01675977653631285,0,pos
FUN_002335,0,0.0,0,pos,0,0.0,0,pos
FUN_011595,0,0.0,0,pos,0,0.0,0,pos
FUN_011797,0,0.0,0,pos,0,0.0,0,pos
FUN_009740,0,0.0,0,pos,0,0.0,0,pos
FUN_004710,18,0.008645533141210375,0,pos,6,0.002881844380403458,0,pos
FUN_002981,24,0.02962962962962963,0,pos,12,0.014814814814814815,0,pos
FUN_003081,0,0.0,0,pos,0,0.0,0,pos
FUN_005588,648,0.27835051546391754,5,pos_s156_e264_s306_e390_s414_e540_s1182_e1416_s1428_e1500,186,0.07989690721649484,2,pos_s1230_e1332_s1458_e1500
FUN_007582,0,0.0,0,pos,0,0.0,0,pos
FUN_002269,0,0.0,0,pos,0,0.0,0,pos
FUN_003032,0,0.0,0,pos,0,0.0,0,pos
FUN_004671,138,0.045364891518737675,1,pos_s1524_e1662,36,0.011834319526627219,0,pos
FUN_015718,0,0.0,0,pos,0,0.0,0,pos
FUN_003246,6,0.008333333333333333,0,pos,0,0.0,0,pos
FUN_007851,108,0.6206896551724138,1,pos_s54_e156,54,0.3103448275862069,1,pos_s72_e126
FUN_000654,0,0.0,0,pos,0,0.0,0,pos
FUN_005772,60,0.08064516129032258,1,pos_s348_e402,0,0.0,0,pos
FUN_007386,0,0.0,0,pos,0,0.0,0,pos
FUN_006040,0,0.0,0,pos,0,0.0,0,pos
FUN_006251,168,0.025925925925925925,1,pos_s5442_e5562,150,0.023148148148148147,1,pos_s5442_e5562
FUN_010360,0,0.0,0,pos,0,0.0,0,pos
FUN_002900,78,0.07262569832402235,1,pos_s768_e822,0,0.0,0,pos
FUN_004178,12,0.007751937984496124,0,pos,0,0.0,0,pos
FUN_002518,0,0.0,0,pos,0,0.0,0,pos
FUN_011536,0,0.0,0,pos,0,0.0,0,pos
FUN_005001,84,0.029787234042553193,1,pos_s2094_e2178,0,0.0,0,pos
FUN_008358,0,0.0,0,pos,0,0.0,0,pos
FUN_005466,0,0.0,0,pos,0,0.0,0,pos
FUN_004181,36,0.018867924528301886,1,pos_s1530_e1566,0,0.0,0,pos
FUN_002409,0,0.0,0,pos,0,0.0,0,pos
FUN_009831,0,0.0,0,pos,0,0.0,0,pos
FUN_003021,0,0.0,0,pos,0,0.0,0,pos
FUN_011616,0,0.0,0,pos,0,0.0,0,pos
FUN_003347,0,0.0,0,pos,0,0.0,0,pos
FUN_005168,156,0.11926605504587157,2,pos_s288_e336_s756_e804,0,0.0,0,pos
FUN_008429,0,0.0,0,pos,0,0.0,0,pos
FUN_001657,60,0.006640106241699867,1,pos_s8718_e8778,0,0.0,0,pos
FUN_016632,0,0.0,0,pos,0,0.0,0,pos
FUN_003880,0,0.0,0,pos,0,0.0,0,pos
FUN_009392,6,0.006211180124223602,0,pos,0,0.0,0,pos
FUN_004836,0,0.0,0,pos,0,0.0,0,pos
FUN_005884,144,0.06060606060606061,2,pos_s144_e204_s2064_e2136,30,0.012626262626262626,0,pos
FUN_000154,6,0.004329004329004329,0,pos,0,0.0,0,pos
FUN_011808,0,0.0,0,pos,0,0.0,0,pos
FUN_007806,24,0.029850746268656716,0,pos,0,0.0,0,pos
FUN_010965,0,0.0,0,pos,0,0.0,0,pos
FUN_004497,0,0.0,0,pos,0,0.0,0,pos
FUN_007159,6,0.0047169811320754715,0,pos,0,0.0,0,pos
FUN_011328,0,0.0,0,pos,0,0.0,0,pos
FUN_010666,0,0.0,0,pos,0,0.0,0,pos
FUN_004269,78,0.010416666666666666,1,pos_s3834_e3864,0,0.0,0,pos
FUN_001796,114,0.051490514905149054,1,pos_s696_e756,12,0.005420054200542005,0,pos
FUN_001171,0,0.0,0,pos,0,0.0,0,pos
FUN_005137,0,0.0,0,pos,0,0.0,0,pos
FUN_006604,0,0.0,0,pos,0,0.0,0,pos
FUN_000883,0,0.0,0,pos,0,0.0,0,pos
FUN_005324,0,0.0,0,pos,0,0.0,0,pos
FUN_003615,0,0.0,0,pos,0,0.0,0,pos
FUN_004341,78,0.057777777777777775,1,pos_s534_e600,30,0.022222222222222223,0,pos
FUN_001734,0,0.0,0,pos,0,0.0,0,pos
FUN_004461,0,0.0,0,pos,0,0.0,0,pos
FUN_000212,0,0.0,0,pos,0,0.0,0,pos
FUN_001494,0,0.0,0,pos,0,0.0,0,pos
FUN_011171,102,0.068,2,pos_s348_e396_s1404_e1446,0,0.0,0,pos
FUN_010612,0,0.0,0,pos,0,0.0,0,pos
FUN_000840,6,0.003003003003003003,0,pos,0,0.0,0,pos
FUN_011789,114,0.13286713286713286,1,pos_s54_e168,36,0.04195804195804196,0,pos
FUN_000279,0,0.0,0,pos,0,0.0,0,pos
FUN_007092,108,0.0694980694980695,1,pos_s60_e168,24,0.015444015444015444,0,pos
FUN_007441,0,0.0,0,pos,0,0.0,0,pos
FUN_008405,150,0.09803921568627451,2,pos_s402_e486_s504_e546,36,0.023529411764705882,1,pos_s432_e462
FUN_001943,0,0.0,0,pos,0,0.0,0,pos
FUN_008998,12,0.005063291139240506,0,pos,0,0.0,0,pos
FUN_008594,0,0.0,0,pos,0,0.0,0,pos
FUN_009866,6,0.0044444444444444444,0,pos,0,0.0,0,pos
FUN_003931,0,0.0,0,pos,0,0.0,0,pos
FUN_002021,222,0.036669970267591674,2,pos_s30_e144_s714_e744,42,0.006937561942517344,1,pos_s714_e744
FUN_006894,0,0.0,0,pos,0,0.0,0,pos
FUN_015891,0,0.0,0,pos,0,0.0,0,pos
FUN_015989,0,0.0,0,pos,0,0.0,0,pos
FUN_003097,0,0.0,0,pos,0,0.0,0,pos
FUN_003083,84,0.05761316872427984,1,pos_s540_e606,18,0.012345679012345678,0,pos
FUN_000768,0,0.0,0,pos,0,0.0,0,pos
FUN_000941,0,0.0,0,pos,0,0.0,0,pos
FUN_008911,0,0.0,0,pos,0,0.0,0,pos
FUN_010147,0,0.0,0,pos,0,0.0,0,pos
FUN_012006,0,0.0,0,pos,0,0.0,0,pos
FUN_000965,30,0.047619047619047616,1,pos_s0_e30,0,0.0,0,pos
FUN_005027,90,0.05226480836236934,1,pos_s756_e804,18,0.010452961672473868,0,pos
FUN_005025,0,0.0,0,pos,0,0.0,0,pos
FUN_016302,0,0.0,0,pos,0,0.0,0,pos
FUN_002383,0,0.0,0,pos,0,0.0,0,pos
FUN_006094,0,0.0,0,pos,0,0.0,0,pos
FUN_006984,0,0.0,0,pos,0,0.0,0,pos
FUN_003764,78,0.034031413612565446,1,pos_s1200_e1248,0,0.0,0,pos
FUN_003774,0,0.0,0,pos,0,0.0,0,pos
FUN_009201,0,0.0,0,pos,0,0.0,0,pos
FUN_002548,6,0.008849557522123894,0,pos,0,0.0,0,pos
FUN_011202,0,0.0,0,pos,0,0.0,0,pos
FUN_000091,0,0.0,0,pos,0,0.0,0,pos
FUN_006585,0,0.0,0,pos,0,0.0,0,pos
FUN_005682,102,0.13709677419354838,1,pos_s138_e222,60,0.08064516129032258,1,pos_s174_e222
FUN_002742,18,0.039473684210526314,0,pos,0,0.0,0,pos
FUN_012275,0,0.0,0,pos,0,0.0,0,pos
FUN_005151,0,0.0,0,pos,0,0.0,0,pos
FUN_006132,0,0.0,0,pos,0,0.0,0,pos
FUN_009232,0,0.0,0,pos,0,0.0,0,pos
FUN_008838,504,0.11491108071135431,6,pos_s480_e540_s690_e744_s840_e900_s1062_e1176_s3078_e3174_s3294_e3384,240,0.05471956224350205,3,pos_s690_e732_s1080_e1176_s3114_e3174
FUN_003284,108,0.058823529411764705,1,pos_s1176_e1260,42,0.02287581699346405,1,pos_s1176_e1206
FUN_009156,0,0.0,0,pos,0,0.0,0,pos
FUN_012137,0,0.0,0,pos,0,0.0,0,pos
FUN_016119,0,0.0,0,pos,0,0.0,0,pos
FUN_010245,0,0.0,0,pos,0,0.0,0,pos
FUN_008547,0,0.0,0,pos,0,0.0,0,pos
FUN_015758,0,0.0,0,pos,0,0.0,0,pos
FUN_012118,0,0.0,0,pos,0,0.0,0,pos
FUN_016241,0,0.0,0,pos,0,0.0,0,pos
FUN_001610,0,0.0,0,pos,0,0.0,0,pos
FUN_007107,0,0.0,0,pos,0,0.0,0,pos
FUN_009834,312,0.05033881897386254,3,pos_s3138_e3270_s4254_e4320_s5004_e5052,120,0.01936108422071636,2,pos_s3192_e3270_s4260_e4290
FUN_005836,0,0.0,0,pos,0,0.0,0,pos
FUN_005266,0,0.0,0,pos,0,0.0,0,pos
FUN_009591,30,0.015772870662460567,0,pos,0,0.0,0,pos
FUN_004853,132,0.03486529318541997,2,pos_s2892_e2994_s3600_e3630,84,0.022187004754358162,1,pos_s2910_e2994
FUN_009770,0,0.0,0,pos,0,0.0,0,pos
FUN_007663,0,0.0,0,pos,0,0.0,0,pos
FUN_002535,0,0.0,0,pos,0,0.0,0,pos
FUN_002976,210,0.050946142649199416,4,pos_s294_e324_s3462_e3492_s3588_e3654_s3954_e3984,12,0.002911208151382824,0,pos
FUN_003404,132,0.16296296296296298,1,pos_s168_e264,48,0.05925925925925926,1,pos_s168_e210
FUN_001972,6,0.0028011204481792717,0,pos,0,0.0,0,pos
FUN_011565,0,0.0,0,pos,0,0.0,0,pos
FUN_002820,0,0.0,0,pos,0,0.0,0,pos
FUN_010899,0,0.0,0,pos,0,0.0,0,pos
FUN_002509,0,0.0,0,pos,0,0.0,0,pos
FUN_016363,0,0.0,0,pos,0,0.0,0,pos
FUN_016837,0,0.0,0,pos,0,0.0,0,pos
FUN_006967,120,0.14084507042253522,1,pos_s474_e594,0,0.0,0,pos
FUN_002993,0,0.0,0,pos,0,0.0,0,pos
FUN_012189,0,0.0,0,pos,0,0.0,0,pos
FUN_016409,0,0.0,0,pos,0,0.0,0,pos
FUN_015786,0,0.0,0,pos,0,0.0,0,pos
FUN_002897,36,0.14285714285714285,0,pos,0,0.0,0,pos
FUN_005837,54,0.038135593220338986,0,pos,0,0.0,0,pos
FUN_002689,0,0.0,0,pos,0,0.0,0,pos
FUN_003631,0,0.0,0,pos,0,0.0,0,pos
FUN_001009,0,0.0,0,pos,0,0.0,0,pos
FUN_010950,0,0.0,0,pos,0,0.0,0,pos
FUN_007775,66,0.1527777777777778,1,pos_s216_e246,0,0.0,0,pos
FUN_009510,0,0.0,0,pos,0,0.0,0,pos
FUN_005477,0,0.0,0,pos,0,0.0,0,pos
FUN_002914,0,0.0,0,pos,0,0.0,0,pos
FUN_011726,0,0.0,0,pos,0,0.0,0,pos
FUN_007075,84,0.06698564593301436,1,pos_s354_e426,30,0.023923444976076555,1,pos_s378_e408
FUN_008051,0,0.0,0,pos,0,0.0,0,pos
FUN_005191,0,0.0,0,pos,0,0.0,0,pos
FUN_011176,0,0.0,0,pos,0,0.0,0,pos
FUN_007918,0,0.0,0,pos,0,0.0,0,pos
FUN_002693,312,0.2524271844660194,5,pos_s492_e600_s660_e714_s792_e822_s882_e930_s936_e984,150,0.12135922330097088,3,pos_s516_e558_s564_e600_s672_e714
FUN_006283,0,0.0,0,pos,0,0.0,0,pos
FUN_003838,24,0.016260162601626018,0,pos,0,0.0,0,pos
FUN_007894,6,0.01694915254237288,0,pos,0,0.0,0,pos
FUN_009869,18,0.028037383177570093,0,pos,0,0.0,0,pos
FUN_004826,0,0.0,0,pos,0,0.0,0,pos
FUN_005125,30,0.019455252918287938,0,pos,12,0.007782101167315175,0,pos
FUN_001954,0,0.0,0,pos,0,0.0,0,pos
FUN_000919,0,0.0,0,pos,0,0.0,0,pos
FUN_015780,0,0.0,0,pos,0,0.0,0,pos
FUN_016242,0,0.0,0,pos,0,0.0,0,pos
FUN_004771,0,0.0,0,pos,0,0.0,0,pos
FUN_003417,0,0.0,0,pos,0,0.0,0,pos
FUN_005598,0,0.0,0,pos,0,0.0,0,pos
FUN_003778,0,0.0,0,pos,0,0.0,0,pos
FUN_011577,0,0.0,0,pos,0,0.0,0,pos
FUN_009177,0,0.0,0,pos,0,0.0,0,pos
FUN_009871,96,0.0730593607305936,1,pos_s1164_e1236,0,0.0,0,pos
FUN_000357,0,0.0,0,pos,0,0.0,0,pos
FUN_012176,0,0.0,0,pos,0,0.0,0,pos
FUN_001723,12,0.0064516129032258064,0,pos,0,0.0,0,pos
FUN_001137,0,0.0,0,pos,0,0.0,0,pos
FUN_011283,48,0.020253164556962026,1,pos_s1824_e1860,12,0.005063291139240506,0,pos
FUN_006610,0,0.0,0,pos,0,0.0,0,pos
FUN_008632,0,0.0,0,pos,0,0.0,0,pos
FUN_000076,6,0.0029940119760479044,0,pos,0,0.0,0,pos
FUN_015699,0,0.0,0,pos,0,0.0,0,pos
FUN_008639,0,0.0,0,pos,0,0.0,0,pos
FUN_004757,0,0.0,0,pos,0,0.0,0,pos
FUN_005565,0,0.0,0,pos,0,0.0,0,pos
FUN_004864,96,0.02702702702702703,1,pos_s3468_e3546,0,0.0,0,pos
FUN_004384,18,0.06521739130434782,0,pos,0,0.0,0,pos
FUN_003289,0,0.0,0,pos,0,0.0,0,pos
FUN_010502,0,0.0,0,pos,0,0.0,0,pos
FUN_004350,120,0.15151515151515152,3,pos_s420_e450_s642_e672_s696_e750,18,0.022727272727272728,0,pos
FUN_005429,6,0.00847457627118644,0,pos,0,0.0,0,pos
FUN_016314,0,0.0,0,pos,0,0.0,0,pos
FUN_009677,0,0.0,0,pos,0,0.0,0,pos
FUN_001935,0,0.0,0,pos,0,0.0,0,pos
FUN_009741,24,0.029411764705882353,0,pos,0,0.0,0,pos
FUN_002587,0,0.0,0,pos,0,0.0,0,pos
FUN_011755,0,0.0,0,pos,0,0.0,0,pos
FUN_005762,36,0.038461538461538464,0,pos,0,0.0,0,pos
FUN_005232,0,0.0,0,pos,0,0.0,0,pos
FUN_016095,0,0.0,0,pos,0,0.0,0,pos
FUN_007131,0,0.0,0,pos,0,0.0,0,pos
FUN_011772,0,0.0,0,pos,0,0.0,0,pos
FUN_002372,0,0.0,0,pos,0,0.0,0,pos
FUN_003728,54,0.014150943396226415,1,pos_s384_e414,0,0.0,0,pos
FUN_005005,0,0.0,0,pos,0,0.0,0,pos
FUN_008012,0,0.0,0,pos,0,0.0,0,pos
FUN_001550,0,0.0,0,pos,0,0.0,0,pos
FUN_004126,0,0.0,0,pos,0,0.0,0,pos
FUN_000514,384,0.03778040141676505,4,pos_s606_e654_s2028_e2118_s5298_e5358_s8976_e9090,78,0.007674144037780401,1,pos_s9012_e9078
FUN_003253,0,0.0,0,pos,0,0.0,0,pos
FUN_011436,72,0.020066889632107024,1,pos_s600_e630,24,0.006688963210702341,0,pos
FUN_016057,0,0.0,0,pos,0,0.0,0,pos
FUN_011371,84,0.04912280701754386,0,pos,0,0.0,0,pos
FUN_016080,0,0.0,0,pos,0,0.0,0,pos
FUN_006032,0,0.0,0,pos,0,0.0,0,pos
FUN_007094,0,0.0,0,pos,0,0.0,0,pos
FUN_016324,0,0.0,0,pos,0,0.0,0,pos
FUN_003930,0,0.0,0,pos,0,0.0,0,pos
FUN_001526,0,0.0,0,pos,0,0.0,0,pos
FUN_000986,0,0.0,0,pos,0,0.0,0,pos
FUN_010375,0,0.0,0,pos,0,0.0,0,pos
FUN_006060,30,0.1724137931034483,1,pos_s54_e84,0,0.0,0,pos
FUN_005241,0,0.0,0,pos,0,0.0,0,pos
FUN_002656,150,0.10121457489878542,1,pos_s1290_e1338,96,0.06477732793522267,0,pos
FUN_001167,114,0.02186421173762946,1,pos_s3114_e3228,102,0.019562715765247412,1,pos_s3114_e3216
FUN_006178,0,0.0,0,pos,0,0.0,0,pos
FUN_008754,0,0.0,0,pos,0,0.0,0,pos
FUN_011271,0,0.0,0,pos,0,0.0,0,pos
FUN_006669,0,0.0,0,pos,0,0.0,0,pos
FUN_003170,96,0.19753086419753085,1,pos_s24_e102,24,0.04938271604938271,0,pos
FUN_004460,84,0.04713804713804714,1,pos_s60_e138,0,0.0,0,pos
FUN_011794,18,0.01056338028169014,0,pos,0,0.0,0,pos
FUN_006127,0,0.0,0,pos,0,0.0,0,pos
FUN_011463,0,0.0,0,pos,0,0.0,0,pos
FUN_005037,0,0.0,0,pos,0,0.0,0,pos
FUN_007926,0,0.0,0,pos,0,0.0,0,pos
FUN_001083,0,0.0,0,pos,0,0.0,0,pos
FUN_006632,72,0.06091370558375635,1,pos_s732_e804,36,0.030456852791878174,1,pos_s768_e804
FUN_006744,6,0.003968253968253968,0,pos,0,0.0,0,pos
FUN_011074,0,0.0,0,pos,0,0.0,0,pos
FUN_002079,54,0.007431874483897605,0,pos,0,0.0,0,pos
FUN_011009,138,0.22772277227722773,0,pos,0,0.0,0,pos
FUN_000082,0,0.0,0,pos,0,0.0,0,pos
FUN_015695,0,0.0,0,pos,0,0.0,0,pos
FUN_003159,0,0.0,0,pos,0,0.0,0,pos
FUN_001228,0,0.0,0,pos,0,0.0,0,pos
FUN_015761,0,0.0,0,pos,0,0.0,0,pos
FUN_010304,96,0.0321285140562249,1,pos_s1992_e2070,6,0.002008032128514056,0,pos
FUN_008761,0,0.0,0,pos,0,0.0,0,pos
FUN_004639,18,0.075,0,pos,0,0.0,0,pos
FUN_001783,0,0.0,0,pos,0,0.0,0,pos
FUN_006106,0,0.0,0,pos,0,0.0,0,pos
FUN_005094,0,0.0,0,pos,0,0.0,0,pos
FUN_000520,0,0.0,0,pos,0,0.0,0,pos
FUN_011811,0,0.0,0,pos,0,0.0,0,pos
FUN_007449,0,0.0,0,pos,0,0.0,0,pos
FUN_006122,0,0.0,0,pos,0,0.0,0,pos
FUN_010298,246,0.03634751773049645,2,pos_s1752_e1788_s2028_e2058,24,0.0035460992907801418,0,pos
FUN_010515,0,0.0,0,pos,0,0.0,0,pos
FUN_011308,0,0.0,0,pos,0,0.0,0,pos
FUN_008786,30,0.02824858757062147,0,pos,0,0.0,0,pos
FUN_000647,0,0.0,0,pos,0,0.0,0,pos
FUN_015865,0,0.0,0,pos,0,0.0,0,pos
FUN_003566,0,0.0,0,pos,0,0.0,0,pos
FUN_012482,0,0.0,0,pos,0,0.0,0,pos
FUN_005349,6,0.005917159763313609,0,pos,0,0.0,0,pos
FUN_010688,0,0.0,0,pos,0,0.0,0,pos
FUN_004476,0,0.0,0,pos,0,0.0,0,pos
FUN_000366,36,0.01507537688442211,1,pos_s348_e384,0,0.0,0,pos
FUN_005178,0,0.0,0,pos,0,0.0,0,pos
FUN_016842,0,0.0,0,pos,0,0.0,0,pos
FUN_011461,462,0.19896640826873385,4,pos_s432_e504_s882_e990_s1488_e1524_s1560_e1752,228,0.09819121447028424,3,pos_s450_e486_s882_e990_s1626_e1698
FUN_001102,180,0.1016949152542373,1,pos_s1524_e1698,126,0.0711864406779661,1,pos_s1584_e1692
FUN_006827,0,0.0,0,pos,0,0.0,0,pos
FUN_006465,84,0.06140350877192982,1,pos_s474_e510,0,0.0,0,pos
FUN_000642,0,0.0,0,pos,0,0.0,0,pos
FUN_005683,0,0.0,0,pos,0,0.0,0,pos
FUN_015265,0,0.0,0,pos,0,0.0,0,pos
FUN_009734,0,0.0,0,pos,0,0.0,0,pos
FUN_008967,18,0.024793388429752067,0,pos,0,0.0,0,pos
FUN_002139,0,0.0,0,pos,0,0.0,0,pos
FUN_002717,0,0.0,0,pos,0,0.0,0,pos
FUN_002185,0,0.0,0,pos,0,0.0,0,pos
FUN_002373,108,0.02247191011235955,1,pos_s408_e516,42,0.008739076154806492,1,pos_s474_e510
FUN_011974,0,0.0,0,pos,0,0.0,0,pos
FUN_000679,0,0.0,0,pos,0,0.0,0,pos
FUN_004111,0,0.0,0,pos,0,0.0,0,pos
FUN_016090,0,0.0,0,pos,0,0.0,0,pos
FUN_016186,0,0.0,0,pos,0,0.0,0,pos
FUN_015299,0,0.0,0,pos,0,0.0,0,pos
FUN_000414,0,0.0,0,pos,0,0.0,0,pos
FUN_005200,0,0.0,0,pos,0,0.0,0,pos
FUN_008102,0,0.0,0,pos,0,0.0,0,pos
FUN_009860,78,0.09558823529411764,1,pos_s570_e642,12,0.014705882352941176,0,pos
FUN_006552,0,0.0,0,pos,0,0.0,0,pos
FUN_012297,0,0.0,0,pos,0,0.0,0,pos
FUN_009139,270,0.03833049403747871,3,pos_s3084_e3186_s3528_e3612_s6384_e6414,72,0.010221465076660987,1,pos_s3120_e3186
FUN_007723,0,0.0,0,pos,0,0.0,0,pos
FUN_001469,60,0.047619047619047616,1,pos_s888_e948,60,0.047619047619047616,1,pos_s888_e948
FUN_001238,0,0.0,0,pos,0,0.0,0,pos
FUN_009819,108,0.03805496828752643,2,pos_s30_e90_s198_e246,24,0.008456659619450317,0,pos
FUN_000296,198,0.009981851179673321,2,pos_s5532_e5574_s17118_e17232,144,0.007259528130671506,2,pos_s5544_e5574_s17118_e17232
FUN_015681,0,0.0,0,pos,0,0.0,0,pos
FUN_002072,6,0.002688172043010753,0,pos,0,0.0,0,pos
FUN_008100,30,0.01020408163265306,1,pos_s1656_e1686,0,0.0,0,pos
FUN_006510,192,0.026845637583892617,2,pos_s3336_e3366_s5610_e5694,0,0.0,0,pos
FUN_008281,0,0.0,0,pos,0,0.0,0,pos
FUN_009242,0,0.0,0,pos,0,0.0,0,pos
FUN_001689,42,0.007276507276507277,1,pos_s870_e906,0,0.0,0,pos
FUN_001510,0,0.0,0,pos,0,0.0,0,pos
FUN_003427,0,0.0,0,pos,0,0.0,0,pos
FUN_000364,0,0.0,0,pos,0,0.0,0,pos
FUN_006578,0,0.0,0,pos,0,0.0,0,pos
FUN_001499,0,0.0,0,pos,0,0.0,0,pos
FUN_007284,0,0.0,0,pos,0,0.0,0,pos
FUN_016164,0,0.0,0,pos,0,0.0,0,pos
FUN_008548,12,0.0029154518950437317,0,pos,0,0.0,0,pos
FUN_001005,0,0.0,0,pos,0,0.0,0,pos
FUN_012503,0,0.0,0,pos,0,0.0,0,pos
FUN_001048,0,0.0,0,pos,0,0.0,0,pos
FUN_009448,78,0.11818181818181818,1,pos_s432_e474,0,0.0,0,pos
FUN_016300,0,0.0,0,pos,0,0.0,0,pos
FUN_006954,114,0.05846153846153846,1,pos_s258_e342,90,0.046153846153846156,1,pos_s258_e342
FUN_006314,0,0.0,0,pos,0,0.0,0,pos
FUN_016408,0,0.0,0,pos,0,0.0,0,pos
FUN_005198,0,0.0,0,pos,0,0.0,0,pos
FUN_009358,24,0.0163265306122449,0,pos,0,0.0,0,pos
FUN_000745,0,0.0,0,pos,0,0.0,0,pos
FUN_008501,54,0.1875,1,pos_s0_e54,36,0.125,1,pos_s0_e36
FUN_009301,234,0.10773480662983426,4,pos_s54_e90_s690_e726_s756_e846_s858_e894,84,0.03867403314917127,1,pos_s786_e846
FUN_010432,0,0.0,0,pos,0,0.0,0,pos
FUN_015261,0,0.0,0,pos,0,0.0,0,pos
FUN_010387,12,0.002369668246445498,0,pos,0,0.0,0,pos
FUN_004013,0,0.0,0,pos,0,0.0,0,pos
FUN_005010,510,0.10265700483091787,6,pos_s2466_e2568_s3030_e3060_s3216_e3270_s3678_e3744_s3750_e3780_s3906_e4020,120,0.024154589371980676,1,pos_s2466_e2526
FUN_010354,0,0.0,0,pos,0,0.0,0,pos
FUN_002411,0,0.0,0,pos,0,0.0,0,pos
FUN_006833,0,0.0,0,pos,0,0.0,0,pos
FUN_016329,0,0.0,0,pos,0,0.0,0,pos
FUN_000127,0,0.0,0,pos,0,0.0,0,pos
FUN_003329,0,0.0,0,pos,0,0.0,0,pos
FUN_001493,60,0.07352941176470588,1,pos_s756_e792,0,0.0,0,pos
FUN_000984,18,0.13636363636363635,0,pos,6,0.045454545454545456,0,pos
FUN_006434,0,0.0,0,pos,0,0.0,0,pos
FUN_004241,66,0.0582010582010582,1,pos_s882_e924,12,0.010582010582010581,0,pos
FUN_007961,414,0.11557788944723618,5,pos_s210_e270_s612_e762_s1992_e2034_s2154_e2208_s2976_e3036,132,0.03685092127303183,2,pos_s642_e696_s726_e762
FUN_015591,0,0.0,0,pos,0,0.0,0,pos
FUN_010725,30,0.01524390243902439,0,pos,0,0.0,0,pos
FUN_007766,42,0.025925925925925925,1,pos_s714_e756,0,0.0,0,pos
FUN_003356,0,0.0,0,pos,0,0.0,0,pos
FUN_000672,66,0.08088235294117647,0,pos,0,0.0,0,pos
FUN_015378,0,0.0,0,pos,0,0.0,0,pos
FUN_006649,0,0.0,0,pos,0,0.0,0,pos
FUN_009256,0,0.0,0,pos,0,0.0,0,pos
FUN_007113,0,0.0,0,pos,0,0.0,0,pos
FUN_007157,0,0.0,0,pos,0,0.0,0,pos
FUN_010507,12,0.005571030640668524,0,pos,0,0.0,0,pos
FUN_001604,0,0.0,0,pos,0,0.0,0,pos
FUN_006862,48,0.024096385542168676,1,pos_s960_e990,0,0.0,0,pos
FUN_009944,12,0.0625,0,pos,0,0.0,0,pos
FUN_007369,0,0.0,0,pos,0,0.0,0,pos
FUN_010129,0,0.0,0,pos,0,0.0,0,pos
FUN_008223,0,0.0,0,pos,0,0.0,0,pos
FUN_008502,222,0.31092436974789917,2,pos_s360_e474_s528_e636,108,0.15126050420168066,2,pos_s384_e414_s534_e576
FUN_011233,0,0.0,0,pos,0,0.0,0,pos
FUN_000022,0,0.0,0,pos,0,0.0,0,pos
FUN_010707,54,0.0391304347826087,1,pos_s456_e510,0,0.0,0,pos
FUN_005770,6,0.007352941176470588,0,pos,0,0.0,0,pos
FUN_016319,0,0.0,0,pos,0,0.0,0,pos
FUN_001975,54,0.05454545454545454,1,pos_s870_e924,42,0.04242424242424243,1,pos_s876_e918
FUN_009681,0,0.0,0,pos,0,0.0,0,pos
FUN_006867,156,0.12745098039215685,2,pos_s0_e90_s258_e306,54,0.04411764705882353,1,pos_s264_e300
FUN_012181,0,0.0,0,pos,0,0.0,0,pos
FUN_002341,0,0.0,0,pos,0,0.0,0,pos
FUN_004632,30,0.053763440860215055,1,pos_s0_e30,0,0.0,0,pos
FUN_016605,0,0.0,0,pos,0,0.0,0,pos
FUN_009749,0,0.0,0,pos,0,0.0,0,pos
FUN_010445,954,0.13671539122957868,10,pos_s3084_e3198_s3270_e3348_s3420_e3606_s3930_e4044_s4356_e4470_s5160_e5244_s5646_e5742_s5808_e5844_s6528_e6558_s6564_e6642,384,0.055030094582975066,4,pos_s3084_e3198_s3570_e3606_s3936_e4044_s5652_e5742
FUN_003527,30,0.013054830287206266,1,pos_s1626_e1656,0,0.0,0,pos
FUN_010402,54,0.05806451612903226,1,pos_s798_e834,0,0.0,0,pos
FUN_015842,0,0.0,0,pos,0,0.0,0,pos
FUN_015399,0,0.0,0,pos,0,0.0,0,pos
FUN_006772,0,0.0,0,pos,0,0.0,0,pos
FUN_001686,6,0.004149377593360996,0,pos,0,0.0,0,pos
FUN_009366,24,0.022222222222222223,0,pos,0,0.0,0,pos
FUN_002227,138,0.06705539358600583,2,pos_s264_e294_s522_e558,30,0.014577259475218658,0,pos
FUN_004373,24,0.006220839813374806,0,pos,0,0.0,0,pos
FUN_004158,156,0.15568862275449102,1,pos_s0_e156,96,0.09580838323353294,1,pos_s18_e108
FUN_004380,0,0.0,0,pos,0,0.0,0,pos
FUN_016794,0,0.0,0,pos,0,0.0,0,pos
FUN_004267,6,0.00847457627118644,0,pos,0,0.0,0,pos
FUN_002522,48,0.06779661016949153,1,pos_s0_e42,0,0.0,0,pos
FUN_011951,0,0.0,0,pos,0,0.0,0,pos
FUN_006908,0,0.0,0,pos,0,0.0,0,pos
FUN_011585,0,0.0,0,pos,0,0.0,0,pos
FUN_016477,0,0.0,0,pos,0,0.0,0,pos
FUN_012209,0,0.0,0,pos,0,0.0,0,pos
FUN_015712,0,0.0,0,pos,0,0.0,0,pos
FUN_000632,12,0.03333333333333333,0,pos,12,0.03333333333333333,0,pos
FUN_003676,12,0.006349206349206349,0,pos,12,0.006349206349206349,0,pos
FUN_001026,252,0.0634441087613293,3,pos_s1362_e1476_s2628_e2682_s3006_e3036,120,0.030211480362537766,2,pos_s1362_e1410_s1416_e1470
FUN_007367,678,0.46502057613168724,6,pos_s84_e138_s642_e744_s750_e870_s900_e954_s960_e1056_s1170_e1368,210,0.1440329218106996,3,pos_s798_e864_s1182_e1224_s1242_e1314
FUN_011224,6,0.0019723865877712033,0,pos,0,0.0,0,pos
FUN_011322,0,0.0,0,pos,0,0.0,0,pos
FUN_015789,0,0.0,0,pos,0,0.0,0,pos
FUN_003400,36,0.009104704097116844,0,pos,0,0.0,0,pos
FUN_001453,0,0.0,0,pos,0,0.0,0,pos
FUN_006018,0,0.0,0,pos,0,0.0,0,pos
FUN_002777,78,0.026476578411405296,2,pos_s288_e318_s1092_e1140,18,0.006109979633401222,0,pos
FUN_000209,24,0.009111617312072893,0,pos,0,0.0,0,pos
FUN_012160,60,0.06802721088435375,0,pos,0,0.0,0,pos
FUN_000052,0,0.0,0,pos,0,0.0,0,pos
FUN_012316,0,0.0,0,pos,0,0.0,0,pos
FUN_009532,0,0.0,0,pos,0,0.0,0,pos
FUN_006710,0,0.0,0,pos,0,0.0,0,pos
FUN_011191,6,0.011764705882352941,0,pos,0,0.0,0,pos
FUN_003875,18,0.02857142857142857,0,pos,0,0.0,0,pos
FUN_010585,0,0.0,0,pos,0,0.0,0,pos
FUN_011760,0,0.0,0,pos,0,0.0,0,pos
FUN_000717,0,0.0,0,pos,0,0.0,0,pos
FUN_002015,12,0.012121212121212121,0,pos,0,0.0,0,pos
FUN_016126,0,0.0,0,pos,0,0.0,0,pos
FUN_008323,0,0.0,0,pos,0,0.0,0,pos
FUN_003561,0,0.0,0,pos,0,0.0,0,pos
FUN_000625,0,0.0,0,pos,0,0.0,0,pos
FUN_008515,0,0.0,0,pos,0,0.0,0,pos
FUN_002067,0,0.0,0,pos,0,0.0,0,pos
FUN_002563,144,0.0646900269541779,1,pos_s870_e984,54,0.02425876010781671,1,pos_s870_e900
FUN_010287,60,0.037037037037037035,1,pos_s1146_e1188,36,0.022222222222222223,0,pos
FUN_002728,0,0.0,0,pos,0,0.0,0,pos
FUN_007201,198,0.016862544711292796,3,pos_s4410_e4458_s10950_e10986_s11286_e11358,78,0.006642820643842616,2,pos_s4410_e4440_s11304_e11346
FUN_011873,0,0.0,0,pos,0,0.0,0,pos
FUN_010913,0,0.0,0,pos,0,0.0,0,pos
FUN_004669,126,0.03633217993079585,1,pos_s2772_e2856,0,0.0,0,pos
FUN_007984,234,0.15294117647058825,3,pos_s390_e432_s576_e618_s1266_e1362,48,0.03137254901960784,1,pos_s582_e612
FUN_004577,0,0.0,0,pos,0,0.0,0,pos
FUN_007534,0,0.0,0,pos,0,0.0,0,pos
FUN_000368,0,0.0,0,pos,0,0.0,0,pos
FUN_006345,0,0.0,0,pos,0,0.0,0,pos
FUN_004148,96,0.03389830508474576,2,pos_s1350_e1410_s1470_e1506,6,0.00211864406779661,0,pos
FUN_005104,0,0.0,0,pos,0,0.0,0,pos
FUN_015907,0,0.0,0,pos,0,0.0,0,pos
FUN_009745,0,0.0,0,pos,0,0.0,0,pos
FUN_000720,90,0.03325942350332594,2,pos_s12_e48_s1686_e1740,0,0.0,0,pos
FUN_006280,0,0.0,0,pos,0,0.0,0,pos
FUN_003703,0,0.0,0,pos,0,0.0,0,pos
FUN_010373,0,0.0,0,pos,0,0.0,0,pos
FUN_008990,186,0.07524271844660194,2,pos_s1242_e1272_s1650_e1776,72,0.02912621359223301,1,pos_s1656_e1710
FUN_015409,0,0.0,0,pos,0,0.0,0,pos
FUN_016275,6,0.007633587786259542,0,pos,0,0.0,0,pos
FUN_003935,0,0.0,0,pos,0,0.0,0,pos
FUN_000311,48,0.04395604395604396,1,pos_s156_e186,0,0.0,0,pos
FUN_005835,0,0.0,0,pos,0,0.0,0,pos
FUN_002496,0,0.0,0,pos,0,0.0,0,pos
FUN_001565,30,0.01730103806228374,1,pos_s348_e378,0,0.0,0,pos
FUN_008085,0,0.0,0,pos,0,0.0,0,pos
FUN_008096,0,0.0,0,pos,0,0.0,0,pos
FUN_007412,48,0.02030456852791878,1,pos_s786_e828,12,0.005076142131979695,0,pos
FUN_001127,0,0.0,0,pos,0,0.0,0,pos
FUN_001555,0,0.0,0,pos,0,0.0,0,pos
FUN_012296,0,0.0,0,pos,0,0.0,0,pos
FUN_001757,0,0.0,0,pos,0,0.0,0,pos
FUN_007861,0,0.0,0,pos,0,0.0,0,pos
FUN_007220,102,0.07488986784140969,1,pos_s1206_e1284,42,0.030837004405286344,1,pos_s1248_e1284
FUN_015383,12,0.006688963210702341,0,pos,6,0.0033444816053511705,0,pos
FUN_008254,24,0.006069802731411229,0,pos,0,0.0,0,pos
FUN_016309,0,0.0,0,pos,0,0.0,0,pos
FUN_010150,6,0.006896551724137931,0,pos,0,0.0,0,pos
FUN_009984,6,0.025,0,pos,0,0.0,0,pos
FUN_002041,90,0.013380909901873328,2,pos_s1992_e2022_s5364_e5424,0,0.0,0,pos
FUN_003335,138,0.07278481012658228,1,pos_s936_e1008,6,0.0031645569620253164,0,pos
FUN_000272,102,0.08292682926829269,1,pos_s1056_e1158,90,0.07317073170731707,1,pos_s1068_e1158
FUN_010845,84,0.09523809523809523,1,pos_s12_e96,42,0.047619047619047616,1,pos_s30_e66
FUN_010001,6,0.0041841004184100415,0,pos,0,0.0,0,pos
FUN_002661,120,0.12738853503184713,2,pos_s324_e384_s882_e930,66,0.07006369426751592,1,pos_s330_e384
FUN_002001,6,0.0014388489208633094,0,pos,0,0.0,0,pos
FUN_000081,0,0.0,0,pos,0,0.0,0,pos
FUN_016858,0,0.0,0,pos,0,0.0,0,pos
FUN_003672,0,0.0,0,pos,0,0.0,0,pos
FUN_008168,0,0.0,0,pos,0,0.0,0,pos
FUN_008610,0,0.0,0,pos,0,0.0,0,pos
FUN_010877,270,0.022399203583872575,2,pos_s6834_e6918_s10074_e10188,162,0.013439522150323544,2,pos_s6852_e6894_s10074_e10188
FUN_002691,0,0.0,0,pos,0,0.0,0,pos
FUN_005944,0,0.0,0,pos,0,0.0,0,pos
FUN_007394,12,0.0196078431372549,0,pos,0,0.0,0,pos
FUN_002704,90,0.04504504504504504,1,pos_s732_e810,0,0.0,0,pos
FUN_003345,0,0.0,0,pos,0,0.0,0,pos
FUN_010160,0,0.0,0,pos,0,0.0,0,pos
FUN_008995,162,0.02019446522064323,1,pos_s1056_e1116,60,0.0074794315632011965,1,pos_s1056_e1116
FUN_008749,18,0.011320754716981131,0,pos,0,0.0,0,pos
FUN_000742,12,0.009950248756218905,0,pos,0,0.0,0,pos
FUN_000332,24,0.006359300476947536,0,pos,0,0.0,0,pos
FUN_006069,48,0.021739130434782608,1,pos_s1776_e1818,0,0.0,0,pos
FUN_005018,348,0.08605341246290801,4,pos_s1596_e1710_s2550_e2592_s2598_e2682_s3666_e3720,186,0.04599406528189911,2,pos_s1596_e1698_s2598_e2658
FUN_001477,0,0.0,0,pos,0,0.0,0,pos
FUN_016313,0,0.0,0,pos,0,0.0,0,pos
FUN_001371,24,0.0078125,0,pos,0,0.0,0,pos
FUN_002764,0,0.0,0,pos,0,0.0,0,pos
FUN_010290,0,0.0,0,pos,0,0.0,0,pos
FUN_001350,0,0.0,0,pos,0,0.0,0,pos
FUN_010133,0,0.0,0,pos,0,0.0,0,pos
FUN_005364,0,0.0,0,pos,0,0.0,0,pos
FUN_000156,0,0.0,0,pos,0,0.0,0,pos
FUN_005003,0,0.0,0,pos,0,0.0,0,pos
FUN_006509,0,0.0,0,pos,0,0.0,0,pos
FUN_009993,30,0.009784735812133072,1,pos_s120_e150,0,0.0,0,pos
FUN_012288,0,0.0,0,pos,0,0.0,0,pos
FUN_009189,66,0.04435483870967742,1,pos_s1416_e1458,0,0.0,0,pos
FUN_008054,78,0.18571428571428572,1,pos_s240_e300,6,0.014285714285714285,0,pos
FUN_001471,24,0.015384615384615385,0,pos,24,0.015384615384615385,0,pos
FUN_009535,0,0.0,0,pos,0,0.0,0,pos
FUN_003063,0,0.0,0,pos,0,0.0,0,pos
FUN_004123,0,0.0,0,pos,0,0.0,0,pos
FUN_011327,36,0.05263157894736842,1,pos_s0_e36,36,0.05263157894736842,1,pos_s0_e36
FUN_004152,0,0.0,0,pos,0,0.0,0,pos
FUN_006360,0,0.0,0,pos,0,0.0,0,pos
FUN_010531,0,0.0,0,pos,0,0.0,0,pos
FUN_005375,0,0.0,0,pos,0,0.0,0,pos
FUN_012349,0,0.0,0,pos,0,0.0,0,pos
FUN_009262,0,0.0,0,pos,0,0.0,0,pos
FUN_009208,0,0.0,0,pos,0,0.0,0,pos
FUN_015368,0,0.0,0,pos,0,0.0,0,pos
FUN_000987,0,0.0,0,pos,0,0.0,0,pos
FUN_000030,78,0.0783132530120482,2,pos_s516_e546_s564_e600,0,0.0,0,pos
FUN_005452,0,0.0,0,pos,0,0.0,0,pos
FUN_010218,0,0.0,0,pos,0,0.0,0,pos
FUN_016598,0,0.0,0,pos,0,0.0,0,pos
FUN_005871,0,0.0,0,pos,0,0.0,0,pos
FUN_007695,54,0.055900621118012424,1,pos_s456_e510,0,0.0,0,pos
FUN_006701,60,0.004761904761904762,1,pos_s1188_e1236,0,0.0,0,pos
FUN_001261,30,0.02403846153846154,0,pos,6,0.004807692307692308,0,pos
FUN_000194,0,0.0,0,pos,0,0.0,0,pos
FUN_000085,30,0.02100840336134454,1,pos_s1380_e1410,0,0.0,0,pos
FUN_002084,0,0.0,0,pos,0,0.0,0,pos
FUN_008099,84,0.12612612612612611,1,pos_s90_e150,42,0.06306306306306306,1,pos_s108_e150
FUN_010106,24,0.02247191011235955,0,pos,6,0.0056179775280898875,0,pos
FUN_004638,0,0.0,0,pos,0,0.0,0,pos
FUN_000352,0,0.0,0,pos,0,0.0,0,pos
FUN_015809,0,0.0,0,pos,0,0.0,0,pos
FUN_016685,0,0.0,0,pos,0,0.0,0,pos
FUN_004187,0,0.0,0,pos,0,0.0,0,pos
FUN_004995,0,0.0,0,pos,0,0.0,0,pos
FUN_015476,0,0.0,0,pos,0,0.0,0,pos
FUN_006056,30,0.010224948875255624,0,pos,0,0.0,0,pos
FUN_009396,0,0.0,0,pos,0,0.0,0,pos
FUN_005408,0,0.0,0,pos,0,0.0,0,pos
FUN_009293,66,0.07692307692307693,1,pos_s480_e546,0,0.0,0,pos
FUN_009650,0,0.0,0,pos,0,0.0,0,pos
FUN_010367,240,0.12461059190031153,3,pos_s474_e588_s630_e684_s1230_e1296,126,0.06542056074766354,2,pos_s522_e588_s1266_e1296
FUN_006830,42,0.0330188679245283,1,pos_s474_e504,0,0.0,0,pos
FUN_006426,0,0.0,0,pos,0,0.0,0,pos
FUN_004024,0,0.0,0,pos,0,0.0,0,pos
FUN_002033,0,0.0,0,pos,0,0.0,0,pos
FUN_004521,0,0.0,0,pos,0,0.0,0,pos
FUN_009955,108,0.11764705882352941,2,pos_s6_e36_s690_e750,0,0.0,0,pos
FUN_012243,0,0.0,0,pos,0,0.0,0,pos
FUN_007626,6,0.012987012987012988,0,pos,6,0.012987012987012988,0,pos
FUN_008852,0,0.0,0,pos,0,0.0,0,pos
FUN_003100,0,0.0,0,pos,0,0.0,0,pos
FUN_008259,102,0.07234042553191489,2,pos_s546_e594_s1104_e1152,42,0.029787234042553193,1,pos_s546_e576
FUN_011346,300,0.28735632183908044,3,pos_s156_e198_s222_e300_s606_e654,102,0.09770114942528736,1,pos_s222_e270
FUN_009101,48,0.043478260869565216,0,pos,0,0.0,0,pos
FUN_004670,0,0.0,0,pos,0,0.0,0,pos
FUN_011604,0,0.0,0,pos,0,0.0,0,pos
FUN_009197,312,0.06692406692406692,3,pos_s72_e168_s3474_e3588_s3810_e3864,156,0.03346203346203346,1,pos_s3474_e3588
FUN_001269,36,0.0392156862745098,1,pos_s0_e36,36,0.0392156862745098,1,pos_s0_e36
FUN_016091,0,0.0,0,pos,0,0.0,0,pos
FUN_016652,0,0.0,0,pos,0,0.0,0,pos
FUN_004800,0,0.0,0,pos,0,0.0,0,pos
FUN_016840,114,0.03822937625754527,1,pos_s1128_e1242,114,0.03822937625754527,1,pos_s1128_e1242
FUN_010796,0,0.0,0,pos,0,0.0,0,pos
FUN_003572,0,0.0,0,pos,0,0.0,0,pos
FUN_009780,0,0.0,0,pos,0,0.0,0,pos
FUN_007008,30,0.022026431718061675,1,pos_s1242_e1272,0,0.0,0,pos
FUN_008665,0,0.0,0,pos,0,0.0,0,pos
FUN_003111,66,0.10891089108910891,1,pos_s18_e84,0,0.0,0,pos
FUN_002148,0,0.0,0,pos,0,0.0,0,pos
FUN_007481,42,0.046052631578947366,0,pos,0,0.0,0,pos
FUN_011292,0,0.0,0,pos,0,0.0,0,pos
FUN_012389,510,0.11724137931034483,5,pos_s774_e960_s2166_e2268_s2490_e2532_s2538_e2574_s3258_e3324,174,0.04,1,pos_s852_e960
FUN_010728,0,0.0,0,pos,0,0.0,0,pos
FUN_008618,0,0.0,0,pos,0,0.0,0,pos
FUN_005865,0,0.0,0,pos,0,0.0,0,pos
FUN_007522,6,0.0007194244604316547,0,pos,0,0.0,0,pos
FUN_016013,0,0.0,0,pos,0,0.0,0,pos
FUN_003890,0,0.0,0,pos,0,0.0,0,pos
FUN_003828,0,0.0,0,pos,0,0.0,0,pos
FUN_009460,0,0.0,0,pos,0,0.0,0,pos
FUN_008299,48,0.028469750889679714,1,pos_s1176_e1206,0,0.0,0,pos
FUN_001114,0,0.0,0,pos,0,0.0,0,pos
FUN_007741,30,0.08620689655172414,1,pos_s0_e30,0,0.0,0,pos
FUN_010196,0,0.0,0,pos,0,0.0,0,pos
FUN_005051,0,0.0,0,pos,0,0.0,0,pos
FUN_008307,300,0.0945179584120983,3,pos_s294_e432_s462_e546_s570_e612,120,0.03780718336483932,2,pos_s294_e354_s360_e408
FUN_006964,0,0.0,0,pos,0,0.0,0,pos
FUN_010863,36,0.026200873362445413,1,pos_s678_e714,0,0.0,0,pos
FUN_003692,0,0.0,0,pos,0,0.0,0,pos
FUN_001612,0,0.0,0,pos,0,0.0,0,pos
FUN_008855,6,0.002531645569620253,0,pos,0,0.0,0,pos
FUN_016711,0,0.0,0,pos,0,0.0,0,pos
FUN_011226,36,0.02564102564102564,1,pos_s84_e120,0,0.0,0,pos
FUN_001787,0,0.0,0,pos,0,0.0,0,pos
FUN_004991,0,0.0,0,pos,0,0.0,0,pos
FUN_001928,0,0.0,0,pos,0,0.0,0,pos
FUN_001470,0,0.0,0,pos,0,0.0,0,pos
FUN_015520,0,0.0,0,pos,0,0.0,0,pos
FUN_002674,0,0.0,0,pos,0,0.0,0,pos
FUN_009153,12,0.002176278563656148,0,pos,0,0.0,0,pos
FUN_001315,0,0.0,0,pos,0,0.0,0,pos
FUN_016046,0,0.0,0,pos,0,0.0,0,pos
FUN_009006,0,0.0,0,pos,0,0.0,0,pos
FUN_010543,0,0.0,0,pos,0,0.0,0,pos
FUN_006576,0,0.0,0,pos,0,0.0,0,pos
FUN_008950,0,0.0,0,pos,0,0.0,0,pos
FUN_009478,60,0.09615384615384616,1,pos_s264_e324,18,0.028846153846153848,0,pos
FUN_010158,120,0.11363636363636363,1,pos_s510_e606,12,0.011363636363636364,0,pos
FUN_002172,270,0.08287292817679558,2,pos_s2670_e2736_s2796_e2940,84,0.02578268876611418,1,pos_s2688_e2736
FUN_007619,0,0.0,0,pos,0,0.0,0,pos
FUN_001937,24,0.07407407407407407,0,pos,0,0.0,0,pos
FUN_006670,138,0.04627766599597585,1,pos_s2208_e2304,90,0.030181086519114688,1,pos_s2226_e2304
FUN_006285,18,0.03333333333333333,0,pos,0,0.0,0,pos
FUN_004688,108,0.05373134328358209,1,pos_s714_e822,42,0.020895522388059702,1,pos_s762_e804
FUN_008374,0,0.0,0,pos,0,0.0,0,pos
FUN_010330,108,0.08955223880597014,2,pos_s162_e234_s240_e270,0,0.0,0,pos
FUN_005450,6,0.008547008547008548,0,pos,0,0.0,0,pos
FUN_009251,0,0.0,0,pos,0,0.0,0,pos
FUN_001781,84,0.058091286307053944,1,pos_s552_e636,0,0.0,0,pos
FUN_003028,30,0.01968503937007874,1,pos_s672_e702,0,0.0,0,pos
FUN_009364,0,0.0,0,pos,0,0.0,0,pos
FUN_011833,0,0.0,0,pos,0,0.0,0,pos
FUN_003336,0,0.0,0,pos,0,0.0,0,pos
FUN_001940,42,0.027237354085603113,1,pos_s690_e720,6,0.0038910505836575876,0,pos
FUN_016679,0,0.0,0,pos,0,0.0,0,pos
FUN_011386,0,0.0,0,pos,0,0.0,0,pos
FUN_004877,66,0.08870967741935484,1,pos_s60_e96,0,0.0,0,pos
FUN_000996,0,0.0,0,pos,0,0.0,0,pos
FUN_002979,0,0.0,0,pos,0,0.0,0,pos
FUN_007881,0,0.0,0,pos,0,0.0,0,pos
FUN_006125,0,0.0,0,pos,0,0.0,0,pos
FUN_006874,0,0.0,0,pos,0,0.0,0,pos
FUN_015435,0,0.0,0,pos,0,0.0,0,pos
FUN_015556,0,0.0,0,pos,0,0.0,0,pos
FUN_012250,0,0.0,0,pos,0,0.0,0,pos
FUN_004338,12,0.02127659574468085,0,pos,0,0.0,0,pos
FUN_000444,0,0.0,0,pos,0,0.0,0,pos
FUN_012434,6,0.001841620626151013,0,pos,0,0.0,0,pos
FUN_004248,0,0.0,0,pos,0,0.0,0,pos
FUN_015427,0,0.0,0,pos,0,0.0,0,pos
FUN_003395,42,0.010494752623688156,0,pos,0,0.0,0,pos
FUN_002022,360,0.375,1,pos_s288_e360,126,0.13125,0,pos
FUN_001829,72,0.013015184381778741,1,pos_s588_e642,66,0.01193058568329718,1,pos_s588_e642
FUN_006181,144,0.01054481546572935,2,pos_s5796_e5832_s8400_e8442,0,0.0,0,pos
FUN_010260,0,0.0,0,pos,0,0.0,0,pos
FUN_015324,0,0.0,0,pos,0,0.0,0,pos
FUN_003832,48,0.03524229074889868,1,pos_s1026_e1074,0,0.0,0,pos
FUN_012173,0,0.0,0,pos,0,0.0,0,pos
FUN_001033,0,0.0,0,pos,0,0.0,0,pos
FUN_003833,30,0.007052186177715092,1,pos_s4212_e4242,6,0.0014104372355430183,0,pos
FUN_009074,162,0.1111111111111111,2,pos_s384_e432_s474_e588,114,0.07818930041152264,2,pos_s396_e432_s474_e552
FUN_006347,0,0.0,0,pos,0,0.0,0,pos
FUN_010224,54,0.06521739130434782,1,pos_s264_e294,0,0.0,0,pos
FUN_005394,0,0.0,0,pos,0,0.0,0,pos
FUN_003207,96,0.03532008830022075,1,pos_s24_e120,42,0.01545253863134658,1,pos_s24_e66
FUN_008864,114,0.027656477438136828,1,pos_s2478_e2568,78,0.018922852983988356,1,pos_s2478_e2556
FUN_004625,0,0.0,0,pos,0,0.0,0,pos
FUN_011988,0,0.0,0,pos,0,0.0,0,pos
FUN_001806,0,0.0,0,pos,0,0.0,0,pos
FUN_006679,0,0.0,0,pos,0,0.0,0,pos
FUN_002912,0,0.0,0,pos,0,0.0,0,pos
FUN_005874,0,0.0,0,pos,0,0.0,0,pos
FUN_009829,48,0.06504065040650407,1,pos_s120_e168,42,0.056910569105691054,1,pos_s120_e162
FUN_004015,24,0.006462035541195477,0,pos,0,0.0,0,pos
FUN_004942,6,0.003787878787878788,0,pos,0,0.0,0,pos
FUN_001615,0,0.0,0,pos,0,0.0,0,pos
FUN_001599,0,0.0,0,pos,0,0.0,0,pos
FUN_008807,42,0.058333333333333334,1,pos_s678_e708,0,0.0,0,pos
FUN_011490,0,0.0,0,pos,0,0.0,0,pos
FUN_016358,0,0.0,0,pos,0,0.0,0,pos
FUN_009076,0,0.0,0,pos,0,0.0,0,pos
FUN_008155,0,0.0,0,pos,0,0.0,0,pos
FUN_008186,0,0.0,0,pos,0,0.0,0,pos
FUN_005278,36,0.024096385542168676,0,pos,0,0.0,0,pos
FUN_010574,0,0.0,0,pos,0,0.0,0,pos
FUN_011230,0,0.0,0,pos,0,0.0,0,pos
FUN_010734,0,0.0,0,pos,0,0.0,0,pos
FUN_004680,24,0.013029315960912053,0,pos,0,0.0,0,pos
FUN_007532,18,0.015544041450777202,0,pos,0,0.0,0,pos
FUN_016677,0,0.0,0,pos,0,0.0,0,pos
FUN_008907,0,0.0,0,pos,0,0.0,0,pos
FUN_005920,0,0.0,0,pos,0,0.0,0,pos
FUN_005568,18,0.01282051282051282,0,pos,18,0.01282051282051282,0,pos
FUN_005659,0,0.0,0,pos,0,0.0,0,pos
FUN_001963,0,0.0,0,pos,0,0.0,0,pos
FUN_007715,0,0.0,0,pos,0,0.0,0,pos
FUN_002929,0,0.0,0,pos,0,0.0,0,pos
FUN_001863,0,0.0,0,pos,0,0.0,0,pos
FUN_004075,0,0.0,0,pos,0,0.0,0,pos
FUN_003694,0,0.0,0,pos,0,0.0,0,pos
FUN_003762,0,0.0,0,pos,0,0.0,0,pos
FUN_002542,72,0.05194805194805195,1,pos_s882_e942,24,0.017316017316017316,0,pos
FUN_004649,0,0.0,0,pos,0,0.0,0,pos
FUN_006674,144,0.047619047619047616,1,pos_s1680_e1716,0,0.0,0,pos
FUN_011949,0,0.0,0,pos,0,0.0,0,pos
FUN_006605,102,0.014480408858603067,1,pos_s2406_e2448,0,0.0,0,pos
FUN_003211,0,0.0,0,pos,0,0.0,0,pos
FUN_009405,0,0.0,0,pos,0,0.0,0,pos
FUN_012265,0,0.0,0,pos,0,0.0,0,pos
FUN_009215,0,0.0,0,pos,0,0.0,0,pos
FUN_003078,6,0.002109704641350211,0,pos,0,0.0,0,pos
FUN_004512,6,0.0026109660574412533,0,pos,0,0.0,0,pos
FUN_012224,36,0.4,1,pos_s18_e54,0,0.0,0,pos
FUN_005106,12,0.034482758620689655,0,pos,0,0.0,0,pos
FUN_002393,24,0.013422818791946308,0,pos,0,0.0,0,pos
FUN_002198,0,0.0,0,pos,0,0.0,0,pos
FUN_010377,0,0.0,0,pos,0,0.0,0,pos
FUN_006531,0,0.0,0,pos,0,0.0,0,pos
FUN_005467,0,0.0,0,pos,0,0.0,0,pos
FUN_006427,0,0.0,0,pos,0,0.0,0,pos
FUN_001215,0,0.0,0,pos,0,0.0,0,pos
FUN_007123,0,0.0,0,pos,0,0.0,0,pos
FUN_009861,0,0.0,0,pos,0,0.0,0,pos
FUN_009694,0,0.0,0,pos,0,0.0,0,pos
FUN_003788,36,0.057692307692307696,0,pos,0,0.0,0,pos
FUN_011117,0,0.0,0,pos,0,0.0,0,pos
FUN_011822,0,0.0,0,pos,0,0.0,0,pos
FUN_011140,0,0.0,0,pos,0,0.0,0,pos
FUN_015846,0,0.0,0,pos,0,0.0,0,pos
FUN_016101,0,0.0,0,pos,0,0.0,0,pos
FUN_015603,228,0.16033755274261605,1,pos_s792_e1020,156,0.10970464135021098,1,pos_s834_e990
FUN_008641,0,0.0,0,pos,0,0.0,0,pos
FUN_011795,150,0.09881422924901186,2,pos_s0_e54_s834_e882,30,0.019762845849802372,1,pos_s0_e30
FUN_010991,0,0.0,0,pos,0,0.0,0,pos
FUN_004394,0,0.0,0,pos,0,0.0,0,pos
FUN_002097,0,0.0,0,pos,0,0.0,0,pos
FUN_007059,90,0.046875,2,pos_s552_e606_s630_e666,42,0.021875,1,pos_s552_e594
FUN_002042,0,0.0,0,pos,0,0.0,0,pos
FUN_004462,0,0.0,0,pos,0,0.0,0,pos
FUN_011466,0,0.0,0,pos,0,0.0,0,pos
FUN_008921,0,0.0,0,pos,0,0.0,0,pos
FUN_005426,42,0.01876675603217158,1,pos_s1410_e1446,0,0.0,0,pos
FUN_003082,132,0.029689608636977057,1,pos_s2832_e2946,30,0.006747638326585695,1,pos_s2892_e2922
FUN_010737,0,0.0,0,pos,0,0.0,0,pos
FUN_000836,0,0.0,0,pos,0,0.0,0,pos
FUN_002800,0,0.0,0,pos,0,0.0,0,pos
FUN_006558,0,0.0,0,pos,0,0.0,0,pos
FUN_005152,0,0.0,0,pos,0,0.0,0,pos
FUN_016096,0,0.0,0,pos,0,0.0,0,pos
FUN_003364,114,0.07539682539682539,1,pos_s624_e726,90,0.05952380952380952,1,pos_s624_e714
FUN_010504,36,0.016172506738544475,0,pos,0,0.0,0,pos
FUN_016712,0,0.0,0,pos,0,0.0,0,pos
FUN_015784,0,0.0,0,pos,0,0.0,0,pos
FUN_006389,0,0.0,0,pos,0,0.0,0,pos
FUN_012427,0,0.0,0,pos,0,0.0,0,pos
FUN_005156,0,0.0,0,pos,0,0.0,0,pos
FUN_001862,0,0.0,0,pos,0,0.0,0,pos
FUN_011183,0,0.0,0,pos,0,0.0,0,pos
FUN_004678,6,0.002178649237472767,0,pos,6,0.002178649237472767,0,pos
FUN_004454,0,0.0,0,pos,0,0.0,0,pos
FUN_012106,0,0.0,0,pos,0,0.0,0,pos
FUN_002536,66,0.4583333333333333,1,pos_s42_e108,24,0.16666666666666666,0,pos
FUN_016751,0,0.0,0,pos,0,0.0,0,pos
FUN_007034,108,0.04918032786885246,1,pos_s618_e726,18,0.00819672131147541,0,pos
FUN_007716,0,0.0,0,pos,0,0.0,0,pos
FUN_003132,18,0.1,0,pos,0,0.0,0,pos
FUN_010871,0,0.0,0,pos,0,0.0,0,pos
FUN_001273,0,0.0,0,pos,0,0.0,0,pos
FUN_008435,0,0.0,0,pos,0,0.0,0,pos
FUN_005456,0,0.0,0,pos,0,0.0,0,pos
FUN_011852,0,0.0,0,pos,0,0.0,0,pos
FUN_005351,0,0.0,0,pos,0,0.0,0,pos
FUN_015362,0,0.0,0,pos,0,0.0,0,pos
FUN_011961,0,0.0,0,pos,0,0.0,0,pos
FUN_001302,0,0.0,0,pos,0,0.0,0,pos
FUN_008161,18,0.00872093023255814,0,pos,6,0.0029069767441860465,0,pos
FUN_000387,24,0.019138755980861243,0,pos,0,0.0,0,pos
FUN_008367,0,0.0,0,pos,0,0.0,0,pos
FUN_002362,0,0.0,0,pos,0,0.0,0,pos
FUN_010043,120,0.024242424242424242,2,pos_s1374_e1410_s2844_e2928,24,0.0048484848484848485,0,pos
FUN_007621,0,0.0,0,pos,0,0.0,0,pos
FUN_009586,78,0.025390625,1,pos_s2688_e2748,42,0.013671875,1,pos_s2712_e2748
FUN_009833,0,0.0,0,pos,0,0.0,0,pos
FUN_009777,0,0.0,0,pos,0,0.0,0,pos
FUN_005868,102,0.026194144838212634,1,pos_s2922_e3012,6,0.0015408320493066256,0,pos
FUN_003288,0,0.0,0,pos,0,0.0,0,pos
FUN_004085,24,0.013937282229965157,0,pos,0,0.0,0,pos
FUN_003965,0,0.0,0,pos,0,0.0,0,pos
FUN_008775,0,0.0,0,pos,0,0.0,0,pos
FUN_011732,0,0.0,0,pos,0,0.0,0,pos
FUN_010079,84,0.06930693069306931,1,pos_s234_e282,30,0.024752475247524754,0,pos
FUN_005858,18,0.05172413793103448,0,pos,0,0.0,0,pos
FUN_002710,0,0.0,0,pos,0,0.0,0,pos
FUN_002567,0,0.0,0,pos,0,0.0,0,pos
FUN_002794,72,0.032171581769437,1,pos_s78_e132,0,0.0,0,pos
FUN_000333,6,0.0026954177897574125,0,pos,0,0.0,0,pos
FUN_007416,150,0.008821453775582216,2,pos_s11316_e11358_s16482_e16536,12,0.0007057163020465773,0,pos
FUN_004202,0,0.0,0,pos,0,0.0,0,pos
FUN_008290,12,0.00423728813559322,0,pos,0,0.0,0,pos
FUN_011110,0,0.0,0,pos,0,0.0,0,pos
FUN_000533,228,0.12837837837837837,2,pos_s228_e348_s1302_e1386,54,0.030405405405405407,1,pos_s306_e348
FUN_011603,0,0.0,0,pos,0,0.0,0,pos
FUN_000801,0,0.0,0,pos,0,0.0,0,pos
FUN_001305,0,0.0,0,pos,0,0.0,0,pos
FUN_004094,0,0.0,0,pos,0,0.0,0,pos
FUN_004844,0,0.0,0,pos,0,0.0,0,pos
FUN_001182,0,0.0,0,pos,0,0.0,0,pos
FUN_003110,0,0.0,0,pos,0,0.0,0,pos
FUN_011879,0,0.0,0,pos,0,0.0,0,pos
FUN_008402,36,0.02459016393442623,1,pos_s498_e534,0,0.0,0,pos
FUN_012104,0,0.0,0,pos,0,0.0,0,pos
FUN_010000,0,0.0,0,pos,0,0.0,0,pos
FUN_016696,0,0.0,0,pos,0,0.0,0,pos
FUN_000763,0,0.0,0,pos,0,0.0,0,pos
FUN_004294,102,0.06967213114754098,1,pos_s1056_e1152,60,0.040983606557377046,1,pos_s1080_e1140
FUN_016662,0,0.0,0,pos,0,0.0,0,pos
FUN_009066,54,0.05732484076433121,1,pos_s354_e390,0,0.0,0,pos
FUN_011471,114,0.16666666666666666,1,pos_s486_e594,12,0.017543859649122806,0,pos
FUN_005335,0,0.0,0,pos,0,0.0,0,pos
FUN_010635,18,0.0084985835694051,0,pos,12,0.0056657223796034,0,pos
FUN_001028,0,0.0,0,pos,0,0.0,0,pos
FUN_012537,0,0.0,0,pos,0,0.0,0,pos
FUN_015773,0,0.0,0,pos,0,0.0,0,pos
FUN_006864,0,0.0,0,pos,0,0.0,0,pos
FUN_007428,0,0.0,0,pos,0,0.0,0,pos
FUN_007721,0,0.0,0,pos,0,0.0,0,pos
FUN_015714,0,0.0,0,pos,0,0.0,0,pos
FUN_009152,12,0.006711409395973154,0,pos,0,0.0,0,pos
FUN_009382,0,0.0,0,pos,0,0.0,0,pos
FUN_005601,42,0.00980392156862745,1,pos_s6_e48,0,0.0,0,pos
FUN_007785,0,0.0,0,pos,0,0.0,0,pos
FUN_005077,0,0.0,0,pos,0,0.0,0,pos
FUN_007603,108,0.18,1,pos_s348_e456,0,0.0,0,pos
FUN_000467,0,0.0,0,pos,0,0.0,0,pos
FUN_011596,0,0.0,0,pos,0,0.0,0,pos
FUN_002088,90,0.13636363636363635,2,pos_s360_e408_s546_e588,0,0.0,0,pos
FUN_009080,0,0.0,0,pos,0,0.0,0,pos
FUN_001296,0,0.0,0,pos,0,0.0,0,pos
FUN_005823,0,0.0,0,pos,0,0.0,0,pos
FUN_003038,168,0.20588235294117646,2,pos_s174_e216_s498_e576,36,0.04411764705882353,0,pos
FUN_002055,0,0.0,0,pos,0,0.0,0,pos
FUN_007333,0,0.0,0,pos,0,0.0,0,pos
FUN_010362,0,0.0,0,pos,0,0.0,0,pos
FUN_000028,48,0.004558404558404558,0,pos,0,0.0,0,pos
FUN_001666,0,0.0,0,pos,0,0.0,0,pos
FUN_006661,0,0.0,0,pos,0,0.0,0,pos
FUN_006880,0,0.0,0,pos,0,0.0,0,pos
FUN_010320,18,0.015151515151515152,0,pos,0,0.0,0,pos
FUN_003884,6,0.003875968992248062,0,pos,0,0.0,0,pos
FUN_008696,0,0.0,0,pos,0,0.0,0,pos
FUN_002345,0,0.0,0,pos,0,0.0,0,pos
FUN_005075,0,0.0,0,pos,0,0.0,0,pos
FUN_002192,0,0.0,0,pos,0,0.0,0,pos
FUN_007989,0,0.0,0,pos,0,0.0,0,pos
FUN_015939,0,0.0,0,pos,0,0.0,0,pos
FUN_000271,84,0.5185185185185185,1,pos_s30_e114,18,0.1111111111111111,0,pos
FUN_005679,0,0.0,0,pos,0,0.0,0,pos
FUN_007068,0,0.0,0,pos,0,0.0,0,pos
FUN_002584,0,0.0,0,pos,0,0.0,0,pos
FUN_016063,0,0.0,0,pos,0,0.0,0,pos
FUN_016379,0,0.0,0,pos,0,0.0,0,pos
FUN_010995,66,0.024886877828054297,0,pos,0,0.0,0,pos
FUN_004787,0,0.0,0,pos,0,0.0,0,pos
FUN_010074,0,0.0,0,pos,0,0.0,0,pos
FUN_000282,54,0.1323529411764706,1,pos_s42_e90,0,0.0,0,pos
FUN_011372,24,0.030303030303030304,0,pos,0,0.0,0,pos
FUN_009840,0,0.0,0,pos,0,0.0,0,pos
FUN_005735,48,0.031746031746031744,1,pos_s300_e336,0,0.0,0,pos
FUN_006158,12,0.0111731843575419,0,pos,0,0.0,0,pos
FUN_008961,0,0.0,0,pos,0,0.0,0,pos
FUN_011555,0,0.0,0,pos,0,0.0,0,pos
FUN_002358,0,0.0,0,pos,0,0.0,0,pos
FUN_005669,0,0.0,0,pos,0,0.0,0,pos
FUN_010400,0,0.0,0,pos,0,0.0,0,pos
FUN_004162,108,0.023166023166023165,2,pos_s1854_e1890_s2334_e2364,12,0.002574002574002574,0,pos
FUN_006203,0,0.0,0,pos,0,0.0,0,pos
FUN_006503,54,0.07317073170731707,1,pos_s114_e162,0,0.0,0,pos
FUN_000256,0,0.0,0,pos,0,0.0,0,pos
FUN_008468,6,0.003105590062111801,0,pos,0,0.0,0,pos
FUN_012322,0,0.0,0,pos,0,0.0,0,pos
FUN_006357,0,0.0,0,pos,0,0.0,0,pos
FUN_005986,0,0.0,0,pos,0,0.0,0,pos
FUN_007754,0,0.0,0,pos,0,0.0,0,pos
FUN_016121,0,0.0,0,pos,0,0.0,0,pos
FUN_006771,0,0.0,0,pos,0,0.0,0,pos
FUN_011861,0,0.0,0,pos,0,0.0,0,pos
FUN_000723,120,0.056179775280898875,2,pos_s78_e120_s144_e192,12,0.0056179775280898875,0,pos
FUN_007529,138,0.05596107055961071,2,pos_s1350_e1380_s2328_e2436,90,0.0364963503649635,1,pos_s2328_e2412
FUN_004661,240,0.14545454545454545,3,pos_s1134_e1248_s1266_e1356_s1368_e1398,198,0.12,2,pos_s1134_e1248_s1266_e1350
FUN_005134,0,0.0,0,pos,0,0.0,0,pos
FUN_007294,0,0.0,0,pos,0,0.0,0,pos
FUN_002959,138,0.06845238095238096,1,pos_s1272_e1362,30,0.01488095238095238,1,pos_s1320_e1350
FUN_011698,0,0.0,0,pos,0,0.0,0,pos
FUN_008840,0,0.0,0,pos,0,0.0,0,pos
FUN_010820,12,0.012195121951219513,0,pos,0,0.0,0,pos
FUN_006052,0,0.0,0,pos,0,0.0,0,pos
FUN_016686,0,0.0,0,pos,0,0.0,0,pos
FUN_009196,132,0.3492063492063492,1,pos_s6_e114,96,0.25396825396825395,1,pos_s30_e102
FUN_006455,0,0.0,0,pos,0,0.0,0,pos
FUN_002830,0,0.0,0,pos,0,0.0,0,pos
FUN_011352,18,0.02127659574468085,0,pos,0,0.0,0,pos
FUN_007869,0,0.0,0,pos,0,0.0,0,pos
FUN_001827,0,0.0,0,pos,0,0.0,0,pos
FUN_001021,0,0.0,0,pos,0,0.0,0,pos
FUN_009384,0,0.0,0,pos,0,0.0,0,pos
FUN_002011,0,0.0,0,pos,0,0.0,0,pos
FUN_003102,36,0.0425531914893617,0,pos,0,0.0,0,pos
FUN_001721,0,0.0,0,pos,0,0.0,0,pos
FUN_003133,12,0.005970149253731343,0,pos,0,0.0,0,pos
FUN_011885,0,0.0,0,pos,0,0.0,0,pos
FUN_010029,0,0.0,0,pos,0,0.0,0,pos
FUN_011457,78,0.05327868852459016,0,pos,18,0.012295081967213115,0,pos
FUN_007825,0,0.0,0,pos,0,0.0,0,pos
FUN_002099,264,0.07028753993610223,3,pos_s2286_e2364_s2832_e2934_s3402_e3444,66,0.01757188498402556,1,pos_s2850_e2904
FUN_010989,114,0.21348314606741572,1,pos_s6_e120,114,0.21348314606741572,1,pos_s6_e120
FUN_001427,0,0.0,0,pos,0,0.0,0,pos
FUN_007296,12,0.007936507936507936,0,pos,0,0.0,0,pos
FUN_003667,0,0.0,0,pos,0,0.0,0,pos
FUN_002983,0,0.0,0,pos,0,0.0,0,pos
FUN_008970,42,0.025735294117647058,0,pos,0,0.0,0,pos
FUN_004592,0,0.0,0,pos,0,0.0,0,pos
FUN_003506,0,0.0,0,pos,0,0.0,0,pos
FUN_000038,168,0.13658536585365855,2,pos_s552_e630_s780_e816,0,0.0,0,pos
FUN_000808,0,0.0,0,pos,0,0.0,0,pos
FUN_000676,0,0.0,0,pos,0,0.0,0,pos
FUN_004985,0,0.0,0,pos,0,0.0,0,pos
FUN_000523,0,0.0,0,pos,0,0.0,0,pos
FUN_012363,0,0.0,0,pos,0,0.0,0,pos
FUN_011593,0,0.0,0,pos,0,0.0,0,pos
FUN_002057,816,0.10066617320503331,7,pos_s180_e522_s618_e660_s1044_e1170_s1176_e1224_s1230_e1296_s1308_e1338_s5928_e6036,438,0.0540340488527017,6,pos_s180_e234_s246_e276_s360_e522_s618_e660_s1080_e1134_s5958_e5988
FUN_002451,0,0.0,0,pos,0,0.0,0,pos
FUN_011375,0,0.0,0,pos,0,0.0,0,pos
FUN_000063,0,0.0,0,pos,0,0.0,0,pos
FUN_008900,24,0.01680672268907563,0,pos,0,0.0,0,pos
FUN_010253,0,0.0,0,pos,0,0.0,0,pos
FUN_007383,78,0.04797047970479705,1,pos_s954_e1020,54,0.033210332103321034,1,pos_s978_e1008
FUN_005122,186,0.05904761904761905,4,pos_s2094_e2142_s2910_e2952_s2964_e3024_s3048_e3084,30,0.009523809523809525,0,pos
FUN_011413,0,0.0,0,pos,0,0.0,0,pos
FUN_006185,18,0.013761467889908258,0,pos,0,0.0,0,pos
FUN_016459,0,0.0,0,pos,0,0.0,0,pos
FUN_015612,0,0.0,0,pos,0,0.0,0,pos
FUN_006306,12,0.008368200836820083,0,pos,6,0.0041841004184100415,0,pos
FUN_008010,0,0.0,0,pos,0,0.0,0,pos
FUN_002424,24,0.005649717514124294,0,pos,0,0.0,0,pos
FUN_003340,138,0.03343023255813953,1,pos_s1260_e1368,12,0.0029069767441860465,0,pos
FUN_006906,0,0.0,0,pos,0,0.0,0,pos
FUN_016417,0,0.0,0,pos,0,0.0,0,pos
FUN_016623,0,0.0,0,pos,0,0.0,0,pos
FUN_011023,0,0.0,0,pos,0,0.0,0,pos
FUN_005535,252,0.11931818181818182,3,pos_s1080_e1206_s1260_e1302_s1554_e1596,144,0.06818181818181818,1,pos_s1134_e1164
FUN_000911,6,0.007751937984496124,0,pos,0,0.0,0,pos
FUN_016162,0,0.0,0,pos,0,0.0,0,pos
FUN_002628,0,0.0,0,pos,0,0.0,0,pos
FUN_015543,0,0.0,0,pos,0,0.0,0,pos
FUN_000107,72,0.023715415019762844,2,pos_s1014_e1044_s1704_e1740,0,0.0,0,pos
FUN_009803,24,0.017391304347826087,0,pos,0,0.0,0,pos
FUN_001071,72,0.031746031746031744,1,pos_s468_e528,0,0.0,0,pos
FUN_011545,0,0.0,0,pos,0,0.0,0,pos
FUN_010604,0,0.0,0,pos,0,0.0,0,pos
FUN_010443,0,0.0,0,pos,0,0.0,0,pos
FUN_005268,90,0.05555555555555555,1,pos_s1236_e1278,0,0.0,0,pos
FUN_003777,66,0.01166489925768823,0,pos,0,0.0,0,pos
FUN_012019,0,0.0,0,pos,0,0.0,0,pos
FUN_010332,0,0.0,0,pos,0,0.0,0,pos
FUN_002190,0,0.0,0,pos,0,0.0,0,pos
FUN_001457,0,0.0,0,pos,0,0.0,0,pos
FUN_002493,156,0.025120772946859903,3,pos_s1194_e1224_s2436_e2478_s2484_e2520,36,0.005797101449275362,1,pos_s2484_e2520
FUN_007675,114,0.1743119266055046,1,pos_s150_e264,114,0.1743119266055046,1,pos_s150_e264
FUN_003308,0,0.0,0,pos,0,0.0,0,pos
FUN_005050,36,0.045454545454545456,1,pos_s690_e726,12,0.015151515151515152,0,pos
FUN_009011,0,0.0,0,pos,0,0.0,0,pos
FUN_006904,0,0.0,0,pos,0,0.0,0,pos
FUN_003637,0,0.0,0,pos,0,0.0,0,pos
FUN_000075,54,0.024193548387096774,1,pos_s2076_e2124,24,0.010752688172043012,0,pos
FUN_007254,0,0.0,0,pos,0,0.0,0,pos
FUN_016150,0,0.0,0,pos,0,0.0,0,pos
FUN_004559,174,0.05206463195691203,2,pos_s3042_e3156_s3258_e3306,114,0.03411131059245961,1,pos_s3048_e3138
FUN_005398,0,0.0,0,pos,0,0.0,0,pos
FUN_004161,0,0.0,0,pos,0,0.0,0,pos
FUN_006226,0,0.0,0,pos,0,0.0,0,pos
FUN_012018,0,0.0,0,pos,0,0.0,0,pos
FUN_010109,84,0.051470588235294115,1,pos_s462_e516,12,0.007352941176470588,0,pos
FUN_008848,30,0.06944444444444445,1,pos_s372_e402,0,0.0,0,pos
FUN_006665,78,0.03258145363408521,1,pos_s894_e948,0,0.0,0,pos
FUN_016078,0,0.0,0,pos,0,0.0,0,pos
FUN_008948,0,0.0,0,pos,0,0.0,0,pos
FUN_010264,0,0.0,0,pos,0,0.0,0,pos
FUN_002507,0,0.0,0,pos,0,0.0,0,pos
FUN_015484,0,0.0,0,pos,0,0.0,0,pos
FUN_009836,0,0.0,0,pos,0,0.0,0,pos
FUN_009516,0,0.0,0,pos,0,0.0,0,pos
FUN_007913,0,0.0,0,pos,0,0.0,0,pos
FUN_015623,0,0.0,0,pos,0,0.0,0,pos
FUN_005154,0,0.0,0,pos,0,0.0,0,pos
FUN_000686,132,0.03240058910162003,3,pos_s2868_e2904_s3402_e3432_s3510_e3546,66,0.016200294550810016,1,pos_s3516_e3546
FUN_012394,0,0.0,0,pos,0,0.0,0,pos
FUN_003721,0,0.0,0,pos,0,0.0,0,pos
FUN_003255,0,0.0,0,pos,0,0.0,0,pos
FUN_003555,0,0.0,0,pos,0,0.0,0,pos
FUN_004872,0,0.0,0,pos,0,0.0,0,pos
FUN_015917,0,0.0,0,pos,0,0.0,0,pos
FUN_005685,36,0.011976047904191617,1,pos_s2946_e2976,0,0.0,0,pos
FUN_009350,0,0.0,0,pos,0,0.0,0,pos
FUN_000831,18,0.02142857142857143,0,pos,0,0.0,0,pos
FUN_007091,0,0.0,0,pos,0,0.0,0,pos
FUN_006406,42,0.03888888888888889,1,pos_s450_e492,0,0.0,0,pos
FUN_007133,0,0.0,0,pos,0,0.0,0,pos
FUN_004007,84,0.5,0,pos,60,0.35714285714285715,1,pos_s102_e156
FUN_004783,0,0.0,0,pos,0,0.0,0,pos
FUN_009931,0,0.0,0,pos,0,0.0,0,pos
FUN_004348,42,0.035897435897435895,0,pos,0,0.0,0,pos
FUN_012485,0,0.0,0,pos,0,0.0,0,pos
FUN_004323,120,0.09345794392523364,1,pos_s0_e120,72,0.056074766355140186,1,pos_s72_e114
FUN_016743,0,0.0,0,pos,0,0.0,0,pos
FUN_016779,0,0.0,0,pos,0,0.0,0,pos
FUN_006757,54,0.02027027027027027,1,pos_s2388_e2418,0,0.0,0,pos
FUN_002368,0,0.0,0,pos,0,0.0,0,pos
FUN_009138,0,0.0,0,pos,0,0.0,0,pos
FUN_006843,204,0.08717948717948718,3,pos_s24_e138_s1314_e1350_s1554_e1584,96,0.041025641025641026,2,pos_s24_e72_s84_e114
FUN_008072,18,0.014634146341463415,0,pos,0,0.0,0,pos
FUN_016649,0,0.0,0,pos,0,0.0,0,pos
FUN_003780,0,0.0,0,pos,0,0.0,0,pos
FUN_009580,72,0.0736196319018405,1,pos_s36_e108,0,0.0,0,pos
FUN_010591,0,0.0,0,pos,0,0.0,0,pos
FUN_003422,126,0.05048076923076923,2,pos_s1656_e1686_s1980_e2034,0,0.0,0,pos
FUN_011837,0,0.0,0,pos,0,0.0,0,pos
FUN_004274,0,0.0,0,pos,0,0.0,0,pos
FUN_005521,12,0.003795066413662239,0,pos,0,0.0,0,pos
FUN_004701,0,0.0,0,pos,0,0.0,0,pos
FUN_008626,0,0.0,0,pos,0,0.0,0,pos
FUN_008812,30,0.02577319587628866,1,pos_s498_e528,0,0.0,0,pos
FUN_012254,0,0.0,0,pos,0,0.0,0,pos
FUN_002530,0,0.0,0,pos,0,0.0,0,pos
FUN_008218,0,0.0,0,pos,0,0.0,0,pos
FUN_003801,0,0.0,0,pos,0,0.0,0,pos
FUN_009116,150,0.02512562814070352,2,pos_s822_e894_s5028_e5100,54,0.009045226130653266,0,pos
FUN_002440,0,0.0,0,pos,0,0.0,0,pos
FUN_006092,6,0.005319148936170213,0,pos,0,0.0,0,pos
FUN_005227,444,0.21700879765395895,4,pos_s1062_e1158_s1464_e1578_s1728_e1812_s1842_e1884,348,0.17008797653958943,3,pos_s1098_e1152_s1464_e1578_s1728_e1794
FUN_002901,0,0.0,0,pos,0,0.0,0,pos
FUN_000572,0,0.0,0,pos,0,0.0,0,pos
FUN_005537,0,0.0,0,pos,0,0.0,0,pos
FUN_001465,0,0.0,0,pos,0,0.0,0,pos
FUN_008718,0,0.0,0,pos,0,0.0,0,pos
FUN_009998,282,0.03750997605746209,2,pos_s162_e198_s204_e312,138,0.018355945730247406,1,pos_s204_e312
FUN_005089,36,0.06521739130434782,0,pos,6,0.010869565217391304,0,pos
FUN_000009,0,0.0,0,pos,0,0.0,0,pos
FUN_015835,0,0.0,0,pos,0,0.0,0,pos
FUN_015847,0,0.0,0,pos,0,0.0,0,pos
FUN_004458,0,0.0,0,pos,0,0.0,0,pos
FUN_016721,0,0.0,0,pos,0,0.0,0,pos
FUN_009874,0,0.0,0,pos,0,0.0,0,pos
FUN_006602,150,0.1404494382022472,2,pos_s774_e816_s846_e918,24,0.02247191011235955,0,pos
FUN_010199,0,0.0,0,pos,0,0.0,0,pos
FUN_016635,0,0.0,0,pos,0,0.0,0,pos
FUN_001913,66,0.018272425249169437,1,pos_s1554_e1596,0,0.0,0,pos
FUN_008938,114,0.05588235294117647,1,pos_s1158_e1266,60,0.029411764705882353,1,pos_s1212_e1266
FUN_000253,0,0.0,0,pos,0,0.0,0,pos
FUN_004284,18,0.02158273381294964,0,pos,0,0.0,0,pos
FUN_004302,0,0.0,0,pos,0,0.0,0,pos
FUN_005389,0,0.0,0,pos,0,0.0,0,pos
FUN_006308,0,0.0,0,pos,0,0.0,0,pos
FUN_001869,12,0.007633587786259542,0,pos,0,0.0,0,pos
FUN_007179,0,0.0,0,pos,0,0.0,0,pos
FUN_012408,0,0.0,0,pos,0,0.0,0,pos
FUN_012510,36,0.017804154302670624,1,pos_s1320_e1356,0,0.0,0,pos
FUN_012305,0,0.0,0,pos,0,0.0,0,pos
FUN_003537,114,0.18811881188118812,0,pos,12,0.019801980198019802,0,pos
FUN_002369,174,0.030982905982905984,1,pos_s1806_e1938,84,0.014957264957264958,1,pos_s1848_e1926
FUN_005318,54,0.10714285714285714,1,pos_s384_e426,0,0.0,0,pos
FUN_003864,0,0.0,0,pos,0,0.0,0,pos
FUN_000861,0,0.0,0,pos,0,0.0,0,pos
FUN_003751,0,0.0,0,pos,0,0.0,0,pos
FUN_002353,114,0.0871559633027523,1,pos_s1014_e1128,72,0.05504587155963303,2,pos_s1014_e1044_s1080_e1110
FUN_010818,168,0.05156537753222836,2,pos_s330_e396_s786_e870,48,0.014732965009208104,1,pos_s816_e852
FUN_015555,0,0.0,0,pos,0,0.0,0,pos
FUN_011381,0,0.0,0,pos,0,0.0,0,pos
FUN_010409,0,0.0,0,pos,0,0.0,0,pos
FUN_011699,0,0.0,0,pos,0,0.0,0,pos
FUN_004895,6,0.0037174721189591076,0,pos,0,0.0,0,pos
FUN_006917,18,0.016483516483516484,0,pos,0,0.0,0,pos
FUN_002023,6,0.006289308176100629,0,pos,0,0.0,0,pos
FUN_005621,54,0.032490974729241874,1,pos_s450_e486,0,0.0,0,pos
FUN_016599,0,0.0,0,pos,0,0.0,0,pos
FUN_008314,0,0.0,0,pos,0,0.0,0,pos
FUN_007830,12,0.06060606060606061,0,pos,0,0.0,0,pos
FUN_006828,0,0.0,0,pos,0,0.0,0,pos
FUN_007693,6,0.007352941176470588,0,pos,0,0.0,0,pos
FUN_007618,54,0.030821917808219176,1,pos_s1494_e1548,6,0.003424657534246575,0,pos
FUN_010032,0,0.0,0,pos,0,0.0,0,pos
FUN_003009,0,0.0,0,pos,0,0.0,0,pos
FUN_004278,72,0.01078167115902965,1,pos_s3168_e3204,0,0.0,0,pos
FUN_009402,108,0.11688311688311688,2,pos_s804_e834_s864_e918,12,0.012987012987012988,0,pos
FUN_005155,0,0.0,0,pos,0,0.0,0,pos
FUN_016252,0,0.0,0,pos,0,0.0,0,pos
FUN_010919,96,0.012924071082390954,1,pos_s4746_e4830,66,0.008885298869143781,1,pos_s4764_e4830
FUN_000004,0,0.0,0,pos,0,0.0,0,pos
FUN_004580,66,0.04230769230769231,1,pos_s1146_e1212,18,0.011538461538461539,0,pos
FUN_011054,0,0.0,0,pos,0,0.0,0,pos
FUN_011423,0,0.0,0,pos,0,0.0,0,pos
FUN_002134,24,0.02127659574468085,0,pos,0,0.0,0,pos
FUN_008653,42,0.04375,0,pos,24,0.025,0,pos
FUN_011602,0,0.0,0,pos,0,0.0,0,pos
FUN_005520,0,0.0,0,pos,0,0.0,0,pos
FUN_007515,0,0.0,0,pos,0,0.0,0,pos
FUN_005531,144,0.03529411764705882,2,pos_s672_e702_s2052_e2112,0,0.0,0,pos
FUN_007420,0,0.0,0,pos,0,0.0,0,pos
FUN_005933,0,0.0,0,pos,0,0.0,0,pos
FUN_000873,18,0.003076923076923077,0,pos,0,0.0,0,pos
FUN_008338,0,0.0,0,pos,0,0.0,0,pos
FUN_010472,42,0.006554307116104869,0,pos,0,0.0,0,pos
FUN_004711,6,0.009174311926605505,0,pos,0,0.0,0,pos
FUN_004193,192,0.06274509803921569,3,pos_s1020_e1086_s1680_e1716_s2610_e2694,0,0.0,0,pos
FUN_001814,0,0.0,0,pos,0,0.0,0,pos
FUN_004254,0,0.0,0,pos,0,0.0,0,pos
FUN_006315,0,0.0,0,pos,0,0.0,0,pos
FUN_005026,162,0.052734375,4,pos_s1578_e1614_s1632_e1662_s1668_e1698_s2046_e2076,66,0.021484375,0,pos
FUN_003544,0,0.0,0,pos,0,0.0,0,pos
FUN_000940,0,0.0,0,pos,0,0.0,0,pos
FUN_011362,0,0.0,0,pos,0,0.0,0,pos
FUN_007447,48,0.03902439024390244,1,pos_s108_e144,0,0.0,0,pos
FUN_001107,0,0.0,0,pos,0,0.0,0,pos
FUN_007293,0,0.0,0,pos,0,0.0,0,pos
FUN_001000,0,0.0,0,pos,0,0.0,0,pos
FUN_006671,0,0.0,0,pos,0,0.0,0,pos
FUN_012313,0,0.0,0,pos,0,0.0,0,pos
FUN_004899,0,0.0,0,pos,0,0.0,0,pos
FUN_004088,0,0.0,0,pos,0,0.0,0,pos
FUN_009982,0,0.0,0,pos,0,0.0,0,pos
FUN_012067,0,0.0,0,pos,0,0.0,0,pos
FUN_011628,0,0.0,0,pos,0,0.0,0,pos
FUN_004741,0,0.0,0,pos,0,0.0,0,pos
FUN_004484,0,0.0,0,pos,0,0.0,0,pos
FUN_002177,18,0.01744186046511628,0,pos,0,0.0,0,pos
FUN_011051,12,0.010752688172043012,0,pos,0,0.0,0,pos
FUN_006484,0,0.0,0,pos,0,0.0,0,pos
FUN_003815,156,0.05394190871369295,2,pos_s372_e486_s1020_e1062,114,0.03941908713692946,1,pos_s372_e486
FUN_010046,690,0.07029339853300734,8,pos_s2154_e2256_s2472_e2508_s3402_e3456_s3960_e4074_s5256_e5310_s5790_e5886_s8598_e8712_s8814_e8850,276,0.028117359413202935,3,pos_s3402_e3456_s3960_e4074_s8598_e8706
FUN_004421,0,0.0,0,pos,0,0.0,0,pos
FUN_012501,0,0.0,0,pos,0,0.0,0,pos
FUN_003136,0,0.0,0,pos,0,0.0,0,pos
FUN_008779,96,0.036281179138321996,2,pos_s1248_e1308_s1338_e1368,18,0.006802721088435374,0,pos
FUN_005065,0,0.0,0,pos,0,0.0,0,pos
FUN_015991,0,0.0,0,pos,0,0.0,0,pos
FUN_003957,0,0.0,0,pos,0,0.0,0,pos
FUN_003911,198,0.060550458715596334,2,pos_s774_e846_s1224_e1308,42,0.012844036697247707,1,pos_s1224_e1266
FUN_010687,6,0.004784688995215311,0,pos,0,0.0,0,pos
FUN_004214,0,0.0,0,pos,0,0.0,0,pos
FUN_002887,0,0.0,0,pos,0,0.0,0,pos
FUN_004767,0,0.0,0,pos,0,0.0,0,pos
FUN_015495,0,0.0,0,pos,0,0.0,0,pos
FUN_008394,0,0.0,0,pos,0,0.0,0,pos
FUN_005146,0,0.0,0,pos,0,0.0,0,pos
FUN_005214,6,0.0037174721189591076,0,pos,0,0.0,0,pos
FUN_000674,0,0.0,0,pos,0,0.0,0,pos
FUN_012392,0,0.0,0,pos,0,0.0,0,pos
FUN_000180,78,0.036827195467422094,1,pos_s1572_e1638,0,0.0,0,pos
FUN_005859,0,0.0,0,pos,0,0.0,0,pos
FUN_009671,0,0.0,0,pos,0,0.0,0,pos
FUN_007469,0,0.0,0,pos,0,0.0,0,pos
FUN_015980,0,0.0,0,pos,0,0.0,0,pos
FUN_016530,0,0.0,0,pos,0,0.0,0,pos
FUN_016015,0,0.0,0,pos,0,0.0,0,pos
FUN_005530,0,0.0,0,pos,0,0.0,0,pos
FUN_005035,0,0.0,0,pos,0,0.0,0,pos
FUN_004720,0,0.0,0,pos,0,0.0,0,pos
FUN_001237,0,0.0,0,pos,0,0.0,0,pos
FUN_007702,102,0.0413625304136253,2,pos_s1164_e1206_s2394_e2448,48,0.019464720194647202,1,pos_s2400_e2448
FUN_002790,12,0.0392156862745098,0,pos,0,0.0,0,pos
FUN_015886,0,0.0,0,pos,0,0.0,0,pos
FUN_002647,0,0.0,0,pos,0,0.0,0,pos
FUN_016396,0,0.0,0,pos,0,0.0,0,pos
FUN_016823,0,0.0,0,pos,0,0.0,0,pos
FUN_007138,0,0.0,0,pos,0,0.0,0,pos
FUN_000335,0,0.0,0,pos,0,0.0,0,pos
FUN_011349,24,0.007067137809187279,0,pos,0,0.0,0,pos
FUN_004195,0,0.0,0,pos,0,0.0,0,pos
FUN_002980,0,0.0,0,pos,0,0.0,0,pos
FUN_004852,0,0.0,0,pos,0,0.0,0,pos
FUN_003432,0,0.0,0,pos,0,0.0,0,pos
FUN_008750,0,0.0,0,pos,0,0.0,0,pos
FUN_001370,114,0.05864197530864197,1,pos_s1158_e1248,24,0.012345679012345678,0,pos
FUN_003540,0,0.0,0,pos,0,0.0,0,pos
FUN_000441,0,0.0,0,pos,0,0.0,0,pos
FUN_005439,0,0.0,0,pos,0,0.0,0,pos
FUN_005987,300,0.01392369813422445,4,pos_s924_e954_s990_e1032_s13566_e13620_s15168_e15210,54,0.002506265664160401,1,pos_s13572_e13602
FUN_011997,0,0.0,0,pos,0,0.0,0,pos
FUN_000503,0,0.0,0,pos,0,0.0,0,pos
FUN_008090,18,0.018292682926829267,0,pos,12,0.012195121951219513,0,pos
FUN_016843,0,0.0,0,pos,0,0.0,0,pos
FUN_000758,6,0.006535947712418301,0,pos,0,0.0,0,pos
FUN_005501,0,0.0,0,pos,0,0.0,0,pos
FUN_002435,66,0.06832298136645963,1,pos_s672_e738,0,0.0,0,pos
FUN_010736,0,0.0,0,pos,0,0.0,0,pos
FUN_000870,90,0.15625,1,pos_s168_e258,36,0.0625,0,pos
FUN_016688,0,0.0,0,pos,0,0.0,0,pos
FUN_010016,0,0.0,0,pos,0,0.0,0,pos
FUN_008258,0,0.0,0,pos,0,0.0,0,pos
FUN_011753,0,0.0,0,pos,0,0.0,0,pos
FUN_008312,0,0.0,0,pos,0,0.0,0,pos
FUN_015764,0,0.0,0,pos,0,0.0,0,pos
FUN_010009,30,0.016835016835016835,1,pos_s570_e600,0,0.0,0,pos
FUN_006442,24,0.017316017316017316,0,pos,12,0.008658008658008658,0,pos
FUN_012519,0,0.0,0,pos,0,0.0,0,pos
FUN_011069,486,0.2523364485981308,4,pos_s222_e282_s1284_e1338_s1566_e1596_s1602_e1806,318,0.16510903426791276,3,pos_s222_e282_s1602_e1692_s1812_e1896
FUN_015858,0,0.0,0,pos,0,0.0,0,pos
FUN_003376,18,0.017341040462427744,0,pos,0,0.0,0,pos
FUN_007955,300,0.05159958720330237,4,pos_s228_e258_s1614_e1662_s4452_e4554_s5634_e5676,48,0.008255933952528379,1,pos_s4494_e4524
FUN_011452,0,0.0,0,pos,0,0.0,0,pos
FUN_002054,0,0.0,0,pos,0,0.0,0,pos
FUN_016287,0,0.0,0,pos,0,0.0,0,pos
FUN_000593,30,0.013812154696132596,0,pos,0,0.0,0,pos
FUN_008351,0,0.0,0,pos,0,0.0,0,pos
FUN_011157,48,0.03902439024390244,1,pos_s0_e36,18,0.014634146341463415,0,pos
FUN_001946,0,0.0,0,pos,0,0.0,0,pos
FUN_001682,0,0.0,0,pos,0,0.0,0,pos
FUN_011829,0,0.0,0,pos,0,0.0,0,pos
FUN_008227,0,0.0,0,pos,0,0.0,0,pos
FUN_015469,0,0.0,0,pos,0,0.0,0,pos
FUN_006737,30,0.01824817518248175,1,pos_s1602_e1632,0,0.0,0,pos
FUN_000196,0,0.0,0,pos,0,0.0,0,pos
FUN_001032,0,0.0,0,pos,0,0.0,0,pos
FUN_005047,24,0.03007518796992481,0,pos,0,0.0,0,pos
FUN_006853,258,0.10617283950617284,3,pos_s162_e270_s1674_e1782_s2382_e2412,54,0.022222222222222223,0,pos
FUN_011311,18,0.009433962264150943,0,pos,6,0.0031446540880503146,0,pos
FUN_008858,0,0.0,0,pos,0,0.0,0,pos
FUN_007508,96,0.8888888888888888,1,pos_s0_e96,84,0.7777777777777778,1,pos_s12_e96
FUN_008860,132,0.102803738317757,2,pos_s690_e762_s888_e924,6,0.004672897196261682,0,pos
FUN_002621,0,0.0,0,pos,0,0.0,0,pos
FUN_009022,0,0.0,0,pos,0,0.0,0,pos
FUN_006957,12,0.006349206349206349,0,pos,0,0.0,0,pos
FUN_005101,0,0.0,0,pos,0,0.0,0,pos
FUN_003191,0,0.0,0,pos,0,0.0,0,pos
FUN_006662,0,0.0,0,pos,0,0.0,0,pos
FUN_000218,0,0.0,0,pos,0,0.0,0,pos
FUN_002788,0,0.0,0,pos,0,0.0,0,pos
FUN_001598,72,0.27906976744186046,1,pos_s144_e204,60,0.23255813953488372,1,pos_s144_e204
FUN_000645,0,0.0,0,pos,0,0.0,0,pos
FUN_002307,0,0.0,0,pos,0,0.0,0,pos
FUN_007699,0,0.0,0,pos,0,0.0,0,pos
FUN_005355,60,0.06369426751592357,1,pos_s222_e252,30,0.03184713375796178,0,pos
FUN_008141,0,0.0,0,pos,0,0.0,0,pos
FUN_008947,0,0.0,0,pos,0,0.0,0,pos
FUN_011823,0,0.0,0,pos,0,0.0,0,pos
FUN_011957,0,0.0,0,pos,0,0.0,0,pos
FUN_009820,30,0.035211267605633804,0,pos,0,0.0,0,pos
FUN_010399,0,0.0,0,pos,0,0.0,0,pos
FUN_012080,0,0.0,0,pos,0,0.0,0,pos
FUN_015438,0,0.0,0,pos,0,0.0,0,pos
FUN_003332,72,0.024291497975708502,1,pos_s2544_e2592,30,0.010121457489878543,0,pos
FUN_003559,60,0.0176678445229682,1,pos_s1176_e1206,0,0.0,0,pos
FUN_008816,0,0.0,0,pos,0,0.0,0,pos
FUN_007209,0,0.0,0,pos,0,0.0,0,pos
FUN_002938,0,0.0,0,pos,0,0.0,0,pos
FUN_007044,0,0.0,0,pos,0,0.0,0,pos
FUN_004017,0,0.0,0,pos,0,0.0,0,pos
FUN_011783,0,0.0,0,pos,0,0.0,0,pos
FUN_000661,0,0.0,0,pos,0,0.0,0,pos
FUN_006525,0,0.0,0,pos,0,0.0,0,pos
FUN_008865,0,0.0,0,pos,0,0.0,0,pos
FUN_005328,30,0.011210762331838564,0,pos,0,0.0,0,pos
FUN_007757,0,0.0,0,pos,0,0.0,0,pos
FUN_008428,0,0.0,0,pos,0,0.0,0,pos
FUN_002053,6,0.0012406947890818859,0,pos,0,0.0,0,pos
FUN_016226,0,0.0,0,pos,0,0.0,0,pos
FUN_005321,0,0.0,0,pos,0,0.0,0,pos
FUN_015997,30,0.046296296296296294,1,pos_s450_e480,0,0.0,0,pos
FUN_006138,66,0.03313253012048193,1,pos_s372_e432,0,0.0,0,pos
FUN_006891,18,0.02127659574468085,0,pos,0,0.0,0,pos
FUN_016542,0,0.0,0,pos,0,0.0,0,pos
FUN_015649,12,0.0071174377224199285,0,pos,0,0.0,0,pos
FUN_007342,0,0.0,0,pos,0,0.0,0,pos
FUN_012089,0,0.0,0,pos,0,0.0,0,pos
FUN_004255,66,0.15942028985507245,1,pos_s24_e78,0,0.0,0,pos
FUN_016658,0,0.0,0,pos,0,0.0,0,pos
FUN_008724,0,0.0,0,pos,0,0.0,0,pos
FUN_001945,0,0.0,0,pos,0,0.0,0,pos
FUN_008214,12,0.030303030303030304,0,pos,0,0.0,0,pos
FUN_008166,0,0.0,0,pos,0,0.0,0,pos
FUN_005000,0,0.0,0,pos,0,0.0,0,pos
FUN_011483,0,0.0,0,pos,0,0.0,0,pos
FUN_003691,24,0.020833333333333332,0,pos,0,0.0,0,pos
FUN_006765,114,0.0296875,2,pos_s2328_e2364_s2370_e2442,102,0.0265625,2,pos_s2328_e2364_s2370_e2430
FUN_016222,0,0.0,0,pos,0,0.0,0,pos
FUN_002843,0,0.0,0,pos,0,0.0,0,pos
FUN_007099,0,0.0,0,pos,0,0.0,0,pos
FUN_006247,0,0.0,0,pos,0,0.0,0,pos
FUN_007118,18,0.014084507042253521,0,pos,0,0.0,0,pos
FUN_015353,0,0.0,0,pos,0,0.0,0,pos
FUN_008966,0,0.0,0,pos,0,0.0,0,pos
FUN_002390,0,0.0,0,pos,0,0.0,0,pos
FUN_010154,24,0.04395604395604396,0,pos,0,0.0,0,pos
FUN_009627,0,0.0,0,pos,0,0.0,0,pos
FUN_007261,0,0.0,0,pos,0,0.0,0,pos
FUN_015805,0,0.0,0,pos,0,0.0,0,pos
FUN_001103,222,0.04352941176470588,3,pos_s294_e354_s1272_e1356_s3498_e3552,120,0.023529411764705882,2,pos_s306_e342_s1272_e1356
FUN_010188,0,0.0,0,pos,0,0.0,0,pos
FUN_002215,0,0.0,0,pos,0,0.0,0,pos
FUN_003966,0,0.0,0,pos,0,0.0,0,pos
FUN_011615,0,0.0,0,pos,0,0.0,0,pos
FUN_003713,36,0.013422818791946308,0,pos,6,0.0022371364653243847,0,pos
FUN_007733,0,0.0,0,pos,0,0.0,0,pos
FUN_003958,0,0.0,0,pos,0,0.0,0,pos
FUN_008870,204,0.0517503805175038,2,pos_s516_e558_s2562_e2640,0,0.0,0,pos
FUN_011940,0,0.0,0,pos,0,0.0,0,pos
FUN_007100,0,0.0,0,pos,0,0.0,0,pos
FUN_002763,0,0.0,0,pos,0,0.0,0,pos
FUN_009938,444,0.296,5,pos_s168_e228_s648_e726_s792_e888_s1098_e1212_s1368_e1452,204,0.136,3,pos_s186_e228_s1098_e1194_s1374_e1428
FUN_001277,18,0.02,0,pos,0,0.0,0,pos
FUN_000992,0,0.0,0,pos,0,0.0,0,pos
FUN_002555,138,0.09236947791164658,1,pos_s372_e426,0,0.0,0,pos
FUN_003367,0,0.0,0,pos,0,0.0,0,pos
FUN_001752,0,0.0,0,pos,0,0.0,0,pos
FUN_001149,0,0.0,0,pos,0,0.0,0,pos
FUN_003055,0,0.0,0,pos,0,0.0,0,pos
FUN_012530,0,0.0,0,pos,0,0.0,0,pos
FUN_001812,0,0.0,0,pos,0,0.0,0,pos
FUN_007434,0,0.0,0,pos,0,0.0,0,pos
FUN_009863,84,0.0875,2,pos_s0_e30_s168_e204,24,0.025,0,pos
FUN_001271,0,0.0,0,pos,0,0.0,0,pos
FUN_006580,0,0.0,0,pos,0,0.0,0,pos
FUN_010784,0,0.0,0,pos,0,0.0,0,pos
FUN_007790,0,0.0,0,pos,0,0.0,0,pos
FUN_015505,0,0.0,0,pos,0,0.0,0,pos
FUN_002697,108,0.11180124223602485,1,pos_s816_e924,90,0.09316770186335403,1,pos_s816_e906
FUN_010123,0,0.0,0,pos,0,0.0,0,pos
FUN_010192,0,0.0,0,pos,0,0.0,0,pos
FUN_000636,0,0.0,0,pos,0,0.0,0,pos
FUN_010369,24,0.06451612903225806,0,pos,0,0.0,0,pos
FUN_005336,0,0.0,0,pos,0,0.0,0,pos
FUN_008239,0,0.0,0,pos,0,0.0,0,pos
FUN_001093,336,0.32748538011695905,2,pos_s222_e336_s534_e636,192,0.1871345029239766,2,pos_s228_e336_s564_e630
FUN_010526,12,0.02666666666666667,0,pos,0,0.0,0,pos
FUN_000331,0,0.0,0,pos,0,0.0,0,pos
FUN_002845,78,0.026804123711340205,1,pos_s2406_e2436,0,0.0,0,pos
FUN_011007,0,0.0,0,pos,0,0.0,0,pos
FUN_011268,0,0.0,0,pos,0,0.0,0,pos
FUN_007805,0,0.0,0,pos,0,0.0,0,pos
FUN_000835,0,0.0,0,pos,0,0.0,0,pos
FUN_015759,0,0.0,0,pos,0,0.0,0,pos
FUN_001705,12,0.008547008547008548,0,pos,0,0.0,0,pos
FUN_006559,0,0.0,0,pos,0,0.0,0,pos
FUN_004480,102,0.020556227327690448,1,pos_s4470_e4572,0,0.0,0,pos
FUN_009010,0,0.0,0,pos,0,0.0,0,pos
FUN_008644,54,0.15254237288135594,1,pos_s48_e102,0,0.0,0,pos
FUN_002464,42,0.010736196319018405,1,pos_s3012_e3054,24,0.006134969325153374,0,pos
FUN_003458,30,0.011441647597254004,0,pos,6,0.002288329519450801,0,pos
FUN_011859,0,0.0,0,pos,0,0.0,0,pos
FUN_005237,0,0.0,0,pos,0,0.0,0,pos
FUN_012514,0,0.0,0,pos,0,0.0,0,pos
FUN_005536,0,0.0,0,pos,0,0.0,0,pos
FUN_015550,0,0.0,0,pos,0,0.0,0,pos
FUN_002180,0,0.0,0,pos,0,0.0,0,pos
FUN_012447,0,0.0,0,pos,0,0.0,0,pos
FUN_001981,0,0.0,0,pos,0,0.0,0,pos
FUN_004276,0,0.0,0,pos,0,0.0,0,pos
FUN_006023,0,0.0,0,pos,0,0.0,0,pos
FUN_003770,0,0.0,0,pos,0,0.0,0,pos
FUN_009443,78,0.08176100628930817,1,pos_s870_e948,18,0.018867924528301886,0,pos
FUN_004622,0,0.0,0,pos,0,0.0,0,pos
FUN_011076,294,0.11161731207289294,3,pos_s1158_e1242_s1314_e1374_s1902_e2004,138,0.05239179954441914,2,pos_s1206_e1242_s1902_e1992
FUN_016112,0,0.0,0,pos,0,0.0,0,pos
FUN_011288,0,0.0,0,pos,0,0.0,0,pos
FUN_007729,6,0.0016129032258064516,0,pos,0,0.0,0,pos
FUN_009012,0,0.0,0,pos,0,0.0,0,pos
FUN_016690,0,0.0,0,pos,0,0.0,0,pos
FUN_004564,102,0.11333333333333333,1,pos_s444_e522,66,0.07333333333333333,1,pos_s462_e522
FUN_008927,0,0.0,0,pos,0,0.0,0,pos
FUN_006440,60,0.05235602094240838,1,pos_s924_e984,6,0.005235602094240838,0,pos
FUN_005602,6,0.012195121951219513,0,pos,0,0.0,0,pos
FUN_010623,72,0.04878048780487805,1,pos_s138_e180,0,0.0,0,pos
FUN_005696,336,0.0311284046692607,4,pos_s234_e276_s1176_e1284_s6702_e6756_s7386_e7422,156,0.014452473596442469,3,pos_s1182_e1260_s6720_e6756_s7386_e7422
FUN_012221,48,0.07207207207207207,1,pos_s0_e30,6,0.009009009009009009,0,pos
FUN_002747,0,0.0,0,pos,0,0.0,0,pos
FUN_002682,0,0.0,0,pos,0,0.0,0,pos
FUN_011143,0,0.0,0,pos,0,0.0,0,pos
FUN_012002,0,0.0,0,pos,0,0.0,0,pos
FUN_003580,0,0.0,0,pos,0,0.0,0,pos
FUN_009855,0,0.0,0,pos,0,0.0,0,pos
FUN_010945,0,0.0,0,pos,0,0.0,0,pos
FUN_012489,0,0.0,0,pos,0,0.0,0,pos
FUN_006607,0,0.0,0,pos,0,0.0,0,pos
FUN_007922,222,0.025118805159538356,4,pos_s0_e42_s1584_e1656_s1668_e1734_s4092_e4128,150,0.01697216564833673,2,pos_s1608_e1656_s1668_e1734
FUN_000241,0,0.0,0,pos,0,0.0,0,pos
FUN_002143,0,0.0,0,pos,0,0.0,0,pos
FUN_009323,24,0.037383177570093455,0,pos,0,0.0,0,pos
FUN_016193,0,0.0,0,pos,0,0.0,0,pos
FUN_005054,12,0.009523809523809525,0,pos,0,0.0,0,pos
FUN_005207,0,0.0,0,pos,0,0.0,0,pos
FUN_008208,0,0.0,0,pos,0,0.0,0,pos
FUN_015332,0,0.0,0,pos,0,0.0,0,pos
FUN_012279,0,0.0,0,pos,0,0.0,0,pos
FUN_002236,0,0.0,0,pos,0,0.0,0,pos
FUN_001243,0,0.0,0,pos,0,0.0,0,pos
FUN_006513,132,0.00986989681471512,1,pos_s6390_e6420,0,0.0,0,pos
FUN_010382,0,0.0,0,pos,0,0.0,0,pos
FUN_002629,48,0.01568627450980392,1,pos_s792_e834,0,0.0,0,pos
FUN_007307,0,0.0,0,pos,0,0.0,0,pos
FUN_016055,0,0.0,0,pos,0,0.0,0,pos
FUN_001174,0,0.0,0,pos,0,0.0,0,pos
FUN_008345,0,0.0,0,pos,0,0.0,0,pos
FUN_000031,36,0.027522935779816515,0,pos,0,0.0,0,pos
FUN_001845,228,0.07480314960629922,3,pos_s864_e936_s1104_e1152_s1584_e1632,66,0.021653543307086614,0,pos
FUN_007925,0,0.0,0,pos,0,0.0,0,pos
FUN_008131,30,0.049019607843137254,1,pos_s0_e30,0,0.0,0,pos
FUN_012058,0,0.0,0,pos,0,0.0,0,pos
FUN_015722,0,0.0,0,pos,0,0.0,0,pos
FUN_005219,450,0.09566326530612244,5,pos_s2760_e2796_s3006_e3066_s3480_e3516_s3540_e3600_s3744_e3828,66,0.01403061224489796,1,pos_s3546_e3594
FUN_008804,0,0.0,0,pos,0,0.0,0,pos
FUN_003189,0,0.0,0,pos,0,0.0,0,pos
FUN_000226,0,0.0,0,pos,0,0.0,0,pos
FUN_009758,0,0.0,0,pos,0,0.0,0,pos
FUN_008661,0,0.0,0,pos,0,0.0,0,pos
FUN_006786,6,0.0018248175182481751,0,pos,0,0.0,0,pos
FUN_000854,48,0.03619909502262444,1,pos_s48_e78,0,0.0,0,pos
FUN_005607,120,0.04434589800443459,1,pos_s1344_e1410,42,0.015521064301552107,1,pos_s1368_e1410
FUN_010613,0,0.0,0,pos,0,0.0,0,pos
FUN_011363,72,0.02414486921529175,1,pos_s498_e570,6,0.002012072434607646,0,pos
FUN_002305,30,0.027777777777777776,1,pos_s120_e150,0,0.0,0,pos
FUN_009300,0,0.0,0,pos,0,0.0,0,pos
FUN_005419,0,0.0,0,pos,0,0.0,0,pos
FUN_009056,0,0.0,0,pos,0,0.0,0,pos
FUN_009013,0,0.0,0,pos,0,0.0,0,pos
FUN_005704,0,0.0,0,pos,0,0.0,0,pos
FUN_016853,0,0.0,0,pos,0,0.0,0,pos
FUN_002366,0,0.0,0,pos,0,0.0,0,pos
FUN_006374,0,0.0,0,pos,0,0.0,0,pos
FUN_010138,0,0.0,0,pos,0,0.0,0,pos
FUN_016618,0,0.0,0,pos,0,0.0,0,pos
FUN_006438,6,0.0008802816901408451,0,pos,0,0.0,0,pos
FUN_002250,0,0.0,0,pos,0,0.0,0,pos
FUN_003923,60,0.04672897196261682,1,pos_s1164_e1212,0,0.0,0,pos
FUN_003278,0,0.0,0,pos,0,0.0,0,pos
FUN_015547,0,0.0,0,pos,0,0.0,0,pos
FUN_010462,36,0.04054054054054054,1,pos_s792_e828,0,0.0,0,pos
FUN_016785,0,0.0,0,pos,0,0.0,0,pos
FUN_005433,0,0.0,0,pos,0,0.0,0,pos
FUN_001507,6,0.0024330900243309003,0,pos,0,0.0,0,pos
FUN_006573,48,0.022857142857142857,1,pos_s1980_e2010,18,0.008571428571428572,0,pos
FUN_005703,0,0.0,0,pos,0,0.0,0,pos
FUN_002429,0,0.0,0,pos,0,0.0,0,pos
