geneid,KaKs_bases,KaKs_r,n_blocks,pos_info,KaKs_bases2,KaKs_r2,n_blocks2,pos_info2
FUN_007151,0,0.0,0,pos,0,0.0,0,pos
FUN_009997,0,0.0,0,pos,0,0.0,0,pos
FUN_002185,0,0.0,0,pos,0,0.0,0,pos
FUN_010707,6,0.004347826086956522,0,pos,0,0.0,0,pos
FUN_015803,0,0.0,0,pos,0,0.0,0,pos
FUN_007700,0,0.0,0,pos,0,0.0,0,pos
FUN_009076,0,0.0,0,pos,0,0.0,0,pos
FUN_012519,0,0.0,0,pos,0,0.0,0,pos
FUN_000799,240,0.08565310492505353,4,pos_s372_e402_s498_e618_s624_e684_s972_e1002,132,0.047109207708779445,2,pos_s510_e570_s624_e660
FUN_001291,0,0.0,0,pos,0,0.0,0,pos
FUN_008335,0,0.0,0,pos,0,0.0,0,pos
FUN_009511,6,0.01020408163265306,0,pos,0,0.0,0,pos
FUN_001711,24,0.028985507246376812,0,pos,12,0.014492753623188406,0,pos
FUN_016487,0,0.0,0,pos,0,0.0,0,pos
FUN_015719,0,0.0,0,pos,0,0.0,0,pos
FUN_008279,30,0.01366120218579235,0,pos,0,0.0,0,pos
FUN_015323,0,0.0,0,pos,0,0.0,0,pos
FUN_008752,0,0.0,0,pos,0,0.0,0,pos
FUN_003342,144,0.06593406593406594,2,pos_s1992_e2034_s2040_e2070,12,0.005494505494505495,0,pos
FUN_012516,0,0.0,0,pos,0,0.0,0,pos
FUN_016234,0,0.0,0,pos,0,0.0,0,pos
FUN_010237,0,0.0,0,pos,0,0.0,0,pos
FUN_002399,0,0.0,0,pos,0,0.0,0,pos
FUN_012281,0,0.0,0,pos,0,0.0,0,pos
FUN_015776,0,0.0,0,pos,0,0.0,0,pos
FUN_001143,0,0.0,0,pos,0,0.0,0,pos
FUN_008532,0,0.0,0,pos,0,0.0,0,pos
FUN_000041,6,0.008264462809917356,0,pos,0,0.0,0,pos
FUN_011301,0,0.0,0,pos,0,0.0,0,pos
FUN_003323,0,0.0,0,pos,0,0.0,0,pos
FUN_007374,0,0.0,0,pos,0,0.0,0,pos
FUN_009290,156,0.03566529492455418,2,pos_s1236_e1332_s2484_e2538,78,0.01783264746227709,1,pos_s1242_e1314
FUN_010959,0,0.0,0,pos,0,0.0,0,pos
FUN_003240,0,0.0,0,pos,0,0.0,0,pos
FUN_006848,72,0.08450704225352113,1,pos_s684_e738,18,0.02112676056338028,0,pos
FUN_007964,96,0.09937888198757763,2,pos_s570_e600_s636_e684,6,0.006211180124223602,0,pos
FUN_010287,72,0.044444444444444446,1,pos_s1146_e1188,24,0.014814814814814815,0,pos
FUN_011702,0,0.0,0,pos,0,0.0,0,pos
FUN_010527,0,0.0,0,pos,0,0.0,0,pos
FUN_015295,0,0.0,0,pos,0,0.0,0,pos
FUN_004755,90,0.189873417721519,2,pos_s144_e204_s216_e246,36,0.0759493670886076,1,pos_s156_e192
FUN_001765,0,0.0,0,pos,0,0.0,0,pos
FUN_004808,0,0.0,0,pos,0,0.0,0,pos
FUN_016070,0,0.0,0,pos,0,0.0,0,pos
FUN_003544,0,0.0,0,pos,0,0.0,0,pos
FUN_011477,0,0.0,0,pos,0,0.0,0,pos
FUN_016087,0,0.0,0,pos,0,0.0,0,pos
FUN_009827,0,0.0,0,pos,0,0.0,0,pos
FUN_007332,0,0.0,0,pos,0,0.0,0,pos
FUN_007857,210,0.031055900621118012,3,pos_s6030_e6084_s6114_e6144_s6522_e6558,78,0.011535048802129548,1,pos_s6036_e6078
FUN_010143,258,0.18695652173913044,4,pos_s0_e84_s546_e624_s636_e672_s1002_e1032,84,0.06086956521739131,1,pos_s552_e624
FUN_005366,18,0.0014858841010401188,0,pos,0,0.0,0,pos
FUN_010266,0,0.0,0,pos,0,0.0,0,pos
FUN_011611,0,0.0,0,pos,0,0.0,0,pos
FUN_011162,0,0.0,0,pos,0,0.0,0,pos
FUN_012321,0,0.0,0,pos,0,0.0,0,pos
FUN_000039,252,0.18502202643171806,3,pos_s144_e174_s180_e216_s234_e384,156,0.1145374449339207,1,pos_s234_e384
FUN_001802,0,0.0,0,pos,0,0.0,0,pos
FUN_012343,0,0.0,0,pos,0,0.0,0,pos
FUN_002515,0,0.0,0,pos,0,0.0,0,pos
FUN_009309,0,0.0,0,pos,0,0.0,0,pos
FUN_005741,18,0.007751937984496124,0,pos,0,0.0,0,pos
FUN_006849,138,0.10222222222222223,3,pos_s228_e270_s312_e342_s480_e516,12,0.008888888888888889,0,pos
FUN_005168,144,0.11009174311926606,3,pos_s288_e336_s756_e804_s1020_e1062,0,0.0,0,pos
FUN_006318,0,0.0,0,pos,0,0.0,0,pos
FUN_016166,0,0.0,0,pos,0,0.0,0,pos
FUN_004670,0,0.0,0,pos,0,0.0,0,pos
FUN_000135,0,0.0,0,pos,0,0.0,0,pos
FUN_007458,150,0.1953125,2,pos_s6_e84_s126_e174,60,0.078125,1,pos_s12_e72
FUN_006386,150,0.0591016548463357,3,pos_s126_e156_s168_e198_s1962_e2004,30,0.01182033096926714,0,pos
FUN_007410,216,0.058919803600654665,3,pos_s294_e396_s408_e438_s2724_e2754,72,0.019639934533551555,1,pos_s348_e396
FUN_005192,0,0.0,0,pos,0,0.0,0,pos
FUN_002394,0,0.0,0,pos,0,0.0,0,pos
FUN_010267,0,0.0,0,pos,0,0.0,0,pos
FUN_016653,0,0.0,0,pos,0,0.0,0,pos
FUN_012550,0,0.0,0,pos,0,0.0,0,pos
FUN_008084,0,0.0,0,pos,0,0.0,0,pos
FUN_010916,0,0.0,0,pos,0,0.0,0,pos
FUN_011832,0,0.0,0,pos,0,0.0,0,pos
FUN_007795,0,0.0,0,pos,0,0.0,0,pos
FUN_001485,0,0.0,0,pos,0,0.0,0,pos
FUN_010102,0,0.0,0,pos,0,0.0,0,pos
FUN_001071,0,0.0,0,pos,0,0.0,0,pos
FUN_006803,0,0.0,0,pos,0,0.0,0,pos
FUN_004080,66,0.04247104247104247,0,pos,0,0.0,0,pos
FUN_006463,294,0.09297912713472485,5,pos_s84_e132_s1194_e1224_s1326_e1422_s1428_e1464_s1536_e1590,48,0.015180265654648957,0,pos
FUN_006387,0,0.0,0,pos,0,0.0,0,pos
FUN_001597,0,0.0,0,pos,0,0.0,0,pos
FUN_007983,132,0.3235294117647059,2,pos_s12_e42_s318_e402,6,0.014705882352941176,0,pos
FUN_005553,0,0.0,0,pos,0,0.0,0,pos
FUN_006255,0,0.0,0,pos,0,0.0,0,pos
FUN_007776,132,0.09523809523809523,2,pos_s306_e378_s1230_e1260,24,0.017316017316017316,0,pos
FUN_001506,0,0.0,0,pos,0,0.0,0,pos
FUN_000895,0,0.0,0,pos,0,0.0,0,pos
FUN_001817,12,0.004651162790697674,0,pos,0,0.0,0,pos
FUN_010324,0,0.0,0,pos,0,0.0,0,pos
FUN_003383,0,0.0,0,pos,0,0.0,0,pos
FUN_010698,120,0.15151515151515152,1,pos_s612_e690,0,0.0,0,pos
FUN_001042,0,0.0,0,pos,0,0.0,0,pos
FUN_012458,96,0.08,1,pos_s738_e834,0,0.0,0,pos
FUN_012527,0,0.0,0,pos,0,0.0,0,pos
FUN_001074,0,0.0,0,pos,0,0.0,0,pos
FUN_008064,186,0.11567164179104478,2,pos_s414_e468_s834_e888,72,0.04477611940298507,1,pos_s414_e462
FUN_007461,0,0.0,0,pos,0,0.0,0,pos
FUN_002279,42,0.007261410788381743,0,pos,0,0.0,0,pos
FUN_009753,0,0.0,0,pos,0,0.0,0,pos
FUN_000637,0,0.0,0,pos,0,0.0,0,pos
FUN_016397,0,0.0,0,pos,0,0.0,0,pos
FUN_001412,0,0.0,0,pos,0,0.0,0,pos
FUN_005070,150,0.046992481203007516,1,pos_s2586_e2718,78,0.02443609022556391,1,pos_s2592_e2664
FUN_005246,0,0.0,0,pos,0,0.0,0,pos
FUN_000723,156,0.07303370786516854,2,pos_s42_e120_s144_e192,30,0.014044943820224719,0,pos
FUN_007628,0,0.0,0,pos,0,0.0,0,pos
FUN_012231,0,0.0,0,pos,0,0.0,0,pos
FUN_007129,0,0.0,0,pos,0,0.0,0,pos
FUN_016145,0,0.0,0,pos,0,0.0,0,pos
FUN_002517,0,0.0,0,pos,0,0.0,0,pos
FUN_007073,0,0.0,0,pos,0,0.0,0,pos
FUN_002612,0,0.0,0,pos,0,0.0,0,pos
FUN_015489,0,0.0,0,pos,0,0.0,0,pos
FUN_004309,0,0.0,0,pos,0,0.0,0,pos
FUN_009371,48,0.06060606060606061,1,pos_s540_e588,0,0.0,0,pos
FUN_009912,0,0.0,0,pos,0,0.0,0,pos
FUN_007473,0,0.0,0,pos,0,0.0,0,pos
FUN_011215,66,0.088,1,pos_s390_e438,60,0.08,1,pos_s396_e438
FUN_005219,174,0.036989795918367346,3,pos_s2766_e2796_s4020_e4086_s4482_e4512,6,0.0012755102040816326,0,pos
FUN_012544,0,0.0,0,pos,0,0.0,0,pos
FUN_010939,0,0.0,0,pos,0,0.0,0,pos
FUN_007372,288,0.192,4,pos_s342_e456_s570_e600_s606_e666_s1248_e1326,138,0.092,1,pos_s342_e456
FUN_008017,0,0.0,0,pos,0,0.0,0,pos
FUN_004771,0,0.0,0,pos,0,0.0,0,pos
FUN_009130,0,0.0,0,pos,0,0.0,0,pos
FUN_003384,0,0.0,0,pos,0,0.0,0,pos
FUN_000452,48,0.030418250950570342,1,pos_s684_e720,0,0.0,0,pos
FUN_002680,0,0.0,0,pos,0,0.0,0,pos
FUN_001298,0,0.0,0,pos,0,0.0,0,pos
FUN_010318,0,0.0,0,pos,0,0.0,0,pos
FUN_001208,90,0.06726457399103139,1,pos_s1236_e1320,36,0.026905829596412557,1,pos_s1266_e1302
FUN_002239,0,0.0,0,pos,0,0.0,0,pos
FUN_007039,24,0.0223463687150838,0,pos,12,0.0111731843575419,0,pos
FUN_010105,0,0.0,0,pos,0,0.0,0,pos
FUN_004605,30,0.02512562814070352,1,pos_s1146_e1176,12,0.010050251256281407,0,pos
FUN_000729,0,0.0,0,pos,0,0.0,0,pos
FUN_004198,0,0.0,0,pos,0,0.0,0,pos
FUN_003718,0,0.0,0,pos,0,0.0,0,pos
FUN_002700,0,0.0,0,pos,0,0.0,0,pos
FUN_015891,0,0.0,0,pos,0,0.0,0,pos
FUN_006667,0,0.0,0,pos,0,0.0,0,pos
FUN_007325,78,0.017980636237897647,1,pos_s144_e174,18,0.004149377593360996,0,pos
FUN_015336,0,0.0,0,pos,0,0.0,0,pos
FUN_016242,0,0.0,0,pos,0,0.0,0,pos
FUN_008766,24,0.047619047619047616,0,pos,0,0.0,0,pos
FUN_016449,0,0.0,0,pos,0,0.0,0,pos
FUN_003915,12,0.005390835579514825,0,pos,0,0.0,0,pos
FUN_011036,0,0.0,0,pos,0,0.0,0,pos
FUN_002059,54,0.03,1,pos_s18_e72,0,0.0,0,pos
FUN_008197,0,0.0,0,pos,0,0.0,0,pos
FUN_000614,0,0.0,0,pos,0,0.0,0,pos
FUN_009575,168,0.07608695652173914,1,pos_s528_e612,6,0.002717391304347826,0,pos
FUN_000074,132,0.04899777282850779,1,pos_s2472_e2604,54,0.0200445434298441,1,pos_s2502_e2538
FUN_004162,222,0.047619047619047616,4,pos_s1392_e1446_s2754_e2784_s3360_e3420_s3444_e3474,12,0.002574002574002574,0,pos
FUN_010733,0,0.0,0,pos,0,0.0,0,pos
FUN_003599,228,0.0987012987012987,4,pos_s120_e222_s1422_e1458_s1548_e1578_s1962_e1992,12,0.005194805194805195,0,pos
FUN_015344,0,0.0,0,pos,0,0.0,0,pos
FUN_016323,0,0.0,0,pos,0,0.0,0,pos
FUN_012507,0,0.0,0,pos,0,0.0,0,pos
FUN_005937,54,0.12,1,pos_s30_e84,0,0.0,0,pos
FUN_006785,0,0.0,0,pos,0,0.0,0,pos
FUN_011839,0,0.0,0,pos,0,0.0,0,pos
FUN_016273,0,0.0,0,pos,0,0.0,0,pos
FUN_007260,12,0.021505376344086023,0,pos,0,0.0,0,pos
FUN_011548,0,0.0,0,pos,0,0.0,0,pos
FUN_009183,0,0.0,0,pos,0,0.0,0,pos
FUN_000747,0,0.0,0,pos,0,0.0,0,pos
FUN_000586,0,0.0,0,pos,0,0.0,0,pos
FUN_007268,0,0.0,0,pos,0,0.0,0,pos
FUN_008121,6,0.015151515151515152,0,pos,6,0.015151515151515152,0,pos
FUN_010812,24,0.013377926421404682,0,pos,24,0.013377926421404682,0,pos
FUN_009424,0,0.0,0,pos,0,0.0,0,pos
FUN_002199,0,0.0,0,pos,0,0.0,0,pos
FUN_004154,0,0.0,0,pos,0,0.0,0,pos
FUN_000909,24,0.013468013468013467,0,pos,6,0.003367003367003367,0,pos
FUN_006541,0,0.0,0,pos,0,0.0,0,pos
FUN_000661,0,0.0,0,pos,0,0.0,0,pos
FUN_012425,138,0.06233062330623306,2,pos_s948_e1014_s1914_e1974,72,0.032520325203252036,1,pos_s972_e1002
FUN_005940,0,0.0,0,pos,0,0.0,0,pos
FUN_011968,0,0.0,0,pos,0,0.0,0,pos
FUN_003530,0,0.0,0,pos,0,0.0,0,pos
FUN_008707,0,0.0,0,pos,0,0.0,0,pos
FUN_005967,90,0.45454545454545453,2,pos_s60_e102_s108_e156,18,0.09090909090909091,0,pos
FUN_004885,0,0.0,0,pos,0,0.0,0,pos
FUN_003186,36,0.05084745762711865,1,pos_s618_e654,0,0.0,0,pos
FUN_010568,0,0.0,0,pos,0,0.0,0,pos
FUN_008905,0,0.0,0,pos,0,0.0,0,pos
FUN_000062,0,0.0,0,pos,0,0.0,0,pos
FUN_002164,6,0.006369426751592357,0,pos,0,0.0,0,pos
FUN_005534,0,0.0,0,pos,0,0.0,0,pos
FUN_012151,0,0.0,0,pos,0,0.0,0,pos
FUN_004448,12,0.006944444444444444,0,pos,0,0.0,0,pos
FUN_003624,0,0.0,0,pos,0,0.0,0,pos
FUN_001780,162,0.035526315789473684,3,pos_s1266_e1314_s2328_e2358_s2502_e2550,42,0.009210526315789473,1,pos_s1266_e1302
FUN_008033,6,0.02702702702702703,0,pos,0,0.0,0,pos
FUN_004317,0,0.0,0,pos,0,0.0,0,pos
FUN_009279,12,0.014184397163120567,0,pos,0,0.0,0,pos
FUN_009627,54,0.033707865168539325,1,pos_s1422_e1470,0,0.0,0,pos
FUN_003955,102,0.019562715765247412,1,pos_s4524_e4620,66,0.012658227848101266,1,pos_s4554_e4620
FUN_001958,0,0.0,0,pos,0,0.0,0,pos
FUN_008672,36,0.037267080745341616,1,pos_s0_e36,36,0.037267080745341616,1,pos_s0_e36
FUN_003207,6,0.002207505518763797,0,pos,6,0.002207505518763797,0,pos
FUN_004861,0,0.0,0,pos,0,0.0,0,pos
FUN_011540,0,0.0,0,pos,0,0.0,0,pos
FUN_006341,42,0.025547445255474453,0,pos,0,0.0,0,pos
FUN_000499,0,0.0,0,pos,0,0.0,0,pos
FUN_016497,0,0.0,0,pos,0,0.0,0,pos
FUN_012446,0,0.0,0,pos,0,0.0,0,pos
FUN_008323,0,0.0,0,pos,0,0.0,0,pos
FUN_009063,0,0.0,0,pos,0,0.0,0,pos
FUN_012349,0,0.0,0,pos,0,0.0,0,pos
FUN_007183,36,0.05309734513274336,1,pos_s636_e672,0,0.0,0,pos
FUN_012153,24,0.014336917562724014,0,pos,24,0.014336917562724014,0,pos
FUN_005708,30,0.034013605442176874,0,pos,0,0.0,0,pos
FUN_012350,0,0.0,0,pos,0,0.0,0,pos
FUN_007223,0,0.0,0,pos,0,0.0,0,pos
FUN_015439,0,0.0,0,pos,0,0.0,0,pos
FUN_005921,12,0.01694915254237288,0,pos,0,0.0,0,pos
FUN_010699,0,0.0,0,pos,0,0.0,0,pos
FUN_016208,0,0.0,0,pos,0,0.0,0,pos
FUN_005961,0,0.0,0,pos,0,0.0,0,pos
FUN_011369,126,0.07023411371237458,2,pos_s1152_e1188_s1494_e1548,12,0.006688963210702341,0,pos
FUN_006478,0,0.0,0,pos,0,0.0,0,pos
FUN_010628,0,0.0,0,pos,0,0.0,0,pos
FUN_005280,0,0.0,0,pos,0,0.0,0,pos
FUN_002627,0,0.0,0,pos,0,0.0,0,pos
FUN_008519,0,0.0,0,pos,0,0.0,0,pos
FUN_012397,0,0.0,0,pos,0,0.0,0,pos
FUN_012551,0,0.0,0,pos,0,0.0,0,pos
FUN_012329,0,0.0,0,pos,0,0.0,0,pos
FUN_004684,408,0.048329779673063254,4,pos_s36_e84_s2292_e2400_s4974_e5046_s6756_e6858,78,0.00923951670220327,1,pos_s2292_e2346
FUN_002679,0,0.0,0,pos,0,0.0,0,pos
FUN_008207,66,0.0625,1,pos_s960_e1026,18,0.017045454545454544,0,pos
FUN_003924,84,0.058333333333333334,1,pos_s12_e66,48,0.03333333333333333,1,pos_s12_e60
FUN_004725,66,0.05263157894736842,1,pos_s888_e954,0,0.0,0,pos
FUN_015453,0,0.0,0,pos,0,0.0,0,pos
FUN_006077,0,0.0,0,pos,0,0.0,0,pos
FUN_000461,6,0.0030120481927710845,0,pos,0,0.0,0,pos
FUN_015623,0,0.0,0,pos,0,0.0,0,pos
FUN_003972,0,0.0,0,pos,0,0.0,0,pos
FUN_004625,0,0.0,0,pos,0,0.0,0,pos
FUN_011999,0,0.0,0,pos,0,0.0,0,pos
FUN_008227,0,0.0,0,pos,0,0.0,0,pos
FUN_005989,0,0.0,0,pos,0,0.0,0,pos
FUN_005565,0,0.0,0,pos,0,0.0,0,pos
FUN_016018,0,0.0,0,pos,0,0.0,0,pos
FUN_002159,0,0.0,0,pos,0,0.0,0,pos
FUN_004634,108,0.043795620437956206,2,pos_s414_e468_s1848_e1884,0,0.0,0,pos
FUN_003242,6,0.008064516129032258,0,pos,0,0.0,0,pos
FUN_004880,12,0.03636363636363636,0,pos,0,0.0,0,pos
FUN_004419,24,0.041666666666666664,0,pos,24,0.041666666666666664,0,pos
FUN_005052,6,0.0125,0,pos,6,0.0125,0,pos
FUN_000680,0,0.0,0,pos,0,0.0,0,pos
FUN_004373,0,0.0,0,pos,0,0.0,0,pos
FUN_002089,78,0.08176100628930817,1,pos_s288_e354,18,0.018867924528301886,0,pos
FUN_012533,0,0.0,0,pos,0,0.0,0,pos
FUN_000065,36,0.03550295857988166,0,pos,0,0.0,0,pos
FUN_004189,0,0.0,0,pos,0,0.0,0,pos
FUN_000468,0,0.0,0,pos,0,0.0,0,pos
FUN_009524,12,0.004878048780487805,0,pos,0,0.0,0,pos
FUN_008442,0,0.0,0,pos,0,0.0,0,pos
FUN_001553,0,0.0,0,pos,0,0.0,0,pos
FUN_000124,0,0.0,0,pos,0,0.0,0,pos
FUN_000136,0,0.0,0,pos,0,0.0,0,pos
FUN_005789,72,0.09022556390977443,1,pos_s588_e642,0,0.0,0,pos
FUN_007342,0,0.0,0,pos,0,0.0,0,pos
FUN_000973,24,0.03278688524590164,0,pos,0,0.0,0,pos
FUN_000242,66,0.05945945945945946,1,pos_s1014_e1080,0,0.0,0,pos
FUN_009739,12,0.004016064257028112,0,pos,0,0.0,0,pos
FUN_015335,0,0.0,0,pos,0,0.0,0,pos
FUN_016790,0,0.0,0,pos,0,0.0,0,pos
FUN_016095,0,0.0,0,pos,0,0.0,0,pos
FUN_010368,12,0.0392156862745098,0,pos,12,0.0392156862745098,0,pos
FUN_009428,0,0.0,0,pos,0,0.0,0,pos
FUN_001579,54,0.017928286852589643,1,pos_s2790_e2844,0,0.0,0,pos
FUN_009259,6,0.0012804097311139564,0,pos,0,0.0,0,pos
FUN_010468,0,0.0,0,pos,0,0.0,0,pos
FUN_009584,0,0.0,0,pos,0,0.0,0,pos
FUN_008450,198,0.07236842105263158,3,pos_s1110_e1200_s2382_e2430_s2598_e2634,24,0.008771929824561403,0,pos
FUN_012186,12,0.0061162079510703364,0,pos,0,0.0,0,pos
FUN_001179,0,0.0,0,pos,0,0.0,0,pos
FUN_006987,0,0.0,0,pos,0,0.0,0,pos
FUN_016722,0,0.0,0,pos,0,0.0,0,pos
FUN_008083,0,0.0,0,pos,0,0.0,0,pos
FUN_003106,0,0.0,0,pos,0,0.0,0,pos
FUN_006536,24,0.013888888888888888,0,pos,0,0.0,0,pos
FUN_005652,6,0.0019646365422396855,0,pos,0,0.0,0,pos
FUN_011792,0,0.0,0,pos,0,0.0,0,pos
FUN_006092,30,0.026595744680851064,0,pos,0,0.0,0,pos
FUN_000964,126,0.031484257871064465,1,pos_s1662_e1788,60,0.014992503748125937,1,pos_s1716_e1764
FUN_010444,90,0.03896103896103896,1,pos_s2172_e2244,0,0.0,0,pos
FUN_001593,30,0.04132231404958678,1,pos_s636_e666,6,0.008264462809917356,0,pos
FUN_005332,84,0.033734939759036145,1,pos_s1506_e1590,48,0.01927710843373494,1,pos_s1524_e1566
FUN_010098,0,0.0,0,pos,0,0.0,0,pos
FUN_001173,0,0.0,0,pos,0,0.0,0,pos
FUN_004867,0,0.0,0,pos,0,0.0,0,pos
FUN_006407,0,0.0,0,pos,0,0.0,0,pos
FUN_009748,36,0.03550295857988166,1,pos_s336_e372,0,0.0,0,pos
FUN_005799,0,0.0,0,pos,0,0.0,0,pos
FUN_005697,6,0.004149377593360996,0,pos,0,0.0,0,pos
FUN_000173,0,0.0,0,pos,0,0.0,0,pos
FUN_010513,48,0.04145077720207254,0,pos,0,0.0,0,pos
FUN_011755,0,0.0,0,pos,0,0.0,0,pos
FUN_001458,90,0.08152173913043478,1,pos_s354_e420,24,0.021739130434782608,0,pos
FUN_008623,0,0.0,0,pos,0,0.0,0,pos
FUN_002409,0,0.0,0,pos,0,0.0,0,pos
FUN_015527,0,0.0,0,pos,0,0.0,0,pos
FUN_015687,0,0.0,0,pos,0,0.0,0,pos
FUN_004396,84,0.026119402985074626,1,pos_s2826_e2892,12,0.0037313432835820895,0,pos
FUN_011189,0,0.0,0,pos,0,0.0,0,pos
FUN_000740,0,0.0,0,pos,0,0.0,0,pos
FUN_001950,0,0.0,0,pos,0,0.0,0,pos
FUN_003332,180,0.06072874493927125,3,pos_s2166_e2226_s2544_e2592_s2610_e2640,36,0.012145748987854251,0,pos
FUN_002260,18,0.013452914798206279,0,pos,12,0.008968609865470852,0,pos
FUN_004213,0,0.0,0,pos,0,0.0,0,pos
FUN_005368,30,0.006963788300835654,0,pos,0,0.0,0,pos
FUN_000753,72,0.05853658536585366,1,pos_s864_e936,54,0.04390243902439024,1,pos_s882_e936
FUN_011849,0,0.0,0,pos,0,0.0,0,pos
FUN_011889,0,0.0,0,pos,0,0.0,0,pos
FUN_000685,0,0.0,0,pos,0,0.0,0,pos
FUN_000612,0,0.0,0,pos,0,0.0,0,pos
FUN_006689,0,0.0,0,pos,0,0.0,0,pos
FUN_016850,0,0.0,0,pos,0,0.0,0,pos
FUN_000550,0,0.0,0,pos,0,0.0,0,pos
FUN_009893,0,0.0,0,pos,0,0.0,0,pos
FUN_009055,12,0.011494252873563218,0,pos,0,0.0,0,pos
FUN_009110,0,0.0,0,pos,0,0.0,0,pos
FUN_009555,0,0.0,0,pos,0,0.0,0,pos
FUN_015460,0,0.0,0,pos,0,0.0,0,pos
FUN_016724,0,0.0,0,pos,0,0.0,0,pos
FUN_015518,0,0.0,0,pos,0,0.0,0,pos
FUN_001493,60,0.07352941176470588,0,pos,24,0.029411764705882353,0,pos
FUN_007436,0,0.0,0,pos,0,0.0,0,pos
FUN_007977,36,0.023076923076923078,0,pos,0,0.0,0,pos
FUN_002638,6,0.0029850746268656717,0,pos,0,0.0,0,pos
FUN_002991,0,0.0,0,pos,0,0.0,0,pos
FUN_000733,0,0.0,0,pos,0,0.0,0,pos
FUN_003144,264,0.08396946564885496,3,pos_s1368_e1476_s2244_e2328_s2598_e2652,24,0.007633587786259542,0,pos
FUN_007316,0,0.0,0,pos,0,0.0,0,pos
FUN_009767,0,0.0,0,pos,0,0.0,0,pos
FUN_008120,36,0.015189873417721518,0,pos,0,0.0,0,pos
FUN_007582,0,0.0,0,pos,0,0.0,0,pos
FUN_015774,0,0.0,0,pos,0,0.0,0,pos
FUN_012395,0,0.0,0,pos,0,0.0,0,pos
FUN_009091,0,0.0,0,pos,0,0.0,0,pos
FUN_015382,0,0.0,0,pos,0,0.0,0,pos
FUN_008573,36,0.03636363636363636,1,pos_s270_e306,0,0.0,0,pos
FUN_001853,0,0.0,0,pos,0,0.0,0,pos
FUN_002868,0,0.0,0,pos,0,0.0,0,pos
FUN_004331,0,0.0,0,pos,0,0.0,0,pos
FUN_001279,6,0.004329004329004329,0,pos,0,0.0,0,pos
FUN_008058,12,0.014705882352941176,0,pos,0,0.0,0,pos
FUN_007650,60,0.1388888888888889,1,pos_s174_e228,48,0.1111111111111111,1,pos_s174_e222
FUN_011239,84,0.08433734939759036,0,pos,0,0.0,0,pos
FUN_008947,0,0.0,0,pos,0,0.0,0,pos
FUN_009733,6,0.0014771048744460858,0,pos,0,0.0,0,pos
FUN_011600,0,0.0,0,pos,0,0.0,0,pos
FUN_003515,0,0.0,0,pos,0,0.0,0,pos
FUN_002931,0,0.0,0,pos,0,0.0,0,pos
FUN_002894,0,0.0,0,pos,0,0.0,0,pos
FUN_005496,12,0.007142857142857143,0,pos,0,0.0,0,pos
FUN_011845,0,0.0,0,pos,0,0.0,0,pos
FUN_008675,84,0.024013722126929673,2,pos_s90_e120_s132_e180,0,0.0,0,pos
FUN_010571,0,0.0,0,pos,0,0.0,0,pos
FUN_003352,90,0.014111006585136407,2,pos_s3546_e3606_s4674_e4704,6,0.0009407337723424271,0,pos
FUN_003262,84,0.041791044776119404,1,pos_s504_e588,0,0.0,0,pos
FUN_006389,0,0.0,0,pos,0,0.0,0,pos
FUN_010187,0,0.0,0,pos,0,0.0,0,pos
FUN_010954,0,0.0,0,pos,0,0.0,0,pos
FUN_006842,0,0.0,0,pos,0,0.0,0,pos
FUN_002033,0,0.0,0,pos,0,0.0,0,pos
FUN_001213,0,0.0,0,pos,0,0.0,0,pos
FUN_004785,18,0.03,0,pos,0,0.0,0,pos
FUN_001414,0,0.0,0,pos,0,0.0,0,pos
FUN_008401,36,0.031914893617021274,1,pos_s534_e570,0,0.0,0,pos
FUN_005282,0,0.0,0,pos,0,0.0,0,pos
FUN_001739,348,0.11740890688259109,3,pos_s1152_e1224_s1482_e1554_s2088_e2238,126,0.04251012145748988,2,pos_s1152_e1200_s2172_e2226
FUN_002349,60,0.009319664492078284,1,pos_s4998_e5058,12,0.001863932898415657,0,pos
FUN_016754,0,0.0,0,pos,0,0.0,0,pos
FUN_010081,354,0.14460784313725492,3,pos_s132_e180_s216_e330_s1164_e1344,210,0.0857843137254902,2,pos_s216_e276_s1218_e1344
FUN_016719,0,0.0,0,pos,0,0.0,0,pos
FUN_015397,0,0.0,0,pos,0,0.0,0,pos
FUN_011491,0,0.0,0,pos,0,0.0,0,pos
FUN_008048,138,0.0970464135021097,1,pos_s1176_e1206,6,0.004219409282700422,0,pos
FUN_011102,0,0.0,0,pos,0,0.0,0,pos
FUN_016660,0,0.0,0,pos,0,0.0,0,pos
FUN_005604,18,0.03,0,pos,0,0.0,0,pos
FUN_004482,0,0.0,0,pos,0,0.0,0,pos
FUN_007232,0,0.0,0,pos,0,0.0,0,pos
FUN_008704,0,0.0,0,pos,0,0.0,0,pos
FUN_003413,66,0.05339805825242718,2,pos_s288_e324_s336_e366,0,0.0,0,pos
FUN_012362,0,0.0,0,pos,0,0.0,0,pos
FUN_004636,84,0.011217948717948718,1,pos_s4266_e4326,42,0.005608974358974359,1,pos_s4266_e4308
FUN_011943,0,0.0,0,pos,0,0.0,0,pos
FUN_008488,0,0.0,0,pos,0,0.0,0,pos
FUN_012202,0,0.0,0,pos,0,0.0,0,pos
FUN_011872,0,0.0,0,pos,0,0.0,0,pos
FUN_003706,12,0.004415011037527594,0,pos,0,0.0,0,pos
FUN_005798,0,0.0,0,pos,0,0.0,0,pos
FUN_009026,30,0.026881720430107527,1,pos_s1044_e1074,0,0.0,0,pos
FUN_003901,0,0.0,0,pos,0,0.0,0,pos
FUN_011435,0,0.0,0,pos,0,0.0,0,pos
FUN_000459,0,0.0,0,pos,0,0.0,0,pos
FUN_000059,78,0.03724928366762178,1,pos_s42_e84,0,0.0,0,pos
FUN_000828,0,0.0,0,pos,0,0.0,0,pos
FUN_005161,0,0.0,0,pos,0,0.0,0,pos
FUN_002585,0,0.0,0,pos,0,0.0,0,pos
FUN_003809,36,0.03314917127071823,0,pos,0,0.0,0,pos
FUN_015785,0,0.0,0,pos,0,0.0,0,pos
FUN_003030,0,0.0,0,pos,0,0.0,0,pos
FUN_007454,0,0.0,0,pos,0,0.0,0,pos
FUN_003423,0,0.0,0,pos,0,0.0,0,pos
FUN_000259,6,0.004219409282700422,0,pos,6,0.004219409282700422,0,pos
FUN_003077,42,0.01098901098901099,1,pos_s3612_e3648,0,0.0,0,pos
FUN_001881,0,0.0,0,pos,0,0.0,0,pos
FUN_001122,42,0.038461538461538464,1,pos_s804_e846,0,0.0,0,pos
FUN_010569,0,0.0,0,pos,0,0.0,0,pos
FUN_005359,24,0.010610079575596816,0,pos,0,0.0,0,pos
FUN_010062,402,0.0651750972762646,4,pos_s432_e516_s1974_e2004_s2562_e2664_s4644_e4716,0,0.0,0,pos
FUN_004410,150,0.15723270440251572,2,pos_s504_e582_s696_e744,48,0.050314465408805034,1,pos_s504_e534
FUN_012267,0,0.0,0,pos,0,0.0,0,pos
FUN_004565,0,0.0,0,pos,0,0.0,0,pos
FUN_001655,0,0.0,0,pos,0,0.0,0,pos
FUN_001142,0,0.0,0,pos,0,0.0,0,pos
FUN_015447,0,0.0,0,pos,0,0.0,0,pos
FUN_007263,0,0.0,0,pos,0,0.0,0,pos
FUN_007301,90,0.05514705882352941,1,pos_s492_e570,0,0.0,0,pos
FUN_007762,72,0.041666666666666664,1,pos_s1062_e1092,0,0.0,0,pos
FUN_006273,6,0.004629629629629629,0,pos,0,0.0,0,pos
FUN_015860,0,0.0,0,pos,0,0.0,0,pos
FUN_003937,0,0.0,0,pos,0,0.0,0,pos
FUN_007479,0,0.0,0,pos,0,0.0,0,pos
FUN_001552,0,0.0,0,pos,0,0.0,0,pos
FUN_002140,0,0.0,0,pos,0,0.0,0,pos
FUN_005661,78,0.030952380952380953,1,pos_s2370_e2442,0,0.0,0,pos
FUN_010967,78,0.026052104208416832,1,pos_s2934_e2976,12,0.004008016032064128,0,pos
FUN_000763,0,0.0,0,pos,0,0.0,0,pos
FUN_000760,48,0.011347517730496455,0,pos,0,0.0,0,pos
FUN_005470,0,0.0,0,pos,0,0.0,0,pos
FUN_012233,0,0.0,0,pos,0,0.0,0,pos
FUN_007550,0,0.0,0,pos,0,0.0,0,pos
FUN_001927,42,0.051470588235294115,1,pos_s324_e366,12,0.014705882352941176,0,pos
FUN_008015,0,0.0,0,pos,0,0.0,0,pos
FUN_001883,0,0.0,0,pos,0,0.0,0,pos
FUN_000162,18,0.007009345794392523,0,pos,0,0.0,0,pos
FUN_009311,0,0.0,0,pos,0,0.0,0,pos
FUN_012300,0,0.0,0,pos,0,0.0,0,pos
FUN_008109,6,0.0036496350364963502,0,pos,0,0.0,0,pos
FUN_005393,0,0.0,0,pos,0,0.0,0,pos
FUN_010526,0,0.0,0,pos,0,0.0,0,pos
FUN_002138,0,0.0,0,pos,0,0.0,0,pos
FUN_009057,36,0.015151515151515152,0,pos,0,0.0,0,pos
FUN_002842,0,0.0,0,pos,0,0.0,0,pos
FUN_008530,0,0.0,0,pos,0,0.0,0,pos
FUN_003457,192,0.08579088471849866,2,pos_s1518_e1566_s1632_e1704,54,0.024128686327077747,1,pos_s1632_e1668
FUN_000609,0,0.0,0,pos,0,0.0,0,pos
FUN_010677,6,0.012048192771084338,0,pos,0,0.0,0,pos
FUN_000732,0,0.0,0,pos,0,0.0,0,pos
FUN_012214,0,0.0,0,pos,0,0.0,0,pos
FUN_005767,0,0.0,0,pos,0,0.0,0,pos
FUN_009582,378,0.16890080428954424,3,pos_s1056_e1158_s1188_e1308_s2082_e2160,192,0.08579088471849866,2,pos_s1074_e1158_s2082_e2142
FUN_002790,0,0.0,0,pos,0,0.0,0,pos
FUN_009580,48,0.049079754601226995,1,pos_s84_e114,0,0.0,0,pos
FUN_007446,720,0.2857142857142857,8,pos_s342_e480_s546_e612_s744_e780_s1434_e1494_s1698_e1812_s1980_e2010_s2016_e2094_s2124_e2178,222,0.0880952380952381,2,pos_s372_e480_s546_e576
FUN_015417,0,0.0,0,pos,0,0.0,0,pos
FUN_000336,0,0.0,0,pos,0,0.0,0,pos
FUN_007313,78,0.048507462686567165,1,pos_s1236_e1314,0,0.0,0,pos
FUN_000299,0,0.0,0,pos,0,0.0,0,pos
FUN_004738,0,0.0,0,pos,0,0.0,0,pos
FUN_015287,0,0.0,0,pos,0,0.0,0,pos
FUN_004824,0,0.0,0,pos,0,0.0,0,pos
FUN_001070,0,0.0,0,pos,0,0.0,0,pos
FUN_003513,330,0.11982570806100218,5,pos_s804_e834_s840_e900_s954_e1032_s1146_e1188_s1194_e1284,42,0.015250544662309368,0,pos
FUN_012087,0,0.0,0,pos,0,0.0,0,pos
FUN_016091,0,0.0,0,pos,0,0.0,0,pos
FUN_005326,0,0.0,0,pos,0,0.0,0,pos
FUN_000307,150,0.007723200494284831,2,pos_s15924_e15972_s18114_e18168,0,0.0,0,pos
FUN_008157,180,0.07751937984496124,2,pos_s768_e804_s2022_e2064,6,0.002583979328165375,0,pos
FUN_004399,588,0.08982584784601283,8,pos_s180_e222_s864_e900_s1014_e1128_s1980_e2010_s2424_e2460_s4968_e5022_s6012_e6126_s6192_e6276,198,0.03024747937671861,3,pos_s1056_e1098_s6096_e6126_s6192_e6258
FUN_015840,0,0.0,0,pos,0,0.0,0,pos
FUN_003662,0,0.0,0,pos,0,0.0,0,pos
FUN_007265,0,0.0,0,pos,0,0.0,0,pos
FUN_015602,0,0.0,0,pos,0,0.0,0,pos
FUN_006265,0,0.0,0,pos,0,0.0,0,pos
FUN_008702,0,0.0,0,pos,0,0.0,0,pos
FUN_003064,0,0.0,0,pos,0,0.0,0,pos
FUN_008562,30,0.033112582781456956,1,pos_s42_e72,30,0.033112582781456956,1,pos_s42_e72
FUN_004376,0,0.0,0,pos,0,0.0,0,pos
FUN_000266,0,0.0,0,pos,0,0.0,0,pos
FUN_008785,108,0.04904632152588556,1,pos_s444_e540,18,0.008174386920980926,0,pos
FUN_015959,0,0.0,0,pos,0,0.0,0,pos
FUN_016332,0,0.0,0,pos,0,0.0,0,pos
FUN_001417,0,0.0,0,pos,0,0.0,0,pos
FUN_012375,0,0.0,0,pos,0,0.0,0,pos
FUN_011372,18,0.022727272727272728,0,pos,0,0.0,0,pos
FUN_004705,198,0.11186440677966102,3,pos_s930_e1032_s1044_e1080_s1086_e1146,78,0.04406779661016949,1,pos_s930_e996
FUN_003298,0,0.0,0,pos,0,0.0,0,pos
FUN_000395,6,0.006060606060606061,0,pos,0,0.0,0,pos
FUN_008236,0,0.0,0,pos,0,0.0,0,pos
FUN_007770,24,0.008097165991902834,0,pos,0,0.0,0,pos
FUN_008643,0,0.0,0,pos,0,0.0,0,pos
FUN_010983,0,0.0,0,pos,0,0.0,0,pos
FUN_008956,0,0.0,0,pos,0,0.0,0,pos
FUN_006380,0,0.0,0,pos,0,0.0,0,pos
FUN_008344,0,0.0,0,pos,0,0.0,0,pos
FUN_016164,0,0.0,0,pos,0,0.0,0,pos
FUN_015805,0,0.0,0,pos,0,0.0,0,pos
FUN_004204,18,0.009404388714733543,0,pos,0,0.0,0,pos
FUN_004420,36,0.07407407407407407,1,pos_s252_e288,0,0.0,0,pos
FUN_005769,0,0.0,0,pos,0,0.0,0,pos
FUN_009851,0,0.0,0,pos,0,0.0,0,pos
FUN_012090,0,0.0,0,pos,0,0.0,0,pos
FUN_016158,0,0.0,0,pos,0,0.0,0,pos
FUN_001337,186,0.20394736842105263,3,pos_s348_e378_s414_e462_s468_e540,78,0.08552631578947369,2,pos_s426_e462_s498_e528
FUN_005849,0,0.0,0,pos,0,0.0,0,pos
FUN_007679,84,0.025225225225225224,1,pos_s2520_e2568,42,0.012612612612612612,1,pos_s2520_e2556
FUN_005121,54,0.08035714285714286,1,pos_s90_e144,6,0.008928571428571428,0,pos
FUN_004210,12,0.006430868167202572,0,pos,0,0.0,0,pos
FUN_001280,0,0.0,0,pos,0,0.0,0,pos
FUN_016533,0,0.0,0,pos,0,0.0,0,pos
FUN_005111,414,0.2727272727272727,5,pos_s234_e312_s432_e498_s702_e732_s738_e792_s1164_e1296,156,0.10276679841897234,2,pos_s438_e468_s1176_e1248
FUN_003523,0,0.0,0,pos,0,0.0,0,pos
FUN_005568,18,0.01282051282051282,0,pos,18,0.01282051282051282,0,pos
FUN_001327,0,0.0,0,pos,0,0.0,0,pos
FUN_003174,0,0.0,0,pos,0,0.0,0,pos
FUN_006936,0,0.0,0,pos,0,0.0,0,pos
FUN_004732,180,0.09287925696594428,3,pos_s312_e354_s900_e930_s1068_e1110,72,0.03715170278637771,0,pos
FUN_007018,108,0.17475728155339806,1,pos_s492_e582,12,0.019417475728155338,0,pos
FUN_005157,0,0.0,0,pos,0,0.0,0,pos
FUN_006113,138,0.0659025787965616,1,pos_s1140_e1254,72,0.034383954154727794,2,pos_s1146_e1188_s1212_e1242
FUN_002313,0,0.0,0,pos,0,0.0,0,pos
FUN_004043,0,0.0,0,pos,0,0.0,0,pos
FUN_003875,36,0.05714285714285714,1,pos_s0_e36,0,0.0,0,pos
FUN_001649,0,0.0,0,pos,0,0.0,0,pos
FUN_007701,324,0.09523809523809523,6,pos_s912_e948_s966_e996_s1158_e1188_s1536_e1668_s1686_e1722_s2088_e2118,30,0.008818342151675485,0,pos
FUN_008630,48,0.02564102564102564,0,pos,0,0.0,0,pos
FUN_002304,0,0.0,0,pos,0,0.0,0,pos
FUN_002369,210,0.03739316239316239,2,pos_s1806_e1920_s3354_e3438,60,0.010683760683760684,0,pos
FUN_015540,0,0.0,0,pos,0,0.0,0,pos
FUN_008558,0,0.0,0,pos,0,0.0,0,pos
FUN_016152,0,0.0,0,pos,0,0.0,0,pos
FUN_002918,0,0.0,0,pos,0,0.0,0,pos
FUN_008600,0,0.0,0,pos,0,0.0,0,pos
FUN_007296,18,0.011904761904761904,0,pos,0,0.0,0,pos
FUN_007126,30,0.019157088122605363,0,pos,24,0.01532567049808429,0,pos
FUN_016170,0,0.0,0,pos,0,0.0,0,pos
FUN_005334,0,0.0,0,pos,0,0.0,0,pos
FUN_015978,0,0.0,0,pos,0,0.0,0,pos
FUN_003631,24,0.02631578947368421,0,pos,0,0.0,0,pos
FUN_016429,0,0.0,0,pos,0,0.0,0,pos
FUN_003848,0,0.0,0,pos,0,0.0,0,pos
FUN_005122,294,0.09333333333333334,7,pos_s204_e240_s258_e288_s1278_e1314_s2010_e2046_s2082_e2112_s2886_e2946_s2952_e3006,24,0.007619047619047619,0,pos
FUN_001803,246,0.2019704433497537,2,pos_s276_e330_s666_e834,42,0.034482758620689655,1,pos_s786_e816
FUN_016171,0,0.0,0,pos,0,0.0,0,pos
FUN_011879,0,0.0,0,pos,0,0.0,0,pos
FUN_004918,0,0.0,0,pos,0,0.0,0,pos
FUN_001742,0,0.0,0,pos,0,0.0,0,pos
FUN_008720,192,0.014890646812470917,3,pos_s294_e330_s3594_e3642_s10104_e10140,30,0.002326663564448581,0,pos
FUN_004552,24,0.00966183574879227,0,pos,0,0.0,0,pos
FUN_000032,0,0.0,0,pos,0,0.0,0,pos
FUN_006474,0,0.0,0,pos,0,0.0,0,pos
FUN_007514,0,0.0,0,pos,0,0.0,0,pos
FUN_004315,0,0.0,0,pos,0,0.0,0,pos
FUN_000156,0,0.0,0,pos,0,0.0,0,pos
FUN_000830,0,0.0,0,pos,0,0.0,0,pos
FUN_011517,0,0.0,0,pos,0,0.0,0,pos
FUN_000811,0,0.0,0,pos,0,0.0,0,pos
FUN_006956,0,0.0,0,pos,0,0.0,0,pos
FUN_010450,24,0.016260162601626018,0,pos,0,0.0,0,pos
FUN_004987,162,0.11538461538461539,3,pos_s174_e234_s906_e960_s966_e1008,0,0.0,0,pos
FUN_010913,78,0.07103825136612021,1,pos_s42_e120,0,0.0,0,pos
FUN_001365,12,0.0056179775280898875,0,pos,0,0.0,0,pos
FUN_006766,0,0.0,0,pos,0,0.0,0,pos
FUN_015723,0,0.0,0,pos,0,0.0,0,pos
FUN_002903,0,0.0,0,pos,0,0.0,0,pos
FUN_000776,0,0.0,0,pos,0,0.0,0,pos
FUN_006580,0,0.0,0,pos,0,0.0,0,pos
FUN_016484,0,0.0,0,pos,0,0.0,0,pos
FUN_001860,78,0.17333333333333334,0,pos,12,0.02666666666666667,0,pos
FUN_010021,0,0.0,0,pos,0,0.0,0,pos
FUN_006412,0,0.0,0,pos,0,0.0,0,pos
FUN_004957,0,0.0,0,pos,0,0.0,0,pos
FUN_009698,0,0.0,0,pos,0,0.0,0,pos
FUN_008680,18,0.012145748987854251,0,pos,0,0.0,0,pos
FUN_008807,0,0.0,0,pos,0,0.0,0,pos
FUN_009212,0,0.0,0,pos,0,0.0,0,pos
FUN_011960,0,0.0,0,pos,0,0.0,0,pos
FUN_009216,0,0.0,0,pos,0,0.0,0,pos
FUN_004066,0,0.0,0,pos,0,0.0,0,pos
FUN_016755,0,0.0,0,pos,0,0.0,0,pos
FUN_011329,0,0.0,0,pos,0,0.0,0,pos
FUN_011066,0,0.0,0,pos,0,0.0,0,pos
FUN_011158,0,0.0,0,pos,0,0.0,0,pos
FUN_011415,0,0.0,0,pos,0,0.0,0,pos
FUN_005018,774,0.1913946587537092,10,pos_s1596_e1710_s2178_e2292_s2562_e2592_s2898_e2982_s3012_e3126_s3288_e3336_s3342_e3402_s3666_e3720_s3732_e3780_s3792_e3828,462,0.1142433234421365,5,pos_s1596_e1710_s2220_e2280_s2898_e2982_s3036_e3072_s3096_e3126
FUN_002078,0,0.0,0,pos,0,0.0,0,pos
FUN_003259,0,0.0,0,pos,0,0.0,0,pos
FUN_004236,0,0.0,0,pos,0,0.0,0,pos
FUN_009324,60,0.03496503496503497,1,pos_s1512_e1548,30,0.017482517482517484,1,pos_s1518_e1548
FUN_001422,0,0.0,0,pos,0,0.0,0,pos
FUN_016703,0,0.0,0,pos,0,0.0,0,pos
FUN_011518,0,0.0,0,pos,0,0.0,0,pos
FUN_011003,120,0.014184397163120567,1,pos_s6636_e6684,0,0.0,0,pos
FUN_002955,330,0.45454545454545453,3,pos_s42_e96_s330_e402_s414_e528,144,0.19834710743801653,2,pos_s372_e402_s414_e522
FUN_002200,0,0.0,0,pos,0,0.0,0,pos
FUN_011502,0,0.0,0,pos,0,0.0,0,pos
FUN_003643,0,0.0,0,pos,0,0.0,0,pos
FUN_002008,0,0.0,0,pos,0,0.0,0,pos
FUN_012361,0,0.0,0,pos,0,0.0,0,pos
FUN_003774,0,0.0,0,pos,0,0.0,0,pos
FUN_007575,0,0.0,0,pos,0,0.0,0,pos
FUN_011324,0,0.0,0,pos,0,0.0,0,pos
FUN_005043,0,0.0,0,pos,0,0.0,0,pos
FUN_010313,0,0.0,0,pos,0,0.0,0,pos
FUN_003023,0,0.0,0,pos,0,0.0,0,pos
FUN_001945,0,0.0,0,pos,0,0.0,0,pos
FUN_000340,72,0.039473684210526314,1,pos_s564_e612,0,0.0,0,pos
FUN_006979,0,0.0,0,pos,0,0.0,0,pos
FUN_011936,0,0.0,0,pos,0,0.0,0,pos
FUN_011990,0,0.0,0,pos,0,0.0,0,pos
FUN_007208,96,0.0431266846361186,1,pos_s804_e858,18,0.008086253369272238,0,pos
FUN_001902,0,0.0,0,pos,0,0.0,0,pos
FUN_005017,0,0.0,0,pos,0,0.0,0,pos
FUN_005564,0,0.0,0,pos,0,0.0,0,pos
FUN_009529,0,0.0,0,pos,0,0.0,0,pos
FUN_011735,0,0.0,0,pos,0,0.0,0,pos
FUN_000319,0,0.0,0,pos,0,0.0,0,pos
FUN_003136,132,0.20754716981132076,2,pos_s138_e228_s468_e498,90,0.14150943396226415,1,pos_s138_e204
FUN_012352,0,0.0,0,pos,0,0.0,0,pos
FUN_003975,0,0.0,0,pos,0,0.0,0,pos
FUN_011574,0,0.0,0,pos,0,0.0,0,pos
FUN_016607,0,0.0,0,pos,0,0.0,0,pos
FUN_011236,84,0.0196078431372549,1,pos_s2256_e2286,0,0.0,0,pos
FUN_006827,36,0.006493506493506494,1,pos_s3438_e3468,0,0.0,0,pos
FUN_016592,0,0.0,0,pos,0,0.0,0,pos
FUN_012139,0,0.0,0,pos,0,0.0,0,pos
FUN_002519,24,0.008130081300813009,0,pos,0,0.0,0,pos
FUN_009347,0,0.0,0,pos,0,0.0,0,pos
FUN_009903,0,0.0,0,pos,0,0.0,0,pos
FUN_004524,0,0.0,0,pos,0,0.0,0,pos
FUN_007329,30,0.017857142857142856,1,pos_s1212_e1242,0,0.0,0,pos
FUN_000036,0,0.0,0,pos,0,0.0,0,pos
FUN_003608,72,0.04225352112676056,1,pos_s234_e294,66,0.03873239436619718,1,pos_s234_e294
FUN_005257,0,0.0,0,pos,0,0.0,0,pos
FUN_011715,24,0.028368794326241134,0,pos,0,0.0,0,pos
FUN_011222,0,0.0,0,pos,0,0.0,0,pos
FUN_000320,0,0.0,0,pos,0,0.0,0,pos
FUN_001313,0,0.0,0,pos,0,0.0,0,pos
FUN_012471,0,0.0,0,pos,0,0.0,0,pos
FUN_000172,0,0.0,0,pos,0,0.0,0,pos
FUN_011616,0,0.0,0,pos,0,0.0,0,pos
FUN_008366,0,0.0,0,pos,0,0.0,0,pos
FUN_005160,0,0.0,0,pos,0,0.0,0,pos
FUN_009576,0,0.0,0,pos,0,0.0,0,pos
FUN_003134,0,0.0,0,pos,0,0.0,0,pos
FUN_012143,0,0.0,0,pos,0,0.0,0,pos
FUN_006850,0,0.0,0,pos,0,0.0,0,pos
FUN_006160,0,0.0,0,pos,0,0.0,0,pos
FUN_011022,0,0.0,0,pos,0,0.0,0,pos
FUN_010669,0,0.0,0,pos,0,0.0,0,pos
FUN_011878,0,0.0,0,pos,0,0.0,0,pos
FUN_000343,6,0.00211864406779661,0,pos,0,0.0,0,pos
FUN_003948,0,0.0,0,pos,0,0.0,0,pos
FUN_002793,0,0.0,0,pos,0,0.0,0,pos
FUN_009865,0,0.0,0,pos,0,0.0,0,pos
FUN_000754,0,0.0,0,pos,0,0.0,0,pos
FUN_010660,108,0.03296703296703297,2,pos_s2106_e2154_s2268_e2322,0,0.0,0,pos
FUN_005586,54,0.05232558139534884,1,pos_s198_e252,0,0.0,0,pos
FUN_009609,0,0.0,0,pos,0,0.0,0,pos
FUN_010511,0,0.0,0,pos,0,0.0,0,pos
FUN_011209,18,0.007772020725388601,0,pos,6,0.0025906735751295338,0,pos
FUN_010822,84,0.058333333333333334,1,pos_s684_e726,18,0.0125,0,pos
FUN_000882,0,0.0,0,pos,0,0.0,0,pos
FUN_009201,0,0.0,0,pos,0,0.0,0,pos
FUN_004121,174,0.04264705882352941,2,pos_s846_e906_s1632_e1662,18,0.004411764705882353,0,pos
FUN_015666,0,0.0,0,pos,0,0.0,0,pos
FUN_007812,66,0.043824701195219126,1,pos_s1320_e1374,6,0.00398406374501992,0,pos
FUN_006744,0,0.0,0,pos,0,0.0,0,pos
FUN_007996,0,0.0,0,pos,0,0.0,0,pos
FUN_006737,30,0.01824817518248175,1,pos_s1602_e1632,0,0.0,0,pos
FUN_008927,0,0.0,0,pos,0,0.0,0,pos
FUN_011777,0,0.0,0,pos,0,0.0,0,pos
FUN_001844,54,0.09574468085106383,1,pos_s348_e390,0,0.0,0,pos
FUN_016156,0,0.0,0,pos,0,0.0,0,pos
FUN_009829,60,0.08130081300813008,1,pos_s108_e168,42,0.056910569105691054,1,pos_s120_e162
FUN_004459,0,0.0,0,pos,0,0.0,0,pos
FUN_003227,0,0.0,0,pos,0,0.0,0,pos
FUN_007089,0,0.0,0,pos,0,0.0,0,pos
FUN_008817,0,0.0,0,pos,0,0.0,0,pos
FUN_010885,168,0.2413793103448276,1,pos_s90_e258,24,0.034482758620689655,0,pos
FUN_001800,0,0.0,0,pos,0,0.0,0,pos
FUN_000356,0,0.0,0,pos,0,0.0,0,pos
FUN_010301,0,0.0,0,pos,0,0.0,0,pos
FUN_003656,0,0.0,0,pos,0,0.0,0,pos
FUN_005172,96,0.017957351290684626,2,pos_s4548_e4614_s4632_e4662,24,0.004489337822671156,0,pos
FUN_015592,0,0.0,0,pos,0,0.0,0,pos
FUN_009249,36,0.015625,1,pos_s342_e372,0,0.0,0,pos
FUN_004269,108,0.014423076923076924,2,pos_s3834_e3864_s7272_e7314,36,0.004807692307692308,0,pos
FUN_002268,0,0.0,0,pos,0,0.0,0,pos
FUN_010695,0,0.0,0,pos,0,0.0,0,pos
FUN_001721,0,0.0,0,pos,0,0.0,0,pos
FUN_005594,0,0.0,0,pos,0,0.0,0,pos
FUN_001821,54,0.04591836734693878,0,pos,42,0.03571428571428571,0,pos
FUN_003414,72,0.04597701149425287,1,pos_s786_e858,36,0.022988505747126436,1,pos_s786_e822
FUN_002204,0,0.0,0,pos,0,0.0,0,pos
FUN_009240,0,0.0,0,pos,0,0.0,0,pos
FUN_002658,0,0.0,0,pos,0,0.0,0,pos
FUN_009969,0,0.0,0,pos,0,0.0,0,pos
FUN_001705,30,0.021367521367521368,0,pos,6,0.004273504273504274,0,pos
FUN_007743,0,0.0,0,pos,0,0.0,0,pos
FUN_001714,150,0.08620689655172414,2,pos_s24_e138_s144_e180,24,0.013793103448275862,0,pos
FUN_009680,18,0.014150943396226415,0,pos,0,0.0,0,pos
FUN_003465,0,0.0,0,pos,0,0.0,0,pos
FUN_008581,0,0.0,0,pos,0,0.0,0,pos
FUN_008514,0,0.0,0,pos,0,0.0,0,pos
FUN_009704,144,0.13043478260869565,1,pos_s780_e888,60,0.05434782608695652,1,pos_s804_e864
FUN_010565,0,0.0,0,pos,0,0.0,0,pos
FUN_009899,156,0.14942528735632185,1,pos_s888_e1014,132,0.12643678160919541,1,pos_s888_e1014
FUN_011098,0,0.0,0,pos,0,0.0,0,pos
FUN_016048,0,0.0,0,pos,0,0.0,0,pos
FUN_011834,0,0.0,0,pos,0,0.0,0,pos
FUN_007225,0,0.0,0,pos,0,0.0,0,pos
FUN_010575,0,0.0,0,pos,0,0.0,0,pos
FUN_000224,0,0.0,0,pos,0,0.0,0,pos
FUN_004115,0,0.0,0,pos,0,0.0,0,pos
FUN_011037,48,0.04819277108433735,1,pos_s918_e960,0,0.0,0,pos
FUN_001825,0,0.0,0,pos,0,0.0,0,pos
FUN_003509,96,0.03292181069958848,1,pos_s1446_e1476,6,0.00205761316872428,0,pos
FUN_016455,0,0.0,0,pos,0,0.0,0,pos
FUN_003173,0,0.0,0,pos,0,0.0,0,pos
FUN_002427,0,0.0,0,pos,0,0.0,0,pos
FUN_003780,0,0.0,0,pos,0,0.0,0,pos
FUN_011758,0,0.0,0,pos,0,0.0,0,pos
FUN_016867,0,0.0,0,pos,0,0.0,0,pos
FUN_005388,6,0.002277904328018223,0,pos,6,0.002277904328018223,0,pos
FUN_010773,0,0.0,0,pos,0,0.0,0,pos
FUN_016232,0,0.0,0,pos,0,0.0,0,pos
FUN_007725,84,0.03341288782816229,1,pos_s1644_e1704,12,0.00477326968973747,0,pos
FUN_003206,0,0.0,0,pos,0,0.0,0,pos
FUN_016457,0,0.0,0,pos,0,0.0,0,pos
FUN_001393,0,0.0,0,pos,0,0.0,0,pos
FUN_004564,0,0.0,0,pos,0,0.0,0,pos
FUN_002445,0,0.0,0,pos,0,0.0,0,pos
FUN_003843,0,0.0,0,pos,0,0.0,0,pos
FUN_002258,0,0.0,0,pos,0,0.0,0,pos
FUN_004679,114,0.02161547212741752,1,pos_s714_e744,0,0.0,0,pos
FUN_002072,0,0.0,0,pos,0,0.0,0,pos
FUN_001221,0,0.0,0,pos,0,0.0,0,pos
FUN_009774,0,0.0,0,pos,0,0.0,0,pos
FUN_008745,78,0.1780821917808219,1,pos_s300_e336,36,0.0821917808219178,1,pos_s300_e336
FUN_002233,0,0.0,0,pos,0,0.0,0,pos
FUN_003099,150,0.04084967320261438,2,pos_s198_e234_s1008_e1080,0,0.0,0,pos
FUN_003438,270,0.1624548736462094,5,pos_s0_e30_s150_e180_s744_e774_s1098_e1128_s1320_e1362,54,0.032490974729241874,0,pos
FUN_005836,72,0.04240282685512368,1,pos_s528_e594,0,0.0,0,pos
FUN_010155,0,0.0,0,pos,0,0.0,0,pos
FUN_015488,0,0.0,0,pos,0,0.0,0,pos
FUN_007545,0,0.0,0,pos,0,0.0,0,pos
FUN_002038,90,0.01905972045743329,2,pos_s312_e354_s4224_e4272,48,0.010165184243964422,1,pos_s4224_e4272
FUN_007789,0,0.0,0,pos,0,0.0,0,pos
FUN_001632,0,0.0,0,pos,0,0.0,0,pos
FUN_007028,60,0.015625,0,pos,12,0.003125,0,pos
FUN_011172,162,0.03237410071942446,3,pos_s240_e282_s3984_e4014_s4404_e4470,36,0.007194244604316547,1,pos_s4440_e4470
FUN_006873,12,0.018867924528301886,0,pos,0,0.0,0,pos
FUN_012421,0,0.0,0,pos,0,0.0,0,pos
FUN_001317,0,0.0,0,pos,0,0.0,0,pos
FUN_006712,0,0.0,0,pos,0,0.0,0,pos
FUN_015864,0,0.0,0,pos,0,0.0,0,pos
FUN_009394,0,0.0,0,pos,0,0.0,0,pos
FUN_004478,0,0.0,0,pos,0,0.0,0,pos
FUN_010950,0,0.0,0,pos,0,0.0,0,pos
FUN_010598,42,0.050359712230215826,0,pos,0,0.0,0,pos
FUN_012135,0,0.0,0,pos,0,0.0,0,pos
FUN_010372,0,0.0,0,pos,0,0.0,0,pos
FUN_012086,0,0.0,0,pos,0,0.0,0,pos
FUN_004588,114,0.028700906344410877,1,pos_s1524_e1632,0,0.0,0,pos
FUN_007976,0,0.0,0,pos,0,0.0,0,pos
FUN_000699,0,0.0,0,pos,0,0.0,0,pos
FUN_010727,0,0.0,0,pos,0,0.0,0,pos
FUN_001772,48,0.021447721179624665,1,pos_s1908_e1956,12,0.005361930294906166,0,pos
FUN_015925,0,0.0,0,pos,0,0.0,0,pos
FUN_002356,96,0.05161290322580645,2,pos_s174_e222_s246_e282,0,0.0,0,pos
FUN_005004,0,0.0,0,pos,0,0.0,0,pos
FUN_001196,0,0.0,0,pos,0,0.0,0,pos
FUN_006461,132,0.07508532423208192,2,pos_s540_e594_s1158_e1218,60,0.034129692832764506,1,pos_s1176_e1218
FUN_015855,0,0.0,0,pos,0,0.0,0,pos
FUN_001725,0,0.0,0,pos,0,0.0,0,pos
FUN_015588,0,0.0,0,pos,0,0.0,0,pos
FUN_003164,0,0.0,0,pos,0,0.0,0,pos
FUN_010512,0,0.0,0,pos,0,0.0,0,pos
FUN_005663,18,0.0189873417721519,0,pos,0,0.0,0,pos
FUN_007310,48,0.05555555555555555,1,pos_s0_e42,0,0.0,0,pos
FUN_010686,0,0.0,0,pos,0,0.0,0,pos
FUN_007699,0,0.0,0,pos,0,0.0,0,pos
FUN_012494,24,0.016260162601626018,0,pos,0,0.0,0,pos
FUN_009795,48,0.045714285714285714,1,pos_s786_e822,0,0.0,0,pos
FUN_006384,234,0.07027027027027027,2,pos_s126_e168_s2646_e2736,18,0.005405405405405406,0,pos
FUN_000458,0,0.0,0,pos,0,0.0,0,pos
FUN_006171,192,0.049689440993788817,3,pos_s3204_e3246_s3396_e3432_s3456_e3492,90,0.023291925465838508,2,pos_s3396_e3432_s3456_e3486
FUN_001522,0,0.0,0,pos,0,0.0,0,pos
FUN_011543,0,0.0,0,pos,0,0.0,0,pos
FUN_002523,0,0.0,0,pos,0,0.0,0,pos
FUN_004061,54,0.36,1,pos_s90_e120,48,0.32,0,pos
FUN_002663,0,0.0,0,pos,0,0.0,0,pos
FUN_001831,0,0.0,0,pos,0,0.0,0,pos
FUN_005028,108,0.1487603305785124,1,pos_s504_e612,108,0.1487603305785124,1,pos_s504_e612
FUN_007814,0,0.0,0,pos,0,0.0,0,pos
FUN_004906,222,0.2642857142857143,2,pos_s96_e222_s228_e324,144,0.17142857142857143,1,pos_s96_e186
FUN_008368,0,0.0,0,pos,0,0.0,0,pos
FUN_003675,30,0.007204610951008645,0,pos,0,0.0,0,pos
FUN_011938,0,0.0,0,pos,0,0.0,0,pos
FUN_007611,0,0.0,0,pos,0,0.0,0,pos
FUN_000673,0,0.0,0,pos,0,0.0,0,pos
FUN_001119,0,0.0,0,pos,0,0.0,0,pos
FUN_003329,0,0.0,0,pos,0,0.0,0,pos
FUN_004728,0,0.0,0,pos,0,0.0,0,pos
FUN_011981,0,0.0,0,pos,0,0.0,0,pos
FUN_007271,0,0.0,0,pos,0,0.0,0,pos
FUN_016567,0,0.0,0,pos,0,0.0,0,pos
FUN_010286,30,0.010141987829614604,0,pos,0,0.0,0,pos
FUN_015955,0,0.0,0,pos,0,0.0,0,pos
FUN_015622,0,0.0,0,pos,0,0.0,0,pos
FUN_005053,72,0.0736196319018405,2,pos_s546_e588_s618_e648,36,0.03680981595092025,0,pos
FUN_003776,0,0.0,0,pos,0,0.0,0,pos
FUN_016137,78,0.024163568773234202,1,pos_s1002_e1080,48,0.01486988847583643,1,pos_s1032_e1080
FUN_003281,0,0.0,0,pos,0,0.0,0,pos
FUN_007897,12,0.005089058524173028,0,pos,0,0.0,0,pos
FUN_002961,0,0.0,0,pos,0,0.0,0,pos
FUN_000311,12,0.01098901098901099,0,pos,0,0.0,0,pos
FUN_016139,0,0.0,0,pos,0,0.0,0,pos
FUN_008049,0,0.0,0,pos,0,0.0,0,pos
FUN_015428,132,0.08695652173913043,1,pos_s678_e810,102,0.06719367588932806,1,pos_s678_e774
FUN_009353,168,0.07387862796833773,2,pos_s2022_e2058_s2064_e2148,0,0.0,0,pos
FUN_003763,78,0.02276707530647986,1,pos_s2142_e2220,0,0.0,0,pos
FUN_011576,0,0.0,0,pos,0,0.0,0,pos
FUN_002976,66,0.01601164483260553,1,pos_s3588_e3624,0,0.0,0,pos
FUN_001465,0,0.0,0,pos,0,0.0,0,pos
FUN_001763,6,0.0017094017094017094,0,pos,0,0.0,0,pos
FUN_006114,12,0.007067137809187279,0,pos,0,0.0,0,pos
FUN_005369,0,0.0,0,pos,0,0.0,0,pos
FUN_005615,0,0.0,0,pos,0,0.0,0,pos
FUN_016830,0,0.0,0,pos,0,0.0,0,pos
FUN_008140,0,0.0,0,pos,0,0.0,0,pos
FUN_016167,0,0.0,0,pos,0,0.0,0,pos
FUN_006506,90,0.13761467889908258,1,pos_s210_e258,0,0.0,0,pos
FUN_001095,30,0.01639344262295082,0,pos,0,0.0,0,pos
FUN_003335,90,0.04746835443037975,1,pos_s1104_e1182,0,0.0,0,pos
FUN_004275,96,0.030360531309297913,1,pos_s126_e222,84,0.026565464895635674,1,pos_s126_e204
FUN_009844,66,0.040145985401459854,1,pos_s1476_e1542,0,0.0,0,pos
FUN_010429,0,0.0,0,pos,0,0.0,0,pos
FUN_004401,126,0.08571428571428572,1,pos_s1170_e1224,6,0.004081632653061225,0,pos
FUN_008593,0,0.0,0,pos,0,0.0,0,pos
FUN_004911,0,0.0,0,pos,0,0.0,0,pos
FUN_008184,0,0.0,0,pos,0,0.0,0,pos
FUN_007506,54,0.04736842105263158,1,pos_s0_e48,24,0.021052631578947368,0,pos
FUN_011073,72,0.05504587155963303,1,pos_s1128_e1188,0,0.0,0,pos
FUN_012404,0,0.0,0,pos,0,0.0,0,pos
FUN_005646,24,0.008528784648187633,0,pos,0,0.0,0,pos
FUN_011591,0,0.0,0,pos,0,0.0,0,pos
FUN_001578,0,0.0,0,pos,0,0.0,0,pos
FUN_001084,66,0.0718954248366013,1,pos_s852_e906,36,0.0392156862745098,0,pos
FUN_001008,0,0.0,0,pos,0,0.0,0,pos
FUN_001617,30,0.028735632183908046,0,pos,0,0.0,0,pos
FUN_006723,474,0.1525096525096525,5,pos_s828_e894_s930_e972_s1008_e1158_s1164_e1284_s2178_e2208,258,0.08301158301158301,3,pos_s852_e888_s1062_e1158_s1164_e1254
FUN_002563,12,0.005390835579514825,0,pos,0,0.0,0,pos
FUN_002290,0,0.0,0,pos,0,0.0,0,pos
FUN_015441,0,0.0,0,pos,0,0.0,0,pos
FUN_002267,0,0.0,0,pos,0,0.0,0,pos
FUN_001483,18,0.0037688442211055275,0,pos,0,0.0,0,pos
FUN_007477,504,0.10966057441253264,7,pos_s0_e30_s42_e84_s324_e384_s1032_e1062_s1146_e1218_s1476_e1614_s1812_e1896,114,0.024804177545691905,1,pos_s1488_e1542
FUN_008403,0,0.0,0,pos,0,0.0,0,pos
FUN_004058,0,0.0,0,pos,0,0.0,0,pos
FUN_000735,0,0.0,0,pos,0,0.0,0,pos
FUN_000853,0,0.0,0,pos,0,0.0,0,pos
FUN_007702,150,0.06082725060827251,2,pos_s936_e1020_s2394_e2448,60,0.024330900243309004,1,pos_s2400_e2448
FUN_004460,0,0.0,0,pos,0,0.0,0,pos
FUN_002476,0,0.0,0,pos,0,0.0,0,pos
FUN_003904,0,0.0,0,pos,0,0.0,0,pos
FUN_016019,0,0.0,0,pos,0,0.0,0,pos
FUN_000380,0,0.0,0,pos,0,0.0,0,pos
FUN_011573,0,0.0,0,pos,0,0.0,0,pos
FUN_009619,54,0.11688311688311688,1,pos_s186_e222,30,0.06493506493506493,1,pos_s186_e216
FUN_005812,0,0.0,0,pos,0,0.0,0,pos
FUN_005066,18,0.017964071856287425,0,pos,12,0.011976047904191617,0,pos
FUN_002687,0,0.0,0,pos,0,0.0,0,pos
FUN_015711,0,0.0,0,pos,0,0.0,0,pos
FUN_008509,48,0.027491408934707903,1,pos_s1476_e1524,0,0.0,0,pos
FUN_001638,18,0.009708737864077669,0,pos,0,0.0,0,pos
FUN_016791,0,0.0,0,pos,0,0.0,0,pos
FUN_002291,0,0.0,0,pos,0,0.0,0,pos
FUN_005254,114,0.04008438818565401,1,pos_s2520_e2634,66,0.023206751054852322,1,pos_s2574_e2634
FUN_012538,0,0.0,0,pos,0,0.0,0,pos
FUN_002049,132,0.029931972789115645,2,pos_s1956_e2010_s2352_e2388,0,0.0,0,pos
FUN_007401,60,0.08547008547008547,1,pos_s420_e456,0,0.0,0,pos
FUN_016009,0,0.0,0,pos,0,0.0,0,pos
FUN_009023,0,0.0,0,pos,0,0.0,0,pos
FUN_016480,0,0.0,0,pos,0,0.0,0,pos
FUN_009843,0,0.0,0,pos,0,0.0,0,pos
FUN_004609,0,0.0,0,pos,0,0.0,0,pos
FUN_006623,0,0.0,0,pos,0,0.0,0,pos
FUN_008117,6,0.009615384615384616,0,pos,0,0.0,0,pos
FUN_012559,0,0.0,0,pos,0,0.0,0,pos
FUN_002122,108,0.009734991887506761,1,pos_s8364_e8460,12,0.001081665765278529,0,pos
FUN_011630,0,0.0,0,pos,0,0.0,0,pos
FUN_006524,0,0.0,0,pos,0,0.0,0,pos
FUN_009276,0,0.0,0,pos,0,0.0,0,pos
FUN_003149,0,0.0,0,pos,0,0.0,0,pos
FUN_006950,0,0.0,0,pos,0,0.0,0,pos
FUN_000045,0,0.0,0,pos,0,0.0,0,pos
FUN_016437,0,0.0,0,pos,0,0.0,0,pos
FUN_002197,0,0.0,0,pos,0,0.0,0,pos
FUN_006720,66,0.0421455938697318,1,pos_s1128_e1194,48,0.03065134099616858,1,pos_s1146_e1194
FUN_004159,0,0.0,0,pos,0,0.0,0,pos
FUN_001847,18,0.0625,0,pos,18,0.0625,0,pos
FUN_008398,0,0.0,0,pos,0,0.0,0,pos
FUN_006499,0,0.0,0,pos,0,0.0,0,pos
FUN_009146,54,0.06569343065693431,1,pos_s450_e504,54,0.06569343065693431,1,pos_s450_e504
FUN_009507,0,0.0,0,pos,0,0.0,0,pos
FUN_015491,0,0.0,0,pos,0,0.0,0,pos
FUN_011571,0,0.0,0,pos,0,0.0,0,pos
FUN_012481,0,0.0,0,pos,0,0.0,0,pos
FUN_002286,0,0.0,0,pos,0,0.0,0,pos
FUN_006665,72,0.03007518796992481,1,pos_s894_e948,0,0.0,0,pos
FUN_002150,0,0.0,0,pos,0,0.0,0,pos
FUN_005093,0,0.0,0,pos,0,0.0,0,pos
FUN_000029,0,0.0,0,pos,0,0.0,0,pos
FUN_003026,0,0.0,0,pos,0,0.0,0,pos
FUN_005654,36,0.02564102564102564,0,pos,0,0.0,0,pos
FUN_010467,0,0.0,0,pos,0,0.0,0,pos
FUN_004014,0,0.0,0,pos,0,0.0,0,pos
FUN_016556,0,0.0,0,pos,0,0.0,0,pos
FUN_004873,0,0.0,0,pos,0,0.0,0,pos
FUN_005259,0,0.0,0,pos,0,0.0,0,pos
FUN_011275,66,0.019064124783362217,1,pos_s1116_e1158,42,0.012131715771230503,1,pos_s1116_e1158
FUN_009831,0,0.0,0,pos,0,0.0,0,pos
FUN_004653,162,0.06633906633906633,2,pos_s198_e270_s888_e954,0,0.0,0,pos
FUN_009271,0,0.0,0,pos,0,0.0,0,pos
FUN_002214,0,0.0,0,pos,0,0.0,0,pos
FUN_010742,48,0.07692307692307693,0,pos,24,0.038461538461538464,0,pos
FUN_010759,0,0.0,0,pos,0,0.0,0,pos
FUN_008840,0,0.0,0,pos,0,0.0,0,pos
FUN_015998,0,0.0,0,pos,0,0.0,0,pos
FUN_000568,0,0.0,0,pos,0,0.0,0,pos
FUN_011014,0,0.0,0,pos,0,0.0,0,pos
FUN_007471,210,0.36082474226804123,3,pos_s0_e66_s132_e186_s300_e366,96,0.16494845360824742,1,pos_s336_e366
FUN_009244,6,0.004784688995215311,0,pos,0,0.0,0,pos
FUN_003767,162,0.2288135593220339,2,pos_s0_e132_s540_e570,114,0.16101694915254236,1,pos_s0_e114
FUN_010498,6,0.006211180124223602,0,pos,0,0.0,0,pos
FUN_000616,144,0.057971014492753624,1,pos_s1614_e1728,114,0.04589371980676329,1,pos_s1614_e1728
FUN_001651,0,0.0,0,pos,0,0.0,0,pos
FUN_002916,0,0.0,0,pos,0,0.0,0,pos
FUN_004220,0,0.0,0,pos,0,0.0,0,pos
FUN_008587,0,0.0,0,pos,0,0.0,0,pos
FUN_002366,0,0.0,0,pos,0,0.0,0,pos
FUN_004030,0,0.0,0,pos,0,0.0,0,pos
FUN_005446,18,0.011320754716981131,0,pos,0,0.0,0,pos
FUN_015972,0,0.0,0,pos,0,0.0,0,pos
FUN_015356,0,0.0,0,pos,0,0.0,0,pos
FUN_010141,0,0.0,0,pos,0,0.0,0,pos
FUN_015794,0,0.0,0,pos,0,0.0,0,pos
FUN_009824,0,0.0,0,pos,0,0.0,0,pos
FUN_002522,60,0.0847457627118644,1,pos_s48_e78,0,0.0,0,pos
FUN_003881,0,0.0,0,pos,0,0.0,0,pos
FUN_008178,210,0.11705685618729098,2,pos_s996_e1110_s1182_e1248,84,0.046822742474916385,1,pos_s1014_e1068
FUN_009284,36,0.18181818181818182,0,pos,0,0.0,0,pos
FUN_011753,0,0.0,0,pos,0,0.0,0,pos
FUN_009020,114,0.07755102040816327,1,pos_s618_e720,0,0.0,0,pos
FUN_015402,204,0.07816091954022988,1,pos_s1170_e1374,96,0.0367816091954023,2,pos_s1254_e1302_s1314_e1344
FUN_003992,0,0.0,0,pos,0,0.0,0,pos
FUN_002676,12,0.012422360248447204,0,pos,0,0.0,0,pos
FUN_000110,0,0.0,0,pos,0,0.0,0,pos
FUN_001307,78,0.18571428571428572,1,pos_s126_e204,60,0.14285714285714285,1,pos_s144_e204
FUN_015390,0,0.0,0,pos,0,0.0,0,pos
FUN_015865,0,0.0,0,pos,0,0.0,0,pos
FUN_011237,174,0.06855791962174941,3,pos_s162_e210_s324_e378_s2046_e2076,102,0.04018912529550828,1,pos_s324_e378
FUN_006443,0,0.0,0,pos,0,0.0,0,pos
FUN_000384,0,0.0,0,pos,0,0.0,0,pos
FUN_016204,0,0.0,0,pos,0,0.0,0,pos
FUN_016409,0,0.0,0,pos,0,0.0,0,pos
FUN_010962,0,0.0,0,pos,0,0.0,0,pos
FUN_015409,0,0.0,0,pos,0,0.0,0,pos
FUN_015470,0,0.0,0,pos,0,0.0,0,pos
FUN_015730,0,0.0,0,pos,0,0.0,0,pos
FUN_007299,84,0.14893617021276595,2,pos_s12_e42_s234_e264,0,0.0,0,pos
FUN_003696,0,0.0,0,pos,0,0.0,0,pos
FUN_008295,0,0.0,0,pos,0,0.0,0,pos
FUN_000929,0,0.0,0,pos,0,0.0,0,pos
FUN_010394,60,0.04926108374384237,1,pos_s186_e216,0,0.0,0,pos
FUN_016874,0,0.0,0,pos,0,0.0,0,pos
FUN_005427,12,0.005494505494505495,0,pos,0,0.0,0,pos
FUN_016047,0,0.0,0,pos,0,0.0,0,pos
FUN_005350,6,0.003389830508474576,0,pos,0,0.0,0,pos
FUN_001380,132,0.01611721611721612,1,pos_s456_e522,18,0.002197802197802198,0,pos
FUN_003976,0,0.0,0,pos,0,0.0,0,pos
FUN_000263,0,0.0,0,pos,0,0.0,0,pos
FUN_007947,0,0.0,0,pos,0,0.0,0,pos
FUN_012108,0,0.0,0,pos,0,0.0,0,pos
FUN_005535,138,0.06534090909090909,2,pos_s1188_e1236_s1626_e1662,18,0.008522727272727272,0,pos
FUN_011544,0,0.0,0,pos,0,0.0,0,pos
FUN_007733,0,0.0,0,pos,0,0.0,0,pos
FUN_005524,0,0.0,0,pos,0,0.0,0,pos
FUN_007638,0,0.0,0,pos,0,0.0,0,pos
FUN_002591,0,0.0,0,pos,0,0.0,0,pos
FUN_005118,288,0.05977584059775841,3,pos_s3378_e3432_s4248_e4338_s4356_e4452,174,0.0361145703611457,3,pos_s3378_e3414_s4272_e4302_s4362_e4452
FUN_000663,0,0.0,0,pos,0,0.0,0,pos
FUN_016267,0,0.0,0,pos,0,0.0,0,pos
FUN_007430,96,0.038929440389294405,1,pos_s2316_e2412,60,0.024330900243309004,1,pos_s2316_e2376
FUN_001045,0,0.0,0,pos,0,0.0,0,pos
FUN_015498,0,0.0,0,pos,0,0.0,0,pos
FUN_007244,12,0.010050251256281407,0,pos,6,0.005025125628140704,0,pos
FUN_007445,372,0.19076923076923077,3,pos_s114_e162_s900_e1020_s1710_e1824,192,0.09846153846153846,2,pos_s972_e1002_s1710_e1824
FUN_006323,0,0.0,0,pos,0,0.0,0,pos
FUN_008619,48,0.012307692307692308,1,pos_s3252_e3300,30,0.007692307692307693,1,pos_s3258_e3288
FUN_002329,0,0.0,0,pos,0,0.0,0,pos
FUN_002681,36,0.05405405405405406,0,pos,0,0.0,0,pos
FUN_008948,12,0.046511627906976744,0,pos,0,0.0,0,pos
FUN_009858,102,0.03090909090909091,1,pos_s2826_e2868,0,0.0,0,pos
FUN_000859,66,0.009981851179673321,2,pos_s1668_e1698_s4992_e5028,36,0.0054446460980036296,1,pos_s4992_e5028
FUN_000856,6,0.001851851851851852,0,pos,0,0.0,0,pos
FUN_008068,0,0.0,0,pos,0,0.0,0,pos
FUN_003702,0,0.0,0,pos,0,0.0,0,pos
FUN_008990,156,0.06310679611650485,1,pos_s1650_e1734,72,0.02912621359223301,1,pos_s1662_e1734
FUN_004892,12,0.005434782608695652,0,pos,0,0.0,0,pos
FUN_010184,0,0.0,0,pos,0,0.0,0,pos
FUN_007913,0,0.0,0,pos,0,0.0,0,pos
FUN_016304,0,0.0,0,pos,0,0.0,0,pos
FUN_010493,0,0.0,0,pos,0,0.0,0,pos
FUN_012179,0,0.0,0,pos,0,0.0,0,pos
FUN_007432,0,0.0,0,pos,0,0.0,0,pos
FUN_009777,0,0.0,0,pos,0,0.0,0,pos
FUN_010250,0,0.0,0,pos,0,0.0,0,pos
FUN_003670,0,0.0,0,pos,0,0.0,0,pos
FUN_004637,0,0.0,0,pos,0,0.0,0,pos
FUN_007338,156,0.025193798449612403,3,pos_s702_e750_s894_e924_s1368_e1428,0,0.0,0,pos
FUN_015739,0,0.0,0,pos,0,0.0,0,pos
FUN_012098,0,0.0,0,pos,0,0.0,0,pos
FUN_009783,30,0.00847457627118644,0,pos,0,0.0,0,pos
FUN_002323,468,0.1625,5,pos_s186_e258_s288_e378_s942_e1002_s1050_e1128_s1338_e1392,294,0.10208333333333333,3,pos_s192_e258_s942_e1002_s1050_e1122
FUN_001292,0,0.0,0,pos,0,0.0,0,pos
FUN_000738,72,0.056074766355140186,1,pos_s450_e522,6,0.004672897196261682,0,pos
FUN_003351,78,0.025793650793650792,0,pos,0,0.0,0,pos
FUN_007962,0,0.0,0,pos,0,0.0,0,pos
FUN_011041,24,0.009592326139088728,0,pos,12,0.004796163069544364,0,pos
FUN_005064,0,0.0,0,pos,0,0.0,0,pos
FUN_004489,72,0.07894736842105263,1,pos_s96_e162,0,0.0,0,pos
FUN_002990,0,0.0,0,pos,0,0.0,0,pos
FUN_003582,0,0.0,0,pos,0,0.0,0,pos
FUN_002635,0,0.0,0,pos,0,0.0,0,pos
FUN_003974,90,0.32608695652173914,1,pos_s78_e156,6,0.021739130434782608,0,pos
FUN_010841,132,0.07457627118644068,2,pos_s1350_e1380_s1602_e1662,12,0.006779661016949152,0,pos
FUN_004181,0,0.0,0,pos,0,0.0,0,pos
FUN_009169,0,0.0,0,pos,0,0.0,0,pos
FUN_012455,252,0.24705882352941178,2,pos_s426_e576_s762_e840,180,0.17647058823529413,2,pos_s468_e576_s810_e840
FUN_016538,0,0.0,0,pos,0,0.0,0,pos
FUN_005569,468,0.09961685823754789,7,pos_s216_e258_s540_e570_s582_e642_s1404_e1476_s1482_e1512_s3984_e4014_s4338_e4476,48,0.010217113665389528,1,pos_s4428_e4464
FUN_004782,0,0.0,0,pos,0,0.0,0,pos
FUN_003757,0,0.0,0,pos,0,0.0,0,pos
FUN_009001,0,0.0,0,pos,0,0.0,0,pos
FUN_003940,0,0.0,0,pos,0,0.0,0,pos
FUN_015728,0,0.0,0,pos,0,0.0,0,pos
FUN_011020,0,0.0,0,pos,0,0.0,0,pos
FUN_009926,0,0.0,0,pos,0,0.0,0,pos
FUN_001745,0,0.0,0,pos,0,0.0,0,pos
FUN_004979,6,0.004694835680751174,0,pos,0,0.0,0,pos
FUN_007661,102,0.08056872037914692,1,pos_s276_e378,0,0.0,0,pos
FUN_002776,0,0.0,0,pos,0,0.0,0,pos
FUN_016840,114,0.03822937625754527,1,pos_s1128_e1242,114,0.03822937625754527,1,pos_s1128_e1242
FUN_015444,72,0.04411764705882353,1,pos_s1140_e1212,6,0.003676470588235294,0,pos
FUN_007427,0,0.0,0,pos,0,0.0,0,pos
FUN_002611,0,0.0,0,pos,0,0.0,0,pos
FUN_001047,18,0.004418262150220913,0,pos,0,0.0,0,pos
FUN_005968,0,0.0,0,pos,0,0.0,0,pos
FUN_007561,354,0.10966542750929369,5,pos_s0_e42_s120_e228_s246_e324_s2370_e2400_s2832_e2898,180,0.055762081784386616,3,pos_s120_e228_s246_e276_s2856_e2886
FUN_005210,48,0.041025641025641026,0,pos,0,0.0,0,pos
FUN_010756,0,0.0,0,pos,0,0.0,0,pos
FUN_005813,66,0.06395348837209303,1,pos_s882_e930,0,0.0,0,pos
FUN_016632,0,0.0,0,pos,0,0.0,0,pos
FUN_010043,126,0.025454545454545455,1,pos_s3474_e3570,6,0.0012121212121212121,0,pos
FUN_000401,72,0.03418803418803419,1,pos_s1572_e1644,0,0.0,0,pos
FUN_005788,0,0.0,0,pos,0,0.0,0,pos
FUN_000567,0,0.0,0,pos,0,0.0,0,pos
FUN_007551,306,0.05647840531561462,4,pos_s3780_e3822_s4770_e4836_s5034_e5142_s5328_e5364,54,0.009966777408637873,1,pos_s5076_e5130
FUN_008884,24,0.020512820512820513,0,pos,0,0.0,0,pos
FUN_007276,0,0.0,0,pos,0,0.0,0,pos
FUN_001955,6,0.0010183299389002036,0,pos,0,0.0,0,pos
FUN_016801,0,0.0,0,pos,0,0.0,0,pos
FUN_003935,0,0.0,0,pos,0,0.0,0,pos
FUN_009633,108,0.019543973941368076,1,pos_s2520_e2598,0,0.0,0,pos
FUN_015507,0,0.0,0,pos,0,0.0,0,pos
FUN_002719,54,0.056962025316455694,1,pos_s204_e246,0,0.0,0,pos
FUN_015866,18,0.014925373134328358,0,pos,6,0.004975124378109453,0,pos
FUN_008931,0,0.0,0,pos,0,0.0,0,pos
FUN_000223,6,0.002717391304347826,0,pos,6,0.002717391304347826,0,pos
FUN_003146,0,0.0,0,pos,0,0.0,0,pos
FUN_002435,0,0.0,0,pos,0,0.0,0,pos
FUN_011621,0,0.0,0,pos,0,0.0,0,pos
FUN_003473,0,0.0,0,pos,0,0.0,0,pos
FUN_005285,0,0.0,0,pos,0,0.0,0,pos
FUN_000179,18,0.011583011583011582,0,pos,0,0.0,0,pos
FUN_015334,0,0.0,0,pos,0,0.0,0,pos
FUN_011876,0,0.0,0,pos,0,0.0,0,pos
FUN_000055,6,0.0040650406504065045,0,pos,0,0.0,0,pos
FUN_003954,78,0.08552631578947369,2,pos_s420_e450_s486_e534,42,0.046052631578947366,0,pos
FUN_007298,6,0.006944444444444444,0,pos,0,0.0,0,pos
FUN_010387,18,0.0035545023696682463,0,pos,0,0.0,0,pos
FUN_015542,0,0.0,0,pos,0,0.0,0,pos
FUN_000662,0,0.0,0,pos,0,0.0,0,pos
FUN_016880,0,0.0,0,pos,0,0.0,0,pos
FUN_009862,0,0.0,0,pos,0,0.0,0,pos
FUN_009495,0,0.0,0,pos,0,0.0,0,pos
FUN_011721,0,0.0,0,pos,0,0.0,0,pos
FUN_006348,330,0.22357723577235772,2,pos_s618_e816_s1374_e1470,78,0.052845528455284556,1,pos_s696_e744
FUN_000608,114,0.07421875,1,pos_s678_e792,96,0.0625,1,pos_s690_e786
FUN_010327,0,0.0,0,pos,0,0.0,0,pos
FUN_010210,504,0.19444444444444445,6,pos_s6_e102_s612_e714_s852_e912_s1332_e1386_s1392_e1446_s1482_e1596,84,0.032407407407407406,1,pos_s852_e906
FUN_011486,0,0.0,0,pos,0,0.0,0,pos
FUN_009834,342,0.05517909002904162,4,pos_s3192_e3264_s4254_e4320_s4506_e4560_s4596_e4674,120,0.01936108422071636,2,pos_s4260_e4290_s4620_e4674
FUN_009100,0,0.0,0,pos,0,0.0,0,pos
FUN_004167,0,0.0,0,pos,0,0.0,0,pos
FUN_000421,0,0.0,0,pos,0,0.0,0,pos
FUN_002839,6,0.0022123893805309734,0,pos,6,0.0022123893805309734,0,pos
FUN_002041,0,0.0,0,pos,0,0.0,0,pos
FUN_000241,12,0.011627906976744186,0,pos,0,0.0,0,pos
FUN_006366,0,0.0,0,pos,0,0.0,0,pos
FUN_016679,0,0.0,0,pos,0,0.0,0,pos
FUN_005561,18,0.01948051948051948,0,pos,0,0.0,0,pos
FUN_001223,0,0.0,0,pos,0,0.0,0,pos
FUN_016730,0,0.0,0,pos,0,0.0,0,pos
FUN_001389,0,0.0,0,pos,0,0.0,0,pos
FUN_010054,78,0.05752212389380531,1,pos_s552_e630,78,0.05752212389380531,1,pos_s552_e630
FUN_005607,192,0.07095343680709534,4,pos_s0_e30_s432_e462_s2418_e2466_s2478_e2508,18,0.0066518847006651885,0,pos
FUN_007202,36,0.015544041450777202,0,pos,12,0.0051813471502590676,0,pos
FUN_006009,12,0.003992015968063872,0,pos,0,0.0,0,pos
FUN_015916,0,0.0,0,pos,0,0.0,0,pos
FUN_010058,60,0.05263157894736842,1,pos_s282_e342,0,0.0,0,pos
FUN_011082,0,0.0,0,pos,0,0.0,0,pos
FUN_009952,0,0.0,0,pos,0,0.0,0,pos
FUN_009547,0,0.0,0,pos,0,0.0,0,pos
FUN_005445,30,0.04504504504504504,1,pos_s84_e114,0,0.0,0,pos
FUN_000551,0,0.0,0,pos,0,0.0,0,pos
FUN_009175,66,0.05670103092783505,1,pos_s456_e510,30,0.02577319587628866,0,pos
FUN_006610,0,0.0,0,pos,0,0.0,0,pos
FUN_004579,0,0.0,0,pos,0,0.0,0,pos
FUN_012266,0,0.0,0,pos,0,0.0,0,pos
FUN_001718,0,0.0,0,pos,0,0.0,0,pos
FUN_012284,0,0.0,0,pos,0,0.0,0,pos
FUN_016298,0,0.0,0,pos,0,0.0,0,pos
FUN_003903,204,0.09066666666666667,2,pos_s186_e246_s666_e804,54,0.024,1,pos_s666_e714
FUN_001534,84,0.02348993288590604,2,pos_s348_e396_s1254_e1284,0,0.0,0,pos
FUN_016566,0,0.0,0,pos,0,0.0,0,pos
FUN_007054,78,0.011111111111111112,2,pos_s228_e258_s5712_e5760,48,0.006837606837606838,1,pos_s5712_e5760
FUN_006105,60,0.050505050505050504,0,pos,24,0.020202020202020204,0,pos
FUN_010475,96,0.013757523645743766,1,pos_s498_e582,72,0.010318142734307825,2,pos_s504_e534_s540_e582
FUN_009640,0,0.0,0,pos,0,0.0,0,pos
FUN_011504,0,0.0,0,pos,0,0.0,0,pos
FUN_007751,18,0.017142857142857144,0,pos,0,0.0,0,pos
FUN_002740,0,0.0,0,pos,0,0.0,0,pos
FUN_007578,18,0.05454545454545454,0,pos,0,0.0,0,pos
FUN_000598,30,0.010245901639344262,0,pos,0,0.0,0,pos
FUN_011399,0,0.0,0,pos,0,0.0,0,pos
FUN_006586,0,0.0,0,pos,0,0.0,0,pos
FUN_006998,132,0.14285714285714285,2,pos_s504_e564_s600_e654,54,0.05844155844155844,1,pos_s612_e654
FUN_000204,0,0.0,0,pos,0,0.0,0,pos
FUN_011880,0,0.0,0,pos,0,0.0,0,pos
FUN_011452,0,0.0,0,pos,0,0.0,0,pos
FUN_015754,0,0.0,0,pos,0,0.0,0,pos
FUN_004737,0,0.0,0,pos,0,0.0,0,pos
FUN_016665,0,0.0,0,pos,0,0.0,0,pos
FUN_000102,0,0.0,0,pos,0,0.0,0,pos
FUN_002556,0,0.0,0,pos,0,0.0,0,pos
FUN_004882,0,0.0,0,pos,0,0.0,0,pos
FUN_016446,0,0.0,0,pos,0,0.0,0,pos
FUN_010545,0,0.0,0,pos,0,0.0,0,pos
FUN_005309,30,0.02304147465437788,1,pos_s1206_e1236,24,0.018433179723502304,0,pos
FUN_009121,0,0.0,0,pos,0,0.0,0,pos
FUN_007294,0,0.0,0,pos,0,0.0,0,pos
FUN_004444,108,0.09183673469387756,1,pos_s708_e786,42,0.03571428571428571,1,pos_s738_e768
FUN_016576,0,0.0,0,pos,0,0.0,0,pos
FUN_007878,0,0.0,0,pos,0,0.0,0,pos
FUN_001824,0,0.0,0,pos,0,0.0,0,pos
FUN_009501,408,0.06903553299492386,3,pos_s3234_e3366_s4932_e5046_s5598_e5712,288,0.048730964467005075,2,pos_s4932_e5046_s5598_e5712
FUN_004707,114,0.1043956043956044,1,pos_s552_e666,90,0.08241758241758242,1,pos_s606_e666
FUN_001729,6,0.006060606060606061,0,pos,0,0.0,0,pos
FUN_012161,0,0.0,0,pos,0,0.0,0,pos
FUN_002397,0,0.0,0,pos,0,0.0,0,pos
FUN_010470,0,0.0,0,pos,0,0.0,0,pos
FUN_008544,0,0.0,0,pos,0,0.0,0,pos
FUN_010240,0,0.0,0,pos,0,0.0,0,pos
FUN_011497,0,0.0,0,pos,0,0.0,0,pos
FUN_008710,0,0.0,0,pos,0,0.0,0,pos
FUN_016819,0,0.0,0,pos,0,0.0,0,pos
FUN_015755,0,0.0,0,pos,0,0.0,0,pos
FUN_007524,0,0.0,0,pos,0,0.0,0,pos
FUN_005711,24,0.07692307692307693,0,pos,24,0.07692307692307693,0,pos
FUN_011334,252,0.05504587155963303,4,pos_s1122_e1164_s1170_e1224_s3396_e3438_s4176_e4218,66,0.014416775884665793,2,pos_s3408_e3438_s4182_e4212
FUN_000756,0,0.0,0,pos,0,0.0,0,pos
FUN_001281,0,0.0,0,pos,0,0.0,0,pos
FUN_007752,42,0.046052631578947366,1,pos_s744_e774,0,0.0,0,pos
FUN_009307,12,0.021505376344086023,0,pos,6,0.010752688172043012,0,pos
FUN_006483,0,0.0,0,pos,0,0.0,0,pos
FUN_010433,0,0.0,0,pos,0,0.0,0,pos
FUN_015301,0,0.0,0,pos,0,0.0,0,pos
FUN_012396,0,0.0,0,pos,0,0.0,0,pos
FUN_016125,0,0.0,0,pos,0,0.0,0,pos
FUN_000898,0,0.0,0,pos,0,0.0,0,pos
FUN_012224,0,0.0,0,pos,0,0.0,0,pos
FUN_003214,300,0.38461538461538464,1,pos_s216_e438,180,0.23076923076923078,1,pos_s216_e396
FUN_016833,0,0.0,0,pos,0,0.0,0,pos
FUN_011564,0,0.0,0,pos,0,0.0,0,pos
FUN_000746,18,0.006578947368421052,0,pos,0,0.0,0,pos
FUN_004191,0,0.0,0,pos,0,0.0,0,pos
FUN_006116,24,0.005326231691078562,0,pos,0,0.0,0,pos
FUN_016162,0,0.0,0,pos,0,0.0,0,pos
FUN_000388,0,0.0,0,pos,0,0.0,0,pos
FUN_015839,0,0.0,0,pos,0,0.0,0,pos
FUN_004434,0,0.0,0,pos,0,0.0,0,pos
FUN_000849,138,0.02937420178799489,2,pos_s2394_e2436_s2598_e2694,6,0.001277139208173691,0,pos
FUN_006103,0,0.0,0,pos,0,0.0,0,pos
FUN_007245,18,0.01282051282051282,0,pos,0,0.0,0,pos
FUN_000469,0,0.0,0,pos,0,0.0,0,pos
FUN_007720,0,0.0,0,pos,0,0.0,0,pos
FUN_000318,0,0.0,0,pos,0,0.0,0,pos
FUN_011860,0,0.0,0,pos,0,0.0,0,pos
FUN_001175,0,0.0,0,pos,0,0.0,0,pos
FUN_000995,0,0.0,0,pos,0,0.0,0,pos
FUN_011727,0,0.0,0,pos,0,0.0,0,pos
FUN_011322,0,0.0,0,pos,0,0.0,0,pos
FUN_004898,120,0.04040404040404041,1,pos_s2568_e2688,120,0.04040404040404041,1,pos_s2568_e2688
FUN_001986,96,0.06926406926406926,2,pos_s276_e306_s882_e918,30,0.021645021645021644,0,pos
FUN_001068,24,0.011730205278592375,0,pos,0,0.0,0,pos
FUN_006793,0,0.0,0,pos,0,0.0,0,pos
FUN_001413,0,0.0,0,pos,0,0.0,0,pos
FUN_004652,108,0.06716417910447761,1,pos_s540_e624,0,0.0,0,pos
FUN_015359,0,0.0,0,pos,0,0.0,0,pos
FUN_015770,0,0.0,0,pos,0,0.0,0,pos
FUN_001125,0,0.0,0,pos,0,0.0,0,pos
FUN_008958,198,0.04526748971193416,4,pos_s1134_e1170_s1620_e1692_s3372_e3402_s3948_e3990,30,0.006858710562414266,1,pos_s1626_e1656
FUN_009452,0,0.0,0,pos,0,0.0,0,pos
FUN_010580,30,0.042735042735042736,0,pos,0,0.0,0,pos
FUN_006812,0,0.0,0,pos,0,0.0,0,pos
FUN_000309,0,0.0,0,pos,0,0.0,0,pos
FUN_016076,0,0.0,0,pos,0,0.0,0,pos
FUN_015556,0,0.0,0,pos,0,0.0,0,pos
FUN_005335,0,0.0,0,pos,0,0.0,0,pos
FUN_001259,192,0.14035087719298245,3,pos_s570_e606_s1110_e1164_s1170_e1224,12,0.008771929824561403,0,pos
FUN_011825,0,0.0,0,pos,0,0.0,0,pos
FUN_002062,0,0.0,0,pos,0,0.0,0,pos
FUN_009486,6,0.007462686567164179,0,pos,0,0.0,0,pos
FUN_010597,0,0.0,0,pos,0,0.0,0,pos
FUN_009796,114,0.04871794871794872,2,pos_s552_e618_s1830_e1878,30,0.01282051282051282,1,pos_s552_e582
FUN_001864,672,0.12173913043478261,7,pos_s0_e54_s2898_e2982_s3036_e3072_s3234_e3354_s3600_e3648_s3720_e3756_s3912_e4170,150,0.02717391304347826,1,pos_s4074_e4110
FUN_001595,54,0.04639175257731959,1,pos_s438_e492,0,0.0,0,pos
FUN_000315,84,0.05090909090909091,1,pos_s408_e492,48,0.02909090909090909,1,pos_s438_e486
FUN_000579,0,0.0,0,pos,0,0.0,0,pos
FUN_008716,78,0.03324808184143223,1,pos_s426_e462,0,0.0,0,pos
FUN_009320,0,0.0,0,pos,0,0.0,0,pos
FUN_009880,0,0.0,0,pos,0,0.0,0,pos
FUN_002773,252,0.23333333333333334,3,pos_s378_e450_s738_e774_s840_e936,24,0.022222222222222223,0,pos
FUN_004949,54,0.06164383561643835,0,pos,0,0.0,0,pos
FUN_001633,198,0.03441084462982273,2,pos_s3048_e3144_s3744_e3780,42,0.0072992700729927005,0,pos
FUN_009410,30,0.06329113924050633,0,pos,24,0.05063291139240506,0,pos
FUN_002018,6,0.00101010101010101,0,pos,0,0.0,0,pos
FUN_004110,0,0.0,0,pos,0,0.0,0,pos
FUN_003340,0,0.0,0,pos,0,0.0,0,pos
FUN_010452,0,0.0,0,pos,0,0.0,0,pos
FUN_009594,0,0.0,0,pos,0,0.0,0,pos
FUN_002458,0,0.0,0,pos,0,0.0,0,pos
FUN_011416,0,0.0,0,pos,0,0.0,0,pos
FUN_007569,0,0.0,0,pos,0,0.0,0,pos
FUN_011501,0,0.0,0,pos,0,0.0,0,pos
FUN_003296,306,0.22466960352422907,1,pos_s1008_e1308,132,0.09691629955947137,1,pos_s1056_e1170
FUN_008012,0,0.0,0,pos,0,0.0,0,pos
FUN_011719,0,0.0,0,pos,0,0.0,0,pos
FUN_009612,54,0.04411764705882353,1,pos_s624_e654,0,0.0,0,pos
FUN_001364,0,0.0,0,pos,0,0.0,0,pos
FUN_000982,0,0.0,0,pos,0,0.0,0,pos
FUN_011419,0,0.0,0,pos,0,0.0,0,pos
FUN_004895,36,0.022304832713754646,1,pos_s24_e54,0,0.0,0,pos
FUN_010195,0,0.0,0,pos,0,0.0,0,pos
FUN_005511,0,0.0,0,pos,0,0.0,0,pos
FUN_011252,186,0.25203252032520324,2,pos_s162_e246_s492_e594,12,0.016260162601626018,0,pos
FUN_005451,66,0.0650887573964497,1,pos_s702_e750,48,0.047337278106508875,1,pos_s702_e750
FUN_006224,0,0.0,0,pos,0,0.0,0,pos
FUN_005293,0,0.0,0,pos,0,0.0,0,pos
FUN_003847,156,0.10317460317460317,1,pos_s1146_e1236,36,0.023809523809523808,1,pos_s1188_e1224
FUN_004893,0,0.0,0,pos,0,0.0,0,pos
FUN_009707,48,0.014059753954305799,1,pos_s2574_e2604,0,0.0,0,pos
FUN_002370,0,0.0,0,pos,0,0.0,0,pos
FUN_015630,0,0.0,0,pos,0,0.0,0,pos
FUN_007570,0,0.0,0,pos,0,0.0,0,pos
FUN_016531,0,0.0,0,pos,0,0.0,0,pos
FUN_001887,0,0.0,0,pos,0,0.0,0,pos
FUN_003417,0,0.0,0,pos,0,0.0,0,pos
FUN_010099,54,0.10588235294117647,1,pos_s234_e270,6,0.011764705882352941,0,pos
FUN_007805,0,0.0,0,pos,0,0.0,0,pos
FUN_016845,0,0.0,0,pos,0,0.0,0,pos
FUN_002087,18,0.010033444816053512,0,pos,0,0.0,0,pos
FUN_011397,138,0.09583333333333334,1,pos_s1122_e1236,42,0.029166666666666667,1,pos_s1188_e1230
FUN_009625,0,0.0,0,pos,0,0.0,0,pos
FUN_005476,18,0.008064516129032258,0,pos,0,0.0,0,pos
FUN_001544,18,0.022556390977443608,0,pos,0,0.0,0,pos
FUN_016220,0,0.0,0,pos,0,0.0,0,pos
FUN_006679,0,0.0,0,pos,0,0.0,0,pos
FUN_001445,138,0.03328509406657019,2,pos_s1068_e1110_s4056_e4110,0,0.0,0,pos
FUN_000312,0,0.0,0,pos,0,0.0,0,pos
FUN_016559,0,0.0,0,pos,0,0.0,0,pos
FUN_003844,42,0.00878293601003764,1,pos_s1242_e1272,0,0.0,0,pos
FUN_002215,0,0.0,0,pos,0,0.0,0,pos
FUN_012340,0,0.0,0,pos,0,0.0,0,pos
FUN_001177,54,0.10344827586206896,1,pos_s54_e108,18,0.034482758620689655,0,pos
FUN_000093,174,0.027384324834749764,2,pos_s1410_e1464_s1674_e1716,0,0.0,0,pos
FUN_003807,0,0.0,0,pos,0,0.0,0,pos
FUN_008320,186,0.02913533834586466,2,pos_s4920_e5016_s5022_e5112,66,0.010338345864661654,1,pos_s4920_e4986
FUN_001926,0,0.0,0,pos,0,0.0,0,pos
FUN_006004,0,0.0,0,pos,0,0.0,0,pos
FUN_009168,0,0.0,0,pos,0,0.0,0,pos
FUN_008588,24,0.0070052539404553416,0,pos,0,0.0,0,pos
FUN_016546,30,0.022123893805309734,0,pos,18,0.01327433628318584,0,pos
FUN_016210,0,0.0,0,pos,0,0.0,0,pos
FUN_007528,0,0.0,0,pos,0,0.0,0,pos
FUN_009380,0,0.0,0,pos,0,0.0,0,pos
FUN_004663,0,0.0,0,pos,0,0.0,0,pos
FUN_009932,12,0.017241379310344827,0,pos,0,0.0,0,pos
FUN_003977,0,0.0,0,pos,0,0.0,0,pos
FUN_003464,0,0.0,0,pos,0,0.0,0,pos
FUN_006773,0,0.0,0,pos,0,0.0,0,pos
FUN_007214,6,0.004784688995215311,0,pos,0,0.0,0,pos
FUN_002497,0,0.0,0,pos,0,0.0,0,pos
FUN_002153,0,0.0,0,pos,0,0.0,0,pos
FUN_003355,96,0.019347037484885126,1,pos_s4842_e4926,18,0.0036275695284159614,0,pos
FUN_005489,0,0.0,0,pos,0,0.0,0,pos
FUN_005694,18,0.00967741935483871,0,pos,0,0.0,0,pos
FUN_009515,18,0.004484304932735426,0,pos,0,0.0,0,pos
FUN_004412,0,0.0,0,pos,0,0.0,0,pos
FUN_010656,264,0.06875,3,pos_s1374_e1410_s2904_e2946_s3366_e3414,0,0.0,0,pos
FUN_015945,0,0.0,0,pos,0,0.0,0,pos
FUN_012517,114,0.3275862068965517,1,pos_s120_e234,108,0.3103448275862069,1,pos_s126_e234
FUN_006063,0,0.0,0,pos,0,0.0,0,pos
FUN_012539,0,0.0,0,pos,0,0.0,0,pos
FUN_002898,0,0.0,0,pos,0,0.0,0,pos
FUN_006090,0,0.0,0,pos,0,0.0,0,pos
FUN_001691,0,0.0,0,pos,0,0.0,0,pos
FUN_016764,0,0.0,0,pos,0,0.0,0,pos
FUN_001323,264,0.050808314087759814,4,pos_s1146_e1176_s2160_e2202_s2700_e2760_s3336_e3414,84,0.016166281755196306,2,pos_s2160_e2202_s3354_e3384
FUN_011407,0,0.0,0,pos,0,0.0,0,pos
FUN_000500,0,0.0,0,pos,0,0.0,0,pos
FUN_006663,0,0.0,0,pos,0,0.0,0,pos
FUN_010449,0,0.0,0,pos,0,0.0,0,pos
FUN_006858,0,0.0,0,pos,0,0.0,0,pos
FUN_008688,0,0.0,0,pos,0,0.0,0,pos
FUN_011629,0,0.0,0,pos,0,0.0,0,pos
FUN_012183,6,0.0064516129032258064,0,pos,0,0.0,0,pos
FUN_000326,30,0.0025265285497726125,0,pos,0,0.0,0,pos
FUN_001855,18,0.02857142857142857,0,pos,0,0.0,0,pos
FUN_002047,0,0.0,0,pos,0,0.0,0,pos
FUN_007635,6,0.002506265664160401,0,pos,0,0.0,0,pos
FUN_011730,0,0.0,0,pos,0,0.0,0,pos
FUN_009084,0,0.0,0,pos,0,0.0,0,pos
FUN_007356,0,0.0,0,pos,0,0.0,0,pos
FUN_004721,0,0.0,0,pos,0,0.0,0,pos
FUN_010942,54,0.12857142857142856,1,pos_s138_e192,0,0.0,0,pos
FUN_010671,0,0.0,0,pos,0,0.0,0,pos
FUN_002751,0,0.0,0,pos,0,0.0,0,pos
FUN_015373,6,0.005128205128205128,0,pos,0,0.0,0,pos
FUN_002552,132,0.05263157894736842,2,pos_s582_e624_s1824_e1908,0,0.0,0,pos
FUN_007379,0,0.0,0,pos,0,0.0,0,pos
FUN_006309,132,0.05929919137466307,2,pos_s492_e564_s1992_e2040,6,0.0026954177897574125,0,pos
FUN_015393,0,0.0,0,pos,0,0.0,0,pos
FUN_000463,54,0.03543307086614173,1,pos_s1140_e1170,0,0.0,0,pos
FUN_009014,42,0.04093567251461988,0,pos,0,0.0,0,pos
FUN_000601,0,0.0,0,pos,0,0.0,0,pos
FUN_004650,0,0.0,0,pos,0,0.0,0,pos
FUN_006254,0,0.0,0,pos,0,0.0,0,pos
FUN_004833,18,0.016129032258064516,0,pos,0,0.0,0,pos
FUN_009173,30,0.011086474501108648,1,pos_s1254_e1284,0,0.0,0,pos
FUN_003360,0,0.0,0,pos,0,0.0,0,pos
FUN_004490,0,0.0,0,pos,0,0.0,0,pos
FUN_001525,12,0.009708737864077669,0,pos,12,0.009708737864077669,0,pos
FUN_009806,0,0.0,0,pos,0,0.0,0,pos
FUN_008565,12,0.007633587786259542,0,pos,12,0.007633587786259542,0,pos
FUN_004567,0,0.0,0,pos,0,0.0,0,pos
FUN_007505,6,0.00273224043715847,0,pos,0,0.0,0,pos
FUN_016742,0,0.0,0,pos,0,0.0,0,pos
FUN_005096,0,0.0,0,pos,0,0.0,0,pos
FUN_004859,108,0.1323529411764706,1,pos_s684_e744,6,0.007352941176470588,0,pos
FUN_003498,66,0.013126491646778043,1,pos_s1572_e1632,0,0.0,0,pos
FUN_006857,0,0.0,0,pos,0,0.0,0,pos
FUN_004733,0,0.0,0,pos,0,0.0,0,pos
FUN_003159,0,0.0,0,pos,0,0.0,0,pos
FUN_004500,0,0.0,0,pos,0,0.0,0,pos
FUN_000419,0,0.0,0,pos,0,0.0,0,pos
FUN_008267,168,0.05919661733615222,3,pos_s1548_e1590_s2280_e2346_s2760_e2808,0,0.0,0,pos
FUN_010804,0,0.0,0,pos,0,0.0,0,pos
FUN_008539,0,0.0,0,pos,0,0.0,0,pos
FUN_010529,0,0.0,0,pos,0,0.0,0,pos
FUN_005860,0,0.0,0,pos,0,0.0,0,pos
FUN_015385,0,0.0,0,pos,0,0.0,0,pos
FUN_016340,0,0.0,0,pos,0,0.0,0,pos
FUN_011614,0,0.0,0,pos,0,0.0,0,pos
FUN_006243,6,0.007751937984496124,0,pos,0,0.0,0,pos
FUN_016687,0,0.0,0,pos,0,0.0,0,pos
FUN_007380,360,0.09244992295839753,4,pos_s270_e336_s1602_e1704_s2256_e2304_s2610_e2706,12,0.0030816640986132513,0,pos
FUN_011227,216,0.06394316163410302,2,pos_s1080_e1116_s3234_e3336,24,0.007104795737122558,0,pos
FUN_000182,0,0.0,0,pos,0,0.0,0,pos
FUN_004953,258,0.12285714285714286,4,pos_s900_e930_s1692_e1806_s1824_e1866_s1872_e1944,60,0.02857142857142857,1,pos_s1908_e1938
FUN_009528,54,0.05325443786982249,1,pos_s900_e948,48,0.047337278106508875,1,pos_s900_e948
FUN_008764,0,0.0,0,pos,0,0.0,0,pos
FUN_003160,0,0.0,0,pos,0,0.0,0,pos
FUN_009949,0,0.0,0,pos,0,0.0,0,pos
FUN_006813,0,0.0,0,pos,0,0.0,0,pos
FUN_005558,0,0.0,0,pos,0,0.0,0,pos
FUN_006743,0,0.0,0,pos,0,0.0,0,pos
FUN_002568,0,0.0,0,pos,0,0.0,0,pos
FUN_002437,0,0.0,0,pos,0,0.0,0,pos
FUN_016351,0,0.0,0,pos,0,0.0,0,pos
FUN_010131,42,0.1111111111111111,1,pos_s330_e366,0,0.0,0,pos
FUN_010201,6,0.003389830508474576,0,pos,0,0.0,0,pos
FUN_002755,0,0.0,0,pos,0,0.0,0,pos
FUN_002212,0,0.0,0,pos,0,0.0,0,pos
FUN_001901,0,0.0,0,pos,0,0.0,0,pos
FUN_008731,240,0.013477088948787063,3,pos_s2490_e2562_s3066_e3102_s3108_e3174,6,0.00033692722371967657,0,pos
FUN_016386,0,0.0,0,pos,0,0.0,0,pos
FUN_007127,0,0.0,0,pos,0,0.0,0,pos
FUN_007692,90,0.046583850931677016,2,pos_s102_e144_s1038_e1074,18,0.009316770186335404,0,pos
FUN_001333,0,0.0,0,pos,0,0.0,0,pos
FUN_001911,6,0.0045045045045045045,0,pos,0,0.0,0,pos
FUN_004035,0,0.0,0,pos,0,0.0,0,pos
FUN_008996,0,0.0,0,pos,0,0.0,0,pos
FUN_010670,66,0.034055727554179564,1,pos_s498_e534,0,0.0,0,pos
FUN_005088,126,0.40384615384615385,1,pos_s30_e144,96,0.3076923076923077,1,pos_s30_e120
FUN_000634,0,0.0,0,pos,0,0.0,0,pos
FUN_003633,132,0.08208955223880597,1,pos_s1242_e1374,78,0.048507462686567165,1,pos_s1344_e1374
FUN_002269,0,0.0,0,pos,0,0.0,0,pos
FUN_005201,0,0.0,0,pos,0,0.0,0,pos
FUN_008182,66,0.08270676691729323,0,pos,12,0.015037593984962405,0,pos
FUN_002101,0,0.0,0,pos,0,0.0,0,pos
FUN_006261,0,0.0,0,pos,0,0.0,0,pos
FUN_007923,0,0.0,0,pos,0,0.0,0,pos
FUN_005233,0,0.0,0,pos,0,0.0,0,pos
FUN_006468,0,0.0,0,pos,0,0.0,0,pos
FUN_009460,84,0.08187134502923976,2,pos_s276_e318_s330_e372,24,0.023391812865497075,0,pos
FUN_004762,12,0.01020408163265306,0,pos,0,0.0,0,pos
FUN_006816,42,0.02681992337164751,0,pos,0,0.0,0,pos
FUN_004347,6,0.001349527665317139,0,pos,0,0.0,0,pos
FUN_009684,174,0.5576923076923077,3,pos_s30_e114_s180_e210_s246_e276,36,0.11538461538461539,1,pos_s60_e90
FUN_004190,138,0.033823529411764704,2,pos_s3186_e3240_s3402_e3468,48,0.011764705882352941,1,pos_s3414_e3456
FUN_009217,0,0.0,0,pos,0,0.0,0,pos
FUN_004320,0,0.0,0,pos,0,0.0,0,pos
FUN_004624,90,0.04132231404958678,1,pos_s630_e660,0,0.0,0,pos
FUN_001993,0,0.0,0,pos,0,0.0,0,pos
FUN_015710,0,0.0,0,pos,0,0.0,0,pos
FUN_005466,0,0.0,0,pos,0,0.0,0,pos
FUN_007204,0,0.0,0,pos,0,0.0,0,pos
FUN_008300,0,0.0,0,pos,0,0.0,0,pos
FUN_015712,0,0.0,0,pos,0,0.0,0,pos
FUN_004614,414,0.2827868852459016,4,pos_s0_e60_s384_e474_s486_e642_s732_e804,138,0.0942622950819672,1,pos_s498_e600
FUN_008421,0,0.0,0,pos,0,0.0,0,pos
FUN_015800,0,0.0,0,pos,0,0.0,0,pos
FUN_016043,0,0.0,0,pos,0,0.0,0,pos
FUN_009493,24,0.012195121951219513,0,pos,0,0.0,0,pos
FUN_000146,0,0.0,0,pos,0,0.0,0,pos
FUN_009960,108,0.13138686131386862,1,pos_s150_e252,0,0.0,0,pos
FUN_010835,0,0.0,0,pos,0,0.0,0,pos
FUN_005844,6,0.005555555555555556,0,pos,0,0.0,0,pos
FUN_008372,0,0.0,0,pos,0,0.0,0,pos
FUN_002492,18,0.0189873417721519,0,pos,0,0.0,0,pos
FUN_016718,0,0.0,0,pos,0,0.0,0,pos
FUN_003511,0,0.0,0,pos,0,0.0,0,pos
FUN_009360,108,0.1232876712328767,2,pos_s36_e72_s78_e114,24,0.0273972602739726,0,pos
FUN_005428,0,0.0,0,pos,0,0.0,0,pos
FUN_004290,0,0.0,0,pos,0,0.0,0,pos
FUN_002283,0,0.0,0,pos,0,0.0,0,pos
FUN_007911,0,0.0,0,pos,0,0.0,0,pos
FUN_000188,0,0.0,0,pos,0,0.0,0,pos
FUN_006961,0,0.0,0,pos,0,0.0,0,pos
FUN_007003,12,0.0061162079510703364,0,pos,6,0.0030581039755351682,0,pos
FUN_002077,126,0.30434782608695654,0,pos,90,0.21739130434782608,1,pos_s312_e384
FUN_002877,0,0.0,0,pos,0,0.0,0,pos
FUN_011951,0,0.0,0,pos,0,0.0,0,pos
FUN_015930,0,0.0,0,pos,0,0.0,0,pos
FUN_010186,0,0.0,0,pos,0,0.0,0,pos
FUN_000408,36,0.006153846153846154,1,pos_s4740_e4770,0,0.0,0,pos
FUN_015726,0,0.0,0,pos,0,0.0,0,pos
FUN_009800,0,0.0,0,pos,0,0.0,0,pos
FUN_008147,54,0.0661764705882353,1,pos_s306_e360,0,0.0,0,pos
FUN_011430,0,0.0,0,pos,0,0.0,0,pos
FUN_008634,42,0.01545253863134658,1,pos_s468_e510,0,0.0,0,pos
FUN_007765,0,0.0,0,pos,0,0.0,0,pos
FUN_012203,0,0.0,0,pos,0,0.0,0,pos
FUN_002237,0,0.0,0,pos,0,0.0,0,pos
FUN_001400,30,0.009259259259259259,0,pos,0,0.0,0,pos
FUN_009669,0,0.0,0,pos,0,0.0,0,pos
FUN_011351,0,0.0,0,pos,0,0.0,0,pos
FUN_009572,0,0.0,0,pos,0,0.0,0,pos
FUN_006716,0,0.0,0,pos,0,0.0,0,pos
FUN_009151,0,0.0,0,pos,0,0.0,0,pos
FUN_000098,84,0.021875,1,pos_s3270_e3300,0,0.0,0,pos
FUN_006589,126,0.0626865671641791,2,pos_s276_e348_s918_e972,36,0.01791044776119403,1,pos_s312_e348
FUN_007677,0,0.0,0,pos,0,0.0,0,pos
FUN_010479,162,0.013037180106228875,1,pos_s11046_e11118,0,0.0,0,pos
FUN_008708,0,0.0,0,pos,0,0.0,0,pos
FUN_008612,0,0.0,0,pos,0,0.0,0,pos
FUN_002067,0,0.0,0,pos,0,0.0,0,pos
FUN_007553,0,0.0,0,pos,0,0.0,0,pos
FUN_016483,0,0.0,0,pos,0,0.0,0,pos
FUN_002071,0,0.0,0,pos,0,0.0,0,pos
FUN_004939,0,0.0,0,pos,0,0.0,0,pos
FUN_009472,36,0.08,1,pos_s0_e36,36,0.08,1,pos_s0_e36
FUN_002293,0,0.0,0,pos,0,0.0,0,pos
FUN_002902,0,0.0,0,pos,0,0.0,0,pos
FUN_005186,0,0.0,0,pos,0,0.0,0,pos
FUN_001379,36,0.05263157894736842,0,pos,0,0.0,0,pos
FUN_000949,84,0.03783783783783784,1,pos_s1344_e1428,0,0.0,0,pos
FUN_003382,54,0.04128440366972477,1,pos_s1182_e1236,0,0.0,0,pos
FUN_006872,0,0.0,0,pos,0,0.0,0,pos
FUN_012282,0,0.0,0,pos,0,0.0,0,pos
FUN_007252,126,0.03874538745387454,2,pos_s642_e672_s1224_e1278,42,0.012915129151291513,1,pos_s1224_e1266
FUN_016448,0,0.0,0,pos,0,0.0,0,pos
FUN_005473,0,0.0,0,pos,0,0.0,0,pos
FUN_009461,6,0.004424778761061947,0,pos,0,0.0,0,pos
FUN_004333,66,0.03832752613240418,1,pos_s1656_e1704,0,0.0,0,pos
FUN_009198,162,0.1062992125984252,3,pos_s684_e714_s858_e894_s1134_e1224,108,0.07086614173228346,1,pos_s1134_e1218
FUN_016609,0,0.0,0,pos,0,0.0,0,pos
FUN_003676,0,0.0,0,pos,0,0.0,0,pos
FUN_016256,0,0.0,0,pos,0,0.0,0,pos
FUN_011817,0,0.0,0,pos,0,0.0,0,pos
FUN_007167,0,0.0,0,pos,0,0.0,0,pos
FUN_010393,0,0.0,0,pos,0,0.0,0,pos
FUN_001439,42,0.21875,0,pos,36,0.1875,0,pos
FUN_009413,0,0.0,0,pos,0,0.0,0,pos
FUN_011955,0,0.0,0,pos,0,0.0,0,pos
FUN_009085,0,0.0,0,pos,0,0.0,0,pos
FUN_008768,36,0.022556390977443608,0,pos,0,0.0,0,pos
FUN_002081,0,0.0,0,pos,0,0.0,0,pos
FUN_000737,0,0.0,0,pos,0,0.0,0,pos
FUN_011458,30,0.00782472613458529,0,pos,0,0.0,0,pos
FUN_006779,132,0.12643678160919541,2,pos_s210_e240_s912_e1014,48,0.04597701149425287,1,pos_s960_e1008
FUN_003638,0,0.0,0,pos,0,0.0,0,pos
FUN_005699,0,0.0,0,pos,0,0.0,0,pos
FUN_009112,0,0.0,0,pos,0,0.0,0,pos
FUN_009686,0,0.0,0,pos,0,0.0,0,pos
FUN_001663,0,0.0,0,pos,0,0.0,0,pos
FUN_003454,0,0.0,0,pos,0,0.0,0,pos
FUN_000686,108,0.026509572901325478,3,pos_s78_e126_s3402_e3432_s3516_e3546,0,0.0,0,pos
FUN_016286,0,0.0,0,pos,0,0.0,0,pos
FUN_008235,84,0.05761316872427984,2,pos_s96_e126_s792_e846,0,0.0,0,pos
FUN_005115,0,0.0,0,pos,0,0.0,0,pos
FUN_001995,0,0.0,0,pos,0,0.0,0,pos
FUN_010619,0,0.0,0,pos,0,0.0,0,pos
FUN_012483,0,0.0,0,pos,0,0.0,0,pos
FUN_000628,0,0.0,0,pos,0,0.0,0,pos
FUN_010312,246,0.019096413600372612,1,pos_s10080_e10290,186,0.014438751746623195,1,pos_s10086_e10266
FUN_008910,96,0.14035087719298245,0,pos,66,0.09649122807017543,1,pos_s588_e648
FUN_010654,102,0.1827956989247312,2,pos_s0_e30_s54_e126,6,0.010752688172043012,0,pos
FUN_001441,0,0.0,0,pos,0,0.0,0,pos
FUN_001078,0,0.0,0,pos,0,0.0,0,pos
FUN_004846,96,0.04878048780487805,2,pos_s1470_e1530_s1782_e1818,42,0.021341463414634148,1,pos_s1494_e1530
FUN_015431,0,0.0,0,pos,0,0.0,0,pos
FUN_015582,0,0.0,0,pos,0,0.0,0,pos
FUN_009159,0,0.0,0,pos,0,0.0,0,pos
FUN_010620,0,0.0,0,pos,0,0.0,0,pos
FUN_007837,18,0.04838709677419355,0,pos,0,0.0,0,pos
FUN_011788,0,0.0,0,pos,0,0.0,0,pos
FUN_008005,0,0.0,0,pos,0,0.0,0,pos
FUN_000942,174,0.058,2,pos_s1860_e1896_s2142_e2256,84,0.028,2,pos_s2142_e2184_s2190_e2232
FUN_005691,0,0.0,0,pos,0,0.0,0,pos
FUN_001660,0,0.0,0,pos,0,0.0,0,pos
FUN_004756,0,0.0,0,pos,0,0.0,0,pos
FUN_003192,0,0.0,0,pos,0,0.0,0,pos
FUN_002671,0,0.0,0,pos,0,0.0,0,pos
FUN_016430,0,0.0,0,pos,0,0.0,0,pos
FUN_007160,192,0.10031347962382445,3,pos_s972_e1038_s1152_e1182_s1386_e1470,60,0.03134796238244514,1,pos_s1404_e1446
FUN_005487,72,0.008664259927797834,1,pos_s4824_e4872,0,0.0,0,pos
FUN_009228,0,0.0,0,pos,0,0.0,0,pos
FUN_005386,0,0.0,0,pos,0,0.0,0,pos
FUN_003890,0,0.0,0,pos,0,0.0,0,pos
FUN_010388,0,0.0,0,pos,0,0.0,0,pos
FUN_006652,60,0.01597444089456869,0,pos,12,0.003194888178913738,0,pos
FUN_004838,0,0.0,0,pos,0,0.0,0,pos
FUN_015539,0,0.0,0,pos,0,0.0,0,pos
FUN_005459,0,0.0,0,pos,0,0.0,0,pos
FUN_015256,0,0.0,0,pos,0,0.0,0,pos
FUN_000607,0,0.0,0,pos,0,0.0,0,pos
FUN_000720,18,0.0066518847006651885,0,pos,0,0.0,0,pos
FUN_007520,90,0.027522935779816515,1,pos_s2448_e2514,0,0.0,0,pos
FUN_007504,30,0.00922509225092251,1,pos_s1548_e1578,12,0.0036900369003690036,0,pos
FUN_007115,0,0.0,0,pos,0,0.0,0,pos
FUN_015813,0,0.0,0,pos,0,0.0,0,pos
FUN_010769,54,0.06521739130434782,0,pos,30,0.036231884057971016,1,pos_s774_e804
FUN_011997,0,0.0,0,pos,0,0.0,0,pos
FUN_006325,0,0.0,0,pos,0,0.0,0,pos
FUN_004182,36,0.034482758620689655,0,pos,0,0.0,0,pos
FUN_009447,54,0.072,1,pos_s570_e612,0,0.0,0,pos
FUN_003083,36,0.024691358024691357,1,pos_s504_e540,0,0.0,0,pos
FUN_011742,0,0.0,0,pos,0,0.0,0,pos
FUN_001961,0,0.0,0,pos,0,0.0,0,pos
FUN_010965,0,0.0,0,pos,0,0.0,0,pos
FUN_004545,210,0.04874651810584958,2,pos_s1530_e1572_s1758_e1818,36,0.008356545961002786,0,pos
FUN_011827,0,0.0,0,pos,0,0.0,0,pos
FUN_007942,312,0.1984732824427481,2,pos_s666_e792_s966_e1056,186,0.1183206106870229,2,pos_s702_e780_s996_e1050
FUN_002327,0,0.0,0,pos,0,0.0,0,pos
FUN_002482,0,0.0,0,pos,0,0.0,0,pos
FUN_005830,66,0.08661417322834646,0,pos,66,0.08661417322834646,0,pos
FUN_002074,0,0.0,0,pos,0,0.0,0,pos
FUN_001566,0,0.0,0,pos,0,0.0,0,pos
FUN_003923,0,0.0,0,pos,0,0.0,0,pos
FUN_010204,156,0.09420289855072464,1,pos_s1236_e1308,78,0.04710144927536232,1,pos_s1254_e1308
FUN_004076,0,0.0,0,pos,0,0.0,0,pos
FUN_011361,0,0.0,0,pos,0,0.0,0,pos
FUN_006307,0,0.0,0,pos,0,0.0,0,pos
FUN_005405,0,0.0,0,pos,0,0.0,0,pos
FUN_002534,0,0.0,0,pos,0,0.0,0,pos
FUN_002675,0,0.0,0,pos,0,0.0,0,pos
FUN_001113,0,0.0,0,pos,0,0.0,0,pos
FUN_001769,0,0.0,0,pos,0,0.0,0,pos
FUN_010337,120,0.0547945205479452,1,pos_s372_e426,30,0.0136986301369863,0,pos
FUN_010606,30,0.03355704697986577,0,pos,0,0.0,0,pos
FUN_016689,0,0.0,0,pos,0,0.0,0,pos
FUN_008755,0,0.0,0,pos,0,0.0,0,pos
FUN_011848,0,0.0,0,pos,0,0.0,0,pos
FUN_006345,0,0.0,0,pos,0,0.0,0,pos
FUN_016667,0,0.0,0,pos,0,0.0,0,pos
FUN_003241,36,0.012219959266802444,1,pos_s636_e672,6,0.002036659877800407,0,pos
FUN_002697,156,0.16149068322981366,2,pos_s0_e60_s816_e912,120,0.12422360248447205,1,pos_s816_e906
FUN_010464,0,0.0,0,pos,0,0.0,0,pos
FUN_015263,0,0.0,0,pos,0,0.0,0,pos
FUN_001270,156,0.12322274881516587,2,pos_s348_e414_s1134_e1164,12,0.009478672985781991,0,pos
FUN_007676,0,0.0,0,pos,0,0.0,0,pos
FUN_012470,0,0.0,0,pos,0,0.0,0,pos
FUN_001415,0,0.0,0,pos,0,0.0,0,pos
FUN_016151,0,0.0,0,pos,0,0.0,0,pos
FUN_010407,0,0.0,0,pos,0,0.0,0,pos
FUN_008122,0,0.0,0,pos,0,0.0,0,pos
FUN_012162,0,0.0,0,pos,0,0.0,0,pos
FUN_009288,0,0.0,0,pos,0,0.0,0,pos
FUN_004411,0,0.0,0,pos,0,0.0,0,pos
FUN_009534,0,0.0,0,pos,0,0.0,0,pos
FUN_008135,0,0.0,0,pos,0,0.0,0,pos
FUN_004883,24,0.01384083044982699,0,pos,0,0.0,0,pos
FUN_005973,0,0.0,0,pos,0,0.0,0,pos
FUN_010328,0,0.0,0,pos,0,0.0,0,pos
FUN_003687,0,0.0,0,pos,0,0.0,0,pos
FUN_007043,0,0.0,0,pos,0,0.0,0,pos
FUN_001696,0,0.0,0,pos,0,0.0,0,pos
FUN_000396,12,0.008547008547008548,0,pos,0,0.0,0,pos
FUN_005272,0,0.0,0,pos,0,0.0,0,pos
FUN_000158,12,0.011428571428571429,0,pos,0,0.0,0,pos
FUN_010273,0,0.0,0,pos,0,0.0,0,pos
FUN_002355,90,0.05190311418685121,1,pos_s1416_e1482,30,0.01730103806228374,1,pos_s1428_e1458
FUN_006429,84,0.05343511450381679,1,pos_s1440_e1494,0,0.0,0,pos
FUN_000697,0,0.0,0,pos,0,0.0,0,pos
FUN_016817,0,0.0,0,pos,0,0.0,0,pos
FUN_016291,0,0.0,0,pos,0,0.0,0,pos
FUN_002889,60,0.020161290322580645,2,pos_s648_e678_s2130_e2160,0,0.0,0,pos
FUN_005435,0,0.0,0,pos,0,0.0,0,pos
FUN_005824,12,0.011235955056179775,0,pos,0,0.0,0,pos
FUN_016297,0,0.0,0,pos,0,0.0,0,pos
FUN_007166,60,0.027472527472527472,0,pos,0,0.0,0,pos
FUN_003980,18,0.012048192771084338,0,pos,0,0.0,0,pos
FUN_002439,0,0.0,0,pos,0,0.0,0,pos
FUN_004380,0,0.0,0,pos,0,0.0,0,pos
FUN_011405,0,0.0,0,pos,0,0.0,0,pos
FUN_015600,0,0.0,0,pos,0,0.0,0,pos
FUN_009861,0,0.0,0,pos,0,0.0,0,pos
FUN_006825,0,0.0,0,pos,0,0.0,0,pos
FUN_015910,0,0.0,0,pos,0,0.0,0,pos
FUN_004234,0,0.0,0,pos,0,0.0,0,pos
FUN_002364,0,0.0,0,pos,0,0.0,0,pos
FUN_001026,216,0.054380664652567974,4,pos_s1740_e1770_s1794_e1824_s2838_e2934_s3852_e3906,126,0.03172205438066465,2,pos_s1740_e1770_s2838_e2934
FUN_003158,0,0.0,0,pos,0,0.0,0,pos
FUN_008299,6,0.0035587188612099642,0,pos,0,0.0,0,pos
FUN_007507,0,0.0,0,pos,0,0.0,0,pos
FUN_016109,0,0.0,0,pos,0,0.0,0,pos
FUN_002322,18,0.0010737294201861132,0,pos,0,0.0,0,pos
FUN_015374,0,0.0,0,pos,0,0.0,0,pos
FUN_005342,0,0.0,0,pos,0,0.0,0,pos
FUN_005612,0,0.0,0,pos,0,0.0,0,pos
FUN_011130,450,0.11885895404120443,5,pos_s516_e546_s1026_e1086_s2754_e2790_s3096_e3144_s3234_e3330,84,0.022187004754358162,1,pos_s3234_e3288
FUN_002726,0,0.0,0,pos,0,0.0,0,pos
FUN_012379,0,0.0,0,pos,0,0.0,0,pos
FUN_005527,0,0.0,0,pos,0,0.0,0,pos
FUN_010109,108,0.0661764705882353,1,pos_s372_e456,0,0.0,0,pos
FUN_008091,78,0.014942528735632184,1,pos_s1086_e1116,0,0.0,0,pos
FUN_008826,222,0.13167259786476868,3,pos_s276_e306_s1260_e1338_s1536_e1578,30,0.017793594306049824,0,pos
FUN_005559,0,0.0,0,pos,0,0.0,0,pos
FUN_009298,0,0.0,0,pos,0,0.0,0,pos
FUN_005267,0,0.0,0,pos,0,0.0,0,pos
FUN_003671,0,0.0,0,pos,0,0.0,0,pos
FUN_000322,60,0.020833333333333332,1,pos_s1752_e1812,0,0.0,0,pos
FUN_010862,0,0.0,0,pos,0,0.0,0,pos
FUN_015529,0,0.0,0,pos,0,0.0,0,pos
FUN_006970,0,0.0,0,pos,0,0.0,0,pos
FUN_000817,0,0.0,0,pos,0,0.0,0,pos
FUN_005346,0,0.0,0,pos,0,0.0,0,pos
FUN_011218,162,0.036885245901639344,3,pos_s1992_e2040_s2274_e2304_s3390_e3420,0,0.0,0,pos
FUN_003728,78,0.020440251572327043,1,pos_s222_e252,0,0.0,0,pos
FUN_016230,0,0.0,0,pos,0,0.0,0,pos
FUN_002124,0,0.0,0,pos,0,0.0,0,pos
FUN_011393,60,0.07874015748031496,0,pos,24,0.031496062992125984,0,pos
FUN_006740,0,0.0,0,pos,0,0.0,0,pos
FUN_003358,0,0.0,0,pos,0,0.0,0,pos
FUN_011584,0,0.0,0,pos,0,0.0,0,pos
FUN_003712,0,0.0,0,pos,0,0.0,0,pos
FUN_004865,0,0.0,0,pos,0,0.0,0,pos
FUN_005994,42,0.020833333333333332,1,pos_s1806_e1836,6,0.002976190476190476,0,pos
FUN_015649,60,0.03558718861209965,1,pos_s708_e768,0,0.0,0,pos
FUN_005328,228,0.08520179372197309,3,pos_s162_e246_s282_e366_s396_e426,18,0.006726457399103139,0,pos
FUN_005097,90,0.05639097744360902,1,pos_s1332_e1422,0,0.0,0,pos
FUN_009197,576,0.12355212355212356,7,pos_s72_e132_s1458_e1512_s1896_e1962_s1968_e2016_s3378_e3444_s3492_e3588_s3708_e3810,102,0.021879021879021878,1,pos_s3492_e3588
FUN_004601,30,0.026455026455026454,1,pos_s336_e366,0,0.0,0,pos
FUN_006272,0,0.0,0,pos,0,0.0,0,pos
FUN_005938,0,0.0,0,pos,0,0.0,0,pos
FUN_008984,84,0.07253886010362694,1,pos_s90_e144,12,0.010362694300518135,0,pos
FUN_002656,114,0.07692307692307693,1,pos_s1404_e1452,42,0.02834008097165992,1,pos_s1404_e1440
FUN_003626,0,0.0,0,pos,0,0.0,0,pos
FUN_009571,0,0.0,0,pos,0,0.0,0,pos
FUN_006285,18,0.03333333333333333,0,pos,0,0.0,0,pos
FUN_002550,78,0.11504424778761062,1,pos_s618_e654,0,0.0,0,pos
FUN_006410,0,0.0,0,pos,0,0.0,0,pos
FUN_005840,0,0.0,0,pos,0,0.0,0,pos
FUN_016250,0,0.0,0,pos,0,0.0,0,pos
FUN_011842,0,0.0,0,pos,0,0.0,0,pos
FUN_000170,0,0.0,0,pos,0,0.0,0,pos
FUN_007015,0,0.0,0,pos,0,0.0,0,pos
FUN_005341,12,0.0061162079510703364,0,pos,0,0.0,0,pos
FUN_001432,0,0.0,0,pos,0,0.0,0,pos
FUN_011395,330,0.13033175355450238,3,pos_s300_e366_s1236_e1332_s2172_e2298,132,0.052132701421800945,2,pos_s312_e366_s1236_e1308
FUN_001738,6,0.002320185614849188,0,pos,0,0.0,0,pos
FUN_008850,0,0.0,0,pos,0,0.0,0,pos
FUN_005136,0,0.0,0,pos,0,0.0,0,pos
FUN_006774,42,0.041916167664670656,1,pos_s618_e660,0,0.0,0,pos
FUN_009019,0,0.0,0,pos,0,0.0,0,pos
FUN_015802,0,0.0,0,pos,0,0.0,0,pos
FUN_010473,0,0.0,0,pos,0,0.0,0,pos
FUN_012094,0,0.0,0,pos,0,0.0,0,pos
FUN_007237,0,0.0,0,pos,0,0.0,0,pos
FUN_001812,0,0.0,0,pos,0,0.0,0,pos
FUN_015420,0,0.0,0,pos,0,0.0,0,pos
FUN_010782,0,0.0,0,pos,0,0.0,0,pos
FUN_001111,0,0.0,0,pos,0,0.0,0,pos
FUN_012429,0,0.0,0,pos,0,0.0,0,pos
FUN_008560,0,0.0,0,pos,0,0.0,0,pos
FUN_015646,0,0.0,0,pos,0,0.0,0,pos
FUN_000523,0,0.0,0,pos,0,0.0,0,pos
FUN_005197,198,0.07586206896551724,3,pos_s360_e420_s432_e498_s1218_e1290,6,0.0022988505747126436,0,pos
FUN_003474,42,0.0546875,1,pos_s90_e132,6,0.0078125,0,pos
FUN_006354,0,0.0,0,pos,0,0.0,0,pos
FUN_015553,0,0.0,0,pos,0,0.0,0,pos
FUN_005015,0,0.0,0,pos,0,0.0,0,pos
FUN_012500,0,0.0,0,pos,0,0.0,0,pos
FUN_000016,0,0.0,0,pos,0,0.0,0,pos
FUN_016796,0,0.0,0,pos,0,0.0,0,pos
FUN_009287,0,0.0,0,pos,0,0.0,0,pos
FUN_002912,0,0.0,0,pos,0,0.0,0,pos
FUN_001416,60,0.07751937984496124,0,pos,54,0.06976744186046512,0,pos
FUN_005520,0,0.0,0,pos,0,0.0,0,pos
FUN_000603,0,0.0,0,pos,0,0.0,0,pos
FUN_015255,0,0.0,0,pos,0,0.0,0,pos
FUN_015613,0,0.0,0,pos,0,0.0,0,pos
FUN_009695,0,0.0,0,pos,0,0.0,0,pos
FUN_010359,0,0.0,0,pos,0,0.0,0,pos
FUN_005314,0,0.0,0,pos,0,0.0,0,pos
FUN_006787,0,0.0,0,pos,0,0.0,0,pos
FUN_012167,0,0.0,0,pos,0,0.0,0,pos
FUN_011063,66,0.06285714285714286,1,pos_s522_e564,0,0.0,0,pos
FUN_001545,0,0.0,0,pos,0,0.0,0,pos
FUN_007787,0,0.0,0,pos,0,0.0,0,pos
FUN_012315,0,0.0,0,pos,0,0.0,0,pos
FUN_001717,0,0.0,0,pos,0,0.0,0,pos
FUN_015736,0,0.0,0,pos,0,0.0,0,pos
FUN_011474,18,0.00702576112412178,0,pos,0,0.0,0,pos
FUN_009930,90,0.11538461538461539,0,pos,42,0.05384615384615385,1,pos_s720_e762
FUN_015705,0,0.0,0,pos,0,0.0,0,pos
FUN_000014,0,0.0,0,pos,0,0.0,0,pos
FUN_005103,114,0.029275808936825885,1,pos_s3204_e3318,114,0.029275808936825885,1,pos_s3204_e3318
FUN_005949,0,0.0,0,pos,0,0.0,0,pos
FUN_008179,0,0.0,0,pos,0,0.0,0,pos
FUN_010071,0,0.0,0,pos,0,0.0,0,pos
FUN_001758,0,0.0,0,pos,0,0.0,0,pos
FUN_006324,0,0.0,0,pos,0,0.0,0,pos
FUN_000669,0,0.0,0,pos,0,0.0,0,pos
FUN_001358,0,0.0,0,pos,0,0.0,0,pos
FUN_001156,12,0.02197802197802198,0,pos,0,0.0,0,pos
FUN_009713,18,0.006564551422319475,0,pos,0,0.0,0,pos
FUN_002527,132,0.2857142857142857,1,pos_s78_e210,6,0.012987012987012988,0,pos
FUN_005465,0,0.0,0,pos,0,0.0,0,pos
FUN_005858,0,0.0,0,pos,0,0.0,0,pos
FUN_006418,18,0.020833333333333332,0,pos,0,0.0,0,pos
FUN_011891,0,0.0,0,pos,0,0.0,0,pos
FUN_009435,0,0.0,0,pos,0,0.0,0,pos
FUN_003410,0,0.0,0,pos,0,0.0,0,pos
FUN_016699,0,0.0,0,pos,0,0.0,0,pos
FUN_012070,0,0.0,0,pos,0,0.0,0,pos
FUN_007209,0,0.0,0,pos,0,0.0,0,pos
FUN_012012,0,0.0,0,pos,0,0.0,0,pos
FUN_008148,48,0.12903225806451613,1,pos_s258_e294,0,0.0,0,pos
FUN_006405,0,0.0,0,pos,0,0.0,0,pos
FUN_009440,60,0.03115264797507788,1,pos_s444_e492,12,0.006230529595015576,0,pos
FUN_006935,0,0.0,0,pos,0,0.0,0,pos
FUN_016123,0,0.0,0,pos,0,0.0,0,pos
FUN_009239,30,0.09803921568627451,0,pos,6,0.0196078431372549,0,pos
FUN_003745,0,0.0,0,pos,0,0.0,0,pos
FUN_007365,12,0.014814814814814815,0,pos,0,0.0,0,pos
FUN_007373,0,0.0,0,pos,0,0.0,0,pos
FUN_000379,0,0.0,0,pos,0,0.0,0,pos
FUN_000491,24,0.01694915254237288,0,pos,0,0.0,0,pos
FUN_002106,60,0.03787878787878788,1,pos_s1512_e1548,0,0.0,0,pos
FUN_008791,0,0.0,0,pos,0,0.0,0,pos
FUN_002499,0,0.0,0,pos,0,0.0,0,pos
FUN_009951,0,0.0,0,pos,0,0.0,0,pos
FUN_006852,0,0.0,0,pos,0,0.0,0,pos
FUN_007799,0,0.0,0,pos,0,0.0,0,pos
FUN_009327,24,0.008602150537634409,0,pos,0,0.0,0,pos
FUN_012216,0,0.0,0,pos,0,0.0,0,pos
FUN_007349,0,0.0,0,pos,0,0.0,0,pos
FUN_010629,48,0.037914691943127965,1,pos_s570_e618,0,0.0,0,pos
FUN_003997,0,0.0,0,pos,0,0.0,0,pos
FUN_015482,0,0.0,0,pos,0,0.0,0,pos
FUN_007915,48,0.06015037593984962,0,pos,0,0.0,0,pos
FUN_015741,0,0.0,0,pos,0,0.0,0,pos
FUN_000990,30,0.0390625,1,pos_s324_e354,0,0.0,0,pos
FUN_007088,0,0.0,0,pos,0,0.0,0,pos
FUN_000251,0,0.0,0,pos,0,0.0,0,pos
FUN_006027,246,0.05718270571827057,2,pos_s1560_e1692_s3678_e3756,102,0.023709902370990237,1,pos_s1560_e1638
FUN_005764,0,0.0,0,pos,0,0.0,0,pos
FUN_002358,0,0.0,0,pos,0,0.0,0,pos
FUN_007790,0,0.0,0,pos,0,0.0,0,pos
FUN_006714,0,0.0,0,pos,0,0.0,0,pos
FUN_004319,0,0.0,0,pos,0,0.0,0,pos
FUN_012222,132,0.05263157894736842,3,pos_s450_e492_s1710_e1740_s2010_e2052,36,0.014354066985645933,1,pos_s2010_e2046
FUN_007823,0,0.0,0,pos,0,0.0,0,pos
FUN_007740,0,0.0,0,pos,0,0.0,0,pos
FUN_001987,0,0.0,0,pos,0,0.0,0,pos
FUN_005894,0,0.0,0,pos,0,0.0,0,pos
FUN_006198,120,0.023228803716608595,1,pos_s1302_e1404,66,0.012775842044134728,1,pos_s1314_e1380
FUN_001033,0,0.0,0,pos,0,0.0,0,pos
FUN_006993,84,0.10218978102189781,1,pos_s486_e570,36,0.043795620437956206,0,pos
FUN_004903,0,0.0,0,pos,0,0.0,0,pos
FUN_008327,0,0.0,0,pos,0,0.0,0,pos
FUN_005429,0,0.0,0,pos,0,0.0,0,pos
FUN_000583,0,0.0,0,pos,0,0.0,0,pos
FUN_010279,0,0.0,0,pos,0,0.0,0,pos
FUN_007371,0,0.0,0,pos,0,0.0,0,pos
FUN_015909,0,0.0,0,pos,0,0.0,0,pos
FUN_010749,0,0.0,0,pos,0,0.0,0,pos
FUN_003442,0,0.0,0,pos,0,0.0,0,pos
FUN_008407,0,0.0,0,pos,0,0.0,0,pos
FUN_012301,0,0.0,0,pos,0,0.0,0,pos
FUN_008348,0,0.0,0,pos,0,0.0,0,pos
FUN_006476,0,0.0,0,pos,0,0.0,0,pos
FUN_015612,0,0.0,0,pos,0,0.0,0,pos
FUN_006088,0,0.0,0,pos,0,0.0,0,pos
FUN_012268,0,0.0,0,pos,0,0.0,0,pos
FUN_004797,0,0.0,0,pos,0,0.0,0,pos
FUN_000552,0,0.0,0,pos,0,0.0,0,pos
FUN_008325,0,0.0,0,pos,0,0.0,0,pos
FUN_004735,0,0.0,0,pos,0,0.0,0,pos
FUN_008239,126,0.21428571428571427,1,pos_s186_e306,54,0.09183673469387756,1,pos_s204_e234
FUN_004180,0,0.0,0,pos,0,0.0,0,pos
FUN_002191,0,0.0,0,pos,0,0.0,0,pos
FUN_006121,0,0.0,0,pos,0,0.0,0,pos
FUN_009809,12,0.011299435028248588,0,pos,0,0.0,0,pos
FUN_003406,48,0.05714285714285714,1,pos_s378_e414,0,0.0,0,pos
FUN_005884,60,0.025252525252525252,1,pos_s132_e174,18,0.007575757575757576,0,pos
FUN_002597,0,0.0,0,pos,0,0.0,0,pos
FUN_006883,0,0.0,0,pos,0,0.0,0,pos
FUN_015411,0,0.0,0,pos,0,0.0,0,pos
FUN_011358,0,0.0,0,pos,0,0.0,0,pos
FUN_005100,0,0.0,0,pos,0,0.0,0,pos
FUN_011202,0,0.0,0,pos,0,0.0,0,pos
FUN_007243,0,0.0,0,pos,0,0.0,0,pos
FUN_008023,120,0.056179775280898875,1,pos_s1716_e1812,24,0.011235955056179775,0,pos
FUN_011349,0,0.0,0,pos,0,0.0,0,pos
FUN_015704,0,0.0,0,pos,0,0.0,0,pos
FUN_012442,0,0.0,0,pos,0,0.0,0,pos
FUN_005645,0,0.0,0,pos,0,0.0,0,pos
FUN_002557,6,0.005434782608695652,0,pos,0,0.0,0,pos
FUN_011700,0,0.0,0,pos,0,0.0,0,pos
FUN_010424,0,0.0,0,pos,0,0.0,0,pos
FUN_015841,0,0.0,0,pos,0,0.0,0,pos
FUN_007100,30,0.04424778761061947,0,pos,0,0.0,0,pos
FUN_001526,0,0.0,0,pos,0,0.0,0,pos
FUN_015473,0,0.0,0,pos,0,0.0,0,pos
FUN_008459,54,0.019522776572668113,1,pos_s1416_e1464,42,0.015184381778741865,1,pos_s1422_e1464
FUN_009715,30,0.023809523809523808,0,pos,0,0.0,0,pos
FUN_003112,0,0.0,0,pos,0,0.0,0,pos
FUN_006804,0,0.0,0,pos,0,0.0,0,pos
FUN_005999,6,0.00625,0,pos,0,0.0,0,pos
FUN_015514,0,0.0,0,pos,0,0.0,0,pos
FUN_009260,0,0.0,0,pos,0,0.0,0,pos
FUN_006515,0,0.0,0,pos,0,0.0,0,pos
FUN_003988,60,0.039525691699604744,1,pos_s948_e1008,0,0.0,0,pos
FUN_016233,0,0.0,0,pos,0,0.0,0,pos
FUN_009662,0,0.0,0,pos,0,0.0,0,pos
FUN_001265,0,0.0,0,pos,0,0.0,0,pos
FUN_009482,0,0.0,0,pos,0,0.0,0,pos
FUN_010702,360,0.7407407407407407,3,pos_s108_e234_s270_e396_s402_e474,24,0.04938271604938271,0,pos
FUN_003770,0,0.0,0,pos,0,0.0,0,pos
FUN_000232,30,0.04716981132075472,0,pos,6,0.009433962264150943,0,pos
FUN_005762,0,0.0,0,pos,0,0.0,0,pos
FUN_000954,30,0.01730103806228374,0,pos,0,0.0,0,pos
FUN_004465,0,0.0,0,pos,0,0.0,0,pos
FUN_001011,18,0.02459016393442623,0,pos,6,0.00819672131147541,0,pos
FUN_003756,24,0.01818181818181818,0,pos,0,0.0,0,pos
FUN_003209,36,0.03821656050955414,1,pos_s162_e198,0,0.0,0,pos
FUN_000988,0,0.0,0,pos,0,0.0,0,pos
FUN_009654,108,0.13953488372093023,2,pos_s348_e378_s468_e540,30,0.03875968992248062,1,pos_s468_e498
FUN_000079,42,0.013592233009708738,0,pos,0,0.0,0,pos
FUN_005188,0,0.0,0,pos,0,0.0,0,pos
FUN_001128,348,0.06331877729257641,2,pos_s336_e432_s1506_e1584,78,0.014192139737991267,1,pos_s1554_e1584
FUN_004718,42,0.09722222222222222,1,pos_s0_e42,0,0.0,0,pos
FUN_010268,0,0.0,0,pos,0,0.0,0,pos
FUN_008729,72,0.10344827586206896,0,pos,0,0.0,0,pos
FUN_000979,0,0.0,0,pos,0,0.0,0,pos
FUN_007856,0,0.0,0,pos,0,0.0,0,pos
FUN_005041,114,0.02191464821222607,1,pos_s1740_e1776,6,0.0011534025374855825,0,pos
FUN_005930,66,0.20754716981132076,0,pos,0,0.0,0,pos
FUN_008172,0,0.0,0,pos,0,0.0,0,pos
FUN_010213,48,0.0547945205479452,1,pos_s168_e216,0,0.0,0,pos
FUN_004600,0,0.0,0,pos,0,0.0,0,pos
FUN_002688,234,0.11746987951807229,2,pos_s1092_e1170_s1212_e1338,54,0.02710843373493976,1,pos_s1278_e1308
FUN_015890,0,0.0,0,pos,0,0.0,0,pos
FUN_007530,96,0.057971014492753624,1,pos_s486_e552,66,0.03985507246376811,1,pos_s486_e552
FUN_011752,0,0.0,0,pos,0,0.0,0,pos
FUN_004226,198,0.336734693877551,3,pos_s306_e336_s354_e414_s438_e474,18,0.030612244897959183,0,pos
FUN_006685,0,0.0,0,pos,0,0.0,0,pos
FUN_011340,78,0.09701492537313433,1,pos_s624_e678,6,0.007462686567164179,0,pos
FUN_010705,0,0.0,0,pos,0,0.0,0,pos
FUN_006402,42,0.026923076923076925,1,pos_s1506_e1548,0,0.0,0,pos
FUN_012169,0,0.0,0,pos,0,0.0,0,pos
FUN_000387,54,0.0430622009569378,0,pos,24,0.019138755980861243,0,pos
FUN_001222,0,0.0,0,pos,0,0.0,0,pos
FUN_011779,0,0.0,0,pos,0,0.0,0,pos
FUN_016065,0,0.0,0,pos,0,0.0,0,pos
FUN_003484,36,0.11764705882352941,1,pos_s120_e156,0,0.0,0,pos
FUN_005859,0,0.0,0,pos,0,0.0,0,pos
FUN_004664,30,0.033783783783783786,1,pos_s120_e150,24,0.02702702702702703,0,pos
FUN_016225,0,0.0,0,pos,0,0.0,0,pos
FUN_007912,18,0.0125,0,pos,0,0.0,0,pos
FUN_010687,0,0.0,0,pos,0,0.0,0,pos
FUN_005716,42,0.040697674418604654,1,pos_s936_e966,0,0.0,0,pos
FUN_004901,0,0.0,0,pos,0,0.0,0,pos
FUN_008844,12,0.0056022408963585435,0,pos,0,0.0,0,pos
FUN_016138,0,0.0,0,pos,0,0.0,0,pos
FUN_003080,0,0.0,0,pos,0,0.0,0,pos
FUN_003485,0,0.0,0,pos,0,0.0,0,pos
FUN_016661,0,0.0,0,pos,0,0.0,0,pos
FUN_003228,0,0.0,0,pos,0,0.0,0,pos
FUN_011953,0,0.0,0,pos,0,0.0,0,pos
FUN_005206,0,0.0,0,pos,0,0.0,0,pos
FUN_007503,0,0.0,0,pos,0,0.0,0,pos
FUN_001808,0,0.0,0,pos,0,0.0,0,pos
FUN_006736,6,0.0015128593040847202,0,pos,0,0.0,0,pos
FUN_004441,0,0.0,0,pos,0,0.0,0,pos
FUN_005170,84,0.06086956521739131,1,pos_s450_e534,12,0.008695652173913044,0,pos
FUN_016696,0,0.0,0,pos,0,0.0,0,pos
FUN_009078,126,0.21428571428571427,0,pos,48,0.08163265306122448,1,pos_s522_e552
FUN_003363,12,0.005988023952095809,0,pos,0,0.0,0,pos
FUN_010343,0,0.0,0,pos,0,0.0,0,pos
FUN_011425,0,0.0,0,pos,0,0.0,0,pos
FUN_009848,0,0.0,0,pos,0,0.0,0,pos
FUN_007200,0,0.0,0,pos,0,0.0,0,pos
FUN_000244,72,0.04332129963898917,1,pos_s1476_e1542,6,0.0036101083032490976,0,pos
FUN_002408,0,0.0,0,pos,0,0.0,0,pos
FUN_008242,0,0.0,0,pos,0,0.0,0,pos
FUN_009213,0,0.0,0,pos,0,0.0,0,pos
FUN_004122,18,0.03,0,pos,6,0.01,0,pos
FUN_009931,0,0.0,0,pos,0,0.0,0,pos
FUN_008418,0,0.0,0,pos,0,0.0,0,pos
FUN_009294,24,0.010666666666666666,0,pos,0,0.0,0,pos
FUN_008753,60,0.026455026455026454,0,pos,6,0.0026455026455026454,0,pos
FUN_012449,0,0.0,0,pos,0,0.0,0,pos
FUN_003835,0,0.0,0,pos,0,0.0,0,pos
FUN_001110,0,0.0,0,pos,0,0.0,0,pos
FUN_003166,0,0.0,0,pos,0,0.0,0,pos
FUN_006058,6,0.019230769230769232,0,pos,0,0.0,0,pos
FUN_015555,0,0.0,0,pos,0,0.0,0,pos
FUN_009659,0,0.0,0,pos,0,0.0,0,pos
FUN_003594,0,0.0,0,pos,0,0.0,0,pos
FUN_004839,48,0.017738359201773836,1,pos_s2400_e2430,6,0.0022172949002217295,0,pos
FUN_001161,114,0.09359605911330049,1,pos_s384_e468,0,0.0,0,pos
FUN_009180,198,0.021667760998030205,3,pos_s864_e918_s1968_e2022_s5736_e5796,84,0.009192383453709783,1,pos_s5742_e5796
FUN_009207,18,0.013636363636363636,0,pos,12,0.00909090909090909,0,pos
FUN_002264,0,0.0,0,pos,0,0.0,0,pos
FUN_009577,120,0.06451612903225806,1,pos_s150_e234,36,0.01935483870967742,1,pos_s150_e186
FUN_001968,0,0.0,0,pos,0,0.0,0,pos
FUN_011856,0,0.0,0,pos,0,0.0,0,pos
FUN_009706,6,0.002044989775051125,0,pos,0,0.0,0,pos
FUN_004830,0,0.0,0,pos,0,0.0,0,pos
FUN_015828,0,0.0,0,pos,0,0.0,0,pos
FUN_009068,0,0.0,0,pos,0,0.0,0,pos
FUN_012534,0,0.0,0,pos,0,0.0,0,pos
FUN_000333,372,0.16711590296495957,4,pos_s0_e102_s762_e840_s1260_e1302_s2070_e2130,84,0.03773584905660377,2,pos_s6_e42_s54_e102
FUN_015596,0,0.0,0,pos,0,0.0,0,pos
FUN_005247,0,0.0,0,pos,0,0.0,0,pos
FUN_001598,0,0.0,0,pos,0,0.0,0,pos
FUN_002718,0,0.0,0,pos,0,0.0,0,pos
FUN_006195,54,0.05232558139534884,1,pos_s978_e1014,0,0.0,0,pos
FUN_004827,24,0.06451612903225806,0,pos,12,0.03225806451612903,0,pos
FUN_010108,0,0.0,0,pos,0,0.0,0,pos
FUN_012475,0,0.0,0,pos,0,0.0,0,pos
FUN_006085,0,0.0,0,pos,0,0.0,0,pos
FUN_000584,0,0.0,0,pos,0,0.0,0,pos
FUN_000743,18,0.025210084033613446,0,pos,0,0.0,0,pos
FUN_010956,0,0.0,0,pos,0,0.0,0,pos
FUN_015782,0,0.0,0,pos,0,0.0,0,pos
FUN_001039,0,0.0,0,pos,0,0.0,0,pos
FUN_001044,36,0.021052631578947368,0,pos,0,0.0,0,pos
FUN_007217,42,0.02280130293159609,1,pos_s1620_e1650,6,0.003257328990228013,0,pos
FUN_008439,0,0.0,0,pos,0,0.0,0,pos
FUN_012154,42,0.009602194787379973,1,pos_s2226_e2268,0,0.0,0,pos
FUN_008679,0,0.0,0,pos,0,0.0,0,pos
FUN_008786,30,0.02824858757062147,0,pos,0,0.0,0,pos
FUN_005420,72,0.09022556390977443,1,pos_s492_e564,18,0.022556390977443608,0,pos
FUN_004462,0,0.0,0,pos,0,0.0,0,pos
FUN_008216,0,0.0,0,pos,0,0.0,0,pos
FUN_010297,0,0.0,0,pos,0,0.0,0,pos
FUN_003939,0,0.0,0,pos,0,0.0,0,pos
FUN_016526,0,0.0,0,pos,0,0.0,0,pos
FUN_000134,0,0.0,0,pos,0,0.0,0,pos
FUN_007090,108,0.04072398190045249,1,pos_s852_e912,48,0.01809954751131222,0,pos
FUN_000291,0,0.0,0,pos,0,0.0,0,pos
FUN_000914,42,0.014492753623188406,0,pos,6,0.002070393374741201,0,pos
FUN_000252,0,0.0,0,pos,0,0.0,0,pos
FUN_008885,0,0.0,0,pos,0,0.0,0,pos
FUN_002376,0,0.0,0,pos,0,0.0,0,pos
FUN_005545,0,0.0,0,pos,0,0.0,0,pos
FUN_015311,168,0.1308411214953271,1,pos_s438_e606,138,0.10747663551401869,2,pos_s456_e486_s498_e606
FUN_009965,0,0.0,0,pos,0,0.0,0,pos
FUN_002526,0,0.0,0,pos,0,0.0,0,pos
FUN_000413,36,0.016042780748663103,1,pos_s1872_e1908,12,0.0053475935828877,0,pos
FUN_006862,0,0.0,0,pos,0,0.0,0,pos
FUN_009109,6,0.004694835680751174,0,pos,0,0.0,0,pos
FUN_001584,0,0.0,0,pos,0,0.0,0,pos
FUN_011933,0,0.0,0,pos,0,0.0,0,pos
FUN_006440,60,0.05235602094240838,1,pos_s924_e984,6,0.005235602094240838,0,pos
FUN_003310,0,0.0,0,pos,0,0.0,0,pos
FUN_006294,0,0.0,0,pos,0,0.0,0,pos
FUN_011769,0,0.0,0,pos,0,0.0,0,pos
FUN_009874,0,0.0,0,pos,0,0.0,0,pos
FUN_004502,0,0.0,0,pos,0,0.0,0,pos
FUN_009202,0,0.0,0,pos,0,0.0,0,pos
FUN_009148,0,0.0,0,pos,0,0.0,0,pos
FUN_003693,0,0.0,0,pos,0,0.0,0,pos
FUN_001157,0,0.0,0,pos,0,0.0,0,pos
FUN_001636,0,0.0,0,pos,0,0.0,0,pos
FUN_000433,0,0.0,0,pos,0,0.0,0,pos
FUN_016716,0,0.0,0,pos,0,0.0,0,pos
FUN_011103,36,0.04081632653061224,1,pos_s408_e438,0,0.0,0,pos
FUN_006732,126,0.0549738219895288,2,pos_s720_e762_s2130_e2190,0,0.0,0,pos
FUN_005245,6,0.010101010101010102,0,pos,0,0.0,0,pos
FUN_010392,0,0.0,0,pos,0,0.0,0,pos
FUN_006797,90,0.07211538461538461,2,pos_s528_e576_s648_e690,66,0.052884615384615384,2,pos_s540_e576_s648_e678
FUN_000486,0,0.0,0,pos,0,0.0,0,pos
FUN_015934,0,0.0,0,pos,0,0.0,0,pos
FUN_004744,132,0.08396946564885496,2,pos_s480_e552_s1188_e1236,6,0.003816793893129771,0,pos
FUN_003017,54,0.14516129032258066,1,pos_s312_e360,0,0.0,0,pos
FUN_015760,0,0.0,0,pos,0,0.0,0,pos
FUN_012385,0,0.0,0,pos,0,0.0,0,pos
FUN_003674,0,0.0,0,pos,0,0.0,0,pos
FUN_007188,42,0.04895104895104895,0,pos,12,0.013986013986013986,0,pos
FUN_015744,0,0.0,0,pos,0,0.0,0,pos
FUN_006532,0,0.0,0,pos,0,0.0,0,pos
FUN_004083,0,0.0,0,pos,0,0.0,0,pos
FUN_000353,0,0.0,0,pos,0,0.0,0,pos
FUN_009613,0,0.0,0,pos,0,0.0,0,pos
FUN_004994,0,0.0,0,pos,0,0.0,0,pos
FUN_006100,0,0.0,0,pos,0,0.0,0,pos
FUN_005969,0,0.0,0,pos,0,0.0,0,pos
FUN_001990,0,0.0,0,pos,0,0.0,0,pos
FUN_009283,0,0.0,0,pos,0,0.0,0,pos
FUN_000804,24,0.01694915254237288,0,pos,0,0.0,0,pos
FUN_010770,0,0.0,0,pos,0,0.0,0,pos
FUN_003572,0,0.0,0,pos,0,0.0,0,pos
FUN_010752,0,0.0,0,pos,0,0.0,0,pos
FUN_004157,42,0.023026315789473683,1,pos_s54_e84,0,0.0,0,pos
FUN_003276,0,0.0,0,pos,0,0.0,0,pos
FUN_000672,66,0.08088235294117647,0,pos,0,0.0,0,pos
FUN_006351,0,0.0,0,pos,0,0.0,0,pos
FUN_007239,6,0.0016750418760469012,0,pos,0,0.0,0,pos
FUN_009735,0,0.0,0,pos,0,0.0,0,pos
FUN_007042,324,0.07180851063829788,1,pos_s3474_e3762,246,0.05452127659574468,3,pos_s3480_e3546_s3564_e3636_s3642_e3750
FUN_007141,0,0.0,0,pos,0,0.0,0,pos
FUN_009013,0,0.0,0,pos,0,0.0,0,pos
FUN_007385,18,0.0036855036855036856,0,pos,0,0.0,0,pos
FUN_008079,60,0.01584786053882726,1,pos_s1164_e1218,0,0.0,0,pos
FUN_003883,0,0.0,0,pos,0,0.0,0,pos
FUN_011352,0,0.0,0,pos,0,0.0,0,pos
FUN_003224,60,0.028985507246376812,1,pos_s1998_e2040,0,0.0,0,pos
FUN_006096,0,0.0,0,pos,0,0.0,0,pos
FUN_002464,42,0.010736196319018405,1,pos_s3768_e3798,24,0.006134969325153374,0,pos
FUN_016080,0,0.0,0,pos,0,0.0,0,pos
FUN_007919,18,0.008595988538681949,0,pos,0,0.0,0,pos
FUN_011321,546,0.08708133971291866,6,pos_s1356_e1410_s1974_e2010_s2430_e2514_s3996_e4056_s4818_e4932_s5232_e5280,252,0.04019138755980861,2,pos_s2430_e2508_s4878_e4920
FUN_003575,0,0.0,0,pos,0,0.0,0,pos
FUN_009126,0,0.0,0,pos,0,0.0,0,pos
FUN_015691,0,0.0,0,pos,0,0.0,0,pos
FUN_006924,48,0.02476780185758514,1,pos_s1884_e1932,0,0.0,0,pos
FUN_000080,0,0.0,0,pos,0,0.0,0,pos
FUN_016280,0,0.0,0,pos,0,0.0,0,pos
FUN_004294,114,0.0778688524590164,1,pos_s1056_e1140,0,0.0,0,pos
FUN_005670,0,0.0,0,pos,0,0.0,0,pos
FUN_005370,0,0.0,0,pos,0,0.0,0,pos
FUN_015413,0,0.0,0,pos,0,0.0,0,pos
FUN_003135,0,0.0,0,pos,0,0.0,0,pos
FUN_015560,0,0.0,0,pos,0,0.0,0,pos
FUN_009002,0,0.0,0,pos,0,0.0,0,pos
FUN_008205,48,0.032388663967611336,0,pos,0,0.0,0,pos
FUN_007355,0,0.0,0,pos,0,0.0,0,pos
FUN_001294,18,0.02158273381294964,0,pos,0,0.0,0,pos
FUN_000559,240,0.07142857142857142,3,pos_s420_e486_s492_e528_s1818_e1932,12,0.0035714285714285713,0,pos
FUN_008371,0,0.0,0,pos,0,0.0,0,pos
FUN_011886,0,0.0,0,pos,0,0.0,0,pos
FUN_012122,0,0.0,0,pos,0,0.0,0,pos
FUN_004029,108,0.1016949152542373,2,pos_s600_e642_s978_e1014,30,0.02824858757062147,0,pos
FUN_006235,0,0.0,0,pos,0,0.0,0,pos
FUN_007222,0,0.0,0,pos,0,0.0,0,pos
FUN_016476,0,0.0,0,pos,0,0.0,0,pos
FUN_006115,150,0.15151515151515152,1,pos_s42_e174,12,0.012121212121212121,0,pos
FUN_011136,0,0.0,0,pos,0,0.0,0,pos
FUN_003873,24,0.037037037037037035,0,pos,0,0.0,0,pos
FUN_009221,0,0.0,0,pos,0,0.0,0,pos
FUN_005025,6,0.0024390243902439024,0,pos,6,0.0024390243902439024,0,pos
FUN_008271,0,0.0,0,pos,0,0.0,0,pos
FUN_012140,0,0.0,0,pos,0,0.0,0,pos
FUN_002966,0,0.0,0,pos,0,0.0,0,pos
FUN_001249,198,0.0870712401055409,2,pos_s906_e1050_s1386_e1434,42,0.018469656992084433,1,pos_s930_e972
FUN_000891,0,0.0,0,pos,0,0.0,0,pos
FUN_003796,24,0.017167381974248927,0,pos,0,0.0,0,pos
FUN_004660,3156,0.15929739551786795,25,pos_s1542_e1764_s1878_e1974_s2088_e2208_s2244_e2340_s2346_e2460_s2478_e2592_s4482_e4596_s4620_e4728_s4824_e4968_s4974_e5004_s5010_e5124_s5160_e5274_s5376_e5502_s5544_e5712_s6324_e6438_s6738_e6792_s6936_e7050_s7098_e7200_s12450_e12492_s12738_e12792_s12858_e12960_s17064_e17196_s17274_e17538_s17838_e18120_s19572_e19638,1854,0.09357964869775894,19,pos_s1542_e1764_s1878_e1938_s2154_e2190_s2268_e2340_s2346_e2382_s2478_e2592_s4482_e4578_s4920_e4956_s5010_e5124_s5160_e5274_s5472_e5502_s5544_e5664_s6348_e6438_s6960_e7050_s17064_e17100_s17274_e17346_s17388_e17424_s17838_e17976_s17994_e18120
FUN_004510,0,0.0,0,pos,0,0.0,0,pos
FUN_011133,0,0.0,0,pos,0,0.0,0,pos
FUN_012005,0,0.0,0,pos,0,0.0,0,pos
FUN_016574,0,0.0,0,pos,0,0.0,0,pos
FUN_011385,0,0.0,0,pos,0,0.0,0,pos
FUN_010421,0,0.0,0,pos,0,0.0,0,pos
FUN_006644,0,0.0,0,pos,0,0.0,0,pos
FUN_006299,0,0.0,0,pos,0,0.0,0,pos
FUN_002582,12,0.005,0,pos,12,0.005,0,pos
FUN_004989,0,0.0,0,pos,0,0.0,0,pos
FUN_000208,0,0.0,0,pos,0,0.0,0,pos
FUN_015401,0,0.0,0,pos,0,0.0,0,pos
FUN_010912,0,0.0,0,pos,0,0.0,0,pos
FUN_005644,120,0.02824858757062147,2,pos_s1374_e1410_s1968_e2034,0,0.0,0,pos
FUN_007512,0,0.0,0,pos,0,0.0,0,pos
FUN_011595,0,0.0,0,pos,0,0.0,0,pos
FUN_016465,60,0.056818181818181816,1,pos_s30_e90,30,0.028409090909090908,1,pos_s60_e90
FUN_008613,0,0.0,0,pos,0,0.0,0,pos
FUN_000360,0,0.0,0,pos,0,0.0,0,pos
FUN_001874,0,0.0,0,pos,0,0.0,0,pos
FUN_010732,0,0.0,0,pos,0,0.0,0,pos
FUN_006567,0,0.0,0,pos,0,0.0,0,pos
FUN_011118,42,0.03867403314917127,1,pos_s960_e1002,0,0.0,0,pos
FUN_000836,12,0.017241379310344827,0,pos,0,0.0,0,pos
FUN_016149,0,0.0,0,pos,0,0.0,0,pos
FUN_010977,0,0.0,0,pos,0,0.0,0,pos
FUN_010659,6,0.0056179775280898875,0,pos,0,0.0,0,pos
FUN_009672,24,0.013937282229965157,0,pos,0,0.0,0,pos
FUN_009082,0,0.0,0,pos,0,0.0,0,pos
FUN_006404,36,0.04477611940298507,1,pos_s264_e300,12,0.014925373134328358,0,pos
FUN_016413,0,0.0,0,pos,0,0.0,0,pos
FUN_005412,0,0.0,0,pos,0,0.0,0,pos
FUN_008423,12,0.004454342984409799,0,pos,0,0.0,0,pos
FUN_001801,0,0.0,0,pos,0,0.0,0,pos
FUN_003308,0,0.0,0,pos,0,0.0,0,pos
FUN_004896,0,0.0,0,pos,0,0.0,0,pos
FUN_004219,6,0.0012658227848101266,0,pos,0,0.0,0,pos
FUN_004486,132,0.045174537987679675,2,pos_s186_e228_s1740_e1770,0,0.0,0,pos
FUN_007119,36,0.007263922518159807,0,pos,0,0.0,0,pos
FUN_007219,24,0.0213903743315508,0,pos,0,0.0,0,pos
FUN_004562,0,0.0,0,pos,0,0.0,0,pos
FUN_005702,0,0.0,0,pos,0,0.0,0,pos
FUN_015379,0,0.0,0,pos,0,0.0,0,pos
FUN_009092,0,0.0,0,pos,0,0.0,0,pos
FUN_005755,0,0.0,0,pos,0,0.0,0,pos
FUN_005793,0,0.0,0,pos,0,0.0,0,pos
FUN_005918,138,0.46938775510204084,1,pos_s0_e78,18,0.061224489795918366,0,pos
FUN_001101,108,0.030252100840336135,1,pos_s384_e492,48,0.013445378151260505,1,pos_s414_e462
FUN_012555,0,0.0,0,pos,0,0.0,0,pos
FUN_007774,0,0.0,0,pos,0,0.0,0,pos
FUN_000755,6,0.004784688995215311,0,pos,0,0.0,0,pos
FUN_008443,0,0.0,0,pos,0,0.0,0,pos
FUN_008331,0,0.0,0,pos,0,0.0,0,pos
FUN_006693,0,0.0,0,pos,0,0.0,0,pos
FUN_008303,0,0.0,0,pos,0,0.0,0,pos
FUN_002540,0,0.0,0,pos,0,0.0,0,pos
FUN_007197,204,0.019318181818181818,3,pos_s1212_e1260_s3792_e3864_s9258_e9300,66,0.00625,1,pos_s1212_e1248
FUN_016192,12,0.010256410256410256,0,pos,6,0.005128205128205128,0,pos
FUN_008686,0,0.0,0,pos,0,0.0,0,pos
FUN_003178,0,0.0,0,pos,0,0.0,0,pos
FUN_003237,0,0.0,0,pos,0,0.0,0,pos
FUN_003139,78,0.07386363636363637,0,pos,0,0.0,0,pos
FUN_005001,84,0.029787234042553193,1,pos_s2094_e2178,0,0.0,0,pos
FUN_010500,0,0.0,0,pos,0,0.0,0,pos
FUN_008857,0,0.0,0,pos,0,0.0,0,pos
FUN_010696,12,0.025,0,pos,12,0.025,0,pos
FUN_016502,0,0.0,0,pos,0,0.0,0,pos
FUN_005687,36,0.02702702702702703,1,pos_s1110_e1140,0,0.0,0,pos
FUN_000106,0,0.0,0,pos,0,0.0,0,pos
FUN_010785,0,0.0,0,pos,0,0.0,0,pos
FUN_016169,0,0.0,0,pos,0,0.0,0,pos
FUN_008970,42,0.025735294117647058,0,pos,0,0.0,0,pos
FUN_009632,66,0.019748653500897665,1,pos_s204_e246,0,0.0,0,pos
FUN_012264,0,0.0,0,pos,0,0.0,0,pos
FUN_001602,6,0.006666666666666667,0,pos,0,0.0,0,pos
FUN_015266,0,0.0,0,pos,0,0.0,0,pos
FUN_011857,0,0.0,0,pos,0,0.0,0,pos
FUN_011828,0,0.0,0,pos,0,0.0,0,pos
FUN_007910,180,0.04580152671755725,3,pos_s1608_e1644_s2196_e2244_s2334_e2430,24,0.0061068702290076335,0,pos
FUN_002745,12,0.034482758620689655,0,pos,0,0.0,0,pos
FUN_007792,0,0.0,0,pos,0,0.0,0,pos
FUN_008701,0,0.0,0,pos,0,0.0,0,pos
FUN_012010,0,0.0,0,pos,0,0.0,0,pos
FUN_000649,0,0.0,0,pos,0,0.0,0,pos
FUN_005198,0,0.0,0,pos,0,0.0,0,pos
FUN_004255,6,0.014492753623188406,0,pos,0,0.0,0,pos
FUN_001507,6,0.0024330900243309003,0,pos,0,0.0,0,pos
FUN_010958,18,0.025423728813559324,0,pos,0,0.0,0,pos
FUN_005211,0,0.0,0,pos,0,0.0,0,pos
FUN_001838,162,0.06338028169014084,2,pos_s126_e174_s2064_e2172,78,0.03051643192488263,1,pos_s2070_e2130
FUN_010245,0,0.0,0,pos,0,0.0,0,pos
FUN_011853,0,0.0,0,pos,0,0.0,0,pos
FUN_012277,0,0.0,0,pos,0,0.0,0,pos
FUN_001150,0,0.0,0,pos,0,0.0,0,pos
FUN_003936,0,0.0,0,pos,0,0.0,0,pos
FUN_011005,96,0.07142857142857142,2,pos_s396_e426_s456_e492,6,0.004464285714285714,0,pos
FUN_007046,48,0.18604651162790697,0,pos,0,0.0,0,pos
FUN_000370,0,0.0,0,pos,0,0.0,0,pos
FUN_011635,0,0.0,0,pos,0,0.0,0,pos
FUN_015347,0,0.0,0,pos,0,0.0,0,pos
FUN_007517,0,0.0,0,pos,0,0.0,0,pos
FUN_009105,72,0.038338658146964855,1,pos_s366_e438,0,0.0,0,pos
FUN_001002,0,0.0,0,pos,0,0.0,0,pos
FUN_015388,0,0.0,0,pos,0,0.0,0,pos
FUN_011450,96,0.1951219512195122,2,pos_s372_e414_s420_e462,12,0.024390243902439025,0,pos
FUN_003604,0,0.0,0,pos,0,0.0,0,pos
FUN_007587,0,0.0,0,pos,0,0.0,0,pos
FUN_007695,0,0.0,0,pos,0,0.0,0,pos
FUN_000454,0,0.0,0,pos,0,0.0,0,pos
FUN_006904,0,0.0,0,pos,0,0.0,0,pos
FUN_005146,0,0.0,0,pos,0,0.0,0,pos
FUN_004509,0,0.0,0,pos,0,0.0,0,pos
FUN_000175,0,0.0,0,pos,0,0.0,0,pos
FUN_011610,0,0.0,0,pos,0,0.0,0,pos
FUN_007768,0,0.0,0,pos,0,0.0,0,pos
FUN_016466,0,0.0,0,pos,0,0.0,0,pos
FUN_007036,0,0.0,0,pos,0,0.0,0,pos
FUN_010936,0,0.0,0,pos,0,0.0,0,pos
FUN_002194,6,0.001736111111111111,0,pos,0,0.0,0,pos
FUN_010709,0,0.0,0,pos,0,0.0,0,pos
FUN_011958,0,0.0,0,pos,0,0.0,0,pos
FUN_016067,0,0.0,0,pos,0,0.0,0,pos
FUN_010831,102,0.03207547169811321,1,pos_s438_e528,12,0.0037735849056603774,0,pos
FUN_010927,0,0.0,0,pos,0,0.0,0,pos
FUN_012133,0,0.0,0,pos,0,0.0,0,pos
FUN_011789,0,0.0,0,pos,0,0.0,0,pos
FUN_003419,0,0.0,0,pos,0,0.0,0,pos
FUN_007579,48,0.18604651162790697,0,pos,0,0.0,0,pos
FUN_002417,6,0.0045871559633027525,0,pos,0,0.0,0,pos
FUN_010466,0,0.0,0,pos,0,0.0,0,pos
FUN_004314,0,0.0,0,pos,0,0.0,0,pos
FUN_009968,0,0.0,0,pos,0,0.0,0,pos
FUN_001193,0,0.0,0,pos,0,0.0,0,pos
FUN_011164,0,0.0,0,pos,0,0.0,0,pos
FUN_007869,0,0.0,0,pos,0,0.0,0,pos
FUN_008356,0,0.0,0,pos,0,0.0,0,pos
FUN_012249,0,0.0,0,pos,0,0.0,0,pos
FUN_006941,48,0.1038961038961039,0,pos,0,0.0,0,pos
FUN_001978,0,0.0,0,pos,0,0.0,0,pos
FUN_003962,0,0.0,0,pos,0,0.0,0,pos
FUN_003477,0,0.0,0,pos,0,0.0,0,pos
FUN_010015,0,0.0,0,pos,0,0.0,0,pos
FUN_000417,0,0.0,0,pos,0,0.0,0,pos
FUN_007001,354,0.06562847608453838,5,pos_s642_e696_s750_e858_s1416_e1446_s2682_e2742_s2838_e2892,102,0.018909899888765295,1,pos_s810_e846
FUN_008255,0,0.0,0,pos,0,0.0,0,pos
FUN_008382,54,0.012605042016806723,0,pos,0,0.0,0,pos
FUN_009597,0,0.0,0,pos,0,0.0,0,pos
FUN_015880,0,0.0,0,pos,0,0.0,0,pos
FUN_004555,0,0.0,0,pos,0,0.0,0,pos
FUN_000620,1110,0.024179845771794536,15,pos_s5826_e5916_s6024_e6060_s13356_e13464_s14388_e14442_s14484_e14562_s17958_e17988_s18186_e18300_s19326_e19428_s20376_e20490_s22674_e22710_s25182_e25290_s25830_e25872_s28800_e28830_s40326_e40356_s40398_e40428,318,0.006927199058946543,4,pos_s13356_e13398_s18186_e18276_s20430_e20490_s22680_e22710
FUN_016479,0,0.0,0,pos,0,0.0,0,pos
FUN_007970,0,0.0,0,pos,0,0.0,0,pos
FUN_004004,0,0.0,0,pos,0,0.0,0,pos
FUN_003989,204,0.14977973568281938,3,pos_s396_e426_s924_e954_s1248_e1338,30,0.022026431718061675,1,pos_s1254_e1284
FUN_008718,54,0.037037037037037035,1,pos_s18_e72,0,0.0,0,pos
FUN_016279,0,0.0,0,pos,0,0.0,0,pos
FUN_001809,0,0.0,0,pos,0,0.0,0,pos
FUN_012426,0,0.0,0,pos,0,0.0,0,pos
FUN_005817,24,0.03076923076923077,0,pos,0,0.0,0,pos
FUN_002708,186,0.026248941574936496,1,pos_s246_e336,36,0.005080440304826418,1,pos_s276_e312
FUN_010981,162,0.04066265060240964,2,pos_s594_e636_s3006_e3036,18,0.004518072289156626,0,pos
FUN_008605,6,0.02040816326530612,0,pos,0,0.0,0,pos
FUN_001709,0,0.0,0,pos,0,0.0,0,pos
FUN_008830,0,0.0,0,pos,0,0.0,0,pos
FUN_011396,36,0.057692307692307696,1,pos_s456_e492,0,0.0,0,pos
FUN_016634,0,0.0,0,pos,0,0.0,0,pos
FUN_016004,24,0.032520325203252036,0,pos,24,0.032520325203252036,0,pos
FUN_003121,0,0.0,0,pos,0,0.0,0,pos
FUN_010007,6,0.0045045045045045045,0,pos,0,0.0,0,pos
FUN_001352,42,0.029787234042553193,1,pos_s834_e876,0,0.0,0,pos
FUN_016150,0,0.0,0,pos,0,0.0,0,pos
FUN_007534,0,0.0,0,pos,0,0.0,0,pos
FUN_008696,0,0.0,0,pos,0,0.0,0,pos
FUN_006790,0,0.0,0,pos,0,0.0,0,pos
FUN_009230,0,0.0,0,pos,0,0.0,0,pos
FUN_009819,54,0.019027484143763214,1,pos_s30_e66,6,0.0021141649048625794,0,pos
FUN_008304,126,0.07394366197183098,1,pos_s1020_e1068,12,0.007042253521126761,0,pos
FUN_016033,0,0.0,0,pos,0,0.0,0,pos
FUN_001297,18,0.046153846153846156,0,pos,0,0.0,0,pos
FUN_007860,0,0.0,0,pos,0,0.0,0,pos
FUN_012002,0,0.0,0,pos,0,0.0,0,pos
FUN_005463,108,0.08737864077669903,1,pos_s972_e1074,42,0.03398058252427184,1,pos_s1026_e1062
FUN_004267,0,0.0,0,pos,0,0.0,0,pos
FUN_003266,0,0.0,0,pos,0,0.0,0,pos
FUN_003524,0,0.0,0,pos,0,0.0,0,pos
FUN_000681,0,0.0,0,pos,0,0.0,0,pos
FUN_006777,150,0.09328358208955224,2,pos_s18_e120_s1200_e1248,54,0.033582089552238806,1,pos_s78_e114
FUN_002835,0,0.0,0,pos,0,0.0,0,pos
FUN_007755,0,0.0,0,pos,0,0.0,0,pos
FUN_016812,0,0.0,0,pos,0,0.0,0,pos
FUN_006666,24,0.009070294784580499,0,pos,0,0.0,0,pos
FUN_008655,0,0.0,0,pos,0,0.0,0,pos
FUN_010520,0,0.0,0,pos,0,0.0,0,pos
FUN_002695,0,0.0,0,pos,0,0.0,0,pos
FUN_007992,66,0.11458333333333333,0,pos,12,0.020833333333333332,0,pos
FUN_009377,0,0.0,0,pos,0,0.0,0,pos
FUN_011986,0,0.0,0,pos,0,0.0,0,pos
FUN_007967,0,0.0,0,pos,0,0.0,0,pos
FUN_010898,0,0.0,0,pos,0,0.0,0,pos
FUN_011863,0,0.0,0,pos,0,0.0,0,pos
FUN_006590,0,0.0,0,pos,0,0.0,0,pos
FUN_004041,0,0.0,0,pos,0,0.0,0,pos
FUN_008924,0,0.0,0,pos,0,0.0,0,pos
FUN_015637,0,0.0,0,pos,0,0.0,0,pos
FUN_007165,174,0.03598014888337469,2,pos_s2178_e2226_s4596_e4710,54,0.011166253101736972,1,pos_s2196_e2226
FUN_005095,0,0.0,0,pos,0,0.0,0,pos
FUN_010280,0,0.0,0,pos,0,0.0,0,pos
FUN_001466,120,0.01564945226917058,1,pos_s6240_e6270,18,0.002347417840375587,0,pos
FUN_005924,0,0.0,0,pos,0,0.0,0,pos
FUN_007838,0,0.0,0,pos,0,0.0,0,pos
FUN_002068,0,0.0,0,pos,0,0.0,0,pos
FUN_010987,0,0.0,0,pos,0,0.0,0,pos
FUN_000790,0,0.0,0,pos,0,0.0,0,pos
FUN_009645,0,0.0,0,pos,0,0.0,0,pos
FUN_015386,0,0.0,0,pos,0,0.0,0,pos
FUN_015603,108,0.0759493670886076,1,pos_s822_e912,18,0.012658227848101266,0,pos
FUN_007450,0,0.0,0,pos,0,0.0,0,pos
FUN_008026,0,0.0,0,pos,0,0.0,0,pos
FUN_000272,60,0.04878048780487805,1,pos_s36_e84,24,0.01951219512195122,0,pos
FUN_012416,0,0.0,0,pos,0,0.0,0,pos
FUN_005304,0,0.0,0,pos,0,0.0,0,pos
FUN_010185,0,0.0,0,pos,0,0.0,0,pos
FUN_001130,0,0.0,0,pos,0,0.0,0,pos
FUN_008213,48,0.1,0,pos,36,0.075,0,pos
FUN_002979,18,0.021739130434782608,0,pos,0,0.0,0,pos
FUN_003370,0,0.0,0,pos,0,0.0,0,pos
FUN_007058,84,0.029978586723768737,1,pos_s1536_e1614,72,0.02569593147751606,2,pos_s1536_e1566_s1578_e1614
FUN_003593,0,0.0,0,pos,0,0.0,0,pos
FUN_003713,126,0.04697986577181208,2,pos_s528_e564_s1620_e1680,54,0.020134228187919462,1,pos_s1620_e1668
FUN_007221,12,0.00558659217877095,0,pos,0,0.0,0,pos
FUN_015999,0,0.0,0,pos,0,0.0,0,pos
FUN_005112,0,0.0,0,pos,0,0.0,0,pos
FUN_012259,0,0.0,0,pos,0,0.0,0,pos
FUN_006227,54,0.012857142857142857,1,pos_s1680_e1716,18,0.004285714285714286,0,pos
FUN_001285,0,0.0,0,pos,0,0.0,0,pos
FUN_007133,0,0.0,0,pos,0,0.0,0,pos
FUN_012060,0,0.0,0,pos,0,0.0,0,pos
FUN_001079,0,0.0,0,pos,0,0.0,0,pos
FUN_004525,0,0.0,0,pos,0,0.0,0,pos
FUN_016100,0,0.0,0,pos,0,0.0,0,pos
FUN_009033,0,0.0,0,pos,0,0.0,0,pos
FUN_012088,0,0.0,0,pos,0,0.0,0,pos
FUN_016521,0,0.0,0,pos,0,0.0,0,pos
FUN_006555,582,0.08003300330033003,7,pos_s2028_e2088_s2436_e2478_s2598_e2676_s2790_e2952_s4020_e4116_s4596_e4632_s4650_e4698,102,0.014026402640264026,1,pos_s2790_e2838
FUN_002901,0,0.0,0,pos,0,0.0,0,pos
FUN_008061,0,0.0,0,pos,0,0.0,0,pos
FUN_004304,0,0.0,0,pos,0,0.0,0,pos
FUN_004175,0,0.0,0,pos,0,0.0,0,pos
FUN_007659,258,0.12215909090909091,1,pos_s912_e996,90,0.04261363636363636,0,pos
FUN_008036,72,0.012539184952978056,1,pos_s5040_e5094,6,0.0010449320794148381,0,pos
FUN_007360,0,0.0,0,pos,0,0.0,0,pos
FUN_006963,0,0.0,0,pos,0,0.0,0,pos
FUN_008133,0,0.0,0,pos,0,0.0,0,pos
FUN_010381,0,0.0,0,pos,0,0.0,0,pos
FUN_010270,0,0.0,0,pos,0,0.0,0,pos
FUN_003700,0,0.0,0,pos,0,0.0,0,pos
FUN_007339,0,0.0,0,pos,0,0.0,0,pos
FUN_007975,0,0.0,0,pos,0,0.0,0,pos
FUN_009548,276,0.054567022538552785,3,pos_s2274_e2376_s2538_e2622_s3066_e3102,78,0.01542111506524318,1,pos_s2274_e2340
FUN_008312,0,0.0,0,pos,0,0.0,0,pos
FUN_009492,54,0.035856573705179286,0,pos,12,0.00796812749003984,0,pos
FUN_000691,0,0.0,0,pos,0,0.0,0,pos
FUN_003302,42,0.03317535545023697,0,pos,0,0.0,0,pos
FUN_015894,0,0.0,0,pos,0,0.0,0,pos
FUN_000332,30,0.00794912559618442,0,pos,0,0.0,0,pos
FUN_004273,42,0.013011152416356878,1,pos_s510_e552,0,0.0,0,pos
FUN_005091,288,0.21524663677130046,3,pos_s126_e240_s1020_e1080_s1134_e1230,66,0.04932735426008968,0,pos
FUN_000279,6,0.0020920502092050207,0,pos,0,0.0,0,pos
FUN_001242,0,0.0,0,pos,0,0.0,0,pos
FUN_010871,0,0.0,0,pos,0,0.0,0,pos
FUN_001527,0,0.0,0,pos,0,0.0,0,pos
FUN_012435,0,0.0,0,pos,0,0.0,0,pos
FUN_005903,0,0.0,0,pos,0,0.0,0,pos
FUN_005639,36,0.013215859030837005,1,pos_s276_e312,0,0.0,0,pos
FUN_000176,102,0.09714285714285714,2,pos_s144_e180_s192_e252,0,0.0,0,pos
FUN_003137,0,0.0,0,pos,0,0.0,0,pos
FUN_005805,0,0.0,0,pos,0,0.0,0,pos
FUN_008246,0,0.0,0,pos,0,0.0,0,pos
FUN_008225,0,0.0,0,pos,0,0.0,0,pos
FUN_010519,156,0.09701492537313433,2,pos_s780_e810_s816_e936,24,0.014925373134328358,0,pos
FUN_005061,0,0.0,0,pos,0,0.0,0,pos
FUN_011545,0,0.0,0,pos,0,0.0,0,pos
FUN_006752,114,0.041304347826086954,2,pos_s342_e408_s1872_e1920,6,0.002173913043478261,0,pos
FUN_005906,0,0.0,0,pos,0,0.0,0,pos
FUN_006433,0,0.0,0,pos,0,0.0,0,pos
FUN_000308,90,0.03355704697986577,1,pos_s624_e684,36,0.013422818791946308,1,pos_s624_e660
FUN_004635,78,0.0593607305936073,2,pos_s168_e198_s930_e966,0,0.0,0,pos
FUN_005273,0,0.0,0,pos,0,0.0,0,pos
FUN_006245,18,0.014492753623188406,0,pos,0,0.0,0,pos
FUN_011116,126,0.1891891891891892,1,pos_s96_e210,72,0.10810810810810811,1,pos_s96_e150
FUN_008478,0,0.0,0,pos,0,0.0,0,pos
FUN_001712,0,0.0,0,pos,0,0.0,0,pos
FUN_007999,60,0.03717472118959108,1,pos_s516_e564,18,0.011152416356877323,0,pos
FUN_006494,0,0.0,0,pos,0,0.0,0,pos
FUN_004582,0,0.0,0,pos,0,0.0,0,pos
FUN_001623,216,0.03934426229508197,3,pos_s312_e366_s372_e468_s3186_e3240,84,0.015300546448087432,2,pos_s312_e354_s426_e456
FUN_006877,0,0.0,0,pos,0,0.0,0,pos
FUN_010366,0,0.0,0,pos,0,0.0,0,pos
FUN_001103,72,0.01411764705882353,1,pos_s306_e354,6,0.001176470588235294,0,pos
FUN_000745,0,0.0,0,pos,0,0.0,0,pos
FUN_003836,0,0.0,0,pos,0,0.0,0,pos
FUN_001497,180,0.20408163265306123,2,pos_s192_e270_s702_e738,78,0.08843537414965986,1,pos_s192_e246
FUN_001560,0,0.0,0,pos,0,0.0,0,pos
FUN_001014,36,0.03260869565217391,1,pos_s0_e36,24,0.021739130434782608,0,pos
FUN_007064,0,0.0,0,pos,0,0.0,0,pos
FUN_008244,0,0.0,0,pos,0,0.0,0,pos
FUN_004188,0,0.0,0,pos,0,0.0,0,pos
FUN_001455,162,0.42857142857142855,1,pos_s192_e288,18,0.047619047619047616,0,pos
FUN_002586,0,0.0,0,pos,0,0.0,0,pos
FUN_003536,78,0.05,1,pos_s348_e384,0,0.0,0,pos
FUN_005977,228,0.015261044176706828,3,pos_s7782_e7872_s12720_e12810_s14592_e14622,6,0.00040160642570281126,0,pos
FUN_002102,0,0.0,0,pos,0,0.0,0,pos
FUN_002091,102,0.25,0,pos,36,0.08823529411764706,0,pos
FUN_004571,0,0.0,0,pos,0,0.0,0,pos
FUN_012116,0,0.0,0,pos,0,0.0,0,pos
FUN_011246,0,0.0,0,pos,0,0.0,0,pos
FUN_001687,0,0.0,0,pos,0,0.0,0,pos
FUN_010595,0,0.0,0,pos,0,0.0,0,pos
FUN_006516,0,0.0,0,pos,0,0.0,0,pos
FUN_008429,0,0.0,0,pos,0,0.0,0,pos
FUN_001421,0,0.0,0,pos,0,0.0,0,pos
FUN_000855,0,0.0,0,pos,0,0.0,0,pos
FUN_003012,18,0.03225806451612903,0,pos,0,0.0,0,pos
FUN_010104,0,0.0,0,pos,0,0.0,0,pos
FUN_008965,0,0.0,0,pos,0,0.0,0,pos
FUN_002535,0,0.0,0,pos,0,0.0,0,pos
FUN_011699,0,0.0,0,pos,0,0.0,0,pos
FUN_003927,24,0.01904761904761905,0,pos,0,0.0,0,pos
FUN_006275,0,0.0,0,pos,0,0.0,0,pos
FUN_010672,606,0.2290249433106576,5,pos_s0_e36_s156_e234_s306_e420_s714_e852_s954_e1182,342,0.1292517006802721,4,pos_s0_e36_s306_e414_s762_e834_s1038_e1110
FUN_004359,120,0.04807692307692308,1,pos_s426_e504,0,0.0,0,pos
FUN_005021,0,0.0,0,pos,0,0.0,0,pos
FUN_003528,30,0.014534883720930232,0,pos,0,0.0,0,pos
FUN_011622,0,0.0,0,pos,0,0.0,0,pos
FUN_004335,24,0.002504696305572949,0,pos,0,0.0,0,pos
FUN_011707,0,0.0,0,pos,0,0.0,0,pos
FUN_000557,0,0.0,0,pos,0,0.0,0,pos
FUN_015248,0,0.0,0,pos,0,0.0,0,pos
FUN_006915,510,0.10204081632653061,4,pos_s462_e522_s1254_e1368_s1896_e2100_s4152_e4218,246,0.04921968787515006,2,pos_s1338_e1368_s1896_e2100
FUN_006152,0,0.0,0,pos,0,0.0,0,pos
FUN_004597,0,0.0,0,pos,0,0.0,0,pos
FUN_005208,414,0.08487084870848709,4,pos_s1164_e1242_s2382_e2490_s2808_e2898_s3186_e3300,168,0.03444034440344403,3,pos_s2442_e2490_s2826_e2898_s3252_e3282
FUN_003681,72,0.10619469026548672,1,pos_s594_e648,0,0.0,0,pos
FUN_000648,0,0.0,0,pos,0,0.0,0,pos
FUN_002070,0,0.0,0,pos,0,0.0,0,pos
FUN_000482,54,0.017786561264822136,1,pos_s264_e300,0,0.0,0,pos
FUN_004712,0,0.0,0,pos,0,0.0,0,pos
FUN_004070,0,0.0,0,pos,0,0.0,0,pos
FUN_008019,12,0.0012360939431396785,0,pos,0,0.0,0,pos
FUN_001985,0,0.0,0,pos,0,0.0,0,pos
FUN_005643,0,0.0,0,pos,0,0.0,0,pos
FUN_002494,48,0.07079646017699115,1,pos_s0_e48,0,0.0,0,pos
FUN_008357,30,0.010775862068965518,1,pos_s1734_e1764,0,0.0,0,pos
FUN_005613,48,0.07339449541284404,1,pos_s552_e582,0,0.0,0,pos
FUN_004232,18,0.05263157894736842,0,pos,6,0.017543859649122806,0,pos
FUN_009132,0,0.0,0,pos,0,0.0,0,pos
FUN_001031,42,0.035,0,pos,0,0.0,0,pos
FUN_015821,0,0.0,0,pos,0,0.0,0,pos
FUN_003564,0,0.0,0,pos,0,0.0,0,pos
FUN_010053,144,0.5454545454545454,1,pos_s90_e222,90,0.3409090909090909,1,pos_s114_e204
FUN_003368,0,0.0,0,pos,0,0.0,0,pos
FUN_012291,0,0.0,0,pos,0,0.0,0,pos
FUN_016394,0,0.0,0,pos,0,0.0,0,pos
FUN_012137,0,0.0,0,pos,0,0.0,0,pos
FUN_004581,0,0.0,0,pos,0,0.0,0,pos
FUN_007683,0,0.0,0,pos,0,0.0,0,pos
FUN_001554,0,0.0,0,pos,0,0.0,0,pos
FUN_009235,0,0.0,0,pos,0,0.0,0,pos
FUN_005127,132,0.07942238267148015,1,pos_s1536_e1638,96,0.05776173285198556,1,pos_s1542_e1638
FUN_012152,0,0.0,0,pos,0,0.0,0,pos
FUN_011961,0,0.0,0,pos,0,0.0,0,pos
FUN_015621,0,0.0,0,pos,0,0.0,0,pos
FUN_000712,66,0.22916666666666666,1,pos_s0_e66,0,0.0,0,pos
FUN_005457,0,0.0,0,pos,0,0.0,0,pos
FUN_010753,0,0.0,0,pos,0,0.0,0,pos
FUN_002524,0,0.0,0,pos,0,0.0,0,pos
FUN_005417,0,0.0,0,pos,0,0.0,0,pos
FUN_007567,0,0.0,0,pos,0,0.0,0,pos
FUN_002398,12,0.003134796238244514,0,pos,0,0.0,0,pos
FUN_009407,0,0.0,0,pos,0,0.0,0,pos
FUN_011457,180,0.12295081967213115,3,pos_s0_e42_s840_e924_s936_e978,36,0.02459016393442623,0,pos
FUN_010827,0,0.0,0,pos,0,0.0,0,pos
FUN_003287,0,0.0,0,pos,0,0.0,0,pos
FUN_002155,0,0.0,0,pos,0,0.0,0,pos
FUN_007972,0,0.0,0,pos,0,0.0,0,pos
FUN_011071,234,0.40625,3,pos_s48_e90_s300_e336_s342_e486,78,0.13541666666666666,2,pos_s348_e378_s408_e456
FUN_004890,6,0.0018018018018018018,0,pos,0,0.0,0,pos
FUN_003258,42,0.011725293132328308,1,pos_s2748_e2790,0,0.0,0,pos
FUN_005271,0,0.0,0,pos,0,0.0,0,pos
FUN_007236,108,0.06766917293233082,1,pos_s1236_e1332,66,0.041353383458646614,1,pos_s1260_e1320
FUN_003191,0,0.0,0,pos,0,0.0,0,pos
FUN_009204,0,0.0,0,pos,0,0.0,0,pos
FUN_004471,0,0.0,0,pos,0,0.0,0,pos
FUN_010663,48,0.027777777777777776,1,pos_s12_e60,6,0.003472222222222222,0,pos
FUN_016735,0,0.0,0,pos,0,0.0,0,pos
FUN_011624,0,0.0,0,pos,0,0.0,0,pos
FUN_004793,12,0.0034071550255536627,0,pos,0,0.0,0,pos
FUN_007846,0,0.0,0,pos,0,0.0,0,pos
FUN_009487,30,0.009596928982725527,1,pos_s2568_e2598,6,0.0019193857965451055,0,pos
FUN_010170,12,0.006430868167202572,0,pos,0,0.0,0,pos
FUN_008278,0,0.0,0,pos,0,0.0,0,pos
FUN_007730,0,0.0,0,pos,0,0.0,0,pos
FUN_006409,78,0.053497942386831275,1,pos_s474_e552,18,0.012345679012345678,0,pos
FUN_015584,0,0.0,0,pos,0,0.0,0,pos
FUN_011703,0,0.0,0,pos,0,0.0,0,pos
FUN_011447,0,0.0,0,pos,0,0.0,0,pos
FUN_006575,66,0.02576112412177986,1,pos_s498_e564,0,0.0,0,pos
FUN_008129,0,0.0,0,pos,0,0.0,0,pos
FUN_010825,6,0.0033112582781456954,0,pos,0,0.0,0,pos
FUN_011122,0,0.0,0,pos,0,0.0,0,pos
FUN_011376,6,0.012987012987012988,0,pos,0,0.0,0,pos
FUN_002937,48,0.013311148086522463,0,pos,0,0.0,0,pos
FUN_010768,0,0.0,0,pos,0,0.0,0,pos
FUN_015801,0,0.0,0,pos,0,0.0,0,pos
FUN_005395,90,0.022590361445783132,1,pos_s3624_e3714,0,0.0,0,pos
FUN_011154,0,0.0,0,pos,0,0.0,0,pos
FUN_004647,0,0.0,0,pos,0,0.0,0,pos
FUN_003385,36,0.01749271137026239,1,pos_s0_e30,0,0.0,0,pos
FUN_006642,0,0.0,0,pos,0,0.0,0,pos
FUN_010269,0,0.0,0,pos,0,0.0,0,pos
FUN_006308,54,0.08490566037735849,1,pos_s228_e282,0,0.0,0,pos
FUN_011973,0,0.0,0,pos,0,0.0,0,pos
FUN_005156,0,0.0,0,pos,0,0.0,0,pos
FUN_002725,18,0.006097560975609756,0,pos,0,0.0,0,pos
FUN_003625,0,0.0,0,pos,0,0.0,0,pos
FUN_001395,0,0.0,0,pos,0,0.0,0,pos
FUN_012067,0,0.0,0,pos,0,0.0,0,pos
FUN_005912,60,0.136986301369863,1,pos_s0_e60,0,0.0,0,pos
FUN_003525,0,0.0,0,pos,0,0.0,0,pos
FUN_000966,24,0.0213903743315508,0,pos,6,0.0053475935828877,0,pos
FUN_000549,0,0.0,0,pos,0,0.0,0,pos
FUN_003108,12,0.007722007722007722,0,pos,0,0.0,0,pos
FUN_009308,0,0.0,0,pos,0,0.0,0,pos
FUN_001643,0,0.0,0,pos,0,0.0,0,pos
FUN_001807,0,0.0,0,pos,0,0.0,0,pos
FUN_002599,0,0.0,0,pos,0,0.0,0,pos
FUN_007075,102,0.08133971291866028,1,pos_s324_e426,30,0.023923444976076555,1,pos_s378_e408
FUN_000061,0,0.0,0,pos,0,0.0,0,pos
FUN_003557,0,0.0,0,pos,0,0.0,0,pos
FUN_001457,0,0.0,0,pos,0,0.0,0,pos
FUN_010694,0,0.0,0,pos,0,0.0,0,pos
FUN_007809,0,0.0,0,pos,0,0.0,0,pos
FUN_002882,0,0.0,0,pos,0,0.0,0,pos
FUN_005037,0,0.0,0,pos,0,0.0,0,pos
FUN_004351,0,0.0,0,pos,0,0.0,0,pos
FUN_009801,24,0.022598870056497175,0,pos,0,0.0,0,pos
FUN_000144,96,0.06808510638297872,1,pos_s1218_e1296,6,0.00425531914893617,0,pos
FUN_006630,72,0.1016949152542373,1,pos_s192_e264,0,0.0,0,pos
FUN_016428,0,0.0,0,pos,0,0.0,0,pos
FUN_009422,0,0.0,0,pos,0,0.0,0,pos
FUN_000623,246,0.13015873015873017,4,pos_s264_e324_s684_e720_s834_e924_s1500_e1536,78,0.04126984126984127,1,pos_s864_e918
FUN_015338,0,0.0,0,pos,0,0.0,0,pos
FUN_016564,0,0.0,0,pos,0,0.0,0,pos
FUN_011462,18,0.014084507042253521,0,pos,0,0.0,0,pos
FUN_008281,54,0.03896103896103896,1,pos_s1290_e1344,36,0.025974025974025976,1,pos_s1290_e1326
FUN_009166,126,0.06017191977077364,1,pos_s966_e1080,84,0.04011461318051576,1,pos_s966_e1032
FUN_002929,0,0.0,0,pos,0,0.0,0,pos
FUN_007873,0,0.0,0,pos,0,0.0,0,pos
FUN_004986,0,0.0,0,pos,0,0.0,0,pos
FUN_004005,12,0.018867924528301886,0,pos,0,0.0,0,pos
FUN_006208,0,0.0,0,pos,0,0.0,0,pos
FUN_002367,0,0.0,0,pos,0,0.0,0,pos
FUN_009156,60,0.1388888888888889,1,pos_s354_e408,0,0.0,0,pos
FUN_007839,24,0.02072538860103627,0,pos,0,0.0,0,pos
FUN_003822,54,0.42857142857142855,0,pos,0,0.0,0,pos
FUN_016871,0,0.0,0,pos,0,0.0,0,pos
FUN_005773,0,0.0,0,pos,0,0.0,0,pos
FUN_009911,0,0.0,0,pos,0,0.0,0,pos
FUN_012322,0,0.0,0,pos,0,0.0,0,pos
FUN_005794,0,0.0,0,pos,0,0.0,0,pos
FUN_008142,6,0.0032679738562091504,0,pos,0,0.0,0,pos
FUN_008554,186,0.31958762886597936,2,pos_s222_e252_s408_e546,48,0.08247422680412371,1,pos_s438_e468
FUN_015764,0,0.0,0,pos,0,0.0,0,pos
FUN_012407,0,0.0,0,pos,0,0.0,0,pos
FUN_001479,24,0.03389830508474576,0,pos,0,0.0,0,pos
FUN_015757,0,0.0,0,pos,0,0.0,0,pos
FUN_000306,0,0.0,0,pos,0,0.0,0,pos
FUN_001192,66,0.046610169491525424,1,pos_s1218_e1248,0,0.0,0,pos
FUN_009186,0,0.0,0,pos,0,0.0,0,pos
FUN_016189,0,0.0,0,pos,0,0.0,0,pos
FUN_004511,0,0.0,0,pos,0,0.0,0,pos
FUN_012279,0,0.0,0,pos,0,0.0,0,pos
FUN_002853,12,0.00980392156862745,0,pos,0,0.0,0,pos
FUN_005876,36,0.018292682926829267,1,pos_s90_e126,0,0.0,0,pos
FUN_006750,168,0.11764705882352941,2,pos_s864_e918_s1020_e1134,36,0.025210084033613446,1,pos_s1068_e1104
FUN_004615,24,0.037037037037037035,0,pos,0,0.0,0,pos
FUN_007682,0,0.0,0,pos,0,0.0,0,pos
FUN_007084,0,0.0,0,pos,0,0.0,0,pos
FUN_011404,0,0.0,0,pos,0,0.0,0,pos
FUN_009400,0,0.0,0,pos,0,0.0,0,pos
FUN_000684,12,0.0045351473922902496,0,pos,12,0.0045351473922902496,0,pos
FUN_006722,0,0.0,0,pos,0,0.0,0,pos
FUN_006711,30,0.013966480446927373,0,pos,12,0.00558659217877095,0,pos
FUN_016315,0,0.0,0,pos,0,0.0,0,pos
FUN_001631,0,0.0,0,pos,0,0.0,0,pos
FUN_000960,18,0.016853932584269662,0,pos,0,0.0,0,pos
FUN_008569,60,0.028409090909090908,1,pos_s1632_e1668,0,0.0,0,pos
FUN_000792,0,0.0,0,pos,0,0.0,0,pos
FUN_012063,0,0.0,0,pos,0,0.0,0,pos
FUN_015254,0,0.0,0,pos,0,0.0,0,pos
FUN_004423,0,0.0,0,pos,0,0.0,0,pos
FUN_015974,0,0.0,0,pos,0,0.0,0,pos
FUN_000008,72,0.045112781954887216,1,pos_s1128_e1200,0,0.0,0,pos
FUN_002883,0,0.0,0,pos,0,0.0,0,pos
FUN_007383,6,0.0036900369003690036,0,pos,0,0.0,0,pos
FUN_004834,0,0.0,0,pos,0,0.0,0,pos
FUN_015463,0,0.0,0,pos,0,0.0,0,pos
FUN_010907,0,0.0,0,pos,0,0.0,0,pos
FUN_003295,0,0.0,0,pos,0,0.0,0,pos
FUN_003978,0,0.0,0,pos,0,0.0,0,pos
FUN_001784,0,0.0,0,pos,0,0.0,0,pos
FUN_000858,396,0.2796610169491525,3,pos_s438_e540_s582_e714_s732_e870,240,0.1694915254237288,3,pos_s438_e510_s636_e690_s732_e840
FUN_003031,0,0.0,0,pos,0,0.0,0,pos
FUN_015554,0,0.0,0,pos,0,0.0,0,pos
FUN_011473,0,0.0,0,pos,0,0.0,0,pos
FUN_001788,0,0.0,0,pos,0,0.0,0,pos
FUN_001783,0,0.0,0,pos,0,0.0,0,pos
FUN_010767,0,0.0,0,pos,0,0.0,0,pos
FUN_004610,0,0.0,0,pos,0,0.0,0,pos
FUN_002060,42,0.029914529914529916,1,pos_s210_e252,0,0.0,0,pos
FUN_009975,0,0.0,0,pos,0,0.0,0,pos
FUN_002808,54,0.02452316076294278,0,pos,0,0.0,0,pos
FUN_005433,0,0.0,0,pos,0,0.0,0,pos
FUN_000951,0,0.0,0,pos,0,0.0,0,pos
FUN_001038,0,0.0,0,pos,0,0.0,0,pos
FUN_010181,0,0.0,0,pos,0,0.0,0,pos
FUN_011274,0,0.0,0,pos,0,0.0,0,pos
FUN_011619,0,0.0,0,pos,0,0.0,0,pos
FUN_003288,0,0.0,0,pos,0,0.0,0,pos
FUN_009855,84,0.3181818181818182,2,pos_s126_e156_s174_e228,36,0.13636363636363635,1,pos_s198_e228
FUN_010355,0,0.0,0,pos,0,0.0,0,pos
FUN_007409,0,0.0,0,pos,0,0.0,0,pos
FUN_001301,0,0.0,0,pos,0,0.0,0,pos
FUN_008262,0,0.0,0,pos,0,0.0,0,pos
FUN_011798,54,0.022058823529411766,1,pos_s1980_e2028,6,0.0024509803921568627,0,pos
FUN_007321,0,0.0,0,pos,0,0.0,0,pos
FUN_008346,78,0.040625,1,pos_s1758_e1824,12,0.00625,0,pos
FUN_002042,0,0.0,0,pos,0,0.0,0,pos
FUN_001819,96,0.0761904761904762,1,pos_s1020_e1116,0,0.0,0,pos
FUN_010591,0,0.0,0,pos,0,0.0,0,pos
FUN_002207,0,0.0,0,pos,0,0.0,0,pos
FUN_009896,0,0.0,0,pos,0,0.0,0,pos
FUN_001419,270,0.24861878453038674,2,pos_s558_e672_s696_e816,90,0.08287292817679558,1,pos_s696_e762
FUN_006682,30,0.09259259259259259,1,pos_s120_e150,0,0.0,0,pos
FUN_003236,90,0.049342105263157895,2,pos_s1062_e1104_s1218_e1266,24,0.013157894736842105,0,pos
FUN_009569,180,0.04065040650406504,3,pos_s2034_e2112_s3138_e3186_s3204_e3234,18,0.0040650406504065045,0,pos
FUN_011314,54,0.05202312138728324,1,pos_s444_e498,42,0.04046242774566474,1,pos_s456_e498
FUN_008319,180,0.04316546762589928,2,pos_s78_e192_s1470_e1500,24,0.0057553956834532375,0,pos
FUN_007366,6,0.003745318352059925,0,pos,0,0.0,0,pos
FUN_003428,354,0.07007125890736342,5,pos_s1542_e1572_s1596_e1656_s2454_e2532_s3870_e3930_s4422_e4470,36,0.007125890736342043,0,pos
FUN_005348,12,0.004140786749482402,0,pos,0,0.0,0,pos
FUN_011281,0,0.0,0,pos,0,0.0,0,pos
FUN_011706,6,0.00196078431372549,0,pos,6,0.00196078431372549,0,pos
FUN_016059,0,0.0,0,pos,0,0.0,0,pos
FUN_005599,132,0.22,1,pos_s0_e132,90,0.15,1,pos_s30_e120
FUN_006158,12,0.0111731843575419,0,pos,0,0.0,0,pos
FUN_008241,0,0.0,0,pos,0,0.0,0,pos
FUN_008471,0,0.0,0,pos,0,0.0,0,pos
FUN_000249,0,0.0,0,pos,0,0.0,0,pos
FUN_008305,96,0.07476635514018691,1,pos_s1056_e1122,0,0.0,0,pos
FUN_010810,60,0.019762845849802372,1,pos_s2556_e2586,0,0.0,0,pos
FUN_009211,180,0.05964214711729622,2,pos_s732_e816_s2778_e2838,48,0.015904572564612324,1,pos_s756_e786
FUN_001619,0,0.0,0,pos,0,0.0,0,pos
FUN_003466,36,0.038461538461538464,0,pos,0,0.0,0,pos
FUN_007863,84,0.018617021276595744,1,pos_s3414_e3450,42,0.009308510638297872,0,pos
FUN_009525,0,0.0,0,pos,0,0.0,0,pos
FUN_011977,0,0.0,0,pos,0,0.0,0,pos
FUN_015451,0,0.0,0,pos,0,0.0,0,pos
FUN_006596,12,0.010526315789473684,0,pos,0,0.0,0,pos
FUN_005406,0,0.0,0,pos,0,0.0,0,pos
FUN_005746,24,0.022222222222222223,0,pos,0,0.0,0,pos
FUN_012189,0,0.0,0,pos,0,0.0,0,pos
FUN_016198,0,0.0,0,pos,0,0.0,0,pos
FUN_012317,0,0.0,0,pos,0,0.0,0,pos
FUN_000736,0,0.0,0,pos,0,0.0,0,pos
FUN_009797,0,0.0,0,pos,0,0.0,0,pos
FUN_005865,0,0.0,0,pos,0,0.0,0,pos
FUN_016077,0,0.0,0,pos,0,0.0,0,pos
FUN_003783,0,0.0,0,pos,0,0.0,0,pos
FUN_012489,0,0.0,0,pos,0,0.0,0,pos
FUN_009024,0,0.0,0,pos,0,0.0,0,pos
FUN_000118,12,0.003898635477582846,0,pos,0,0.0,0,pos
FUN_016675,0,0.0,0,pos,0,0.0,0,pos
FUN_000255,0,0.0,0,pos,0,0.0,0,pos
FUN_000185,270,0.07867132867132867,3,pos_s294_e354_s384_e522_s528_e594,102,0.02972027972027972,2,pos_s396_e438_s480_e522
FUN_003785,0,0.0,0,pos,0,0.0,0,pos
FUN_002528,0,0.0,0,pos,0,0.0,0,pos
FUN_002003,252,0.0673076923076923,3,pos_s1926_e2028_s3198_e3234_s3396_e3510,96,0.02564102564102564,2,pos_s3432_e3468_s3474_e3504
FUN_003068,0,0.0,0,pos,0,0.0,0,pos
FUN_003247,0,0.0,0,pos,0,0.0,0,pos
FUN_002692,0,0.0,0,pos,0,0.0,0,pos
FUN_008744,0,0.0,0,pos,0,0.0,0,pos
FUN_008342,6,0.0022371364653243847,0,pos,0,0.0,0,pos
FUN_009905,0,0.0,0,pos,0,0.0,0,pos
FUN_012299,0,0.0,0,pos,0,0.0,0,pos
FUN_015610,0,0.0,0,pos,0,0.0,0,pos
FUN_003905,0,0.0,0,pos,0,0.0,0,pos
FUN_001344,0,0.0,0,pos,0,0.0,0,pos
FUN_002633,42,0.047619047619047616,0,pos,0,0.0,0,pos
FUN_004472,0,0.0,0,pos,0,0.0,0,pos
FUN_003054,30,0.010940919037199124,0,pos,0,0.0,0,pos
FUN_004706,246,0.21465968586387435,3,pos_s36_e72_s594_e648_s840_e912,12,0.010471204188481676,0,pos
FUN_004402,252,0.22340425531914893,3,pos_s744_e840_s870_e954_s1020_e1080,114,0.10106382978723404,2,pos_s750_e822_s870_e906
FUN_001304,6,0.004098360655737705,0,pos,0,0.0,0,pos
FUN_010492,0,0.0,0,pos,0,0.0,0,pos
FUN_007279,42,0.056,0,pos,42,0.056,0,pos
FUN_009656,0,0.0,0,pos,0,0.0,0,pos
FUN_016530,0,0.0,0,pos,0,0.0,0,pos
FUN_009509,0,0.0,0,pos,0,0.0,0,pos
FUN_004741,66,0.02517162471395881,2,pos_s1044_e1074_s1872_e1902,48,0.018306636155606407,1,pos_s1872_e1902
FUN_009566,36,0.13953488372093023,1,pos_s126_e162,0,0.0,0,pos
FUN_002011,132,0.2268041237113402,1,pos_s30_e162,114,0.1958762886597938,1,pos_s54_e138
FUN_010809,102,0.05246913580246913,2,pos_s354_e426_s480_e510,30,0.015432098765432098,1,pos_s396_e426
FUN_000505,0,0.0,0,pos,0,0.0,0,pos
FUN_002555,108,0.07228915662650602,2,pos_s390_e462_s468_e504,24,0.01606425702811245,0,pos
FUN_011805,0,0.0,0,pos,0,0.0,0,pos
FUN_002483,0,0.0,0,pos,0,0.0,0,pos
FUN_001482,108,0.08411214953271028,1,pos_s0_e108,0,0.0,0,pos
FUN_001834,18,0.012711864406779662,0,pos,0,0.0,0,pos
FUN_005020,0,0.0,0,pos,0,0.0,0,pos
FUN_001247,0,0.0,0,pos,0,0.0,0,pos
FUN_012164,0,0.0,0,pos,0,0.0,0,pos
FUN_007099,60,0.02320185614849188,1,pos_s2424_e2466,18,0.0069605568445475635,0,pos
FUN_005101,54,0.033582089552238806,0,pos,6,0.0037313432835820895,0,pos
FUN_011546,0,0.0,0,pos,0,0.0,0,pos
FUN_006361,0,0.0,0,pos,0,0.0,0,pos
FUN_009599,180,0.08042895442359249,3,pos_s0_e30_s276_e312_s1302_e1386,78,0.03485254691689008,1,pos_s1314_e1368
FUN_002400,0,0.0,0,pos,0,0.0,0,pos
FUN_010101,0,0.0,0,pos,0,0.0,0,pos
FUN_015440,0,0.0,0,pos,0,0.0,0,pos
FUN_002232,0,0.0,0,pos,0,0.0,0,pos
FUN_004897,0,0.0,0,pos,0,0.0,0,pos
FUN_016341,0,0.0,0,pos,0,0.0,0,pos
FUN_005883,0,0.0,0,pos,0,0.0,0,pos
FUN_016219,0,0.0,0,pos,0,0.0,0,pos
FUN_015681,0,0.0,0,pos,0,0.0,0,pos
FUN_009152,108,0.06040268456375839,2,pos_s186_e222_s240_e270,0,0.0,0,pos
FUN_006266,0,0.0,0,pos,0,0.0,0,pos
FUN_009421,0,0.0,0,pos,0,0.0,0,pos
FUN_008377,0,0.0,0,pos,0,0.0,0,pos
FUN_016794,0,0.0,0,pos,0,0.0,0,pos
FUN_008408,0,0.0,0,pos,0,0.0,0,pos
FUN_001938,0,0.0,0,pos,0,0.0,0,pos
FUN_008309,0,0.0,0,pos,0,0.0,0,pos
FUN_016802,0,0.0,0,pos,0,0.0,0,pos
FUN_010088,330,0.07857142857142857,6,pos_s522_e564_s714_e744_s774_e804_s1032_e1146_s1416_e1446_s2220_e2268,126,0.03,1,pos_s1032_e1146
FUN_005506,96,0.03818615751789976,0,pos,60,0.02386634844868735,0,pos
FUN_002302,0,0.0,0,pos,0,0.0,0,pos
FUN_010633,702,0.11132254995242626,9,pos_s1980_e2214_s2532_e2574_s2874_e2910_s3384_e3480_s4656_e4692_s5286_e5316_s5358_e5388_s5544_e5586_s6228_e6270,174,0.02759276879162702,2,pos_s2022_e2082_s2166_e2214
FUN_015543,0,0.0,0,pos,0,0.0,0,pos
FUN_005543,0,0.0,0,pos,0,0.0,0,pos
FUN_005394,0,0.0,0,pos,0,0.0,0,pos
FUN_008813,66,0.05238095238095238,0,pos,0,0.0,0,pos
FUN_004766,0,0.0,0,pos,0,0.0,0,pos
FUN_010482,0,0.0,0,pos,0,0.0,0,pos
FUN_006488,0,0.0,0,pos,0,0.0,0,pos
FUN_005540,0,0.0,0,pos,0,0.0,0,pos
FUN_009005,0,0.0,0,pos,0,0.0,0,pos
FUN_008863,30,0.020242914979757085,1,pos_s1230_e1260,18,0.012145748987854251,0,pos
FUN_007013,6,0.001182033096926714,0,pos,0,0.0,0,pos
FUN_007256,0,0.0,0,pos,0,0.0,0,pos
FUN_008125,0,0.0,0,pos,0,0.0,0,pos
FUN_004661,336,0.20363636363636364,3,pos_s1050_e1080_s1110_e1194_s1218_e1398,144,0.08727272727272728,1,pos_s1218_e1350
FUN_003248,24,0.0273972602739726,0,pos,18,0.02054794520547945,0,pos
FUN_003824,6,0.0030581039755351682,0,pos,0,0.0,0,pos
FUN_001139,0,0.0,0,pos,0,0.0,0,pos
FUN_009980,0,0.0,0,pos,0,0.0,0,pos
FUN_015631,0,0.0,0,pos,0,0.0,0,pos
FUN_004864,0,0.0,0,pos,0,0.0,0,pos
FUN_003870,150,0.061274509803921566,2,pos_s1920_e2028_s2310_e2340,84,0.03431372549019608,1,pos_s1944_e1998
FUN_007826,42,0.03070175438596491,0,pos,0,0.0,0,pos
FUN_005311,18,0.006237006237006237,0,pos,0,0.0,0,pos
FUN_003971,48,0.03619909502262444,1,pos_s402_e450,0,0.0,0,pos
FUN_008152,114,0.03345070422535211,2,pos_s1596_e1632_s1650_e1716,48,0.014084507042253521,1,pos_s1650_e1680
FUN_009046,0,0.0,0,pos,0,0.0,0,pos
FUN_005449,0,0.0,0,pos,0,0.0,0,pos
FUN_000002,0,0.0,0,pos,0,0.0,0,pos
FUN_011575,0,0.0,0,pos,0,0.0,0,pos
FUN_006839,84,0.04590163934426229,1,pos_s1098_e1182,54,0.029508196721311476,1,pos_s1134_e1170
FUN_009264,0,0.0,0,pos,0,0.0,0,pos
FUN_005870,0,0.0,0,pos,0,0.0,0,pos
FUN_009149,12,0.006269592476489028,0,pos,0,0.0,0,pos
FUN_016504,0,0.0,0,pos,0,0.0,0,pos
FUN_010509,0,0.0,0,pos,0,0.0,0,pos
FUN_012358,0,0.0,0,pos,0,0.0,0,pos
FUN_016581,0,0.0,0,pos,0,0.0,0,pos
FUN_003095,102,0.043701799485861184,1,pos_s1422_e1524,66,0.028277634961439587,1,pos_s1422_e1488
FUN_002043,0,0.0,0,pos,0,0.0,0,pos
FUN_011335,0,0.0,0,pos,0,0.0,0,pos
FUN_002186,54,0.03734439834024896,1,pos_s108_e150,0,0.0,0,pos
FUN_000532,0,0.0,0,pos,0,0.0,0,pos
FUN_000075,0,0.0,0,pos,0,0.0,0,pos
FUN_006826,102,0.0367170626349892,1,pos_s2076_e2166,42,0.01511879049676026,1,pos_s2076_e2118
FUN_000221,0,0.0,0,pos,0,0.0,0,pos
FUN_011471,60,0.08771929824561403,1,pos_s186_e234,6,0.008771929824561403,0,pos
FUN_006321,0,0.0,0,pos,0,0.0,0,pos
FUN_009052,0,0.0,0,pos,0,0.0,0,pos
FUN_005814,0,0.0,0,pos,0,0.0,0,pos
FUN_004703,0,0.0,0,pos,0,0.0,0,pos
FUN_009328,288,0.1568627450980392,3,pos_s162_e192_s1056_e1128_s1170_e1326,114,0.06209150326797386,1,pos_s1176_e1212
FUN_000981,0,0.0,0,pos,0,0.0,0,pos
FUN_010861,0,0.0,0,pos,0,0.0,0,pos
FUN_002765,0,0.0,0,pos,0,0.0,0,pos
FUN_007726,0,0.0,0,pos,0,0.0,0,pos
FUN_010431,144,0.07250755287009064,2,pos_s1254_e1326_s1332_e1374,24,0.012084592145015106,0,pos
FUN_007949,96,0.047058823529411764,1,pos_s1830_e1890,48,0.023529411764705882,0,pos
FUN_016710,0,0.0,0,pos,0,0.0,0,pos
FUN_003053,84,0.05054151624548736,1,pos_s24_e90,0,0.0,0,pos
FUN_003375,60,0.018148820326678767,1,pos_s1242_e1278,0,0.0,0,pos
FUN_006002,0,0.0,0,pos,0,0.0,0,pos
FUN_002815,0,0.0,0,pos,0,0.0,0,pos
FUN_006759,0,0.0,0,pos,0,0.0,0,pos
FUN_001241,0,0.0,0,pos,0,0.0,0,pos
FUN_009036,84,0.05,2,pos_s1062_e1110_s1350_e1386,36,0.02142857142857143,1,pos_s1074_e1110
FUN_008793,0,0.0,0,pos,0,0.0,0,pos
FUN_010876,66,0.015647226173541962,1,pos_s2952_e3000,0,0.0,0,pos
FUN_002127,0,0.0,0,pos,0,0.0,0,pos
FUN_002315,42,0.028455284552845527,1,pos_s1392_e1434,0,0.0,0,pos
FUN_012201,0,0.0,0,pos,0,0.0,0,pos
FUN_009780,0,0.0,0,pos,0,0.0,0,pos
FUN_005579,0,0.0,0,pos,0,0.0,0,pos
FUN_010402,0,0.0,0,pos,0,0.0,0,pos
FUN_004108,0,0.0,0,pos,0,0.0,0,pos
FUN_009947,114,0.11875,2,pos_s78_e126_s702_e756,6,0.00625,0,pos
FUN_001116,42,0.0034619188921859545,1,pos_s10848_e10878,24,0.0019782393669634025,0,pos
FUN_007784,0,0.0,0,pos,0,0.0,0,pos
FUN_003198,0,0.0,0,pos,0,0.0,0,pos
FUN_004878,0,0.0,0,pos,0,0.0,0,pos
FUN_000700,66,0.18032786885245902,1,pos_s6_e72,0,0.0,0,pos
FUN_009289,0,0.0,0,pos,0,0.0,0,pos
FUN_012204,0,0.0,0,pos,0,0.0,0,pos
FUN_016450,108,0.1487603305785124,1,pos_s30_e138,0,0.0,0,pos
FUN_006830,0,0.0,0,pos,0,0.0,0,pos
FUN_004826,0,0.0,0,pos,0,0.0,0,pos
FUN_000941,30,0.032467532467532464,1,pos_s246_e276,30,0.032467532467532464,1,pos_s246_e276
FUN_002346,480,0.215633423180593,4,pos_s552_e594_s624_e660_s810_e948_s1710_e1902,216,0.09703504043126684,2,pos_s1710_e1788_s2154_e2220
FUN_009760,0,0.0,0,pos,0,0.0,0,pos
FUN_016870,0,0.0,0,pos,0,0.0,0,pos
FUN_010846,0,0.0,0,pos,0,0.0,0,pos
FUN_009305,0,0.0,0,pos,0,0.0,0,pos
FUN_002319,0,0.0,0,pos,0,0.0,0,pos
FUN_003695,0,0.0,0,pos,0,0.0,0,pos
FUN_010902,30,0.017421602787456445,0,pos,6,0.003484320557491289,0,pos
FUN_003374,0,0.0,0,pos,0,0.0,0,pos
FUN_004101,0,0.0,0,pos,0,0.0,0,pos
FUN_007791,282,0.2025862068965517,5,pos_s162_e222_s876_e918_s930_e990_s1146_e1200_s1218_e1260,150,0.10775862068965517,3,pos_s876_e918_s930_e990_s1146_e1176
FUN_003434,24,0.017543859649122806,0,pos,0,0.0,0,pos
FUN_007892,0,0.0,0,pos,0,0.0,0,pos
FUN_011364,0,0.0,0,pos,0,0.0,0,pos
FUN_005851,0,0.0,0,pos,0,0.0,0,pos
FUN_005712,0,0.0,0,pos,0,0.0,0,pos
FUN_005125,54,0.03501945525291829,1,pos_s1002_e1044,42,0.027237354085603113,1,pos_s1002_e1044
FUN_004445,0,0.0,0,pos,0,0.0,0,pos
FUN_002772,0,0.0,0,pos,0,0.0,0,pos
FUN_010182,0,0.0,0,pos,0,0.0,0,pos
FUN_006481,0,0.0,0,pos,0,0.0,0,pos
FUN_011373,198,0.028695652173913042,4,pos_s750_e780_s1032_e1074_s3372_e3420_s4068_e4116,90,0.013043478260869565,2,pos_s1038_e1068_s4080_e4116
FUN_000606,0,0.0,0,pos,0,0.0,0,pos
FUN_001849,0,0.0,0,pos,0,0.0,0,pos
FUN_011813,0,0.0,0,pos,0,0.0,0,pos
FUN_007112,0,0.0,0,pos,0,0.0,0,pos
FUN_005980,0,0.0,0,pos,0,0.0,0,pos
FUN_007353,12,0.007326007326007326,0,pos,0,0.0,0,pos
FUN_003535,0,0.0,0,pos,0,0.0,0,pos
FUN_004155,12,0.02,0,pos,0,0.0,0,pos
FUN_000373,0,0.0,0,pos,0,0.0,0,pos
FUN_001361,0,0.0,0,pos,0,0.0,0,pos
FUN_007764,0,0.0,0,pos,0,0.0,0,pos
FUN_001570,0,0.0,0,pos,0,0.0,0,pos
FUN_004872,6,0.001694915254237288,0,pos,0,0.0,0,pos
FUN_007424,0,0.0,0,pos,0,0.0,0,pos
FUN_006577,114,0.2345679012345679,1,pos_s180_e222,6,0.012345679012345678,0,pos
FUN_008512,0,0.0,0,pos,0,0.0,0,pos
FUN_002956,0,0.0,0,pos,0,0.0,0,pos
FUN_005709,42,0.026119402985074626,1,pos_s1410_e1446,0,0.0,0,pos
FUN_007485,42,0.026615969581749048,0,pos,12,0.0076045627376425855,0,pos
FUN_004283,636,0.11572052401746726,7,pos_s612_e714_s1098_e1152_s1326_e1440_s1818_e1878_s2718_e2826_s3252_e3294_s4614_e4686,210,0.03820960698689956,2,pos_s678_e714_s2724_e2826
FUN_006558,0,0.0,0,pos,0,0.0,0,pos
FUN_007573,0,0.0,0,pos,0,0.0,0,pos
FUN_012066,0,0.0,0,pos,0,0.0,0,pos
FUN_002404,6,0.005208333333333333,0,pos,0,0.0,0,pos
FUN_007754,0,0.0,0,pos,0,0.0,0,pos
FUN_012273,0,0.0,0,pos,0,0.0,0,pos
FUN_011819,0,0.0,0,pos,0,0.0,0,pos
FUN_006151,0,0.0,0,pos,0,0.0,0,pos
FUN_002440,0,0.0,0,pos,0,0.0,0,pos
FUN_003686,0,0.0,0,pos,0,0.0,0,pos
FUN_001942,0,0.0,0,pos,0,0.0,0,pos
FUN_004231,54,0.5,1,pos_s30_e66,12,0.1111111111111111,0,pos
FUN_006218,0,0.0,0,pos,0,0.0,0,pos
FUN_003614,6,0.009900990099009901,0,pos,0,0.0,0,pos
FUN_006856,0,0.0,0,pos,0,0.0,0,pos
FUN_006395,0,0.0,0,pos,0,0.0,0,pos
FUN_015892,0,0.0,0,pos,0,0.0,0,pos
FUN_005563,36,0.05172413793103448,0,pos,18,0.02586206896551724,0,pos
FUN_000884,0,0.0,0,pos,0,0.0,0,pos
FUN_006377,0,0.0,0,pos,0,0.0,0,pos
FUN_004375,114,0.07279693486590039,2,pos_s792_e870_s1500_e1530,48,0.03065134099616858,1,pos_s792_e834
FUN_008101,0,0.0,0,pos,0,0.0,0,pos
FUN_003087,138,0.0744336569579288,2,pos_s996_e1074_s1188_e1218,78,0.042071197411003236,1,pos_s1008_e1068
FUN_006884,0,0.0,0,pos,0,0.0,0,pos
FUN_016382,0,0.0,0,pos,0,0.0,0,pos
FUN_004749,54,0.024861878453038673,1,pos_s642_e678,6,0.0027624309392265192,0,pos
FUN_015853,0,0.0,0,pos,0,0.0,0,pos
FUN_000211,0,0.0,0,pos,0,0.0,0,pos
FUN_004111,0,0.0,0,pos,0,0.0,0,pos
FUN_004310,114,0.08444444444444445,1,pos_s858_e972,60,0.044444444444444446,1,pos_s858_e900
FUN_015504,0,0.0,0,pos,0,0.0,0,pos
FUN_003376,30,0.028901734104046242,1,pos_s0_e30,0,0.0,0,pos
FUN_011360,354,0.12526539278131635,6,pos_s468_e510_s516_e582_s1800_e1866_s2064_e2106_s2418_e2460_s2778_e2814,36,0.012738853503184714,0,pos
FUN_001665,0,0.0,0,pos,0,0.0,0,pos
FUN_005296,0,0.0,0,pos,0,0.0,0,pos
FUN_016720,0,0.0,0,pos,0,0.0,0,pos
FUN_002139,0,0.0,0,pos,0,0.0,0,pos
FUN_003755,0,0.0,0,pos,0,0.0,0,pos
FUN_009295,126,0.07317073170731707,2,pos_s318_e402_s432_e462,24,0.013937282229965157,0,pos
FUN_007670,0,0.0,0,pos,0,0.0,0,pos
FUN_006609,0,0.0,0,pos,0,0.0,0,pos
FUN_009953,6,0.0038022813688212928,0,pos,0,0.0,0,pos
FUN_003993,114,0.10919540229885058,1,pos_s306_e420,114,0.10919540229885058,1,pos_s306_e420
FUN_005742,60,0.06097560975609756,1,pos_s126_e162,0,0.0,0,pos
FUN_008329,0,0.0,0,pos,0,0.0,0,pos
FUN_002619,0,0.0,0,pos,0,0.0,0,pos
FUN_001959,0,0.0,0,pos,0,0.0,0,pos
FUN_004216,18,0.017964071856287425,0,pos,0,0.0,0,pos
FUN_010008,36,0.017142857142857144,1,pos_s444_e480,0,0.0,0,pos
FUN_000038,0,0.0,0,pos,0,0.0,0,pos
FUN_010447,0,0.0,0,pos,0,0.0,0,pos
FUN_008993,0,0.0,0,pos,0,0.0,0,pos
FUN_009375,0,0.0,0,pos,0,0.0,0,pos
FUN_010567,0,0.0,0,pos,0,0.0,0,pos
FUN_012062,0,0.0,0,pos,0,0.0,0,pos
FUN_006375,6,0.0035087719298245615,0,pos,6,0.0035087719298245615,0,pos
FUN_016322,0,0.0,0,pos,0,0.0,0,pos
FUN_000366,60,0.02512562814070352,1,pos_s348_e408,36,0.01507537688442211,1,pos_s348_e384
FUN_008198,330,0.07246376811594203,5,pos_s0_e36_s1368_e1446_s2940_e3024_s3150_e3186_s3192_e3222,54,0.011857707509881422,1,pos_s3192_e3222
FUN_003886,0,0.0,0,pos,0,0.0,0,pos
FUN_011108,48,0.055944055944055944,1,pos_s222_e264,0,0.0,0,pos
FUN_008314,0,0.0,0,pos,0,0.0,0,pos
FUN_007566,0,0.0,0,pos,0,0.0,0,pos
FUN_012069,0,0.0,0,pos,0,0.0,0,pos
FUN_000046,258,0.05162064825930372,3,pos_s462_e582_s642_e738_s3390_e3420,60,0.012004801920768308,1,pos_s510_e570
FUN_000711,48,0.02702702702702703,1,pos_s144_e192,0,0.0,0,pos
FUN_011002,468,0.05909090909090909,5,pos_s1290_e1326_s4500_e4614_s4620_e4656_s4674_e4728_s6072_e6132,108,0.013636363636363636,1,pos_s4524_e4614
FUN_000480,0,0.0,0,pos,0,0.0,0,pos
FUN_006546,0,0.0,0,pos,0,0.0,0,pos
FUN_005384,24,0.005681818181818182,0,pos,0,0.0,0,pos
FUN_003324,6,0.002702702702702703,0,pos,0,0.0,0,pos
FUN_005585,0,0.0,0,pos,0,0.0,0,pos
FUN_015423,0,0.0,0,pos,0,0.0,0,pos
FUN_010635,0,0.0,0,pos,0,0.0,0,pos
FUN_001209,0,0.0,0,pos,0,0.0,0,pos
FUN_008659,0,0.0,0,pos,0,0.0,0,pos
FUN_007107,0,0.0,0,pos,0,0.0,0,pos
FUN_015825,0,0.0,0,pos,0,0.0,0,pos
FUN_004254,0,0.0,0,pos,0,0.0,0,pos
FUN_009396,0,0.0,0,pos,0,0.0,0,pos
FUN_003422,60,0.02403846153846154,0,pos,0,0.0,0,pos
FUN_003208,0,0.0,0,pos,0,0.0,0,pos
FUN_005419,0,0.0,0,pos,0,0.0,0,pos
FUN_009964,0,0.0,0,pos,0,0.0,0,pos
FUN_010085,12,0.012658227848101266,0,pos,0,0.0,0,pos
FUN_000660,0,0.0,0,pos,0,0.0,0,pos
FUN_016481,0,0.0,0,pos,0,0.0,0,pos
FUN_011593,0,0.0,0,pos,0,0.0,0,pos
FUN_000646,0,0.0,0,pos,0,0.0,0,pos
FUN_005723,354,0.04232424677187949,5,pos_s1932_e1986_s5076_e5124_s6624_e6666_s6738_e6804_s8226_e8286,138,0.01649928263988522,2,pos_s6738_e6804_s8238_e8286
FUN_005952,0,0.0,0,pos,0,0.0,0,pos
FUN_015869,0,0.0,0,pos,0,0.0,0,pos
FUN_008908,0,0.0,0,pos,0,0.0,0,pos
FUN_007653,0,0.0,0,pos,0,0.0,0,pos
FUN_011998,0,0.0,0,pos,0,0.0,0,pos
FUN_004910,0,0.0,0,pos,0,0.0,0,pos
FUN_008261,0,0.0,0,pos,0,0.0,0,pos
FUN_004173,30,0.024390243902439025,0,pos,0,0.0,0,pos
FUN_006355,84,0.1590909090909091,1,pos_s420_e504,30,0.056818181818181816,0,pos
FUN_009835,0,0.0,0,pos,0,0.0,0,pos
FUN_002678,156,0.11607142857142858,3,pos_s228_e300_s360_e396_s420_e468,54,0.04017857142857143,1,pos_s366_e396
FUN_015659,0,0.0,0,pos,0,0.0,0,pos
FUN_015863,0,0.0,0,pos,0,0.0,0,pos
FUN_008790,18,0.008403361344537815,0,pos,0,0.0,0,pos
FUN_008002,18,0.009009009009009009,0,pos,0,0.0,0,pos
FUN_000968,84,0.026465028355387523,1,pos_s3006_e3090,0,0.0,0,pos
FUN_016005,0,0.0,0,pos,0,0.0,0,pos
FUN_004038,114,0.03815261044176707,1,pos_s228_e342,114,0.03815261044176707,1,pos_s228_e342
FUN_001642,0,0.0,0,pos,0,0.0,0,pos
FUN_012388,0,0.0,0,pos,0,0.0,0,pos
FUN_010491,426,0.06047700170357751,6,pos_s174_e210_s1566_e1644_s2016_e2064_s3264_e3300_s4002_e4050_s4452_e4530,114,0.016183986371379896,2,pos_s174_e210_s1608_e1644
FUN_010612,48,0.024691358024691357,1,pos_s1878_e1926,0,0.0,0,pos
FUN_000165,6,0.006369426751592357,0,pos,0,0.0,0,pos
FUN_008709,84,0.112,1,pos_s0_e84,84,0.112,1,pos_s0_e84
FUN_015857,0,0.0,0,pos,0,0.0,0,pos
FUN_001303,0,0.0,0,pos,0,0.0,0,pos
FUN_000414,0,0.0,0,pos,0,0.0,0,pos
FUN_007234,0,0.0,0,pos,0,0.0,0,pos
FUN_005421,12,0.008695652173913044,0,pos,0,0.0,0,pos
FUN_008445,0,0.0,0,pos,0,0.0,0,pos
FUN_003517,36,0.03208556149732621,0,pos,6,0.0053475935828877,0,pos
FUN_000651,0,0.0,0,pos,0,0.0,0,pos
FUN_016183,0,0.0,0,pos,0,0.0,0,pos
FUN_004881,0,0.0,0,pos,0,0.0,0,pos
FUN_001862,0,0.0,0,pos,0,0.0,0,pos
FUN_001232,72,0.01507537688442211,1,pos_s534_e570,0,0.0,0,pos
FUN_002653,36,0.012371134020618556,1,pos_s2844_e2874,30,0.010309278350515464,1,pos_s2844_e2874
FUN_006237,0,0.0,0,pos,0,0.0,0,pos
FUN_016865,0,0.0,0,pos,0,0.0,0,pos
FUN_008637,0,0.0,0,pos,0,0.0,0,pos
FUN_009242,48,0.24242424242424243,1,pos_s144_e192,0,0.0,0,pos
FUN_005685,6,0.001996007984031936,0,pos,0,0.0,0,pos
FUN_002760,0,0.0,0,pos,0,0.0,0,pos
FUN_004594,0,0.0,0,pos,0,0.0,0,pos
FUN_001108,0,0.0,0,pos,0,0.0,0,pos
FUN_006018,48,0.013289036544850499,1,pos_s720_e768,0,0.0,0,pos
FUN_009510,0,0.0,0,pos,0,0.0,0,pos
FUN_001693,24,0.026845637583892617,0,pos,0,0.0,0,pos
FUN_011286,6,0.004310344827586207,0,pos,0,0.0,0,pos
FUN_002628,0,0.0,0,pos,0,0.0,0,pos
FUN_000290,6,0.0024813895781637717,0,pos,0,0.0,0,pos
FUN_007905,102,0.03563941299790356,1,pos_s1386_e1482,0,0.0,0,pos
FUN_009080,6,0.0017605633802816902,0,pos,0,0.0,0,pos
FUN_015886,0,0.0,0,pos,0,0.0,0,pos
FUN_010361,66,0.021825396825396824,1,pos_s2484_e2514,0,0.0,0,pos
FUN_008505,0,0.0,0,pos,0,0.0,0,pos
FUN_000577,0,0.0,0,pos,0,0.0,0,pos
FUN_000240,0,0.0,0,pos,0,0.0,0,pos
FUN_016452,24,0.023809523809523808,0,pos,18,0.017857142857142856,0,pos
FUN_009825,24,0.022727272727272728,0,pos,0,0.0,0,pos
FUN_008757,0,0.0,0,pos,0,0.0,0,pos
FUN_016217,0,0.0,0,pos,0,0.0,0,pos
FUN_001589,42,0.0440251572327044,0,pos,0,0.0,0,pos
FUN_000837,0,0.0,0,pos,0,0.0,0,pos
FUN_016834,0,0.0,0,pos,0,0.0,0,pos
FUN_003212,30,0.009727626459143969,1,pos_s1812_e1842,0,0.0,0,pos
FUN_008920,0,0.0,0,pos,0,0.0,0,pos
FUN_011565,0,0.0,0,pos,0,0.0,0,pos
FUN_008678,0,0.0,0,pos,0,0.0,0,pos
FUN_008703,126,0.1590909090909091,1,pos_s0_e60,0,0.0,0,pos
FUN_000785,0,0.0,0,pos,0,0.0,0,pos
FUN_007163,0,0.0,0,pos,0,0.0,0,pos
FUN_001513,0,0.0,0,pos,0,0.0,0,pos
FUN_006135,78,0.029213483146067417,1,pos_s2526_e2598,0,0.0,0,pos
FUN_008827,18,0.014492753623188406,0,pos,0,0.0,0,pos
FUN_001908,0,0.0,0,pos,0,0.0,0,pos
FUN_009988,198,0.3793103448275862,1,pos_s42_e168,114,0.21839080459770116,2,pos_s72_e102_s126_e168
FUN_003617,6,0.002688172043010753,0,pos,0,0.0,0,pos
FUN_007323,30,0.08620689655172414,1,pos_s54_e84,0,0.0,0,pos
FUN_015318,0,0.0,0,pos,0,0.0,0,pos
FUN_001685,0,0.0,0,pos,0,0.0,0,pos
FUN_002128,0,0.0,0,pos,0,0.0,0,pos
FUN_011433,408,0.06482364156339371,5,pos_s1302_e1344_s1656_e1764_s2898_e2988_s3408_e3444_s4548_e4626,192,0.030505243088655862,2,pos_s2898_e2970_s4560_e4626
FUN_010955,60,0.06369426751592357,1,pos_s246_e282,0,0.0,0,pos
FUN_003018,0,0.0,0,pos,0,0.0,0,pos
FUN_002473,0,0.0,0,pos,0,0.0,0,pos
FUN_015826,0,0.0,0,pos,0,0.0,0,pos
FUN_009220,0,0.0,0,pos,0,0.0,0,pos
FUN_003234,0,0.0,0,pos,0,0.0,0,pos
FUN_015664,0,0.0,0,pos,0,0.0,0,pos
FUN_015732,0,0.0,0,pos,0,0.0,0,pos
FUN_016451,72,0.09090909090909091,1,pos_s696_e726,12,0.015151515151515152,0,pos
FUN_006628,0,0.0,0,pos,0,0.0,0,pos
FUN_000476,0,0.0,0,pos,0,0.0,0,pos
FUN_002646,0,0.0,0,pos,0,0.0,0,pos
FUN_006726,0,0.0,0,pos,0,0.0,0,pos
FUN_010929,0,0.0,0,pos,0,0.0,0,pos
FUN_006960,0,0.0,0,pos,0,0.0,0,pos
FUN_002333,12,0.022727272727272728,0,pos,0,0.0,0,pos
FUN_007953,0,0.0,0,pos,0,0.0,0,pos
FUN_003862,54,0.01639344262295082,1,pos_s1932_e1968,0,0.0,0,pos
FUN_006357,0,0.0,0,pos,0,0.0,0,pos
FUN_006316,0,0.0,0,pos,0,0.0,0,pos
FUN_012418,0,0.0,0,pos,0,0.0,0,pos
FUN_001001,0,0.0,0,pos,0,0.0,0,pos
FUN_007634,0,0.0,0,pos,0,0.0,0,pos
FUN_010946,0,0.0,0,pos,0,0.0,0,pos
FUN_003657,12,0.009852216748768473,0,pos,0,0.0,0,pos
FUN_008204,0,0.0,0,pos,0,0.0,0,pos
FUN_016563,0,0.0,0,pos,0,0.0,0,pos
FUN_009336,12,0.011111111111111112,0,pos,0,0.0,0,pos
FUN_002654,72,0.02247191011235955,0,pos,6,0.0018726591760299626,0,pos
FUN_016777,0,0.0,0,pos,0,0.0,0,pos
FUN_007199,0,0.0,0,pos,0,0.0,0,pos
FUN_001090,0,0.0,0,pos,0,0.0,0,pos
FUN_005823,0,0.0,0,pos,0,0.0,0,pos
FUN_004926,0,0.0,0,pos,0,0.0,0,pos
FUN_008472,0,0.0,0,pos,0,0.0,0,pos
FUN_007486,0,0.0,0,pos,0,0.0,0,pos
FUN_003124,66,0.02240325865580448,0,pos,60,0.020366598778004074,0,pos
FUN_005145,60,0.04032258064516129,1,pos_s372_e432,0,0.0,0,pos
FUN_008085,0,0.0,0,pos,0,0.0,0,pos
FUN_000652,0,0.0,0,pos,0,0.0,0,pos
FUN_001420,0,0.0,0,pos,0,0.0,0,pos
FUN_009549,30,0.030303030303030304,1,pos_s30_e60,0,0.0,0,pos
FUN_002509,0,0.0,0,pos,0,0.0,0,pos
FUN_002243,0,0.0,0,pos,0,0.0,0,pos
FUN_003979,180,0.05154639175257732,2,pos_s2292_e2346_s2574_e2670,72,0.020618556701030927,1,pos_s2604_e2670
FUN_015361,0,0.0,0,pos,0,0.0,0,pos
FUN_004289,0,0.0,0,pos,0,0.0,0,pos
FUN_006602,66,0.06179775280898876,0,pos,12,0.011235955056179775,0,pos
FUN_003286,90,0.01192368839427663,1,pos_s6480_e6534,0,0.0,0,pos
FUN_010499,0,0.0,0,pos,0,0.0,0,pos
FUN_005724,0,0.0,0,pos,0,0.0,0,pos
FUN_011556,0,0.0,0,pos,0,0.0,0,pos
FUN_004019,858,0.053739195791055995,12,pos_s564_e630_s2874_e2934_s2952_e3006_s4860_e4890_s4998_e5082_s5088_e5124_s7902_e7938_s8076_e8148_s10092_e10170_s11292_e11340_s11868_e11958_s15318_e15348,186,0.011649755730928222,3,pos_s2874_e2928_s5016_e5058_s11904_e11946
FUN_003637,0,0.0,0,pos,0,0.0,0,pos
FUN_008112,0,0.0,0,pos,0,0.0,0,pos
FUN_007358,0,0.0,0,pos,0,0.0,0,pos
FUN_002115,0,0.0,0,pos,0,0.0,0,pos
FUN_008732,222,0.07020872865275142,2,pos_s1398_e1470_s2760_e2802,6,0.0018975332068311196,0,pos
FUN_009505,0,0.0,0,pos,0,0.0,0,pos
FUN_002988,114,0.02372034956304619,1,pos_s2124_e2196,12,0.0024968789013732834,0,pos
FUN_009234,84,0.045454545454545456,1,pos_s1698_e1776,0,0.0,0,pos
FUN_010554,0,0.0,0,pos,0,0.0,0,pos
FUN_010314,0,0.0,0,pos,0,0.0,0,pos
FUN_004425,0,0.0,0,pos,0,0.0,0,pos
FUN_011522,0,0.0,0,pos,0,0.0,0,pos
FUN_010001,6,0.0041841004184100415,0,pos,0,0.0,0,pos
FUN_001701,0,0.0,0,pos,0,0.0,0,pos
FUN_009123,84,0.208955223880597,1,pos_s90_e174,24,0.05970149253731343,0,pos
FUN_008106,0,0.0,0,pos,0,0.0,0,pos
FUN_003222,18,0.0078125,0,pos,0,0.0,0,pos
FUN_006632,108,0.09137055837563451,1,pos_s768_e846,36,0.030456852791878174,1,pos_s804_e840
FUN_001375,0,0.0,0,pos,0,0.0,0,pos
FUN_006064,0,0.0,0,pos,0,0.0,0,pos
FUN_011225,0,0.0,0,pos,0,0.0,0,pos
FUN_001751,288,0.06258148631029987,4,pos_s3396_e3432_s3444_e3546_s3900_e3972_s4218_e4278,156,0.03389830508474576,3,pos_s3444_e3522_s3936_e3972_s4236_e4272
FUN_007727,0,0.0,0,pos,0,0.0,0,pos
FUN_004543,318,0.15680473372781065,5,pos_s990_e1032_s1128_e1218_s1266_e1308_s1314_e1386_s1410_e1440,132,0.0650887573964497,1,pos_s1128_e1200
FUN_009011,42,0.01364522417153996,0,pos,6,0.001949317738791423,0,pos
FUN_010679,54,0.007957559681697613,1,pos_s3684_e3720,18,0.002652519893899204,0,pos
FUN_002009,42,0.19444444444444445,0,pos,0,0.0,0,pos
FUN_004904,0,0.0,0,pos,0,0.0,0,pos
FUN_001854,30,0.0364963503649635,1,pos_s372_e402,0,0.0,0,pos
FUN_002683,0,0.0,0,pos,0,0.0,0,pos
FUN_015698,0,0.0,0,pos,0,0.0,0,pos
FUN_009341,0,0.0,0,pos,0,0.0,0,pos
FUN_005351,0,0.0,0,pos,0,0.0,0,pos
FUN_008203,312,0.05456453305351522,4,pos_s1386_e1464_s3282_e3360_s3690_e3750_s4356_e4398,6,0.001049317943336831,0,pos
FUN_000327,0,0.0,0,pos,0,0.0,0,pos
FUN_012076,48,0.014466546112115732,1,pos_s2808_e2856,0,0.0,0,pos
FUN_002055,0,0.0,0,pos,0,0.0,0,pos
FUN_011193,96,0.027303754266211604,2,pos_s1146_e1176_s1290_e1338,48,0.013651877133105802,1,pos_s1290_e1320
FUN_002491,0,0.0,0,pos,0,0.0,0,pos
FUN_005482,84,0.07777777777777778,2,pos_s0_e42_s930_e966,0,0.0,0,pos
FUN_007082,0,0.0,0,pos,0,0.0,0,pos
FUN_010353,0,0.0,0,pos,0,0.0,0,pos
FUN_001053,126,0.06441717791411043,1,pos_s1482_e1530,18,0.009202453987730062,0,pos
FUN_011627,0,0.0,0,pos,0,0.0,0,pos
FUN_006994,174,0.08761329305135952,2,pos_s798_e888_s942_e990,78,0.03927492447129909,1,pos_s798_e852
FUN_003372,72,0.036036036036036036,1,pos_s1062_e1104,0,0.0,0,pos
FUN_002623,0,0.0,0,pos,0,0.0,0,pos
FUN_003089,24,0.003003003003003003,0,pos,0,0.0,0,pos
FUN_016132,0,0.0,0,pos,0,0.0,0,pos
FUN_010000,0,0.0,0,pos,0,0.0,0,pos
FUN_000201,6,0.0034129692832764505,0,pos,0,0.0,0,pos
FUN_007631,0,0.0,0,pos,0,0.0,0,pos
FUN_004937,0,0.0,0,pos,0,0.0,0,pos
FUN_009315,0,0.0,0,pos,0,0.0,0,pos
FUN_015848,0,0.0,0,pos,0,0.0,0,pos
FUN_016188,0,0.0,0,pos,0,0.0,0,pos
FUN_006840,0,0.0,0,pos,0,0.0,0,pos
FUN_005651,228,0.27941176470588236,2,pos_s378_e462_s504_e648,192,0.23529411764705882,2,pos_s402_e462_s534_e648
FUN_010928,156,0.06205250596658711,1,pos_s2256_e2346,42,0.016706443914081145,0,pos
FUN_002235,0,0.0,0,pos,0,0.0,0,pos
FUN_002530,0,0.0,0,pos,0,0.0,0,pos
FUN_007066,36,0.01312910284463895,0,pos,0,0.0,0,pos
FUN_002589,0,0.0,0,pos,0,0.0,0,pos
FUN_008490,132,0.08333333333333333,1,pos_s336_e468,96,0.06060606060606061,1,pos_s354_e426
FUN_008829,0,0.0,0,pos,0,0.0,0,pos
FUN_000297,0,0.0,0,pos,0,0.0,0,pos
FUN_007194,0,0.0,0,pos,0,0.0,0,pos
FUN_002156,0,0.0,0,pos,0,0.0,0,pos
FUN_003328,0,0.0,0,pos,0,0.0,0,pos
FUN_002188,0,0.0,0,pos,0,0.0,0,pos
FUN_001077,0,0.0,0,pos,0,0.0,0,pos
FUN_004978,42,0.020172910662824207,0,pos,0,0.0,0,pos
FUN_010395,0,0.0,0,pos,0,0.0,0,pos
FUN_015987,0,0.0,0,pos,0,0.0,0,pos
FUN_012056,0,0.0,0,pos,0,0.0,0,pos
FUN_005270,0,0.0,0,pos,0,0.0,0,pos
FUN_015303,0,0.0,0,pos,0,0.0,0,pos
FUN_003015,72,0.1875,2,pos_s138_e174_s186_e216,0,0.0,0,pos
FUN_009630,108,0.015570934256055362,1,pos_s4152_e4194,42,0.006055363321799308,0,pos
FUN_010406,246,0.15413533834586465,2,pos_s222_e300_s1224_e1374,156,0.09774436090225563,1,pos_s1224_e1356
FUN_006025,42,0.012522361359570662,0,pos,24,0.007155635062611807,0,pos
FUN_004944,0,0.0,0,pos,0,0.0,0,pos
FUN_008974,0,0.0,0,pos,0,0.0,0,pos
FUN_003800,276,0.17898832684824903,3,pos_s0_e30_s636_e672_s984_e1110,90,0.058365758754863814,1,pos_s1038_e1104
FUN_007922,234,0.026476578411405296,4,pos_s0_e42_s1584_e1656_s1668_e1734_s4080_e4128,150,0.01697216564833673,2,pos_s1608_e1656_s1668_e1734
FUN_011147,0,0.0,0,pos,0,0.0,0,pos
FUN_009617,0,0.0,0,pos,0,0.0,0,pos
FUN_004557,30,0.024390243902439025,0,pos,0,0.0,0,pos
FUN_002699,0,0.0,0,pos,0,0.0,0,pos
FUN_005054,6,0.004761904761904762,0,pos,0,0.0,0,pos
FUN_007761,18,0.016129032258064516,0,pos,0,0.0,0,pos
FUN_007576,24,0.25,0,pos,0,0.0,0,pos
FUN_001909,102,0.023351648351648352,1,pos_s396_e486,6,0.0013736263736263737,0,pos
FUN_008952,0,0.0,0,pos,0,0.0,0,pos
FUN_003411,30,0.09433962264150944,0,pos,18,0.05660377358490566,0,pos
FUN_006900,0,0.0,0,pos,0,0.0,0,pos
FUN_002632,0,0.0,0,pos,0,0.0,0,pos
FUN_002025,174,0.04084507042253521,3,pos_s2766_e2796_s3384_e3432_s3438_e3498,54,0.01267605633802817,1,pos_s3444_e3498
FUN_001316,18,0.09375,0,pos,0,0.0,0,pos
FUN_005597,0,0.0,0,pos,0,0.0,0,pos
FUN_011503,0,0.0,0,pos,0,0.0,0,pos
FUN_008772,0,0.0,0,pos,0,0.0,0,pos
FUN_008626,0,0.0,0,pos,0,0.0,0,pos
FUN_016407,0,0.0,0,pos,0,0.0,0,pos
FUN_001754,0,0.0,0,pos,0,0.0,0,pos
FUN_006517,6,0.003401360544217687,0,pos,0,0.0,0,pos
FUN_004129,36,0.024793388429752067,1,pos_s840_e870,18,0.012396694214876033,0,pos
FUN_010206,0,0.0,0,pos,0,0.0,0,pos
FUN_004889,0,0.0,0,pos,0,0.0,0,pos
FUN_007079,114,0.05459770114942529,2,pos_s324_e396_s1908_e1944,0,0.0,0,pos
FUN_012077,0,0.0,0,pos,0,0.0,0,pos
FUN_010303,0,0.0,0,pos,0,0.0,0,pos
FUN_016562,0,0.0,0,pos,0,0.0,0,pos
FUN_009789,0,0.0,0,pos,0,0.0,0,pos
FUN_000865,0,0.0,0,pos,0,0.0,0,pos
FUN_015376,0,0.0,0,pos,0,0.0,0,pos
FUN_008273,0,0.0,0,pos,0,0.0,0,pos
FUN_000847,6,0.005025125628140704,0,pos,0,0.0,0,pos
FUN_000455,48,0.0213903743315508,1,pos_s1014_e1050,0,0.0,0,pos
FUN_006885,0,0.0,0,pos,0,0.0,0,pos
FUN_005552,42,0.04794520547945205,0,pos,24,0.0273972602739726,0,pos
FUN_006660,0,0.0,0,pos,0,0.0,0,pos
FUN_015330,0,0.0,0,pos,0,0.0,0,pos
FUN_004001,240,0.1941747572815534,2,pos_s594_e690_s1044_e1122,48,0.038834951456310676,1,pos_s594_e636
FUN_010483,402,0.06215213358070501,7,pos_s2184_e2274_s2562_e2628_s3096_e3144_s3552_e3582_s4548_e4590_s4662_e4704_s6294_e6324,42,0.006493506493506494,0,pos
FUN_009137,0,0.0,0,pos,0,0.0,0,pos
FUN_004959,0,0.0,0,pos,0,0.0,0,pos
FUN_005163,84,0.1206896551724138,1,pos_s516_e600,0,0.0,0,pos
FUN_006747,12,0.01282051282051282,0,pos,0,0.0,0,pos
FUN_005590,0,0.0,0,pos,0,0.0,0,pos
FUN_003597,0,0.0,0,pos,0,0.0,0,pos
FUN_010119,0,0.0,0,pos,0,0.0,0,pos
FUN_009699,0,0.0,0,pos,0,0.0,0,pos
FUN_002637,126,0.375,2,pos_s54_e84_s126_e204,36,0.10714285714285714,0,pos
FUN_015879,0,0.0,0,pos,0,0.0,0,pos
FUN_000197,0,0.0,0,pos,0,0.0,0,pos
FUN_006509,0,0.0,0,pos,0,0.0,0,pos
FUN_002116,0,0.0,0,pos,0,0.0,0,pos
FUN_005126,0,0.0,0,pos,0,0.0,0,pos
FUN_009598,0,0.0,0,pos,0,0.0,0,pos
FUN_016385,0,0.0,0,pos,0,0.0,0,pos
FUN_006894,0,0.0,0,pos,0,0.0,0,pos
FUN_000595,0,0.0,0,pos,0,0.0,0,pos
FUN_003889,30,0.01282051282051282,1,pos_s1386_e1416,0,0.0,0,pos
FUN_012118,0,0.0,0,pos,0,0.0,0,pos
FUN_006372,36,0.026905829596412557,0,pos,6,0.004484304932735426,0,pos
FUN_008052,0,0.0,0,pos,0,0.0,0,pos
FUN_015753,0,0.0,0,pos,0,0.0,0,pos
FUN_010176,270,0.10688836104513064,3,pos_s84_e168_s954_e1026_s1182_e1272,108,0.04275534441805225,1,pos_s1182_e1266
FUN_010652,84,0.025830258302583026,0,pos,30,0.00922509225092251,1,pos_s3204_e3234
FUN_000253,0,0.0,0,pos,0,0.0,0,pos
FUN_009337,102,0.047752808988764044,2,pos_s804_e870_s1350_e1380,0,0.0,0,pos
FUN_016805,0,0.0,0,pos,0,0.0,0,pos
FUN_006918,18,0.020833333333333332,0,pos,0,0.0,0,pos
FUN_007902,0,0.0,0,pos,0,0.0,0,pos
FUN_010779,0,0.0,0,pos,0,0.0,0,pos
FUN_007378,6,0.0011668611435239206,0,pos,0,0.0,0,pos
FUN_016187,0,0.0,0,pos,0,0.0,0,pos
FUN_002031,126,0.055408970976253295,1,pos_s2118_e2172,60,0.026385224274406333,0,pos
FUN_012309,0,0.0,0,pos,0,0.0,0,pos
FUN_005998,174,0.10984848484848485,2,pos_s696_e780_s792_e852,138,0.08712121212121213,2,pos_s702_e738_s792_e852
FUN_000922,0,0.0,0,pos,0,0.0,0,pos
FUN_011515,0,0.0,0,pos,0,0.0,0,pos
FUN_006927,6,0.00398406374501992,0,pos,0,0.0,0,pos
FUN_008918,12,0.009708737864077669,0,pos,0,0.0,0,pos
FUN_005772,12,0.016129032258064516,0,pos,0,0.0,0,pos
FUN_007732,0,0.0,0,pos,0,0.0,0,pos
FUN_000474,0,0.0,0,pos,0,0.0,0,pos
FUN_002621,0,0.0,0,pos,0,0.0,0,pos
FUN_011178,0,0.0,0,pos,0,0.0,0,pos
FUN_002822,72,0.041237113402061855,1,pos_s570_e642,0,0.0,0,pos
FUN_005727,30,0.015337423312883436,1,pos_s468_e498,0,0.0,0,pos
FUN_004723,0,0.0,0,pos,0,0.0,0,pos
FUN_009293,6,0.006993006993006993,0,pos,0,0.0,0,pos
FUN_001539,0,0.0,0,pos,0,0.0,0,pos
FUN_000517,0,0.0,0,pos,0,0.0,0,pos
FUN_016711,0,0.0,0,pos,0,0.0,0,pos
FUN_001167,114,0.02186421173762946,1,pos_s3114_e3228,102,0.019562715765247412,1,pos_s3114_e3216
FUN_010610,0,0.0,0,pos,0,0.0,0,pos
FUN_004208,162,0.391304347826087,3,pos_s150_e192_s222_e294_s324_e366,12,0.028985507246376812,0,pos
FUN_009118,0,0.0,0,pos,0,0.0,0,pos
FUN_007608,0,0.0,0,pos,0,0.0,0,pos
FUN_000650,0,0.0,0,pos,0,0.0,0,pos
FUN_010515,0,0.0,0,pos,0,0.0,0,pos
FUN_009031,216,0.13584905660377358,4,pos_s144_e174_s468_e498_s660_e696_s702_e756,18,0.011320754716981131,0,pos
FUN_007945,72,0.02385685884691849,1,pos_s96_e150,0,0.0,0,pos
FUN_015982,0,0.0,0,pos,0,0.0,0,pos
FUN_002471,36,0.0821917808219178,0,pos,0,0.0,0,pos
FUN_006907,0,0.0,0,pos,0,0.0,0,pos
FUN_009607,6,0.011235955056179775,0,pos,0,0.0,0,pos
FUN_001052,54,0.030405405405405407,0,pos,0,0.0,0,pos
FUN_003458,102,0.038901601830663615,1,pos_s1260_e1320,36,0.013729977116704805,1,pos_s1284_e1320
FUN_015833,0,0.0,0,pos,0,0.0,0,pos
FUN_004158,78,0.07784431137724551,1,pos_s66_e120,6,0.005988023952095809,0,pos
FUN_007212,126,0.12883435582822086,1,pos_s12_e102,48,0.049079754601226995,1,pos_s24_e66
FUN_006930,0,0.0,0,pos,0,0.0,0,pos
FUN_008901,48,0.10666666666666667,1,pos_s168_e204,0,0.0,0,pos
FUN_003653,0,0.0,0,pos,0,0.0,0,pos
FUN_002234,0,0.0,0,pos,0,0.0,0,pos
FUN_015964,0,0.0,0,pos,0,0.0,0,pos
FUN_008483,0,0.0,0,pos,0,0.0,0,pos
FUN_000064,0,0.0,0,pos,0,0.0,0,pos
FUN_008549,0,0.0,0,pos,0,0.0,0,pos
FUN_006496,432,0.1258741258741259,7,pos_s1356_e1386_s1566_e1650_s1740_e1818_s2004_e2040_s2370_e2406_s2442_e2478_s2592_e2706,72,0.02097902097902098,2,pos_s2376_e2406_s2622_e2652
FUN_008522,78,0.055793991416309016,1,pos_s48_e126,0,0.0,0,pos
FUN_016680,0,0.0,0,pos,0,0.0,0,pos
FUN_012531,0,0.0,0,pos,0,0.0,0,pos
FUN_006044,0,0.0,0,pos,0,0.0,0,pos
FUN_005450,0,0.0,0,pos,0,0.0,0,pos
FUN_004875,0,0.0,0,pos,0,0.0,0,pos
FUN_015822,0,0.0,0,pos,0,0.0,0,pos
FUN_005216,18,0.0019404915912031048,0,pos,0,0.0,0,pos
FUN_002131,0,0.0,0,pos,0,0.0,0,pos
FUN_002252,0,0.0,0,pos,0,0.0,0,pos
FUN_009316,0,0.0,0,pos,0,0.0,0,pos
FUN_009910,120,0.07751937984496124,1,pos_s1350_e1452,42,0.027131782945736434,0,pos
FUN_003769,6,0.004830917874396135,0,pos,0,0.0,0,pos
FUN_002073,126,0.019736842105263157,2,pos_s1992_e2070_s2082_e2112,102,0.015977443609022556,3,pos_s1992_e2034_s2040_e2070_s2082_e2112
FUN_012003,0,0.0,0,pos,0,0.0,0,pos
FUN_009325,0,0.0,0,pos,0,0.0,0,pos
FUN_015885,0,0.0,0,pos,0,0.0,0,pos
FUN_002142,0,0.0,0,pos,0,0.0,0,pos
FUN_008628,0,0.0,0,pos,0,0.0,0,pos
FUN_005738,0,0.0,0,pos,0,0.0,0,pos
FUN_011083,0,0.0,0,pos,0,0.0,0,pos
FUN_010011,0,0.0,0,pos,0,0.0,0,pos
FUN_002485,42,0.021406727828746176,0,pos,42,0.021406727828746176,0,pos
FUN_007300,84,0.04929577464788732,2,pos_s276_e312_s642_e678,12,0.007042253521126761,0,pos
FUN_002275,78,0.04529616724738676,1,pos_s0_e78,42,0.024390243902439025,0,pos
FUN_016772,0,0.0,0,pos,0,0.0,0,pos
FUN_000752,0,0.0,0,pos,0,0.0,0,pos
FUN_015960,0,0.0,0,pos,0,0.0,0,pos
FUN_007148,0,0.0,0,pos,0,0.0,0,pos
FUN_007312,0,0.0,0,pos,0,0.0,0,pos
FUN_007786,0,0.0,0,pos,0,0.0,0,pos
FUN_016391,0,0.0,0,pos,0,0.0,0,pos
FUN_005617,48,0.057971014492753624,0,pos,0,0.0,0,pos
FUN_007555,0,0.0,0,pos,0,0.0,0,pos
FUN_004417,102,0.029411764705882353,1,pos_s12_e114,30,0.00865051903114187,0,pos
FUN_015759,0,0.0,0,pos,0,0.0,0,pos
FUN_004336,0,0.0,0,pos,0,0.0,0,pos
FUN_012170,0,0.0,0,pos,0,0.0,0,pos
FUN_008555,78,0.023508137432188065,1,pos_s2640_e2688,24,0.007233273056057866,0,pos
FUN_000238,54,0.03571428571428571,0,pos,12,0.007936507936507936,0,pos
FUN_001532,0,0.0,0,pos,0,0.0,0,pos
FUN_011400,0,0.0,0,pos,0,0.0,0,pos
FUN_010754,0,0.0,0,pos,0,0.0,0,pos
FUN_001351,0,0.0,0,pos,0,0.0,0,pos
FUN_005006,234,0.0703971119133574,3,pos_s1380_e1410_s1710_e1746_s3156_e3234,18,0.005415162454873646,0,pos
FUN_002664,0,0.0,0,pos,0,0.0,0,pos
FUN_006725,0,0.0,0,pos,0,0.0,0,pos
FUN_003664,48,0.015151515151515152,1,pos_s972_e1008,30,0.00946969696969697,0,pos
FUN_000404,0,0.0,0,pos,0,0.0,0,pos
FUN_007282,0,0.0,0,pos,0,0.0,0,pos
FUN_004328,0,0.0,0,pos,0,0.0,0,pos
FUN_003555,0,0.0,0,pos,0,0.0,0,pos
FUN_011704,0,0.0,0,pos,0,0.0,0,pos
FUN_009929,0,0.0,0,pos,0,0.0,0,pos
FUN_010232,390,0.09406657018813314,4,pos_s492_e576_s1086_e1128_s1236_e1356_s1392_e1470,120,0.02894356005788712,1,pos_s1242_e1356
FUN_004096,0,0.0,0,pos,0,0.0,0,pos
FUN_009605,0,0.0,0,pos,0,0.0,0,pos
FUN_000416,0,0.0,0,pos,0,0.0,0,pos
FUN_004018,0,0.0,0,pos,0,0.0,0,pos
FUN_012091,0,0.0,0,pos,0,0.0,0,pos
FUN_000536,336,0.04399057344854674,4,pos_s5274_e5316_s5784_e5820_s5832_e5958_s6444_e6486,144,0.018853102906520033,1,pos_s5832_e5940
FUN_011290,0,0.0,0,pos,0,0.0,0,pos
FUN_001728,114,0.06934306569343066,1,pos_s258_e372,102,0.06204379562043796,2,pos_s258_e312_s324_e372
FUN_010072,0,0.0,0,pos,0,0.0,0,pos
FUN_006178,42,0.03932584269662921,0,pos,18,0.016853932584269662,0,pos
FUN_002691,6,0.008130081300813009,0,pos,0,0.0,0,pos
FUN_010535,0,0.0,0,pos,0,0.0,0,pos
FUN_016617,0,0.0,0,pos,0,0.0,0,pos
FUN_006896,0,0.0,0,pos,0,0.0,0,pos
FUN_009225,0,0.0,0,pos,0,0.0,0,pos
FUN_008937,0,0.0,0,pos,0,0.0,0,pos
FUN_016671,0,0.0,0,pos,0,0.0,0,pos
FUN_008194,0,0.0,0,pos,0,0.0,0,pos
FUN_008266,60,0.04504504504504504,0,pos,0,0.0,0,pos
FUN_002480,0,0.0,0,pos,0,0.0,0,pos
FUN_015563,0,0.0,0,pos,0,0.0,0,pos
FUN_010533,0,0.0,0,pos,0,0.0,0,pos
FUN_008936,0,0.0,0,pos,0,0.0,0,pos
FUN_016294,0,0.0,0,pos,0,0.0,0,pos
FUN_003680,0,0.0,0,pos,0,0.0,0,pos
FUN_000535,0,0.0,0,pos,0,0.0,0,pos
FUN_001726,0,0.0,0,pos,0,0.0,0,pos
FUN_016486,0,0.0,0,pos,0,0.0,0,pos
FUN_008351,0,0.0,0,pos,0,0.0,0,pos
FUN_010236,0,0.0,0,pos,0,0.0,0,pos
FUN_012243,0,0.0,0,pos,0,0.0,0,pos
FUN_010517,0,0.0,0,pos,0,0.0,0,pos
FUN_007103,78,0.03724928366762178,2,pos_s1710_e1752_s1788_e1824,0,0.0,0,pos
FUN_006925,0,0.0,0,pos,0,0.0,0,pos
FUN_005475,0,0.0,0,pos,0,0.0,0,pos
FUN_009550,0,0.0,0,pos,0,0.0,0,pos
FUN_005529,0,0.0,0,pos,0,0.0,0,pos
FUN_001336,0,0.0,0,pos,0,0.0,0,pos
FUN_003910,6,0.0017667844522968198,0,pos,0,0.0,0,pos
FUN_005377,12,0.004366812227074236,0,pos,0,0.0,0,pos
FUN_008294,0,0.0,0,pos,0,0.0,0,pos
FUN_003367,18,0.04285714285714286,0,pos,0,0.0,0,pos
FUN_008949,0,0.0,0,pos,0,0.0,0,pos
FUN_007031,0,0.0,0,pos,0,0.0,0,pos
FUN_004068,0,0.0,0,pos,0,0.0,0,pos
FUN_006724,24,0.00936768149882904,0,pos,0,0.0,0,pos
FUN_000374,0,0.0,0,pos,0,0.0,0,pos
FUN_010638,318,0.0941385435168739,3,pos_s654_e762_s1512_e1560_s1980_e2070,78,0.023090586145648313,1,pos_s666_e714
FUN_015293,0,0.0,0,pos,0,0.0,0,pos
FUN_008513,0,0.0,0,pos,0,0.0,0,pos
FUN_007497,0,0.0,0,pos,0,0.0,0,pos
FUN_011717,0,0.0,0,pos,0,0.0,0,pos
FUN_008878,0,0.0,0,pos,0,0.0,0,pos
FUN_004504,6,0.008547008547008548,0,pos,0,0.0,0,pos
FUN_000198,0,0.0,0,pos,0,0.0,0,pos
FUN_002986,0,0.0,0,pos,0,0.0,0,pos
FUN_005244,0,0.0,0,pos,0,0.0,0,pos
FUN_010005,0,0.0,0,pos,0,0.0,0,pos
FUN_011525,0,0.0,0,pos,0,0.0,0,pos
FUN_004249,0,0.0,0,pos,0,0.0,0,pos
FUN_005878,24,0.021739130434782608,0,pos,0,0.0,0,pos
FUN_006109,0,0.0,0,pos,0,0.0,0,pos
FUN_003063,0,0.0,0,pos,0,0.0,0,pos
FUN_000466,6,0.0013315579227696406,0,pos,0,0.0,0,pos
FUN_005074,18,0.0038071065989847717,0,pos,0,0.0,0,pos
FUN_012190,0,0.0,0,pos,0,0.0,0,pos
FUN_008919,0,0.0,0,pos,0,0.0,0,pos
FUN_009588,66,0.15942028985507245,1,pos_s192_e234,0,0.0,0,pos
FUN_007963,30,0.029069767441860465,1,pos_s480_e510,0,0.0,0,pos
FUN_008496,54,0.028125,1,pos_s132_e186,0,0.0,0,pos
FUN_006959,0,0.0,0,pos,0,0.0,0,pos
FUN_006480,0,0.0,0,pos,0,0.0,0,pos
FUN_002151,36,0.031914893617021274,1,pos_s510_e546,0,0.0,0,pos
FUN_001269,0,0.0,0,pos,0,0.0,0,pos
FUN_007463,0,0.0,0,pos,0,0.0,0,pos
FUN_003350,60,0.019801980198019802,1,pos_s108_e150,0,0.0,0,pos
FUN_015765,0,0.0,0,pos,0,0.0,0,pos
FUN_009355,0,0.0,0,pos,0,0.0,0,pos
FUN_001005,0,0.0,0,pos,0,0.0,0,pos
FUN_005480,0,0.0,0,pos,0,0.0,0,pos
FUN_004577,0,0.0,0,pos,0,0.0,0,pos
FUN_003294,0,0.0,0,pos,0,0.0,0,pos
FUN_002721,0,0.0,0,pos,0,0.0,0,pos
FUN_007375,0,0.0,0,pos,0,0.0,0,pos
FUN_005155,0,0.0,0,pos,0,0.0,0,pos
FUN_004064,0,0.0,0,pos,0,0.0,0,pos
FUN_004123,180,0.12552301255230125,1,pos_s828_e930,0,0.0,0,pos
FUN_005718,12,0.029411764705882353,0,pos,0,0.0,0,pos
FUN_009138,0,0.0,0,pos,0,0.0,0,pos
FUN_006123,6,0.004784688995215311,0,pos,0,0.0,0,pos
FUN_003456,0,0.0,0,pos,0,0.0,0,pos
FUN_009820,0,0.0,0,pos,0,0.0,0,pos
FUN_003381,12,0.013605442176870748,0,pos,12,0.013605442176870748,0,pos
FUN_004585,0,0.0,0,pos,0,0.0,0,pos
FUN_010578,0,0.0,0,pos,0,0.0,0,pos
FUN_002807,0,0.0,0,pos,0,0.0,0,pos
FUN_007021,0,0.0,0,pos,0,0.0,0,pos
FUN_006194,0,0.0,0,pos,0,0.0,0,pos
FUN_015907,0,0.0,0,pos,0,0.0,0,pos
FUN_001003,90,0.024154589371980676,1,pos_s504_e570,0,0.0,0,pos
FUN_002520,66,0.0718954248366013,1,pos_s498_e558,42,0.0457516339869281,1,pos_s498_e528
FUN_004550,6,0.0012484394506866417,0,pos,0,0.0,0,pos
FUN_007077,6,0.005405405405405406,0,pos,0,0.0,0,pos
FUN_006627,0,0.0,0,pos,0,0.0,0,pos
FUN_007122,210,0.14522821576763487,4,pos_s0_e72_s414_e456_s462_e492_s1128_e1194,120,0.08298755186721991,2,pos_s0_e72_s1146_e1194
FUN_010134,24,0.06779661016949153,0,pos,0,0.0,0,pos
FUN_002384,6,0.00425531914893617,0,pos,0,0.0,0,pos
FUN_008865,0,0.0,0,pos,0,0.0,0,pos
FUN_002259,0,0.0,0,pos,0,0.0,0,pos
FUN_009660,0,0.0,0,pos,0,0.0,0,pos
FUN_011738,0,0.0,0,pos,0,0.0,0,pos
FUN_000826,60,0.14492753623188406,1,pos_s96_e156,0,0.0,0,pos
FUN_008622,30,0.043859649122807015,1,pos_s0_e30,0,0.0,0,pos
FUN_002451,0,0.0,0,pos,0,0.0,0,pos
FUN_012009,0,0.0,0,pos,0,0.0,0,pos
FUN_008616,180,0.050933786078098474,3,pos_s396_e474_s2622_e2652_s3324_e3366,30,0.008488964346349746,0,pos
FUN_007539,0,0.0,0,pos,0,0.0,0,pos
FUN_004649,0,0.0,0,pos,0,0.0,0,pos
FUN_008413,60,0.030211480362537766,1,pos_s1650_e1686,36,0.01812688821752266,1,pos_s1650_e1686
FUN_004261,42,0.029166666666666667,1,pos_s1308_e1338,0,0.0,0,pos
FUN_009553,48,0.008421052631578947,0,pos,0,0.0,0,pos
FUN_002221,18,0.01327433628318584,0,pos,0,0.0,0,pos
FUN_007669,0,0.0,0,pos,0,0.0,0,pos
FUN_004813,0,0.0,0,pos,0,0.0,0,pos
FUN_016652,0,0.0,0,pos,0,0.0,0,pos
FUN_002202,0,0.0,0,pos,0,0.0,0,pos
FUN_003065,84,0.08974358974358974,1,pos_s810_e894,36,0.038461538461538464,0,pos
FUN_008847,0,0.0,0,pos,0,0.0,0,pos
FUN_016175,0,0.0,0,pos,0,0.0,0,pos
FUN_000189,30,0.02252252252252252,1,pos_s1272_e1302,0,0.0,0,pos
FUN_008039,0,0.0,0,pos,0,0.0,0,pos
FUN_008868,0,0.0,0,pos,0,0.0,0,pos
FUN_008535,18,0.00906344410876133,0,pos,0,0.0,0,pos
FUN_006681,270,0.2710843373493976,2,pos_s426_e498_s720_e876,186,0.18674698795180722,3,pos_s462_e498_s720_e762_s768_e876
FUN_007705,324,0.03840682788051209,5,pos_s5166_e5196_s5994_e6078_s6678_e6732_s7032_e7068_s7470_e7512,60,0.007112375533428165,1,pos_s7038_e7068
FUN_007895,0,0.0,0,pos,0,0.0,0,pos
FUN_003359,0,0.0,0,pos,0,0.0,0,pos
FUN_011217,54,0.037815126050420166,1,pos_s1116_e1164,0,0.0,0,pos
FUN_011984,144,0.125,1,pos_s384_e510,144,0.125,1,pos_s384_e510
FUN_004566,6,0.003215434083601286,0,pos,0,0.0,0,pos
FUN_004474,0,0.0,0,pos,0,0.0,0,pos
FUN_008475,0,0.0,0,pos,0,0.0,0,pos
FUN_000845,96,0.06037735849056604,1,pos_s294_e336,0,0.0,0,pos
FUN_003500,108,0.061224489795918366,1,pos_s1560_e1668,42,0.023809523809523808,1,pos_s1596_e1638
FUN_002080,0,0.0,0,pos,0,0.0,0,pos
FUN_004374,0,0.0,0,pos,0,0.0,0,pos
FUN_015988,0,0.0,0,pos,0,0.0,0,pos
FUN_008370,0,0.0,0,pos,0,0.0,0,pos
FUN_004431,6,0.002551020408163265,0,pos,6,0.002551020408163265,0,pos
FUN_005566,0,0.0,0,pos,0,0.0,0,pos
FUN_002879,54,0.031578947368421054,0,pos,0,0.0,0,pos
FUN_015337,0,0.0,0,pos,0,0.0,0,pos
FUN_015645,0,0.0,0,pos,0,0.0,0,pos
FUN_008065,96,0.04395604395604396,1,pos_s834_e888,0,0.0,0,pos
FUN_006745,54,0.01859504132231405,1,pos_s636_e672,24,0.008264462809917356,0,pos
FUN_010420,0,0.0,0,pos,0,0.0,0,pos
FUN_016001,0,0.0,0,pos,0,0.0,0,pos
FUN_012240,0,0.0,0,pos,0,0.0,0,pos
FUN_015414,0,0.0,0,pos,0,0.0,0,pos
FUN_004519,0,0.0,0,pos,0,0.0,0,pos
FUN_004954,0,0.0,0,pos,0,0.0,0,pos
FUN_007698,0,0.0,0,pos,0,0.0,0,pos
FUN_006568,72,0.04580152671755725,1,pos_s828_e900,0,0.0,0,pos
FUN_010587,102,0.22666666666666666,2,pos_s54_e90_s168_e204,42,0.09333333333333334,1,pos_s174_e204
FUN_005413,0,0.0,0,pos,0,0.0,0,pos
FUN_001820,0,0.0,0,pos,0,0.0,0,pos
FUN_008060,0,0.0,0,pos,0,0.0,0,pos
FUN_006673,156,0.047706422018348627,1,pos_s2280_e2406,12,0.003669724770642202,0,pos
FUN_010858,0,0.0,0,pos,0,0.0,0,pos
FUN_002247,0,0.0,0,pos,0,0.0,0,pos
FUN_007048,0,0.0,0,pos,0,0.0,0,pos
FUN_007946,0,0.0,0,pos,0,0.0,0,pos
FUN_009048,0,0.0,0,pos,0,0.0,0,pos
FUN_009147,54,0.0042775665399239545,1,pos_s10608_e10650,0,0.0,0,pos
FUN_001132,0,0.0,0,pos,0,0.0,0,pos
FUN_003476,12,0.007352941176470588,0,pos,0,0.0,0,pos
FUN_007108,0,0.0,0,pos,0,0.0,0,pos
FUN_009996,360,0.056022408963585436,4,pos_s1536_e1566_s1572_e1620_s1842_e1902_s6210_e6312,0,0.0,0,pos
FUN_000022,0,0.0,0,pos,0,0.0,0,pos
FUN_016292,0,0.0,0,pos,0,0.0,0,pos
FUN_001697,12,0.005333333333333333,0,pos,0,0.0,0,pos
FUN_000004,0,0.0,0,pos,0,0.0,0,pos
FUN_004773,0,0.0,0,pos,0,0.0,0,pos
FUN_007637,0,0.0,0,pos,0,0.0,0,pos
FUN_005800,60,0.03076923076923077,1,pos_s348_e408,36,0.018461538461538463,0,pos
FUN_005442,210,0.055031446540880505,3,pos_s1746_e1788_s2586_e2634_s3492_e3570,60,0.015723270440251572,1,pos_s3492_e3552
FUN_011111,0,0.0,0,pos,0,0.0,0,pos
FUN_005181,0,0.0,0,pos,0,0.0,0,pos
FUN_004696,0,0.0,0,pos,0,0.0,0,pos
FUN_004669,84,0.02422145328719723,1,pos_s2772_e2856,0,0.0,0,pos
FUN_006932,192,0.12307692307692308,4,pos_s0_e36_s216_e252_s1176_e1224_s1464_e1524,24,0.015384615384615385,0,pos
FUN_003556,0,0.0,0,pos,0,0.0,0,pos
FUN_003616,0,0.0,0,pos,0,0.0,0,pos
FUN_006957,12,0.006349206349206349,0,pos,0,0.0,0,pos
FUN_001154,0,0.0,0,pos,0,0.0,0,pos
FUN_015837,0,0.0,0,pos,0,0.0,0,pos
FUN_015963,0,0.0,0,pos,0,0.0,0,pos
FUN_010725,18,0.009146341463414634,0,pos,0,0.0,0,pos
FUN_009251,0,0.0,0,pos,0,0.0,0,pos
FUN_001148,0,0.0,0,pos,0,0.0,0,pos
FUN_009875,0,0.0,0,pos,0,0.0,0,pos
FUN_000948,0,0.0,0,pos,0,0.0,0,pos
FUN_004077,6,0.02702702702702703,0,pos,0,0.0,0,pos
FUN_000717,0,0.0,0,pos,0,0.0,0,pos
FUN_008030,0,0.0,0,pos,0,0.0,0,pos
FUN_008481,0,0.0,0,pos,0,0.0,0,pos
FUN_009866,66,0.04888888888888889,0,pos,0,0.0,0,pos
FUN_007588,0,0.0,0,pos,0,0.0,0,pos
FUN_008214,0,0.0,0,pos,0,0.0,0,pos
FUN_003719,0,0.0,0,pos,0,0.0,0,pos
FUN_002223,90,0.035046728971962614,1,pos_s1644_e1698,12,0.004672897196261682,0,pos
FUN_001569,0,0.0,0,pos,0,0.0,0,pos
FUN_011068,0,0.0,0,pos,0,0.0,0,pos
FUN_001424,0,0.0,0,pos,0,0.0,0,pos
FUN_010463,0,0.0,0,pos,0,0.0,0,pos
FUN_015950,0,0.0,0,pos,0,0.0,0,pos
FUN_010905,0,0.0,0,pos,0,0.0,0,pos
FUN_000726,0,0.0,0,pos,0,0.0,0,pos
FUN_009257,150,0.15822784810126583,1,pos_s48_e186,132,0.13924050632911392,1,pos_s72_e186
FUN_010506,0,0.0,0,pos,0,0.0,0,pos
FUN_008685,234,0.13588850174216027,2,pos_s504_e666_s684_e744,168,0.0975609756097561,3,pos_s534_e570_s588_e666_s684_e738
FUN_002737,66,0.03806228373702422,1,pos_s576_e624,0,0.0,0,pos
FUN_008473,30,0.014925373134328358,0,pos,0,0.0,0,pos
FUN_005753,0,0.0,0,pos,0,0.0,0,pos
FUN_011563,0,0.0,0,pos,0,0.0,0,pos
FUN_007995,6,0.009900990099009901,0,pos,6,0.009900990099009901,0,pos
FUN_011970,0,0.0,0,pos,0,0.0,0,pos
FUN_015951,0,0.0,0,pos,0,0.0,0,pos
FUN_004752,0,0.0,0,pos,0,0.0,0,pos
FUN_001930,0,0.0,0,pos,0,0.0,0,pos
FUN_005248,0,0.0,0,pos,0,0.0,0,pos
FUN_009516,0,0.0,0,pos,0,0.0,0,pos
FUN_002547,0,0.0,0,pos,0,0.0,0,pos
FUN_003601,0,0.0,0,pos,0,0.0,0,pos
FUN_002403,0,0.0,0,pos,0,0.0,0,pos
FUN_006650,48,0.005082592121982211,0,pos,0,0.0,0,pos
FUN_008693,0,0.0,0,pos,0,0.0,0,pos
FUN_006336,60,0.04504504504504504,1,pos_s864_e900,0,0.0,0,pos
FUN_008960,18,0.006818181818181818,0,pos,0,0.0,0,pos
FUN_001511,66,0.01669195751138088,0,pos,6,0.0015174506828528073,0,pos
FUN_012399,0,0.0,0,pos,0,0.0,0,pos
FUN_004936,0,0.0,0,pos,0,0.0,0,pos
FUN_004968,0,0.0,0,pos,0,0.0,0,pos
FUN_001850,0,0.0,0,pos,0,0.0,0,pos
FUN_007500,306,0.08018867924528301,4,pos_s114_e144_s1680_e1734_s2532_e2628_s2832_e2898,102,0.026729559748427674,1,pos_s2556_e2622
FUN_015854,0,0.0,0,pos,0,0.0,0,pos
FUN_005784,54,0.0989010989010989,1,pos_s180_e234,24,0.04395604395604396,0,pos
FUN_011523,0,0.0,0,pos,0,0.0,0,pos
FUN_002192,24,0.015748031496062992,0,pos,0,0.0,0,pos
FUN_009051,72,0.13953488372093023,1,pos_s258_e330,0,0.0,0,pos
FUN_000283,60,0.045871559633027525,1,pos_s588_e618,0,0.0,0,pos
FUN_006926,0,0.0,0,pos,0,0.0,0,pos
FUN_016534,0,0.0,0,pos,0,0.0,0,pos
FUN_004667,0,0.0,0,pos,0,0.0,0,pos
FUN_016524,0,0.0,0,pos,0,0.0,0,pos
FUN_010474,30,0.015723270440251572,0,pos,0,0.0,0,pos
FUN_003397,0,0.0,0,pos,0,0.0,0,pos
FUN_005469,72,0.24489795918367346,1,pos_s30_e102,0,0.0,0,pos
FUN_005107,6,0.00684931506849315,0,pos,6,0.00684931506849315,0,pos
FUN_007027,0,0.0,0,pos,0,0.0,0,pos
FUN_000355,0,0.0,0,pos,0,0.0,0,pos
FUN_008259,246,0.17446808510638298,2,pos_s1002_e1032_s1062_e1212,12,0.00851063829787234,0,pos
FUN_015506,0,0.0,0,pos,0,0.0,0,pos
FUN_011988,0,0.0,0,pos,0,0.0,0,pos
FUN_006655,0,0.0,0,pos,0,0.0,0,pos
FUN_001076,24,0.029197080291970802,0,pos,0,0.0,0,pos
FUN_000104,30,0.10204081632653061,0,pos,18,0.061224489795918366,0,pos
FUN_007095,150,0.0589622641509434,2,pos_s1626_e1704_s1932_e1998,0,0.0,0,pos
FUN_007040,60,0.23255813953488372,1,pos_s90_e144,0,0.0,0,pos
FUN_012127,0,0.0,0,pos,0,0.0,0,pos
FUN_016490,78,0.12037037037037036,1,pos_s318_e396,0,0.0,0,pos
FUN_000675,0,0.0,0,pos,0,0.0,0,pos
FUN_004305,24,0.011235955056179775,0,pos,0,0.0,0,pos
FUN_004633,0,0.0,0,pos,0,0.0,0,pos
FUN_016021,0,0.0,0,pos,0,0.0,0,pos
FUN_016549,96,0.027538726333907058,2,pos_s1416_e1470_s1488_e1530,6,0.0017211703958691911,0,pos
FUN_003150,0,0.0,0,pos,0,0.0,0,pos
FUN_015469,0,0.0,0,pos,0,0.0,0,pos
FUN_001376,0,0.0,0,pos,0,0.0,0,pos
FUN_003512,0,0.0,0,pos,0,0.0,0,pos
FUN_003589,60,0.05235602094240838,1,pos_s966_e1026,0,0.0,0,pos
FUN_002219,0,0.0,0,pos,0,0.0,0,pos
FUN_007794,0,0.0,0,pos,0,0.0,0,pos
FUN_004535,0,0.0,0,pos,0,0.0,0,pos
FUN_011229,78,0.021996615905245348,0,pos,0,0.0,0,pos
FUN_007979,90,0.40540540540540543,0,pos,36,0.16216216216216217,0,pos
FUN_003839,0,0.0,0,pos,0,0.0,0,pos
FUN_001250,0,0.0,0,pos,0,0.0,0,pos
FUN_016104,0,0.0,0,pos,0,0.0,0,pos
FUN_012355,0,0.0,0,pos,0,0.0,0,pos
FUN_004016,12,0.031746031746031744,0,pos,0,0.0,0,pos
FUN_011220,54,0.05806451612903226,1,pos_s354_e402,0,0.0,0,pos
FUN_001319,132,0.030726256983240222,3,pos_s144_e180_s636_e666_s684_e732,42,0.009776536312849162,0,pos
FUN_008653,0,0.0,0,pos,0,0.0,0,pos
FUN_001072,0,0.0,0,pos,0,0.0,0,pos
FUN_008402,60,0.040983606557377046,1,pos_s498_e540,0,0.0,0,pos
FUN_008516,72,0.029925187032418952,2,pos_s0_e42_s1248_e1278,42,0.017456359102244388,1,pos_s0_e42
FUN_009479,282,0.1709090909090909,4,pos_s114_e150_s750_e792_s810_e894_s906_e948,36,0.02181818181818182,0,pos
FUN_011867,0,0.0,0,pos,0,0.0,0,pos
FUN_016015,198,0.07857142857142857,1,pos_s816_e990,120,0.047619047619047616,1,pos_s822_e942
FUN_001715,0,0.0,0,pos,0,0.0,0,pos
FUN_003354,72,0.031914893617021274,1,pos_s54_e120,48,0.02127659574468085,1,pos_s54_e96
FUN_004931,0,0.0,0,pos,0,0.0,0,pos
FUN_000591,0,0.0,0,pos,0,0.0,0,pos
FUN_008726,276,0.10222222222222223,4,pos_s210_e264_s1194_e1290_s1314_e1350_s1362_e1392,54,0.02,1,pos_s210_e258
FUN_009065,0,0.0,0,pos,0,0.0,0,pos
FUN_015954,0,0.0,0,pos,0,0.0,0,pos
FUN_012522,0,0.0,0,pos,0,0.0,0,pos
FUN_008291,0,0.0,0,pos,0,0.0,0,pos
FUN_000254,0,0.0,0,pos,0,0.0,0,pos
FUN_002818,198,0.03409090909090909,3,pos_s846_e888_s954_e1002_s4938_e4980,42,0.007231404958677686,1,pos_s960_e1002
FUN_012106,0,0.0,0,pos,0,0.0,0,pos
FUN_001944,0,0.0,0,pos,0,0.0,0,pos
FUN_002735,30,0.013513513513513514,1,pos_s1092_e1122,0,0.0,0,pos
FUN_011061,0,0.0,0,pos,0,0.0,0,pos
FUN_008866,84,0.3333333333333333,0,pos,66,0.2619047619047619,0,pos
FUN_005379,0,0.0,0,pos,0,0.0,0,pos
FUN_011145,0,0.0,0,pos,0,0.0,0,pos
FUN_009027,0,0.0,0,pos,0,0.0,0,pos
FUN_002665,0,0.0,0,pos,0,0.0,0,pos
FUN_016868,0,0.0,0,pos,0,0.0,0,pos
FUN_005993,0,0.0,0,pos,0,0.0,0,pos
FUN_005923,0,0.0,0,pos,0,0.0,0,pos
FUN_000478,372,0.03750756200846945,6,pos_s6654_e6720_s7500_e7536_s7614_e7650_s7914_e7944_s7956_e8004_s8550_e8640,66,0.006654567453115548,1,pos_s8550_e8586
FUN_016136,0,0.0,0,pos,0,0.0,0,pos
FUN_003016,0,0.0,0,pos,0,0.0,0,pos
FUN_004580,66,0.04230769230769231,1,pos_s1110_e1176,30,0.019230769230769232,1,pos_s1146_e1176
FUN_006270,0,0.0,0,pos,0,0.0,0,pos
FUN_011560,0,0.0,0,pos,0,0.0,0,pos
FUN_000588,24,0.04,0,pos,0,0.0,0,pos
FUN_008898,72,0.05063291139240506,1,pos_s1026_e1092,0,0.0,0,pos
FUN_012156,0,0.0,0,pos,0,0.0,0,pos
FUN_012403,0,0.0,0,pos,0,0.0,0,pos
FUN_004421,0,0.0,0,pos,0,0.0,0,pos
FUN_002195,6,0.005319148936170213,0,pos,0,0.0,0,pos
FUN_002026,0,0.0,0,pos,0,0.0,0,pos
FUN_000257,0,0.0,0,pos,0,0.0,0,pos
FUN_003040,0,0.0,0,pos,0,0.0,0,pos
FUN_008723,42,0.12727272727272726,0,pos,0,0.0,0,pos
FUN_012460,0,0.0,0,pos,0,0.0,0,pos
FUN_010867,0,0.0,0,pos,0,0.0,0,pos
FUN_007137,6,0.0072992700729927005,0,pos,0,0.0,0,pos
FUN_001320,0,0.0,0,pos,0,0.0,0,pos
FUN_004160,24,0.06779661016949153,0,pos,0,0.0,0,pos
FUN_005513,0,0.0,0,pos,0,0.0,0,pos
FUN_007156,6,0.012658227848101266,0,pos,0,0.0,0,pos
FUN_000294,0,0.0,0,pos,0,0.0,0,pos
FUN_000323,0,0.0,0,pos,0,0.0,0,pos
FUN_005606,102,0.08673469387755102,1,pos_s1068_e1104,60,0.05102040816326531,0,pos
FUN_002281,0,0.0,0,pos,0,0.0,0,pos
FUN_000881,0,0.0,0,pos,0,0.0,0,pos
FUN_009631,84,0.04827586206896552,2,pos_s1254_e1296_s1314_e1356,24,0.013793103448275862,0,pos
FUN_016792,0,0.0,0,pos,0,0.0,0,pos
FUN_005300,12,0.017241379310344827,0,pos,0,0.0,0,pos
FUN_009807,0,0.0,0,pos,0,0.0,0,pos
FUN_016473,0,0.0,0,pos,0,0.0,0,pos
FUN_016099,0,0.0,0,pos,0,0.0,0,pos
FUN_004526,0,0.0,0,pos,0,0.0,0,pos
FUN_011100,0,0.0,0,pos,0,0.0,0,pos
FUN_016130,0,0.0,0,pos,0,0.0,0,pos
FUN_016740,0,0.0,0,pos,0,0.0,0,pos
FUN_006566,42,0.014613778705636743,1,pos_s1440_e1470,0,0.0,0,pos
FUN_003493,0,0.0,0,pos,0,0.0,0,pos
FUN_002618,0,0.0,0,pos,0,0.0,0,pos
FUN_004386,0,0.0,0,pos,0,0.0,0,pos
FUN_010023,42,0.018518518518518517,1,pos_s978_e1020,18,0.007936507936507936,0,pos
FUN_008646,0,0.0,0,pos,0,0.0,0,pos
FUN_002750,0,0.0,0,pos,0,0.0,0,pos
FUN_003181,0,0.0,0,pos,0,0.0,0,pos
FUN_009701,0,0.0,0,pos,0,0.0,0,pos
FUN_003865,0,0.0,0,pos,0,0.0,0,pos
FUN_002516,0,0.0,0,pos,0,0.0,0,pos
FUN_016300,0,0.0,0,pos,0,0.0,0,pos
FUN_000892,0,0.0,0,pos,0,0.0,0,pos
FUN_012520,0,0.0,0,pos,0,0.0,0,pos
FUN_007777,0,0.0,0,pos,0,0.0,0,pos
FUN_010215,126,0.10344827586206896,1,pos_s960_e1038,0,0.0,0,pos
FUN_007097,0,0.0,0,pos,0,0.0,0,pos
FUN_012016,0,0.0,0,pos,0,0.0,0,pos
FUN_008873,0,0.0,0,pos,0,0.0,0,pos
FUN_003111,0,0.0,0,pos,0,0.0,0,pos
FUN_007562,0,0.0,0,pos,0,0.0,0,pos
FUN_015624,0,0.0,0,pos,0,0.0,0,pos
FUN_001023,0,0.0,0,pos,0,0.0,0,pos
FUN_016045,0,0.0,0,pos,0,0.0,0,pos
FUN_006038,0,0.0,0,pos,0,0.0,0,pos
FUN_004678,30,0.010893246187363835,1,pos_s108_e138,0,0.0,0,pos
FUN_007259,0,0.0,0,pos,0,0.0,0,pos
FUN_000121,0,0.0,0,pos,0,0.0,0,pos
FUN_002720,54,0.012048192771084338,1,pos_s4062_e4104,24,0.00535475234270415,0,pos
FUN_000261,48,0.0311284046692607,1,pos_s888_e924,0,0.0,0,pos
FUN_002228,0,0.0,0,pos,0,0.0,0,pos
FUN_011718,0,0.0,0,pos,0,0.0,0,pos
FUN_008945,0,0.0,0,pos,0,0.0,0,pos
FUN_008500,0,0.0,0,pos,0,0.0,0,pos
FUN_015647,0,0.0,0,pos,0,0.0,0,pos
FUN_016555,0,0.0,0,pos,0,0.0,0,pos
FUN_003781,0,0.0,0,pos,0,0.0,0,pos
FUN_008740,0,0.0,0,pos,0,0.0,0,pos
FUN_004984,0,0.0,0,pos,0,0.0,0,pos
FUN_011534,0,0.0,0,pos,0,0.0,0,pos
FUN_011549,0,0.0,0,pos,0,0.0,0,pos
FUN_015625,0,0.0,0,pos,0,0.0,0,pos
FUN_003666,0,0.0,0,pos,0,0.0,0,pos
FUN_010202,0,0.0,0,pos,0,0.0,0,pos
FUN_011319,0,0.0,0,pos,0,0.0,0,pos
FUN_004969,0,0.0,0,pos,0,0.0,0,pos
FUN_004651,0,0.0,0,pos,0,0.0,0,pos
FUN_010289,0,0.0,0,pos,0,0.0,0,pos
FUN_009677,0,0.0,0,pos,0,0.0,0,pos
FUN_000436,0,0.0,0,pos,0,0.0,0,pos
FUN_010425,18,0.02112676056338028,0,pos,0,0.0,0,pos
FUN_015979,0,0.0,0,pos,0,0.0,0,pos
FUN_008027,0,0.0,0,pos,0,0.0,0,pos
FUN_004099,0,0.0,0,pos,0,0.0,0,pos
FUN_010872,162,0.02535211267605634,2,pos_s3372_e3444_s3762_e3852,0,0.0,0,pos
FUN_000199,0,0.0,0,pos,0,0.0,0,pos
FUN_001686,6,0.004149377593360996,0,pos,0,0.0,0,pos
FUN_007502,0,0.0,0,pos,0,0.0,0,pos
FUN_010346,0,0.0,0,pos,0,0.0,0,pos
FUN_011882,0,0.0,0,pos,0,0.0,0,pos
FUN_002020,0,0.0,0,pos,0,0.0,0,pos
FUN_010805,0,0.0,0,pos,0,0.0,0,pos
FUN_002513,0,0.0,0,pos,0,0.0,0,pos
FUN_006897,24,0.008676789587852495,0,pos,0,0.0,0,pos
FUN_000125,0,0.0,0,pos,0,0.0,0,pos
FUN_005547,0,0.0,0,pos,0,0.0,0,pos
FUN_011010,102,0.06589147286821706,1,pos_s54_e120,42,0.027131782945736434,1,pos_s54_e90
FUN_004166,0,0.0,0,pos,0,0.0,0,pos
FUN_004851,0,0.0,0,pos,0,0.0,0,pos
FUN_012436,0,0.0,0,pos,0,0.0,0,pos
FUN_006082,0,0.0,0,pos,0,0.0,0,pos
FUN_008277,18,0.016042780748663103,0,pos,0,0.0,0,pos
FUN_015557,0,0.0,0,pos,0,0.0,0,pos
FUN_007207,0,0.0,0,pos,0,0.0,0,pos
FUN_002377,186,0.0950920245398773,2,pos_s696_e798_s1416_e1476,36,0.018404907975460124,0,pos
FUN_011247,0,0.0,0,pos,0,0.0,0,pos
FUN_001841,30,0.010460251046025104,0,pos,30,0.010460251046025104,0,pos
FUN_008923,0,0.0,0,pos,0,0.0,0,pos
FUN_016445,0,0.0,0,pos,0,0.0,0,pos
FUN_016882,0,0.0,0,pos,0,0.0,0,pos
FUN_005423,0,0.0,0,pos,0,0.0,0,pos
FUN_002024,0,0.0,0,pos,0,0.0,0,pos
FUN_010717,0,0.0,0,pos,0,0.0,0,pos
FUN_005721,0,0.0,0,pos,0,0.0,0,pos
FUN_003598,54,0.05732484076433121,1,pos_s594_e624,18,0.01910828025477707,0,pos
FUN_016636,0,0.0,0,pos,0,0.0,0,pos
FUN_005302,12,0.03125,0,pos,12,0.03125,0,pos
FUN_006362,0,0.0,0,pos,0,0.0,0,pos
FUN_016023,0,0.0,0,pos,0,0.0,0,pos
FUN_009481,0,0.0,0,pos,0,0.0,0,pos
FUN_004753,6,0.002,0,pos,0,0.0,0,pos
FUN_003609,12,0.043478260869565216,0,pos,0,0.0,0,pos
FUN_011137,0,0.0,0,pos,0,0.0,0,pos
FUN_011278,0,0.0,0,pos,0,0.0,0,pos
FUN_003037,0,0.0,0,pos,0,0.0,0,pos
FUN_015501,0,0.0,0,pos,0,0.0,0,pos
FUN_001377,0,0.0,0,pos,0,0.0,0,pos
FUN_006439,0,0.0,0,pos,0,0.0,0,pos
FUN_001362,0,0.0,0,pos,0,0.0,0,pos
FUN_000597,0,0.0,0,pos,0,0.0,0,pos
FUN_011018,0,0.0,0,pos,0,0.0,0,pos
FUN_009768,0,0.0,0,pos,0,0.0,0,pos
FUN_006868,0,0.0,0,pos,0,0.0,0,pos
FUN_005083,0,0.0,0,pos,0,0.0,0,pos
FUN_015898,0,0.0,0,pos,0,0.0,0,pos
FUN_004995,0,0.0,0,pos,0,0.0,0,pos
FUN_001614,42,0.05,1,pos_s468_e498,0,0.0,0,pos
FUN_010747,60,0.17857142857142858,0,pos,18,0.05357142857142857,0,pos
FUN_003098,0,0.0,0,pos,0,0.0,0,pos
FUN_011123,0,0.0,0,pos,0,0.0,0,pos
FUN_009737,90,0.08875739644970414,1,pos_s0_e60,0,0.0,0,pos
FUN_006694,0,0.0,0,pos,0,0.0,0,pos
FUN_002950,30,0.03875968992248062,1,pos_s504_e534,0,0.0,0,pos
FUN_004467,0,0.0,0,pos,0,0.0,0,pos
FUN_003754,0,0.0,0,pos,0,0.0,0,pos
FUN_002296,138,0.055288461538461536,2,pos_s546_e630_s690_e726,0,0.0,0,pos
FUN_016468,0,0.0,0,pos,0,0.0,0,pos
FUN_002911,0,0.0,0,pos,0,0.0,0,pos
FUN_007220,228,0.16740088105726872,4,pos_s630_e684_s1074_e1110_s1116_e1164_s1218_e1284,90,0.06607929515418502,2,pos_s1074_e1110_s1230_e1284
FUN_007359,6,0.002380952380952381,0,pos,0,0.0,0,pos
FUN_004366,402,0.08271604938271605,5,pos_s2142_e2196_s2700_e2772_s4092_e4128_s4134_e4206_s4320_e4422,54,0.011111111111111112,1,pos_s2730_e2760
FUN_003846,36,0.0025252525252525255,0,pos,30,0.0021043771043771043,0,pos
FUN_003852,0,0.0,0,pos,0,0.0,0,pos
FUN_005740,0,0.0,0,pos,0,0.0,0,pos
FUN_001187,114,0.19387755102040816,1,pos_s90_e204,96,0.16326530612244897,1,pos_s96_e174
FUN_015509,0,0.0,0,pos,0,0.0,0,pos
FUN_012393,0,0.0,0,pos,0,0.0,0,pos
FUN_009692,0,0.0,0,pos,0,0.0,0,pos
FUN_007990,42,0.02046783625730994,1,pos_s1818_e1854,0,0.0,0,pos
FUN_011697,0,0.0,0,pos,0,0.0,0,pos
FUN_005939,36,0.16666666666666666,1,pos_s174_e210,18,0.08333333333333333,0,pos
FUN_004103,0,0.0,0,pos,0,0.0,0,pos
FUN_003694,0,0.0,0,pos,0,0.0,0,pos
FUN_010750,0,0.0,0,pos,0,0.0,0,pos
FUN_011311,0,0.0,0,pos,0,0.0,0,pos
FUN_010357,30,0.03546099290780142,1,pos_s426_e456,0,0.0,0,pos
FUN_006365,12,0.012345679012345678,0,pos,0,0.0,0,pos
FUN_004138,0,0.0,0,pos,0,0.0,0,pos
FUN_008077,60,0.02666666666666667,1,pos_s690_e738,48,0.021333333333333333,1,pos_s690_e738
FUN_003999,0,0.0,0,pos,0,0.0,0,pos
FUN_000076,0,0.0,0,pos,0,0.0,0,pos
FUN_016478,0,0.0,0,pos,0,0.0,0,pos
FUN_000215,0,0.0,0,pos,0,0.0,0,pos
FUN_007423,0,0.0,0,pos,0,0.0,0,pos
FUN_008253,156,0.1793103448275862,2,pos_s222_e312_s378_e444,54,0.06206896551724138,1,pos_s234_e288
FUN_009993,30,0.009784735812133072,1,pos_s120_e150,0,0.0,0,pos
FUN_006003,0,0.0,0,pos,0,0.0,0,pos
FUN_007758,0,0.0,0,pos,0,0.0,0,pos
FUN_005260,126,0.051470588235294115,2,pos_s804_e870_s1218_e1248,30,0.012254901960784314,0,pos
FUN_010025,0,0.0,0,pos,0,0.0,0,pos
FUN_015693,0,0.0,0,pos,0,0.0,0,pos
FUN_012523,0,0.0,0,pos,0,0.0,0,pos
FUN_008008,18,0.0049833887043189366,0,pos,0,0.0,0,pos
FUN_015970,0,0.0,0,pos,0,0.0,0,pos
FUN_003630,0,0.0,0,pos,0,0.0,0,pos
FUN_005588,600,0.25773195876288657,6,pos_s210_e258_s306_e390_s432_e534_s1044_e1080_s1176_e1416_s1422_e1500,222,0.09536082474226804,2,pos_s1188_e1344_s1458_e1500
FUN_012248,0,0.0,0,pos,0,0.0,0,pos
FUN_015512,0,0.0,0,pos,0,0.0,0,pos
FUN_007098,0,0.0,0,pos,0,0.0,0,pos
FUN_008050,0,0.0,0,pos,0,0.0,0,pos
FUN_007224,0,0.0,0,pos,0,0.0,0,pos
FUN_000916,180,0.05639097744360902,3,pos_s0_e30_s438_e468_s522_e552,12,0.0037593984962406013,0,pos
FUN_015676,0,0.0,0,pos,0,0.0,0,pos
FUN_008929,0,0.0,0,pos,0,0.0,0,pos
FUN_012521,0,0.0,0,pos,0,0.0,0,pos
FUN_012408,0,0.0,0,pos,0,0.0,0,pos
FUN_009610,0,0.0,0,pos,0,0.0,0,pos
FUN_016848,0,0.0,0,pos,0,0.0,0,pos
FUN_007708,0,0.0,0,pos,0,0.0,0,pos
FUN_003506,0,0.0,0,pos,0,0.0,0,pos
FUN_016032,0,0.0,0,pos,0,0.0,0,pos
FUN_011485,0,0.0,0,pos,0,0.0,0,pos
FUN_004318,48,0.03278688524590164,1,pos_s60_e108,0,0.0,0,pos
FUN_011887,0,0.0,0,pos,0,0.0,0,pos
FUN_001698,0,0.0,0,pos,0,0.0,0,pos
FUN_000069,0,0.0,0,pos,0,0.0,0,pos
FUN_006385,12,0.020202020202020204,0,pos,0,0.0,0,pos
FUN_016543,0,0.0,0,pos,0,0.0,0,pos
FUN_004642,0,0.0,0,pos,0,0.0,0,pos
FUN_016017,0,0.0,0,pos,0,0.0,0,pos
FUN_011847,0,0.0,0,pos,0,0.0,0,pos
FUN_002731,138,0.11330049261083744,2,pos_s1026_e1056_s1080_e1134,42,0.034482758620689655,1,pos_s1098_e1134
FUN_008240,0,0.0,0,pos,0,0.0,0,pos
FUN_010435,96,0.018411967779056387,1,pos_s1932_e1980,48,0.009205983889528193,1,pos_s1932_e1980
FUN_009241,0,0.0,0,pos,0,0.0,0,pos
FUN_012195,0,0.0,0,pos,0,0.0,0,pos
FUN_016866,0,0.0,0,pos,0,0.0,0,pos
FUN_007346,0,0.0,0,pos,0,0.0,0,pos
FUN_010321,0,0.0,0,pos,0,0.0,0,pos
FUN_016165,0,0.0,0,pos,0,0.0,0,pos
FUN_010764,0,0.0,0,pos,0,0.0,0,pos
FUN_007652,0,0.0,0,pos,0,0.0,0,pos
FUN_008902,240,0.04700352526439483,3,pos_s2574_e2628_s2652_e2766_s4734_e4794,186,0.036427732079905996,2,pos_s2586_e2628_s2652_e2766
FUN_015663,0,0.0,0,pos,0,0.0,0,pos
FUN_002251,108,0.10650887573964497,2,pos_s774_e846_s852_e888,54,0.05325443786982249,1,pos_s774_e828
FUN_005147,0,0.0,0,pos,0,0.0,0,pos
FUN_002112,0,0.0,0,pos,0,0.0,0,pos
FUN_004740,78,0.052,1,pos_s690_e762,0,0.0,0,pos
FUN_001806,0,0.0,0,pos,0,0.0,0,pos
FUN_007324,18,0.05660377358490566,0,pos,0,0.0,0,pos
FUN_016051,0,0.0,0,pos,0,0.0,0,pos
FUN_007828,6,0.006289308176100629,0,pos,0,0.0,0,pos
FUN_004156,0,0.0,0,pos,0,0.0,0,pos
FUN_003050,0,0.0,0,pos,0,0.0,0,pos
FUN_005707,0,0.0,0,pos,0,0.0,0,pos
FUN_008223,0,0.0,0,pos,0,0.0,0,pos
FUN_002636,0,0.0,0,pos,0,0.0,0,pos
FUN_003338,0,0.0,0,pos,0,0.0,0,pos
FUN_015532,0,0.0,0,pos,0,0.0,0,pos
FUN_000089,0,0.0,0,pos,0,0.0,0,pos
FUN_002337,210,0.22727272727272727,2,pos_s444_e522_s708_e792,66,0.07142857142857142,2,pos_s708_e744_s756_e786
FUN_000903,0,0.0,0,pos,0,0.0,0,pos
FUN_008446,324,0.019672131147540985,4,pos_s900_e936_s1578_e1608_s12690_e12756_s14130_e14184,18,0.001092896174863388,0,pos
FUN_010442,0,0.0,0,pos,0,0.0,0,pos
FUN_007597,6,0.002967359050445104,0,pos,0,0.0,0,pos
FUN_009232,0,0.0,0,pos,0,0.0,0,pos
FUN_006242,114,0.007063197026022305,2,pos_s5340_e5406_s5430_e5466,12,0.0007434944237918215,0,pos
FUN_001601,0,0.0,0,pos,0,0.0,0,pos
FUN_012229,0,0.0,0,pos,0,0.0,0,pos
FUN_012283,0,0.0,0,pos,0,0.0,0,pos
FUN_011949,0,0.0,0,pos,0,0.0,0,pos
FUN_009675,0,0.0,0,pos,0,0.0,0,pos
FUN_001309,0,0.0,0,pos,0,0.0,0,pos
FUN_012536,0,0.0,0,pos,0,0.0,0,pos
FUN_000713,0,0.0,0,pos,0,0.0,0,pos
FUN_009182,0,0.0,0,pos,0,0.0,0,pos
FUN_011406,0,0.0,0,pos,0,0.0,0,pos
FUN_001268,0,0.0,0,pos,0,0.0,0,pos
FUN_000123,0,0.0,0,pos,0,0.0,0,pos
FUN_008456,0,0.0,0,pos,0,0.0,0,pos
FUN_008835,108,0.036585365853658534,1,pos_s2562_e2652,54,0.018292682926829267,1,pos_s2574_e2622
FUN_003175,0,0.0,0,pos,0,0.0,0,pos
FUN_008717,0,0.0,0,pos,0,0.0,0,pos
FUN_012290,0,0.0,0,pos,0,0.0,0,pos
FUN_005928,0,0.0,0,pos,0,0.0,0,pos
FUN_016134,0,0.0,0,pos,0,0.0,0,pos
FUN_006352,0,0.0,0,pos,0,0.0,0,pos
FUN_011221,60,0.031545741324921134,1,pos_s444_e480,12,0.006309148264984227,0,pos
FUN_003887,24,0.019138755980861243,0,pos,0,0.0,0,pos
FUN_001863,0,0.0,0,pos,0,0.0,0,pos
FUN_007428,78,0.024761904761904763,1,pos_s2820_e2856,18,0.005714285714285714,0,pos
FUN_008138,48,0.01353637901861252,1,pos_s0_e42,6,0.001692047377326565,0,pos
FUN_005180,0,0.0,0,pos,0,0.0,0,pos
FUN_003640,12,0.0049504950495049506,0,pos,0,0.0,0,pos
FUN_010934,6,0.007246376811594203,0,pos,0,0.0,0,pos
FUN_011423,0,0.0,0,pos,0,0.0,0,pos
FUN_002052,24,0.12121212121212122,0,pos,24,0.12121212121212122,0,pos
FUN_015628,0,0.0,0,pos,0,0.0,0,pos
FUN_005517,6,0.003215434083601286,0,pos,0,0.0,0,pos
FUN_003960,0,0.0,0,pos,0,0.0,0,pos
FUN_006156,126,0.05614973262032086,2,pos_s1872_e1968_s2208_e2238,102,0.045454545454545456,1,pos_s1872_e1962
FUN_008882,0,0.0,0,pos,0,0.0,0,pos
FUN_006422,6,0.0018450184501845018,0,pos,0,0.0,0,pos
FUN_007654,0,0.0,0,pos,0,0.0,0,pos
FUN_005027,258,0.14982578397212543,3,pos_s444_e474_s756_e810_s1392_e1494,48,0.027874564459930314,1,pos_s762_e792
FUN_008629,24,0.01652892561983471,0,pos,0,0.0,0,pos
FUN_015474,0,0.0,0,pos,0,0.0,0,pos
FUN_001898,0,0.0,0,pos,0,0.0,0,pos
FUN_012450,0,0.0,0,pos,0,0.0,0,pos
FUN_016116,0,0.0,0,pos,0,0.0,0,pos
FUN_011803,0,0.0,0,pos,0,0.0,0,pos
FUN_016569,0,0.0,0,pos,0,0.0,0,pos
FUN_001085,54,0.05202312138728324,0,pos,0,0.0,0,pos
FUN_008349,0,0.0,0,pos,0,0.0,0,pos
FUN_004322,0,0.0,0,pos,0,0.0,0,pos
FUN_000024,450,0.038422131147540985,6,pos_s2490_e2538_s3330_e3360_s6114_e6174_s6186_e6288_s6612_e6672_s10866_e10896,114,0.00973360655737705,1,pos_s6204_e6288
FUN_003888,0,0.0,0,pos,0,0.0,0,pos
FUN_000126,6,0.0045045045045045045,0,pos,0,0.0,0,pos
FUN_003403,36,0.03428571428571429,0,pos,0,0.0,0,pos
FUN_004603,0,0.0,0,pos,0,0.0,0,pos
FUN_012308,0,0.0,0,pos,0,0.0,0,pos
FUN_016436,6,0.006535947712418301,0,pos,6,0.006535947712418301,0,pos
FUN_006401,66,0.062146892655367235,1,pos_s654_e720,0,0.0,0,pos
FUN_015279,0,0.0,0,pos,0,0.0,0,pos
FUN_015783,0,0.0,0,pos,0,0.0,0,pos
FUN_009041,0,0.0,0,pos,0,0.0,0,pos
FUN_016420,0,0.0,0,pos,0,0.0,0,pos
FUN_002170,0,0.0,0,pos,0,0.0,0,pos
FUN_008946,0,0.0,0,pos,0,0.0,0,pos
FUN_010969,0,0.0,0,pos,0,0.0,0,pos
FUN_005871,0,0.0,0,pos,0,0.0,0,pos
FUN_000411,150,0.07739938080495357,1,pos_s732_e846,90,0.04643962848297214,2,pos_s732_e762_s774_e834
FUN_008540,90,0.052083333333333336,1,pos_s576_e666,60,0.034722222222222224,1,pos_s606_e666
FUN_016821,0,0.0,0,pos,0,0.0,0,pos
FUN_012347,0,0.0,0,pos,0,0.0,0,pos
FUN_007171,0,0.0,0,pos,0,0.0,0,pos
FUN_001956,0,0.0,0,pos,0,0.0,0,pos
FUN_003115,0,0.0,0,pos,0,0.0,0,pos
FUN_005791,228,0.3089430894308943,3,pos_s306_e384_s438_e480_s522_e630,72,0.0975609756097561,1,pos_s564_e618
FUN_008606,0,0.0,0,pos,0,0.0,0,pos
FUN_015247,0,0.0,0,pos,0,0.0,0,pos
FUN_002181,54,0.017857142857142856,1,pos_s2850_e2892,0,0.0,0,pos
FUN_010901,0,0.0,0,pos,0,0.0,0,pos
FUN_009114,0,0.0,0,pos,0,0.0,0,pos
FUN_010609,0,0.0,0,pos,0,0.0,0,pos
FUN_015367,0,0.0,0,pos,0,0.0,0,pos
FUN_001830,0,0.0,0,pos,0,0.0,0,pos
FUN_010419,0,0.0,0,pos,0,0.0,0,pos
FUN_016806,0,0.0,0,pos,0,0.0,0,pos
FUN_015531,0,0.0,0,pos,0,0.0,0,pos
FUN_000502,0,0.0,0,pos,0,0.0,0,pos
FUN_000635,0,0.0,0,pos,0,0.0,0,pos
FUN_005456,0,0.0,0,pos,0,0.0,0,pos
FUN_000687,156,0.031862745098039214,2,pos_s3186_e3240_s3558_e3600,0,0.0,0,pos
FUN_006267,54,0.01978021978021978,1,pos_s1056_e1110,12,0.004395604395604396,0,pos
FUN_000958,18,0.01775147928994083,0,pos,0,0.0,0,pos
FUN_016044,0,0.0,0,pos,0,0.0,0,pos
FUN_006403,114,0.027338129496402876,1,pos_s4002_e4062,12,0.0028776978417266188,0,pos
FUN_008336,0,0.0,0,pos,0,0.0,0,pos
FUN_002058,0,0.0,0,pos,0,0.0,0,pos
FUN_004966,114,0.034358047016274866,1,pos_s2364_e2472,6,0.0018083182640144665,0,pos
FUN_011965,0,0.0,0,pos,0,0.0,0,pos
FUN_007572,0,0.0,0,pos,0,0.0,0,pos
FUN_009508,0,0.0,0,pos,0,0.0,0,pos
FUN_006983,216,0.03592814371257485,2,pos_s1524_e1632_s2034_e2064,96,0.015968063872255488,1,pos_s1524_e1620
FUN_007086,0,0.0,0,pos,0,0.0,0,pos
FUN_002922,0,0.0,0,pos,0,0.0,0,pos
FUN_003244,36,0.01662049861495845,0,pos,24,0.0110803324099723,0,pos
FUN_016638,0,0.0,0,pos,0,0.0,0,pos
FUN_012100,0,0.0,0,pos,0,0.0,0,pos
FUN_006164,114,0.38,1,pos_s174_e258,48,0.16,1,pos_s210_e258
FUN_015773,0,0.0,0,pos,0,0.0,0,pos
FUN_016117,0,0.0,0,pos,0,0.0,0,pos
FUN_010086,0,0.0,0,pos,0,0.0,0,pos
FUN_002803,0,0.0,0,pos,0,0.0,0,pos
FUN_007211,0,0.0,0,pos,0,0.0,0,pos
FUN_015888,0,0.0,0,pos,0,0.0,0,pos
FUN_016318,0,0.0,0,pos,0,0.0,0,pos
FUN_004470,24,0.006033182503770739,0,pos,0,0.0,0,pos
FUN_002866,102,0.02364394993045897,0,pos,48,0.011126564673157162,1,pos_s4224_e4266
FUN_007968,24,0.012195121951219513,0,pos,0,0.0,0,pos
FUN_001018,0,0.0,0,pos,0,0.0,0,pos
FUN_001581,0,0.0,0,pos,0,0.0,0,pos
FUN_011043,1386,0.22105263157894736,15,pos_s222_e270_s522_e588_s642_e696_s1548_e1590_s1608_e1668_s1734_e1842_s1878_e1980_s2166_e2202_s2208_e2280_s2388_e2436_s2556_e2628_s2658_e2766_s2994_e3060_s3066_e3096_s3348_e3690,654,0.10430622009569378,9,pos_s1800_e1842_s1878_e1938_s2388_e2436_s2556_e2598_s2700_e2766_s3348_e3426_s3462_e3492_s3528_e3600_s3606_e3654
FUN_006869,0,0.0,0,pos,0,0.0,0,pos
FUN_012226,0,0.0,0,pos,0,0.0,0,pos
FUN_003162,0,0.0,0,pos,0,0.0,0,pos
FUN_010451,0,0.0,0,pos,0,0.0,0,pos
FUN_009823,0,0.0,0,pos,0,0.0,0,pos
FUN_009808,18,0.018633540372670808,0,pos,0,0.0,0,pos
FUN_006615,0,0.0,0,pos,0,0.0,0,pos
FUN_011025,30,0.022123893805309734,0,pos,0,0.0,0,pos
FUN_015644,0,0.0,0,pos,0,0.0,0,pos
FUN_015315,0,0.0,0,pos,0,0.0,0,pos
FUN_010350,0,0.0,0,pos,0,0.0,0,pos
FUN_005879,0,0.0,0,pos,0,0.0,0,pos
FUN_009275,0,0.0,0,pos,0,0.0,0,pos
FUN_010462,114,0.12837837837837837,2,pos_s72_e114_s792_e840,0,0.0,0,pos
FUN_001149,0,0.0,0,pos,0,0.0,0,pos
FUN_011331,114,0.11875,1,pos_s312_e378,0,0.0,0,pos
FUN_011603,0,0.0,0,pos,0,0.0,0,pos
FUN_009106,156,0.25742574257425743,1,pos_s300_e444,18,0.0297029702970297,0,pos
FUN_007932,0,0.0,0,pos,0,0.0,0,pos
FUN_001060,0,0.0,0,pos,0,0.0,0,pos
FUN_012178,0,0.0,0,pos,0,0.0,0,pos
FUN_003319,528,0.012634601579325198,8,pos_s8370_e8400_s9288_e9318_s11220_e11286_s14052_e14082_s14142_e14196_s20760_e20802_s26190_e26220_s36816_e36858,6,0.00014357501794687725,0,pos
FUN_003603,6,0.017241379310344827,0,pos,0,0.0,0,pos
FUN_008585,0,0.0,0,pos,0,0.0,0,pos
FUN_000302,0,0.0,0,pos,0,0.0,0,pos
FUN_010537,0,0.0,0,pos,0,0.0,0,pos
FUN_002085,78,0.007784431137724551,1,pos_s4368_e4398,24,0.0023952095808383233,0,pos
FUN_003441,42,0.03167420814479638,1,pos_s540_e582,0,0.0,0,pos
FUN_010365,0,0.0,0,pos,0,0.0,0,pos
FUN_007420,0,0.0,0,pos,0,0.0,0,pos
FUN_000626,18,0.009615384615384616,0,pos,0,0.0,0,pos
FUN_001186,324,0.06994818652849741,6,pos_s1692_e1740_s2580_e2616_s3642_e3702_s3852_e3882_s4128_e4200_s4236_e4278,48,0.010362694300518135,1,pos_s4170_e4200
FUN_007671,0,0.0,0,pos,0,0.0,0,pos
FUN_007710,0,0.0,0,pos,0,0.0,0,pos
FUN_001310,0,0.0,0,pos,0,0.0,0,pos
FUN_006770,12,0.06060606060606061,0,pos,12,0.06060606060606061,0,pos
FUN_006458,0,0.0,0,pos,0,0.0,0,pos
FUN_005005,0,0.0,0,pos,0,0.0,0,pos
FUN_005139,0,0.0,0,pos,0,0.0,0,pos
FUN_010791,6,0.007194244604316547,0,pos,0,0.0,0,pos
FUN_002354,0,0.0,0,pos,0,0.0,0,pos
FUN_009994,0,0.0,0,pos,0,0.0,0,pos
FUN_002312,0,0.0,0,pos,0,0.0,0,pos
FUN_001604,0,0.0,0,pos,0,0.0,0,pos
FUN_003330,132,0.03880070546737213,2,pos_s852_e930_s3246_e3288,36,0.010582010582010581,0,pos
FUN_006844,0,0.0,0,pos,0,0.0,0,pos
FUN_009685,0,0.0,0,pos,0,0.0,0,pos
FUN_001621,0,0.0,0,pos,0,0.0,0,pos
FUN_002899,18,0.021897810218978103,0,pos,0,0.0,0,pos
FUN_004584,0,0.0,0,pos,0,0.0,0,pos
FUN_006684,0,0.0,0,pos,0,0.0,0,pos
FUN_016422,0,0.0,0,pos,0,0.0,0,pos
FUN_003043,210,0.15021459227467812,2,pos_s30_e120_s174_e252,60,0.04291845493562232,1,pos_s174_e234
FUN_001147,0,0.0,0,pos,0,0.0,0,pos
FUN_006124,0,0.0,0,pos,0,0.0,0,pos
FUN_016656,0,0.0,0,pos,0,0.0,0,pos
FUN_004668,0,0.0,0,pos,0,0.0,0,pos
FUN_008495,0,0.0,0,pos,0,0.0,0,pos
FUN_000222,6,0.004347826086956522,0,pos,0,0.0,0,pos
FUN_002168,6,0.002849002849002849,0,pos,0,0.0,0,pos
FUN_015288,0,0.0,0,pos,0,0.0,0,pos
FUN_001454,6,0.006289308176100629,0,pos,6,0.006289308176100629,0,pos
FUN_010188,0,0.0,0,pos,0,0.0,0,pos
FUN_008270,0,0.0,0,pos,0,0.0,0,pos
FUN_003393,24,0.0182648401826484,0,pos,0,0.0,0,pos
FUN_003148,0,0.0,0,pos,0,0.0,0,pos
FUN_009102,0,0.0,0,pos,0,0.0,0,pos
FUN_009389,0,0.0,0,pos,0,0.0,0,pos
FUN_003623,0,0.0,0,pos,0,0.0,0,pos
FUN_002504,0,0.0,0,pos,0,0.0,0,pos
FUN_003837,174,0.11693548387096774,2,pos_s978_e1008_s1374_e1482,120,0.08064516129032258,1,pos_s1380_e1482
FUN_003764,54,0.02356020942408377,1,pos_s726_e762,0,0.0,0,pos
FUN_016854,0,0.0,0,pos,0,0.0,0,pos
FUN_007396,0,0.0,0,pos,0,0.0,0,pos
FUN_004015,0,0.0,0,pos,0,0.0,0,pos
FUN_015438,0,0.0,0,pos,0,0.0,0,pos
FUN_011602,0,0.0,0,pos,0,0.0,0,pos
FUN_012305,0,0.0,0,pos,0,0.0,0,pos
FUN_010292,30,0.02403846153846154,0,pos,0,0.0,0,pos
FUN_007253,0,0.0,0,pos,0,0.0,0,pos
FUN_005040,0,0.0,0,pos,0,0.0,0,pos
FUN_004619,0,0.0,0,pos,0,0.0,0,pos
FUN_015502,12,0.018691588785046728,0,pos,0,0.0,0,pos
FUN_006876,0,0.0,0,pos,0,0.0,0,pos
FUN_012392,0,0.0,0,pos,0,0.0,0,pos
FUN_001886,0,0.0,0,pos,0,0.0,0,pos
FUN_003866,0,0.0,0,pos,0,0.0,0,pos
FUN_016224,0,0.0,0,pos,0,0.0,0,pos
FUN_002705,6,0.014084507042253521,0,pos,0,0.0,0,pos
FUN_002306,0,0.0,0,pos,0,0.0,0,pos
FUN_006905,54,0.140625,1,pos_s330_e360,12,0.03125,0,pos
FUN_003697,72,0.031331592689295036,1,pos_s1188_e1248,0,0.0,0,pos
FUN_015701,0,0.0,0,pos,0,0.0,0,pos
FUN_011807,0,0.0,0,pos,0,0.0,0,pos
FUN_001861,24,0.04819277108433735,0,pos,0,0.0,0,pos
FUN_010191,0,0.0,0,pos,0,0.0,0,pos
FUN_001568,24,0.022988505747126436,0,pos,0,0.0,0,pos
FUN_002344,0,0.0,0,pos,0,0.0,0,pos
FUN_004800,0,0.0,0,pos,0,0.0,0,pos
FUN_003300,0,0.0,0,pos,0,0.0,0,pos
FUN_006991,0,0.0,0,pos,0,0.0,0,pos
FUN_001387,0,0.0,0,pos,0,0.0,0,pos
FUN_008484,0,0.0,0,pos,0,0.0,0,pos
FUN_003309,0,0.0,0,pos,0,0.0,0,pos
FUN_001092,0,0.0,0,pos,0,0.0,0,pos
FUN_009616,0,0.0,0,pos,0,0.0,0,pos
FUN_012402,0,0.0,0,pos,0,0.0,0,pos
FUN_004932,6,0.0010559662090813093,0,pos,0,0.0,0,pos
FUN_007928,90,0.018315018315018316,1,pos_s102_e144,42,0.008547008547008548,1,pos_s102_e138
FUN_002781,0,0.0,0,pos,0,0.0,0,pos
FUN_008761,0,0.0,0,pos,0,0.0,0,pos
FUN_005477,0,0.0,0,pos,0,0.0,0,pos
FUN_008352,0,0.0,0,pos,0,0.0,0,pos
FUN_002652,0,0.0,0,pos,0,0.0,0,pos
FUN_001091,0,0.0,0,pos,0,0.0,0,pos
FUN_000989,6,0.002777777777777778,0,pos,0,0.0,0,pos
FUN_004974,0,0.0,0,pos,0,0.0,0,pos
FUN_009196,60,0.15873015873015872,1,pos_s36_e84,0,0.0,0,pos
FUN_002108,0,0.0,0,pos,0,0.0,0,pos
FUN_011149,0,0.0,0,pos,0,0.0,0,pos
FUN_006968,0,0.0,0,pos,0,0.0,0,pos
FUN_012378,0,0.0,0,pos,0,0.0,0,pos
FUN_010488,66,0.037162162162162164,1,pos_s858_e924,12,0.006756756756756757,0,pos
FUN_010281,144,0.24,1,pos_s0_e144,18,0.03,0,pos
FUN_003119,132,0.09322033898305085,1,pos_s1062_e1134,0,0.0,0,pos
FUN_004602,0,0.0,0,pos,0,0.0,0,pos
FUN_003221,18,0.007334963325183374,0,pos,0,0.0,0,pos
FUN_016771,0,0.0,0,pos,0,0.0,0,pos
FUN_003280,0,0.0,0,pos,0,0.0,0,pos
FUN_009779,186,0.05698529411764706,1,pos_s2430_e2496,6,0.001838235294117647,0,pos
FUN_000202,0,0.0,0,pos,0,0.0,0,pos
FUN_001596,0,0.0,0,pos,0,0.0,0,pos
FUN_000553,0,0.0,0,pos,0,0.0,0,pos
FUN_015791,0,0.0,0,pos,0,0.0,0,pos
FUN_005329,168,0.05137614678899083,2,pos_s1482_e1524_s2118_e2208,66,0.02018348623853211,1,pos_s2142_e2202
FUN_004946,0,0.0,0,pos,0,0.0,0,pos
FUN_004316,0,0.0,0,pos,0,0.0,0,pos
FUN_011570,0,0.0,0,pos,0,0.0,0,pos
FUN_007213,0,0.0,0,pos,0,0.0,0,pos
FUN_001606,0,0.0,0,pos,0,0.0,0,pos
FUN_012400,0,0.0,0,pos,0,0.0,0,pos
FUN_010607,0,0.0,0,pos,0,0.0,0,pos
FUN_011712,0,0.0,0,pos,0,0.0,0,pos
FUN_006805,60,0.05847953216374269,1,pos_s624_e684,0,0.0,0,pos
FUN_004765,0,0.0,0,pos,0,0.0,0,pos
FUN_010247,168,0.08259587020648967,3,pos_s156_e246_s258_e288_s474_e510,108,0.05309734513274336,1,pos_s168_e222
FUN_005931,0,0.0,0,pos,0,0.0,0,pos
FUN_005399,0,0.0,0,pos,0,0.0,0,pos
FUN_009590,0,0.0,0,pos,0,0.0,0,pos
FUN_016105,6,0.0033333333333333335,0,pos,0,0.0,0,pos
FUN_015459,0,0.0,0,pos,0,0.0,0,pos
FUN_003703,0,0.0,0,pos,0,0.0,0,pos
FUN_011228,12,0.01,0,pos,0,0.0,0,pos
FUN_012546,0,0.0,0,pos,0,0.0,0,pos
FUN_006551,66,0.047619047619047616,1,pos_s750_e804,0,0.0,0,pos
FUN_011144,0,0.0,0,pos,0,0.0,0,pos
FUN_015565,0,0.0,0,pos,0,0.0,0,pos
FUN_012061,0,0.0,0,pos,0,0.0,0,pos
FUN_000361,0,0.0,0,pos,0,0.0,0,pos
FUN_007993,0,0.0,0,pos,0,0.0,0,pos
FUN_001790,114,0.019895287958115182,1,pos_s1452_e1566,24,0.004188481675392671,0,pos
FUN_002201,30,0.01050420168067227,0,pos,0,0.0,0,pos
FUN_001262,0,0.0,0,pos,0,0.0,0,pos
FUN_004253,0,0.0,0,pos,0,0.0,0,pos
FUN_004400,30,0.03676470588235294,0,pos,0,0.0,0,pos
FUN_005383,354,0.07151515151515152,3,pos_s1962_e2040_s2664_e2700_s4530_e4644,96,0.019393939393939394,2,pos_s4530_e4560_s4590_e4632
FUN_010242,6,0.002364066193853428,0,pos,0,0.0,0,pos
FUN_011011,0,0.0,0,pos,0,0.0,0,pos
FUN_008859,102,0.06227106227106227,1,pos_s936_e1038,30,0.018315018315018316,1,pos_s942_e972
FUN_001833,0,0.0,0,pos,0,0.0,0,pos
FUN_005739,114,0.1366906474820144,1,pos_s366_e480,78,0.09352517985611511,1,pos_s390_e468
FUN_007920,72,0.024291497975708502,1,pos_s1536_e1608,30,0.010121457489878543,1,pos_s1554_e1584
FUN_002118,0,0.0,0,pos,0,0.0,0,pos
FUN_004702,0,0.0,0,pos,0,0.0,0,pos
FUN_007956,0,0.0,0,pos,0,0.0,0,pos
FUN_010590,54,0.07627118644067797,1,pos_s612_e666,0,0.0,0,pos
FUN_011966,0,0.0,0,pos,0,0.0,0,pos
FUN_004592,0,0.0,0,pos,0,0.0,0,pos
FUN_004051,0,0.0,0,pos,0,0.0,0,pos
FUN_001000,0,0.0,0,pos,0,0.0,0,pos
FUN_007175,0,0.0,0,pos,0,0.0,0,pos
FUN_010991,0,0.0,0,pos,0,0.0,0,pos
FUN_010821,0,0.0,0,pos,0,0.0,0,pos
FUN_011812,0,0.0,0,pos,0,0.0,0,pos
FUN_002310,0,0.0,0,pos,0,0.0,0,pos
FUN_006953,96,0.16842105263157894,2,pos_s444_e474_s492_e552,0,0.0,0,pos
FUN_016828,0,0.0,0,pos,0,0.0,0,pos
FUN_004449,114,0.022144522144522144,1,pos_s2484_e2598,30,0.005827505827505828,1,pos_s2484_e2514
FUN_000564,72,0.08333333333333333,2,pos_s126_e156_s300_e330,6,0.006944444444444444,0,pos
FUN_004899,0,0.0,0,pos,0,0.0,0,pos
FUN_000432,6,0.004149377593360996,0,pos,0,0.0,0,pos
FUN_007810,222,0.06727272727272728,3,pos_s666_e696_s1284_e1398_s1524_e1584,42,0.012727272727272728,1,pos_s1296_e1326
FUN_011211,0,0.0,0,pos,0,0.0,0,pos
FUN_016014,0,0.0,0,pos,0,0.0,0,pos
FUN_005321,0,0.0,0,pos,0,0.0,0,pos
FUN_000913,258,0.14675767918088736,3,pos_s0_e78_s198_e234_s366_e432,12,0.006825938566552901,0,pos
FUN_009385,6,0.004329004329004329,0,pos,0,0.0,0,pos
FUN_010233,300,0.4716981132075472,2,pos_s18_e108_s162_e318,90,0.14150943396226415,1,pos_s234_e312
FUN_002507,0,0.0,0,pos,0,0.0,0,pos
FUN_003116,0,0.0,0,pos,0,0.0,0,pos
FUN_002063,0,0.0,0,pos,0,0.0,0,pos
FUN_008518,0,0.0,0,pos,0,0.0,0,pos
FUN_008662,0,0.0,0,pos,0,0.0,0,pos
FUN_003369,78,0.17333333333333334,1,pos_s30_e108,0,0.0,0,pos
FUN_012346,0,0.0,0,pos,0,0.0,0,pos
FUN_008687,0,0.0,0,pos,0,0.0,0,pos
FUN_004454,0,0.0,0,pos,0,0.0,0,pos
FUN_001547,0,0.0,0,pos,0,0.0,0,pos
FUN_012468,0,0.0,0,pos,0,0.0,0,pos
FUN_002917,0,0.0,0,pos,0,0.0,0,pos
FUN_007955,96,0.016511867905056758,1,pos_s1182_e1218,0,0.0,0,pos
FUN_009906,42,0.10606060606060606,1,pos_s144_e186,0,0.0,0,pos
FUN_002132,0,0.0,0,pos,0,0.0,0,pos
FUN_015583,0,0.0,0,pos,0,0.0,0,pos
FUN_005401,0,0.0,0,pos,0,0.0,0,pos
FUN_011097,0,0.0,0,pos,0,0.0,0,pos
FUN_002851,0,0.0,0,pos,0,0.0,0,pos
FUN_015740,0,0.0,0,pos,0,0.0,0,pos
FUN_016141,0,0.0,0,pos,0,0.0,0,pos
FUN_007138,0,0.0,0,pos,0,0.0,0,pos
FUN_007390,0,0.0,0,pos,0,0.0,0,pos
FUN_016421,0,0.0,0,pos,0,0.0,0,pos
FUN_010234,0,0.0,0,pos,0,0.0,0,pos
FUN_008409,30,0.08928571428571429,1,pos_s30_e60,0,0.0,0,pos
FUN_000522,0,0.0,0,pos,0,0.0,0,pos
FUN_009074,150,0.102880658436214,2,pos_s396_e432_s474_e588,102,0.06995884773662552,1,pos_s474_e552
FUN_001512,0,0.0,0,pos,0,0.0,0,pos
FUN_016815,0,0.0,0,pos,0,0.0,0,pos
FUN_004473,0,0.0,0,pos,0,0.0,0,pos
FUN_015432,0,0.0,0,pos,0,0.0,0,pos
FUN_007068,0,0.0,0,pos,0,0.0,0,pos
FUN_005108,0,0.0,0,pos,0,0.0,0,pos
FUN_006360,0,0.0,0,pos,0,0.0,0,pos
FUN_002432,6,0.008620689655172414,0,pos,0,0.0,0,pos
FUN_012079,0,0.0,0,pos,0,0.0,0,pos
FUN_005299,0,0.0,0,pos,0,0.0,0,pos
FUN_005827,30,0.02074688796680498,0,pos,6,0.004149377593360996,0,pos
FUN_009959,72,0.032171581769437,0,pos,18,0.00804289544235925,0,pos
FUN_010441,468,0.203125,6,pos_s186_e270_s984_e1104_s1740_e1776_s1950_e2004_s2052_e2118_s2124_e2172,156,0.06770833333333333,3,pos_s228_e270_s984_e1056_s2058_e2094
FUN_010095,0,0.0,0,pos,0,0.0,0,pos
FUN_000593,300,0.13812154696132597,4,pos_s1272_e1368_s1524_e1554_s1590_e1668_s1674_e1716,66,0.03038674033149171,1,pos_s1308_e1344
FUN_003831,0,0.0,0,pos,0,0.0,0,pos
FUN_001781,36,0.024896265560165973,1,pos_s552_e588,0,0.0,0,pos
FUN_004093,144,0.035398230088495575,3,pos_s2250_e2280_s2826_e2880_s2886_e2922,0,0.0,0,pos
FUN_012477,0,0.0,0,pos,0,0.0,0,pos
FUN_003531,0,0.0,0,pos,0,0.0,0,pos
FUN_011964,0,0.0,0,pos,0,0.0,0,pos
FUN_007590,0,0.0,0,pos,0,0.0,0,pos
FUN_009444,90,0.15151515151515152,1,pos_s120_e204,48,0.08080808080808081,1,pos_s120_e168
FUN_015858,0,0.0,0,pos,0,0.0,0,pos
FUN_009872,0,0.0,0,pos,0,0.0,0,pos
FUN_009113,126,0.01643192488262911,1,pos_s3528_e3642,78,0.010172143974960876,1,pos_s3552_e3630
FUN_007781,0,0.0,0,pos,0,0.0,0,pos
FUN_001583,24,0.0044943820224719105,0,pos,0,0.0,0,pos
FUN_000511,0,0.0,0,pos,0,0.0,0,pos
FUN_008385,0,0.0,0,pos,0,0.0,0,pos
FUN_002368,6,0.008620689655172414,0,pos,0,0.0,0,pos
FUN_011941,0,0.0,0,pos,0,0.0,0,pos
FUN_012440,96,0.07174887892376682,1,pos_s1182_e1266,30,0.02242152466367713,1,pos_s1224_e1254
FUN_007308,0,0.0,0,pos,0,0.0,0,pos
FUN_001075,42,0.03723404255319149,0,pos,0,0.0,0,pos
FUN_012414,0,0.0,0,pos,0,0.0,0,pos
FUN_009030,0,0.0,0,pos,0,0.0,0,pos
FUN_016191,0,0.0,0,pos,0,0.0,0,pos
FUN_000316,0,0.0,0,pos,0,0.0,0,pos
FUN_008165,0,0.0,0,pos,0,0.0,0,pos
FUN_001065,0,0.0,0,pos,0,0.0,0,pos
FUN_002182,126,0.13548387096774195,1,pos_s168_e270,12,0.012903225806451613,0,pos
FUN_006992,0,0.0,0,pos,0,0.0,0,pos
FUN_001682,0,0.0,0,pos,0,0.0,0,pos
FUN_010373,18,0.015957446808510637,0,pos,0,0.0,0,pos
FUN_008183,0,0.0,0,pos,0,0.0,0,pos
FUN_007264,0,0.0,0,pos,0,0.0,0,pos
FUN_006613,0,0.0,0,pos,0,0.0,0,pos
FUN_015405,0,0.0,0,pos,0,0.0,0,pos
FUN_007627,0,0.0,0,pos,0,0.0,0,pos
FUN_005841,72,0.0718562874251497,0,pos,0,0.0,0,pos
FUN_007443,24,0.0106951871657754,0,pos,6,0.00267379679144385,0,pos
FUN_006709,0,0.0,0,pos,0,0.0,0,pos
FUN_000109,0,0.0,0,pos,0,0.0,0,pos
FUN_005686,0,0.0,0,pos,0,0.0,0,pos
FUN_016271,0,0.0,0,pos,0,0.0,0,pos
FUN_010490,0,0.0,0,pos,0,0.0,0,pos
FUN_001034,0,0.0,0,pos,0,0.0,0,pos
FUN_007541,0,0.0,0,pos,0,0.0,0,pos
FUN_015519,0,0.0,0,pos,0,0.0,0,pos
FUN_008661,0,0.0,0,pos,0,0.0,0,pos
FUN_016417,0,0.0,0,pos,0,0.0,0,pos
FUN_016864,0,0.0,0,pos,0,0.0,0,pos
FUN_004385,0,0.0,0,pos,0,0.0,0,pos
FUN_003373,0,0.0,0,pos,0,0.0,0,pos
FUN_011016,414,0.06546489563567362,6,pos_s420_e450_s468_e498_s534_e576_s3252_e3318_s3330_e3426_s5838_e5946,294,0.046489563567362426,5,pos_s468_e498_s534_e576_s3252_e3318_s3330_e3402_s5838_e5922
FUN_015703,0,0.0,0,pos,0,0.0,0,pos
FUN_005842,12,0.0064516129032258064,0,pos,0,0.0,0,pos
FUN_004794,48,0.20512820512820512,1,pos_s24_e72,6,0.02564102564102564,0,pos
FUN_009070,0,0.0,0,pos,0,0.0,0,pos
FUN_002385,0,0.0,0,pos,0,0.0,0,pos
FUN_004608,42,0.007847533632286996,1,pos_s1152_e1182,0,0.0,0,pos
FUN_016783,0,0.0,0,pos,0,0.0,0,pos
FUN_003758,36,0.011904761904761904,0,pos,0,0.0,0,pos
FUN_000375,0,0.0,0,pos,0,0.0,0,pos
FUN_016142,0,0.0,0,pos,0,0.0,0,pos
FUN_006046,0,0.0,0,pos,0,0.0,0,pos
FUN_004487,0,0.0,0,pos,0,0.0,0,pos
FUN_005503,0,0.0,0,pos,0,0.0,0,pos
FUN_005087,0,0.0,0,pos,0,0.0,0,pos
FUN_006444,18,0.01775147928994083,0,pos,0,0.0,0,pos
FUN_001996,0,0.0,0,pos,0,0.0,0,pos
FUN_002486,120,0.044642857142857144,2,pos_s78_e150_s2574_e2616,0,0.0,0,pos
FUN_008412,6,0.007246376811594203,0,pos,0,0.0,0,pos
FUN_002455,36,0.01293103448275862,1,pos_s2016_e2052,18,0.00646551724137931,0,pos
FUN_000843,0,0.0,0,pos,0,0.0,0,pos
FUN_007269,204,0.1574074074074074,3,pos_s186_e222_s234_e294_s606_e696,66,0.05092592592592592,1,pos_s618_e678
FUN_005614,6,0.003816793893129771,0,pos,0,0.0,0,pos
FUN_011598,0,0.0,0,pos,0,0.0,0,pos
FUN_016686,0,0.0,0,pos,0,0.0,0,pos
FUN_003665,0,0.0,0,pos,0,0.0,0,pos
FUN_009683,0,0.0,0,pos,0,0.0,0,pos
FUN_003547,0,0.0,0,pos,0,0.0,0,pos
FUN_011276,0,0.0,0,pos,0,0.0,0,pos
FUN_003371,0,0.0,0,pos,0,0.0,0,pos
FUN_012525,0,0.0,0,pos,0,0.0,0,pos
FUN_009456,0,0.0,0,pos,0,0.0,0,pos
FUN_006605,24,0.0034071550255536627,0,pos,0,0.0,0,pos
FUN_015707,0,0.0,0,pos,0,0.0,0,pos
FUN_009578,84,0.012879484820607176,1,pos_s5544_e5604,0,0.0,0,pos
FUN_007467,0,0.0,0,pos,0,0.0,0,pos
FUN_002574,0,0.0,0,pos,0,0.0,0,pos
FUN_005508,18,0.031578947368421054,0,pos,0,0.0,0,pos
FUN_008296,0,0.0,0,pos,0,0.0,0,pos
FUN_005078,6,0.003257328990228013,0,pos,0,0.0,0,pos
FUN_003339,0,0.0,0,pos,0,0.0,0,pos
FUN_005581,0,0.0,0,pos,0,0.0,0,pos
FUN_005347,0,0.0,0,pos,0,0.0,0,pos
FUN_000907,0,0.0,0,pos,0,0.0,0,pos
FUN_005077,0,0.0,0,pos,0,0.0,0,pos
FUN_010903,0,0.0,0,pos,0,0.0,0,pos
FUN_005946,0,0.0,0,pos,0,0.0,0,pos
FUN_001062,0,0.0,0,pos,0,0.0,0,pos
FUN_010938,0,0.0,0,pos,0,0.0,0,pos
FUN_012422,0,0.0,0,pos,0,0.0,0,pos
FUN_008907,0,0.0,0,pos,0,0.0,0,pos
FUN_008639,0,0.0,0,pos,0,0.0,0,pos
FUN_012365,0,0.0,0,pos,0,0.0,0,pos
FUN_007235,0,0.0,0,pos,0,0.0,0,pos
FUN_001024,0,0.0,0,pos,0,0.0,0,pos
FUN_008461,24,0.029850746268656716,0,pos,0,0.0,0,pos
FUN_002145,0,0.0,0,pos,0,0.0,0,pos
FUN_005440,12,0.007067137809187279,0,pos,6,0.0035335689045936395,0,pos
FUN_016266,0,0.0,0,pos,0,0.0,0,pos
FUN_010996,0,0.0,0,pos,0,0.0,0,pos
FUN_007444,0,0.0,0,pos,0,0.0,0,pos
FUN_003878,0,0.0,0,pos,0,0.0,0,pos
FUN_008066,444,0.23948220064724918,5,pos_s612_e684_s984_e1134_s1404_e1494_s1506_e1584_s1596_e1626,132,0.07119741100323625,1,pos_s984_e1020
FUN_008515,0,0.0,0,pos,0,0.0,0,pos
FUN_001191,0,0.0,0,pos,0,0.0,0,pos
FUN_001629,0,0.0,0,pos,0,0.0,0,pos
FUN_005675,96,0.03855421686746988,1,pos_s1674_e1770,96,0.03855421686746988,1,pos_s1674_e1770
FUN_010925,0,0.0,0,pos,0,0.0,0,pos
FUN_016852,0,0.0,0,pos,0,0.0,0,pos
FUN_012545,0,0.0,0,pos,0,0.0,0,pos
FUN_000236,204,0.07188160676532769,1,pos_s1104_e1260,54,0.019027484143763214,1,pos_s1218_e1260
FUN_015939,0,0.0,0,pos,0,0.0,0,pos
FUN_000314,0,0.0,0,pos,0,0.0,0,pos
FUN_002870,72,0.07228915662650602,1,pos_s726_e756,0,0.0,0,pos
FUN_004886,96,0.058394160583941604,2,pos_s1386_e1452_s1458_e1488,12,0.0072992700729927005,0,pos
FUN_003855,24,0.032520325203252036,0,pos,6,0.008130081300813009,0,pos
FUN_004736,0,0.0,0,pos,0,0.0,0,pos
FUN_016506,0,0.0,0,pos,0,0.0,0,pos
FUN_008130,0,0.0,0,pos,0,0.0,0,pos
FUN_011381,0,0.0,0,pos,0,0.0,0,pos
FUN_006202,120,0.07874015748031496,1,pos_s174_e270,0,0.0,0,pos
FUN_001951,156,0.22413793103448276,2,pos_s480_e534_s552_e582,36,0.05172413793103448,0,pos
FUN_004807,0,0.0,0,pos,0,0.0,0,pos
FUN_001059,30,0.0073964497041420114,1,pos_s438_e468,0,0.0,0,pos
FUN_015832,0,0.0,0,pos,0,0.0,0,pos
FUN_002374,0,0.0,0,pos,0,0.0,0,pos
FUN_000344,0,0.0,0,pos,0,0.0,0,pos
FUN_001355,0,0.0,0,pos,0,0.0,0,pos
FUN_000018,102,0.01985981308411215,1,pos_s570_e660,78,0.015186915887850467,1,pos_s570_e648
FUN_016426,0,0.0,0,pos,0,0.0,0,pos
FUN_002032,0,0.0,0,pos,0,0.0,0,pos
FUN_003833,12,0.0028208744710860366,0,pos,0,0.0,0,pos
FUN_009638,0,0.0,0,pos,0,0.0,0,pos
FUN_005936,90,0.18292682926829268,1,pos_s234_e306,30,0.06097560975609756,0,pos
FUN_016353,0,0.0,0,pos,0,0.0,0,pos
FUN_002277,0,0.0,0,pos,0,0.0,0,pos
FUN_011248,0,0.0,0,pos,0,0.0,0,pos
FUN_016442,0,0.0,0,pos,0,0.0,0,pos
FUN_010159,6,0.0024875621890547263,0,pos,0,0.0,0,pos
FUN_000589,0,0.0,0,pos,0,0.0,0,pos
FUN_010189,0,0.0,0,pos,0,0.0,0,pos
FUN_001869,90,0.05725190839694656,1,pos_s738_e810,30,0.019083969465648856,0,pos
FUN_008167,0,0.0,0,pos,0,0.0,0,pos
FUN_004996,42,0.01303538175046555,0,pos,0,0.0,0,pos
FUN_003813,54,0.04285714285714286,1,pos_s36_e66,12,0.009523809523809525,0,pos
FUN_000543,0,0.0,0,pos,0,0.0,0,pos
FUN_003951,0,0.0,0,pos,0,0.0,0,pos
FUN_004116,0,0.0,0,pos,0,0.0,0,pos
FUN_012447,0,0.0,0,pos,0,0.0,0,pos
FUN_008741,0,0.0,0,pos,0,0.0,0,pos
FUN_008186,0,0.0,0,pos,0,0.0,0,pos
FUN_001650,6,0.0023094688221709007,0,pos,6,0.0023094688221709007,0,pos
FUN_003794,0,0.0,0,pos,0,0.0,0,pos
FUN_002762,0,0.0,0,pos,0,0.0,0,pos
FUN_010356,0,0.0,0,pos,0,0.0,0,pos
FUN_010893,138,0.039586919104991396,2,pos_s1968_e2028_s2034_e2082,54,0.01549053356282272,1,pos_s1992_e2028
FUN_002178,0,0.0,0,pos,0,0.0,0,pos
FUN_012318,0,0.0,0,pos,0,0.0,0,pos
FUN_008552,30,0.022935779816513763,0,pos,0,0.0,0,pos
FUN_000857,126,0.022388059701492536,2,pos_s4812_e4872_s4890_e4938,0,0.0,0,pos
FUN_007007,258,0.055916775032509754,3,pos_s1602_e1698_s3120_e3156_s3192_e3228,30,0.006501950585175552,0,pos
FUN_016034,0,0.0,0,pos,0,0.0,0,pos
FUN_009330,84,0.018421052631578946,2,pos_s84_e114_s2568_e2604,0,0.0,0,pos
FUN_011710,0,0.0,0,pos,0,0.0,0,pos
FUN_001740,0,0.0,0,pos,0,0.0,0,pos
FUN_002752,0,0.0,0,pos,0,0.0,0,pos
FUN_010839,0,0.0,0,pos,0,0.0,0,pos
FUN_000704,0,0.0,0,pos,0,0.0,0,pos
FUN_009471,0,0.0,0,pos,0,0.0,0,pos
FUN_016631,0,0.0,0,pos,0,0.0,0,pos
FUN_010688,0,0.0,0,pos,0,0.0,0,pos
FUN_000974,0,0.0,0,pos,0,0.0,0,pos
FUN_006508,0,0.0,0,pos,0,0.0,0,pos
FUN_008758,0,0.0,0,pos,0,0.0,0,pos
FUN_008632,0,0.0,0,pos,0,0.0,0,pos
FUN_011979,0,0.0,0,pos,0,0.0,0,pos
FUN_007267,0,0.0,0,pos,0,0.0,0,pos
FUN_004792,0,0.0,0,pos,0,0.0,0,pos
FUN_016258,0,0.0,0,pos,0,0.0,0,pos
FUN_005279,0,0.0,0,pos,0,0.0,0,pos
FUN_010736,0,0.0,0,pos,0,0.0,0,pos
FUN_009902,114,0.10614525139664804,1,pos_s450_e498,6,0.00558659217877095,0,pos
FUN_002065,0,0.0,0,pos,0,0.0,0,pos
FUN_000921,0,0.0,0,pos,0,0.0,0,pos
FUN_002245,198,0.05172413793103448,2,pos_s444_e534_s678_e786,114,0.029780564263322883,2,pos_s690_e720_s744_e786
FUN_016379,0,0.0,0,pos,0,0.0,0,pos
FUN_010096,30,0.20833333333333334,1,pos_s78_e108,0,0.0,0,pos
FUN_006738,258,0.059805285118219746,3,pos_s1140_e1236_s1386_e1428_s3768_e3882,48,0.011126564673157162,0,pos
FUN_009312,114,0.057057057057057055,1,pos_s600_e672,66,0.03303303303303303,1,pos_s600_e666
FUN_006874,0,0.0,0,pos,0,0.0,0,pos
FUN_015961,0,0.0,0,pos,0,0.0,0,pos
FUN_008391,12,0.007352941176470588,0,pos,0,0.0,0,pos
FUN_002425,0,0.0,0,pos,0,0.0,0,pos
FUN_001102,192,0.10847457627118644,1,pos_s1524_e1692,126,0.0711864406779661,1,pos_s1584_e1692
FUN_007466,0,0.0,0,pos,0,0.0,0,pos
FUN_015651,0,0.0,0,pos,0,0.0,0,pos
FUN_011034,0,0.0,0,pos,0,0.0,0,pos
FUN_000748,0,0.0,0,pos,0,0.0,0,pos
FUN_006846,0,0.0,0,pos,0,0.0,0,pos
FUN_004630,30,0.005405405405405406,0,pos,6,0.001081081081081081,0,pos
FUN_010125,0,0.0,0,pos,0,0.0,0,pos
FUN_012508,0,0.0,0,pos,0,0.0,0,pos
FUN_011413,0,0.0,0,pos,0,0.0,0,pos
FUN_000465,120,0.01010611419909045,1,pos_s1908_e1974,42,0.0035371399696816574,0,pos
FUN_009928,0,0.0,0,pos,0,0.0,0,pos
FUN_015528,0,0.0,0,pos,0,0.0,0,pos
FUN_006066,0,0.0,0,pos,0,0.0,0,pos
FUN_015708,0,0.0,0,pos,0,0.0,0,pos
FUN_002457,0,0.0,0,pos,0,0.0,0,pos
FUN_012514,0,0.0,0,pos,0,0.0,0,pos
FUN_010426,0,0.0,0,pos,0,0.0,0,pos
FUN_009402,168,0.18181818181818182,2,pos_s678_e792_s864_e918,60,0.06493506493506493,1,pos_s732_e792
FUN_003761,0,0.0,0,pos,0,0.0,0,pos
FUN_004414,30,0.009009009009009009,0,pos,0,0.0,0,pos
FUN_011559,0,0.0,0,pos,0,0.0,0,pos
FUN_001115,0,0.0,0,pos,0,0.0,0,pos
FUN_005013,0,0.0,0,pos,0,0.0,0,pos
FUN_006569,0,0.0,0,pos,0,0.0,0,pos
FUN_011223,0,0.0,0,pos,0,0.0,0,pos
FUN_003271,0,0.0,0,pos,0,0.0,0,pos
FUN_003501,0,0.0,0,pos,0,0.0,0,pos
FUN_009886,0,0.0,0,pos,0,0.0,0,pos
FUN_010643,108,0.05844155844155844,1,pos_s1020_e1128,84,0.045454545454545456,1,pos_s1044_e1128
FUN_006538,324,0.14210526315789473,4,pos_s366_e450_s462_e558_s828_e894_s1350_e1404,144,0.06315789473684211,1,pos_s366_e450
FUN_005295,210,0.23648648648648649,2,pos_s324_e420_s426_e534,96,0.10810810810810811,1,pos_s462_e516
FUN_012510,0,0.0,0,pos,0,0.0,0,pos
FUN_002134,150,0.13297872340425532,2,pos_s576_e696_s1080_e1110,30,0.026595744680851064,0,pos
FUN_004639,0,0.0,0,pos,0,0.0,0,pos
FUN_015591,0,0.0,0,pos,0,0.0,0,pos
FUN_011359,114,0.04398148148148148,1,pos_s780_e876,72,0.027777777777777776,1,pos_s786_e858
FUN_010024,0,0.0,0,pos,0,0.0,0,pos
FUN_001896,0,0.0,0,pos,0,0.0,0,pos
FUN_003138,270,0.12396694214876033,3,pos_s288_e360_s474_e534_s1578_e1656,120,0.05509641873278237,1,pos_s294_e360
FUN_005234,0,0.0,0,pos,0,0.0,0,pos
FUN_000574,0,0.0,0,pos,0,0.0,0,pos
FUN_002096,0,0.0,0,pos,0,0.0,0,pos
FUN_006902,12,0.006042296072507553,0,pos,0,0.0,0,pos
FUN_004241,42,0.037037037037037035,0,pos,0,0.0,0,pos
FUN_012104,0,0.0,0,pos,0,0.0,0,pos
FUN_000722,24,0.013377926421404682,0,pos,0,0.0,0,pos
FUN_003539,30,0.012531328320802004,1,pos_s2340_e2370,6,0.002506265664160401,0,pos
FUN_005669,0,0.0,0,pos,0,0.0,0,pos
FUN_007519,36,0.026785714285714284,1,pos_s114_e144,0,0.0,0,pos
FUN_000367,42,0.020114942528735632,1,pos_s1974_e2016,0,0.0,0,pos
FUN_007362,108,0.10285714285714286,2,pos_s570_e600_s618_e672,30,0.02857142857142857,1,pos_s636_e666
FUN_005268,0,0.0,0,pos,0,0.0,0,pos
FUN_002642,168,0.07932011331444759,2,pos_s1140_e1218_s1272_e1308,6,0.0028328611898017,0,pos
FUN_000149,0,0.0,0,pos,0,0.0,0,pos
FUN_011989,0,0.0,0,pos,0,0.0,0,pos
FUN_000207,30,0.08620689655172414,1,pos_s0_e30,0,0.0,0,pos
FUN_006475,84,0.03825136612021858,1,pos_s1362_e1410,0,0.0,0,pos
FUN_016669,0,0.0,0,pos,0,0.0,0,pos
FUN_006810,0,0.0,0,pos,0,0.0,0,pos
FUN_011129,138,0.6216216216216216,2,pos_s54_e102_s126_e198,54,0.24324324324324326,1,pos_s54_e102
FUN_004308,0,0.0,0,pos,0,0.0,0,pos
FUN_003611,0,0.0,0,pos,0,0.0,0,pos
FUN_006691,30,0.005252100840336135,0,pos,18,0.0031512605042016808,0,pos
FUN_002603,0,0.0,0,pos,0,0.0,0,pos
FUN_005751,0,0.0,0,pos,0,0.0,0,pos
FUN_009224,0,0.0,0,pos,0,0.0,0,pos
FUN_015261,0,0.0,0,pos,0,0.0,0,pos
FUN_005695,0,0.0,0,pos,0,0.0,0,pos
FUN_011015,144,0.064343163538874,2,pos_s426_e456_s1260_e1368,0,0.0,0,pos
FUN_010744,18,0.008152173913043478,0,pos,0,0.0,0,pos
FUN_016049,0,0.0,0,pos,0,0.0,0,pos
FUN_003732,12,0.010869565217391304,0,pos,0,0.0,0,pos
FUN_003689,0,0.0,0,pos,0,0.0,0,pos
FUN_006232,0,0.0,0,pos,0,0.0,0,pos
FUN_007713,0,0.0,0,pos,0,0.0,0,pos
FUN_015340,0,0.0,0,pos,0,0.0,0,pos
FUN_010439,24,0.028368794326241134,0,pos,0,0.0,0,pos
FUN_012427,0,0.0,0,pos,0,0.0,0,pos
FUN_006189,1242,0.053710430721328487,16,pos_s6678_e6810_s8622_e8736_s9000_e9060_s9258_e9288_s9294_e9366_s9558_e9672_s9816_e9930_s10092_e10164_s10398_e10428_s11016_e11058_s11148_e11184_s11604_e11688_s13836_e13914_s15654_e15714_s15720_e15750_s17322_e17352,378,0.01634665282823041,5,pos_s6708_e6750_s8652_e8682_s8694_e8736_s9000_e9060_s9816_e9930
FUN_010700,84,0.05668016194331984,1,pos_s516_e594,0,0.0,0,pos
FUN_016600,0,0.0,0,pos,0,0.0,0,pos
FUN_016207,0,0.0,0,pos,0,0.0,0,pos
FUN_009802,0,0.0,0,pos,0,0.0,0,pos
FUN_002657,0,0.0,0,pos,0,0.0,0,pos
FUN_004548,0,0.0,0,pos,0,0.0,0,pos
FUN_003230,0,0.0,0,pos,0,0.0,0,pos
FUN_002119,0,0.0,0,pos,0,0.0,0,pos
FUN_003823,0,0.0,0,pos,0,0.0,0,pos
FUN_004205,90,0.021613832853025938,2,pos_s2598_e2628_s3816_e3852,30,0.007204610951008645,1,pos_s3816_e3846
FUN_007474,0,0.0,0,pos,0,0.0,0,pos
FUN_004720,132,0.5116279069767442,2,pos_s0_e66_s72_e120,54,0.20930232558139536,1,pos_s72_e102
FUN_000944,24,0.0070921985815602835,0,pos,0,0.0,0,pos
FUN_004245,30,0.034482758620689655,0,pos,0,0.0,0,pos
FUN_005165,0,0.0,0,pos,0,0.0,0,pos
FUN_000195,0,0.0,0,pos,0,0.0,0,pos
FUN_000654,0,0.0,0,pos,0,0.0,0,pos
FUN_006761,0,0.0,0,pos,0,0.0,0,pos
FUN_008848,0,0.0,0,pos,0,0.0,0,pos
FUN_006733,0,0.0,0,pos,0,0.0,0,pos
FUN_005896,0,0.0,0,pos,0,0.0,0,pos
FUN_002945,0,0.0,0,pos,0,0.0,0,pos
FUN_015571,0,0.0,0,pos,0,0.0,0,pos
FUN_001992,0,0.0,0,pos,0,0.0,0,pos
FUN_009892,0,0.0,0,pos,0,0.0,0,pos
FUN_016622,0,0.0,0,pos,0,0.0,0,pos
FUN_009992,210,0.07990867579908675,2,pos_s828_e864_s1926_e2088,90,0.03424657534246575,1,pos_s2046_e2088
FUN_005441,0,0.0,0,pos,0,0.0,0,pos
FUN_006674,60,0.01984126984126984,1,pos_s1638_e1668,0,0.0,0,pos
FUN_005306,180,0.027726432532347505,4,pos_s3258_e3300_s4368_e4398_s4590_e4656_s4830_e4860,0,0.0,0,pos
FUN_002694,60,0.012853470437017995,1,pos_s4476_e4530,54,0.011568123393316195,1,pos_s4476_e4530
FUN_006636,198,0.11870503597122302,2,pos_s906_e990_s1386_e1500,138,0.08273381294964029,1,pos_s1386_e1500
FUN_008590,84,0.01652892561983471,2,pos_s2202_e2256_s2280_e2310,0,0.0,0,pos
FUN_007318,0,0.0,0,pos,0,0.0,0,pos
FUN_008749,18,0.011320754716981131,0,pos,0,0.0,0,pos
FUN_006297,0,0.0,0,pos,0,0.0,0,pos
FUN_000473,0,0.0,0,pos,0,0.0,0,pos
FUN_009907,0,0.0,0,pos,0,0.0,0,pos
FUN_006763,108,0.01312910284463895,1,pos_s7074_e7146,6,0.0007293946024799417,0,pos
FUN_016314,0,0.0,0,pos,0,0.0,0,pos
FUN_010586,6,0.014925373134328358,0,pos,0,0.0,0,pos
FUN_003867,0,0.0,0,pos,0,0.0,0,pos
FUN_005854,174,0.05858585858585859,2,pos_s1326_e1380_s2670_e2784,96,0.03232323232323232,1,pos_s2670_e2766
FUN_011042,48,0.020151133501259445,0,pos,0,0.0,0,pos
FUN_001224,90,0.07614213197969544,1,pos_s882_e930,0,0.0,0,pos
FUN_000167,36,0.02459016393442623,1,pos_s990_e1020,12,0.00819672131147541,0,pos
FUN_004177,48,0.008611410118406888,0,pos,42,0.007534983853606028,0,pos
FUN_007455,0,0.0,0,pos,0,0.0,0,pos
FUN_003483,6,0.00980392156862745,0,pos,0,0.0,0,pos
FUN_003731,0,0.0,0,pos,0,0.0,0,pos
FUN_012228,0,0.0,0,pos,0,0.0,0,pos
FUN_000094,54,0.024128686327077747,0,pos,0,0.0,0,pos
FUN_008229,0,0.0,0,pos,0,0.0,0,pos
FUN_015756,0,0.0,0,pos,0,0.0,0,pos
FUN_009688,24,0.024539877300613498,0,pos,0,0.0,0,pos
FUN_016305,0,0.0,0,pos,0,0.0,0,pos
FUN_006279,0,0.0,0,pos,0,0.0,0,pos
FUN_003909,204,0.22972972972972974,1,pos_s306_e336,60,0.06756756756756757,1,pos_s768_e804
FUN_016639,0,0.0,0,pos,0,0.0,0,pos
FUN_003447,0,0.0,0,pos,0,0.0,0,pos
FUN_006579,102,0.037444933920704845,2,pos_s2178_e2208_s2298_e2346,6,0.0022026431718061676,0,pos
FUN_007121,12,0.006666666666666667,0,pos,0,0.0,0,pos
FUN_001443,24,0.025974025974025976,0,pos,0,0.0,0,pos
FUN_001425,18,0.003003003003003003,0,pos,0,0.0,0,pos
FUN_009842,0,0.0,0,pos,0,0.0,0,pos
FUN_016747,0,0.0,0,pos,0,0.0,0,pos
FUN_011890,0,0.0,0,pos,0,0.0,0,pos
FUN_016733,0,0.0,0,pos,0,0.0,0,pos
FUN_003056,222,0.14979757085020243,2,pos_s1098_e1176_s1248_e1392,84,0.05668016194331984,1,pos_s1128_e1176
FUN_010226,72,0.07453416149068323,1,pos_s816_e876,0,0.0,0,pos
FUN_007480,0,0.0,0,pos,0,0.0,0,pos
FUN_011465,0,0.0,0,pos,0,0.0,0,pos
FUN_016883,0,0.0,0,pos,0,0.0,0,pos
FUN_015751,0,0.0,0,pos,0,0.0,0,pos
FUN_008932,0,0.0,0,pos,0,0.0,0,pos
FUN_007429,0,0.0,0,pos,0,0.0,0,pos
FUN_009678,0,0.0,0,pos,0,0.0,0,pos
FUN_007185,0,0.0,0,pos,0,0.0,0,pos
FUN_011448,0,0.0,0,pos,0,0.0,0,pos
FUN_003538,60,0.4,1,pos_s0_e30,6,0.04,0,pos
FUN_010845,42,0.047619047619047616,1,pos_s726_e756,12,0.013605442176870748,0,pos
FUN_010547,0,0.0,0,pos,0,0.0,0,pos
FUN_011511,0,0.0,0,pos,0,0.0,0,pos
FUN_011403,0,0.0,0,pos,0,0.0,0,pos
FUN_016737,0,0.0,0,pos,0,0.0,0,pos
FUN_016547,0,0.0,0,pos,0,0.0,0,pos
FUN_002794,174,0.0777479892761394,1,pos_s0_e138,30,0.013404825737265416,0,pos
FUN_007998,0,0.0,0,pos,0,0.0,0,pos
FUN_016423,0,0.0,0,pos,0,0.0,0,pos
FUN_008289,18,0.008547008547008548,0,pos,0,0.0,0,pos
FUN_011293,150,0.0508130081300813,1,pos_s1110_e1164,48,0.016260162601626018,0,pos
FUN_004825,0,0.0,0,pos,0,0.0,0,pos
FUN_008595,0,0.0,0,pos,0,0.0,0,pos
FUN_008746,12,0.01639344262295082,0,pos,0,0.0,0,pos
FUN_009712,0,0.0,0,pos,0,0.0,0,pos
FUN_001330,0,0.0,0,pos,0,0.0,0,pos
FUN_010919,54,0.007269789983844911,1,pos_s4764_e4812,6,0.0008077544426494346,0,pos
FUN_007763,156,0.028985507246376812,1,pos_s1206_e1320,0,0.0,0,pos
FUN_002857,42,0.012612612612612612,1,pos_s72_e108,0,0.0,0,pos
FUN_006441,1074,0.24861111111111112,13,pos_s246_e276_s648_e702_s1296_e1374_s1548_e1656_s1878_e1920_s2532_e2604_s2724_e2796_s2826_e2910_s3030_e3078_s3294_e3408_s3558_e3618_s3666_e3714_s3738_e3804,294,0.06805555555555555,3,pos_s1338_e1374_s3294_e3408_s3738_e3780
FUN_010211,0,0.0,0,pos,0,0.0,0,pos
FUN_015743,0,0.0,0,pos,0,0.0,0,pos
FUN_006346,0,0.0,0,pos,0,0.0,0,pos
FUN_011739,0,0.0,0,pos,0,0.0,0,pos
FUN_010829,6,0.001841620626151013,0,pos,0,0.0,0,pos
FUN_002508,0,0.0,0,pos,0,0.0,0,pos
FUN_000816,0,0.0,0,pos,0,0.0,0,pos
FUN_008453,0,0.0,0,pos,0,0.0,0,pos
FUN_000890,0,0.0,0,pos,0,0.0,0,pos
FUN_009798,0,0.0,0,pos,0,0.0,0,pos
FUN_001846,0,0.0,0,pos,0,0.0,0,pos
FUN_003215,18,0.016129032258064516,0,pos,0,0.0,0,pos
FUN_011339,6,0.002127659574468085,0,pos,0,0.0,0,pos
FUN_003220,0,0.0,0,pos,0,0.0,0,pos
FUN_007711,72,0.06315789473684211,1,pos_s186_e258,0,0.0,0,pos
FUN_005632,0,0.0,0,pos,0,0.0,0,pos
FUN_006059,330,0.3819444444444444,3,pos_s24_e180_s210_e306_s324_e402,216,0.25,3,pos_s48_e156_s210_e270_s342_e378
FUN_004330,0,0.0,0,pos,0,0.0,0,pos
FUN_001107,0,0.0,0,pos,0,0.0,0,pos
FUN_015490,0,0.0,0,pos,0,0.0,0,pos
FUN_007817,0,0.0,0,pos,0,0.0,0,pos
FUN_015404,0,0.0,0,pos,0,0.0,0,pos
FUN_007586,0,0.0,0,pos,0,0.0,0,pos
FUN_002107,6,0.006622516556291391,0,pos,0,0.0,0,pos
FUN_009247,54,0.06666666666666667,0,pos,54,0.06666666666666667,0,pos
FUN_011516,0,0.0,0,pos,0,0.0,0,pos
FUN_003519,0,0.0,0,pos,0,0.0,0,pos
FUN_000143,0,0.0,0,pos,0,0.0,0,pos
FUN_002422,0,0.0,0,pos,0,0.0,0,pos
FUN_006119,6,0.002564102564102564,0,pos,0,0.0,0,pos
FUN_011946,0,0.0,0,pos,0,0.0,0,pos
FUN_016440,0,0.0,0,pos,0,0.0,0,pos
FUN_000456,0,0.0,0,pos,0,0.0,0,pos
FUN_006523,36,0.034482758620689655,0,pos,0,0.0,0,pos
FUN_000515,0,0.0,0,pos,0,0.0,0,pos
FUN_001290,36,0.016172506738544475,0,pos,0,0.0,0,pos
FUN_006923,0,0.0,0,pos,0,0.0,0,pos
FUN_002594,0,0.0,0,pos,0,0.0,0,pos
FUN_000900,30,0.02336448598130841,1,pos_s84_e114,0,0.0,0,pos
FUN_002536,84,0.5833333333333334,1,pos_s0_e84,6,0.041666666666666664,0,pos
FUN_015499,0,0.0,0,pos,0,0.0,0,pos
FUN_000203,48,0.017167381974248927,1,pos_s2352_e2394,0,0.0,0,pos
FUN_004466,0,0.0,0,pos,0,0.0,0,pos
FUN_001022,0,0.0,0,pos,0,0.0,0,pos
FUN_004501,0,0.0,0,pos,0,0.0,0,pos
FUN_001347,0,0.0,0,pos,0,0.0,0,pos
FUN_016623,0,0.0,0,pos,0,0.0,0,pos
FUN_002948,0,0.0,0,pos,0,0.0,0,pos
FUN_004734,6,0.003861003861003861,0,pos,6,0.003861003861003861,0,pos
FUN_011159,0,0.0,0,pos,0,0.0,0,pos
FUN_002573,0,0.0,0,pos,0,0.0,0,pos
FUN_015758,0,0.0,0,pos,0,0.0,0,pos
FUN_003723,12,0.009478672985781991,0,pos,0,0.0,0,pos
FUN_001356,0,0.0,0,pos,0,0.0,0,pos
FUN_016714,0,0.0,0,pos,0,0.0,0,pos
FUN_005953,0,0.0,0,pos,0,0.0,0,pos
FUN_005986,0,0.0,0,pos,0,0.0,0,pos
FUN_012160,60,0.06802721088435375,0,pos,0,0.0,0,pos
FUN_000976,0,0.0,0,pos,0,0.0,0,pos
FUN_008520,0,0.0,0,pos,0,0.0,0,pos
FUN_010760,0,0.0,0,pos,0,0.0,0,pos
FUN_010112,318,0.06177156177156177,3,pos_s504_e600_s864_e894_s2580_e2652,78,0.015151515151515152,1,pos_s510_e564
FUN_001965,0,0.0,0,pos,0,0.0,0,pos
FUN_003721,0,0.0,0,pos,0,0.0,0,pos
FUN_005690,12,0.0049504950495049506,0,pos,12,0.0049504950495049506,0,pos
FUN_006431,0,0.0,0,pos,0,0.0,0,pos
FUN_003742,18,0.008086253369272238,0,pos,0,0.0,0,pos
FUN_007019,0,0.0,0,pos,0,0.0,0,pos
FUN_005072,0,0.0,0,pos,0,0.0,0,pos
FUN_010174,0,0.0,0,pos,0,0.0,0,pos
FUN_004042,0,0.0,0,pos,0,0.0,0,pos
FUN_002086,0,0.0,0,pos,0,0.0,0,pos
FUN_011163,12,0.004962779156327543,0,pos,0,0.0,0,pos
FUN_000060,0,0.0,0,pos,0,0.0,0,pos
FUN_007904,0,0.0,0,pos,0,0.0,0,pos
FUN_004187,0,0.0,0,pos,0,0.0,0,pos
FUN_004853,102,0.02694136291600634,1,pos_s2892_e2994,66,0.017432646592709985,1,pos_s2910_e2976
FUN_005253,18,0.015228426395939087,0,pos,0,0.0,0,pos
FUN_000218,48,0.03773584905660377,1,pos_s570_e606,0,0.0,0,pos
FUN_002706,0,0.0,0,pos,0,0.0,0,pos
FUN_007729,36,0.00967741935483871,1,pos_s0_e30,18,0.004838709677419355,0,pos
FUN_002012,78,0.14942528735632185,1,pos_s432_e510,12,0.022988505747126436,0,pos
FUN_007425,0,0.0,0,pos,0,0.0,0,pos
FUN_003635,0,0.0,0,pos,0,0.0,0,pos
FUN_010640,54,0.020361990950226245,1,pos_s1794_e1836,0,0.0,0,pos
FUN_002321,0,0.0,0,pos,0,0.0,0,pos
FUN_004266,0,0.0,0,pos,0,0.0,0,pos
FUN_002360,66,0.019891500904159132,1,pos_s1536_e1566,0,0.0,0,pos
FUN_016495,0,0.0,0,pos,0,0.0,0,pos
FUN_002984,0,0.0,0,pos,0,0.0,0,pos
FUN_008855,132,0.05569620253164557,1,pos_s582_e696,60,0.02531645569620253,1,pos_s624_e678
FUN_005484,18,0.007772020725388601,0,pos,0,0.0,0,pos
FUN_015633,0,0.0,0,pos,0,0.0,0,pos
FUN_016283,0,0.0,0,pos,0,0.0,0,pos
FUN_006513,300,0.02243158366980709,4,pos_s318_e360_s3432_e3474_s6186_e6252_s12978_e13026,36,0.0026917900403768506,1,pos_s318_e354
FUN_002099,366,0.09744408945686901,3,pos_s1908_e1992_s2010_e2040_s2796_e2952,66,0.01757188498402556,1,pos_s2862_e2910
FUN_001462,0,0.0,0,pos,0,0.0,0,pos
FUN_015355,0,0.0,0,pos,0,0.0,0,pos
FUN_010265,0,0.0,0,pos,0,0.0,0,pos
FUN_008754,0,0.0,0,pos,0,0.0,0,pos
FUN_004713,0,0.0,0,pos,0,0.0,0,pos
FUN_011618,0,0.0,0,pos,0,0.0,0,pos
FUN_008975,12,0.010752688172043012,0,pos,0,0.0,0,pos
FUN_006343,0,0.0,0,pos,0,0.0,0,pos
FUN_005548,0,0.0,0,pos,0,0.0,0,pos
FUN_005572,132,0.011702127659574468,2,pos_s5766_e5862_s8880_e8910,0,0.0,0,pos
FUN_016648,0,0.0,0,pos,0,0.0,0,pos
FUN_010870,0,0.0,0,pos,0,0.0,0,pos
FUN_001171,0,0.0,0,pos,0,0.0,0,pos
FUN_010556,192,0.08376963350785341,1,pos_s1752_e1788,66,0.028795811518324606,0,pos
FUN_004787,0,0.0,0,pos,0,0.0,0,pos
FUN_002660,534,0.13030746705710103,4,pos_s1044_e1254_s2196_e2310_s3840_e3954_s4014_e4092,174,0.0424597364568082,4,pos_s1056_e1098_s1158_e1188_s2226_e2262_s2268_e2310
FUN_012287,0,0.0,0,pos,0,0.0,0,pos
FUN_004837,0,0.0,0,pos,0,0.0,0,pos
FUN_011072,0,0.0,0,pos,0,0.0,0,pos
FUN_003163,18,0.007772020725388601,0,pos,0,0.0,0,pos
FUN_005979,0,0.0,0,pos,0,0.0,0,pos
FUN_001164,60,0.03875968992248062,1,pos_s1092_e1134,42,0.027131782945736434,1,pos_s1092_e1134
FUN_009181,66,0.020146520146520148,1,pos_s894_e954,36,0.01098901098901099,1,pos_s900_e936
FUN_000310,0,0.0,0,pos,0,0.0,0,pos
FUN_006447,0,0.0,0,pos,0,0.0,0,pos
FUN_011756,0,0.0,0,pos,0,0.0,0,pos
FUN_005277,0,0.0,0,pos,0,0.0,0,pos
FUN_010401,0,0.0,0,pos,0,0.0,0,pos
FUN_010751,0,0.0,0,pos,0,0.0,0,pos
FUN_002923,192,0.08290155440414508,3,pos_s426_e456_s1278_e1314_s1512_e1626,90,0.038860103626943004,1,pos_s1542_e1620
FUN_003094,6,0.001968503937007874,0,pos,0,0.0,0,pos
FUN_001390,192,0.023408924652523776,2,pos_s1188_e1260_s5976_e6060,84,0.010241404535479151,1,pos_s1188_e1260
FUN_003661,0,0.0,0,pos,0,0.0,0,pos
FUN_004377,0,0.0,0,pos,0,0.0,0,pos
FUN_008904,0,0.0,0,pos,0,0.0,0,pos
FUN_009028,30,0.032679738562091505,0,pos,0,0.0,0,pos
FUN_006053,0,0.0,0,pos,0,0.0,0,pos
FUN_007487,114,0.09313725490196079,1,pos_s438_e534,78,0.06372549019607843,2,pos_s444_e492_s504_e534
FUN_006982,90,0.019736842105263157,1,pos_s4506_e4542,6,0.0013157894736842105,0,pos
FUN_007327,0,0.0,0,pos,0,0.0,0,pos
FUN_002158,0,0.0,0,pos,0,0.0,0,pos
FUN_016835,0,0.0,0,pos,0,0.0,0,pos
FUN_004137,0,0.0,0,pos,0,0.0,0,pos
FUN_016508,0,0.0,0,pos,0,0.0,0,pos
FUN_006197,0,0.0,0,pos,0,0.0,0,pos
FUN_000869,0,0.0,0,pos,0,0.0,0,pos
FUN_002039,0,0.0,0,pos,0,0.0,0,pos
FUN_008389,0,0.0,0,pos,0,0.0,0,pos
FUN_000578,0,0.0,0,pos,0,0.0,0,pos
FUN_002030,0,0.0,0,pos,0,0.0,0,pos
FUN_015253,0,0.0,0,pos,0,0.0,0,pos
FUN_016557,0,0.0,0,pos,0,0.0,0,pos
FUN_002798,0,0.0,0,pos,0,0.0,0,pos
FUN_006479,0,0.0,0,pos,0,0.0,0,pos
FUN_003071,0,0.0,0,pos,0,0.0,0,pos
FUN_004943,204,0.024602026049204053,2,pos_s2916_e3000_s6516_e6546,78,0.009406657018813314,1,pos_s2916_e2982
FUN_016701,0,0.0,0,pos,0,0.0,0,pos
FUN_001474,0,0.0,0,pos,0,0.0,0,pos
FUN_016398,0,0.0,0,pos,0,0.0,0,pos
FUN_003658,0,0.0,0,pos,0,0.0,0,pos
FUN_015319,0,0.0,0,pos,0,0.0,0,pos
FUN_003642,0,0.0,0,pos,0,0.0,0,pos
FUN_002906,0,0.0,0,pos,0,0.0,0,pos
FUN_009702,0,0.0,0,pos,0,0.0,0,pos
FUN_005014,0,0.0,0,pos,0,0.0,0,pos
FUN_007938,0,0.0,0,pos,0,0.0,0,pos
FUN_016058,0,0.0,0,pos,0,0.0,0,pos
FUN_002830,0,0.0,0,pos,0,0.0,0,pos
FUN_015990,0,0.0,0,pos,0,0.0,0,pos
FUN_000775,18,0.17647058823529413,0,pos,0,0.0,0,pos
FUN_005220,0,0.0,0,pos,0,0.0,0,pos
FUN_002320,0,0.0,0,pos,0,0.0,0,pos
FUN_000883,24,0.015810276679841896,0,pos,0,0.0,0,pos
FUN_010307,0,0.0,0,pos,0,0.0,0,pos
FUN_000750,0,0.0,0,pos,0,0.0,0,pos
FUN_005298,0,0.0,0,pos,0,0.0,0,pos
FUN_015968,0,0.0,0,pos,0,0.0,0,pos
FUN_009519,30,0.01006036217303823,0,pos,0,0.0,0,pos
FUN_008608,0,0.0,0,pos,0,0.0,0,pos
FUN_006887,0,0.0,0,pos,0,0.0,0,pos
FUN_006835,0,0.0,0,pos,0,0.0,0,pos
FUN_009096,276,0.12365591397849462,2,pos_s360_e444_s1362_e1506,114,0.051075268817204304,2,pos_s1404_e1458_s1476_e1506
FUN_005367,30,0.006060606060606061,1,pos_s4902_e4932,0,0.0,0,pos
FUN_000220,0,0.0,0,pos,0,0.0,0,pos
FUN_004517,0,0.0,0,pos,0,0.0,0,pos
FUN_003078,6,0.002109704641350211,0,pos,0,0.0,0,pos
FUN_009878,0,0.0,0,pos,0,0.0,0,pos
FUN_001049,0,0.0,0,pos,0,0.0,0,pos
FUN_009376,0,0.0,0,pos,0,0.0,0,pos
FUN_011188,0,0.0,0,pos,0,0.0,0,pos
FUN_005398,0,0.0,0,pos,0,0.0,0,pos
FUN_003029,0,0.0,0,pos,0,0.0,0,pos
FUN_012486,0,0.0,0,pos,0,0.0,0,pos
FUN_007644,0,0.0,0,pos,0,0.0,0,pos
FUN_008127,0,0.0,0,pos,0,0.0,0,pos
FUN_003011,0,0.0,0,pos,0,0.0,0,pos
FUN_005856,0,0.0,0,pos,0,0.0,0,pos
FUN_011139,0,0.0,0,pos,0,0.0,0,pos
FUN_003325,120,0.016542597187758478,1,pos_s3258_e3306,0,0.0,0,pos
FUN_001796,216,0.0975609756097561,0,pos,18,0.008130081300813009,0,pos
FUN_007668,30,0.021739130434782608,1,pos_s144_e174,0,0.0,0,pos
FUN_009762,72,0.3076923076923077,0,pos,0,0.0,0,pos
FUN_016560,0,0.0,0,pos,0,0.0,0,pos
FUN_003957,150,0.07886435331230283,1,pos_s582_e660,12,0.006309148264984227,0,pos
FUN_016493,0,0.0,0,pos,0,0.0,0,pos
FUN_005839,0,0.0,0,pos,0,0.0,0,pos
FUN_003553,6,0.004201680672268907,0,pos,0,0.0,0,pos
FUN_000369,0,0.0,0,pos,0,0.0,0,pos
FUN_000070,54,0.027950310559006212,1,pos_s216_e246,54,0.027950310559006212,1,pos_s216_e246
FUN_001600,18,0.0014844136566056407,0,pos,0,0.0,0,pos
FUN_012354,0,0.0,0,pos,0,0.0,0,pos
FUN_008890,42,0.01818181818181818,0,pos,0,0.0,0,pos
FUN_005593,60,0.027777777777777776,1,pos_s1182_e1224,0,0.0,0,pos
FUN_008086,0,0.0,0,pos,0,0.0,0,pos
FUN_004389,0,0.0,0,pos,0,0.0,0,pos
FUN_012405,0,0.0,0,pos,0,0.0,0,pos
FUN_006236,0,0.0,0,pos,0,0.0,0,pos
FUN_010087,0,0.0,0,pos,0,0.0,0,pos
FUN_003047,0,0.0,0,pos,0,0.0,0,pos
FUN_007080,0,0.0,0,pos,0,0.0,0,pos
FUN_012102,0,0.0,0,pos,0,0.0,0,pos
FUN_004036,18,0.007792207792207792,0,pos,0,0.0,0,pos
FUN_008677,30,0.045871559633027525,0,pos,0,0.0,0,pos
FUN_009841,0,0.0,0,pos,0,0.0,0,pos
FUN_006715,78,0.029082774049217,2,pos_s1260_e1290_s1302_e1332,30,0.011185682326621925,1,pos_s1302_e1332
FUN_016244,0,0.0,0,pos,0,0.0,0,pos
FUN_000596,18,0.005208333333333333,0,pos,0,0.0,0,pos
FUN_000001,18,0.010344827586206896,0,pos,0,0.0,0,pos
FUN_003520,66,0.03283582089552239,1,pos_s1098_e1140,0,0.0,0,pos
FUN_012289,0,0.0,0,pos,0,0.0,0,pos
FUN_001917,0,0.0,0,pos,0,0.0,0,pos
FUN_011823,0,0.0,0,pos,0,0.0,0,pos
FUN_005505,0,0.0,0,pos,0,0.0,0,pos
FUN_001229,0,0.0,0,pos,0,0.0,0,pos
FUN_011414,84,0.060085836909871244,1,pos_s948_e1014,24,0.017167381974248927,0,pos
FUN_010443,0,0.0,0,pos,0,0.0,0,pos
FUN_005801,12,0.05405405405405406,0,pos,0,0.0,0,pos
FUN_011883,0,0.0,0,pos,0,0.0,0,pos
FUN_001994,0,0.0,0,pos,0,0.0,0,pos
FUN_015947,0,0.0,0,pos,0,0.0,0,pos
FUN_004955,0,0.0,0,pos,0,0.0,0,pos
FUN_006238,0,0.0,0,pos,0,0.0,0,pos
FUN_010664,0,0.0,0,pos,0,0.0,0,pos
FUN_005221,0,0.0,0,pos,0,0.0,0,pos
FUN_002919,108,0.2571428571428571,1,pos_s234_e324,0,0.0,0,pos
FUN_011379,0,0.0,0,pos,0,0.0,0,pos
FUN_006944,0,0.0,0,pos,0,0.0,0,pos
FUN_010614,0,0.0,0,pos,0,0.0,0,pos
FUN_002861,0,0.0,0,pos,0,0.0,0,pos
FUN_015878,0,0.0,0,pos,0,0.0,0,pos
FUN_006769,0,0.0,0,pos,0,0.0,0,pos
FUN_002645,84,0.030042918454935622,1,pos_s1668_e1746,36,0.012875536480686695,0,pos
FUN_015921,0,0.0,0,pos,0,0.0,0,pos
FUN_005316,150,0.423728813559322,2,pos_s132_e222_s282_e324,78,0.22033898305084745,1,pos_s138_e186
FUN_000546,0,0.0,0,pos,0,0.0,0,pos
FUN_005069,90,0.018703241895261846,1,pos_s1506_e1572,0,0.0,0,pos
FUN_007690,12,0.008547008547008548,0,pos,0,0.0,0,pos
FUN_001306,0,0.0,0,pos,0,0.0,0,pos
FUN_003620,78,0.15476190476190477,2,pos_s0_e36_s324_e366,6,0.011904761904761904,0,pos
FUN_015762,0,0.0,0,pos,0,0.0,0,pos
FUN_001289,48,0.01951219512195122,1,pos_s360_e402,18,0.007317073170731708,0,pos
FUN_007407,24,0.00718132854578097,0,pos,0,0.0,0,pos
FUN_009060,24,0.008968609865470852,0,pos,0,0.0,0,pos
FUN_011046,0,0.0,0,pos,0,0.0,0,pos
FUN_007384,114,0.03564727954971857,1,pos_s612_e690,0,0.0,0,pos
FUN_009406,0,0.0,0,pos,0,0.0,0,pos
FUN_001540,0,0.0,0,pos,0,0.0,0,pos
FUN_001372,0,0.0,0,pos,0,0.0,0,pos
FUN_004604,0,0.0,0,pos,0,0.0,0,pos
FUN_010405,0,0.0,0,pos,0,0.0,0,pos
FUN_007974,0,0.0,0,pos,0,0.0,0,pos
FUN_008652,0,0.0,0,pos,0,0.0,0,pos
FUN_011024,0,0.0,0,pos,0,0.0,0,pos
FUN_001013,0,0.0,0,pos,0,0.0,0,pos
FUN_004133,0,0.0,0,pos,0,0.0,0,pos
FUN_002171,0,0.0,0,pos,0,0.0,0,pos
FUN_001162,0,0.0,0,pos,0,0.0,0,pos
FUN_003165,0,0.0,0,pos,0,0.0,0,pos
FUN_011579,0,0.0,0,pos,0,0.0,0,pos
FUN_001875,0,0.0,0,pos,0,0.0,0,pos
FUN_010049,0,0.0,0,pos,0,0.0,0,pos
FUN_007011,0,0.0,0,pos,0,0.0,0,pos
FUN_009079,0,0.0,0,pos,0,0.0,0,pos
FUN_007515,0,0.0,0,pos,0,0.0,0,pos
FUN_001106,0,0.0,0,pos,0,0.0,0,pos
FUN_003396,66,0.021484375,2,pos_s2700_e2730_s2790_e2820,24,0.0078125,0,pos
FUN_002465,0,0.0,0,pos,0,0.0,0,pos
FUN_005079,0,0.0,0,pos,0,0.0,0,pos
FUN_011326,216,0.07392197125256673,2,pos_s672_e816_s2616_e2688,54,0.018480492813141684,0,pos
FUN_002787,0,0.0,0,pos,0,0.0,0,pos
FUN_007615,0,0.0,0,pos,0,0.0,0,pos
FUN_011009,168,0.27722772277227725,1,pos_s240_e288,36,0.0594059405940594,0,pos
FUN_005831,66,0.12359550561797752,1,pos_s168_e234,0,0.0,0,pos
FUN_001447,12,0.02631578947368421,0,pos,0,0.0,0,pos
FUN_008307,126,0.03969754253308128,2,pos_s372_e414_s864_e894,36,0.011342155009451797,1,pos_s372_e408
FUN_007819,0,0.0,0,pos,0,0.0,0,pos
FUN_001607,0,0.0,0,pos,0,0.0,0,pos
FUN_009437,18,0.01056338028169014,0,pos,0,0.0,0,pos
FUN_016331,0,0.0,0,pos,0,0.0,0,pos
FUN_003216,288,0.04030226700251889,4,pos_s5700_e5814_s6582_e6660_s6684_e6750_s6756_e6786,204,0.028547439126784216,2,pos_s5700_e5814_s6582_e6660
FUN_005194,72,0.06857142857142857,1,pos_s24_e90,0,0.0,0,pos
FUN_000994,0,0.0,0,pos,0,0.0,0,pos
FUN_003529,72,0.045283018867924525,1,pos_s1236_e1284,12,0.007547169811320755,0,pos
FUN_016739,0,0.0,0,pos,0,0.0,0,pos
FUN_001921,0,0.0,0,pos,0,0.0,0,pos
FUN_011255,0,0.0,0,pos,0,0.0,0,pos
FUN_004611,84,0.04487179487179487,1,pos_s702_e774,0,0.0,0,pos
FUN_007714,54,0.07258064516129033,1,pos_s30_e84,0,0.0,0,pos
FUN_001573,48,0.029197080291970802,0,pos,6,0.0036496350364963502,0,pos
FUN_016842,0,0.0,0,pos,0,0.0,0,pos
FUN_003435,186,0.11742424242424243,1,pos_s762_e834,30,0.01893939393939394,0,pos
FUN_006571,6,0.006802721088435374,0,pos,0,0.0,0,pos
FUN_006186,6,0.03333333333333333,0,pos,0,0.0,0,pos
FUN_011337,0,0.0,0,pos,0,0.0,0,pos
FUN_008150,0,0.0,0,pos,0,0.0,0,pos
FUN_015871,0,0.0,0,pos,0,0.0,0,pos
FUN_012252,0,0.0,0,pos,0,0.0,0,pos
FUN_001871,78,0.021922428330522766,1,pos_s1602_e1650,0,0.0,0,pos
FUN_005333,0,0.0,0,pos,0,0.0,0,pos
FUN_000200,0,0.0,0,pos,0,0.0,0,pos
FUN_016767,0,0.0,0,pos,0,0.0,0,pos
FUN_001388,702,0.18810289389067525,5,pos_s1026_e1080_s1116_e1314_s1650_e1758_s2316_e2430_s2994_e3108,348,0.0932475884244373,3,pos_s1128_e1260_s2316_e2430_s2994_e3024
FUN_012530,0,0.0,0,pos,0,0.0,0,pos
FUN_009038,0,0.0,0,pos,0,0.0,0,pos
FUN_001126,0,0.0,0,pos,0,0.0,0,pos
FUN_008711,0,0.0,0,pos,0,0.0,0,pos
FUN_001403,0,0.0,0,pos,0,0.0,0,pos
FUN_003994,138,0.03343023255813953,1,pos_s4062_e4116,42,0.010174418604651164,1,pos_s4074_e4116
FUN_007872,0,0.0,0,pos,0,0.0,0,pos
FUN_006342,438,0.2425249169435216,6,pos_s168_e198_s660_e720_s978_e1020_s1074_e1110_s1134_e1224_s1326_e1410,174,0.09634551495016612,2,pos_s1134_e1224_s1326_e1386
FUN_004568,0,0.0,0,pos,0,0.0,0,pos
FUN_010729,132,0.06376811594202898,1,pos_s1218_e1314,108,0.05217391304347826,1,pos_s1230_e1314
FUN_000358,0,0.0,0,pos,0,0.0,0,pos
FUN_009938,588,0.392,8,pos_s0_e30_s396_e432_s600_e714_s738_e828_s852_e894_s942_e1008_s1290_e1404_s1428_e1494,258,0.172,3,pos_s0_e30_s744_e792_s1290_e1404
FUN_003145,0,0.0,0,pos,0,0.0,0,pos
FUN_008426,0,0.0,0,pos,0,0.0,0,pos
FUN_010730,0,0.0,0,pos,0,0.0,0,pos
FUN_002495,0,0.0,0,pos,0,0.0,0,pos
FUN_015307,0,0.0,0,pos,0,0.0,0,pos
FUN_000020,36,0.009917355371900827,1,pos_s1212_e1248,0,0.0,0,pos
FUN_003816,0,0.0,0,pos,0,0.0,0,pos
FUN_000276,0,0.0,0,pos,0,0.0,0,pos
FUN_010904,0,0.0,0,pos,0,0.0,0,pos
FUN_004640,228,0.07755102040816327,3,pos_s1710_e1764_s1932_e2052_s2064_e2112,54,0.018367346938775512,1,pos_s2016_e2046
FUN_010471,0,0.0,0,pos,0,0.0,0,pos
FUN_001246,0,0.0,0,pos,0,0.0,0,pos
FUN_016610,0,0.0,0,pos,0,0.0,0,pos
FUN_012084,6,0.004524886877828055,0,pos,0,0.0,0,pos
FUN_000181,0,0.0,0,pos,0,0.0,0,pos
FUN_003510,84,0.06278026905829596,2,pos_s66_e114_s1224_e1260,18,0.013452914798206279,0,pos
FUN_007907,162,0.022277227722772276,1,pos_s5346_e5466,60,0.00825082508250825,1,pos_s5358_e5394
FUN_001683,0,0.0,0,pos,0,0.0,0,pos
FUN_000863,0,0.0,0,pos,0,0.0,0,pos
FUN_002968,102,0.019036954087346025,2,pos_s1824_e1866_s2460_e2508,12,0.0022396416573348264,0,pos
FUN_000210,0,0.0,0,pos,0,0.0,0,pos
FUN_004835,30,0.0625,0,pos,6,0.0125,0,pos
FUN_012099,0,0.0,0,pos,0,0.0,0,pos
FUN_003402,0,0.0,0,pos,0,0.0,0,pos
FUN_003949,0,0.0,0,pos,0,0.0,0,pos
FUN_005515,72,0.04054054054054054,1,pos_s294_e342,0,0.0,0,pos
FUN_001021,0,0.0,0,pos,0,0.0,0,pos
FUN_001214,0,0.0,0,pos,0,0.0,0,pos
FUN_005665,0,0.0,0,pos,0,0.0,0,pos
FUN_001406,0,0.0,0,pos,0,0.0,0,pos
FUN_000925,0,0.0,0,pos,0,0.0,0,pos
FUN_005387,0,0.0,0,pos,0,0.0,0,pos
FUN_005648,0,0.0,0,pos,0,0.0,0,pos
FUN_008025,42,0.07,1,pos_s522_e564,0,0.0,0,pos
FUN_015363,0,0.0,0,pos,0,0.0,0,pos
FUN_002352,0,0.0,0,pos,0,0.0,0,pos
FUN_000518,0,0.0,0,pos,0,0.0,0,pos
FUN_003307,0,0.0,0,pos,0,0.0,0,pos
FUN_016677,0,0.0,0,pos,0,0.0,0,pos
FUN_004071,126,0.05398457583547558,1,pos_s24_e78,42,0.017994858611825194,1,pos_s2286_e2316
FUN_009913,24,0.028368794326241134,0,pos,0,0.0,0,pos
FUN_003565,0,0.0,0,pos,0,0.0,0,pos
FUN_001940,36,0.023346303501945526,1,pos_s1452_e1482,0,0.0,0,pos
FUN_011843,0,0.0,0,pos,0,0.0,0,pos
FUN_006392,0,0.0,0,pos,0,0.0,0,pos
FUN_015286,0,0.0,0,pos,0,0.0,0,pos
FUN_011768,0,0.0,0,pos,0,0.0,0,pos
FUN_006455,0,0.0,0,pos,0,0.0,0,pos
FUN_015897,0,0.0,0,pos,0,0.0,0,pos
FUN_004140,0,0.0,0,pos,0,0.0,0,pos
FUN_005580,180,0.026385224274406333,3,pos_s1548_e1590_s2928_e3012_s3252_e3282,0,0.0,0,pos
FUN_007070,0,0.0,0,pos,0,0.0,0,pos
FUN_009574,30,0.053763440860215055,0,pos,0,0.0,0,pos
FUN_003554,0,0.0,0,pos,0,0.0,0,pos
FUN_008018,0,0.0,0,pos,0,0.0,0,pos
FUN_008962,42,0.04895104895104895,1,pos_s498_e540,42,0.04895104895104895,1,pos_s498_e540
FUN_004413,192,0.024464831804281346,3,pos_s2934_e2964_s4920_e5034_s6192_e6222,0,0.0,0,pos
FUN_007462,0,0.0,0,pos,0,0.0,0,pos
FUN_010349,0,0.0,0,pos,0,0.0,0,pos
FUN_012103,0,0.0,0,pos,0,0.0,0,pos
FUN_007643,48,0.03333333333333333,1,pos_s1212_e1260,30,0.020833333333333332,1,pos_s1218_e1248
FUN_016025,0,0.0,0,pos,0,0.0,0,pos
FUN_016514,0,0.0,0,pos,0,0.0,0,pos
FUN_009445,0,0.0,0,pos,0,0.0,0,pos
FUN_001947,0,0.0,0,pos,0,0.0,0,pos
FUN_001672,66,0.008283132530120483,2,pos_s7776_e7806_s7818_e7854,12,0.0015060240963855422,0,pos
FUN_004815,174,0.10902255639097744,4,pos_s72_e102_s150_e216_s630_e660_s702_e732,36,0.022556390977443608,0,pos
FUN_002852,0,0.0,0,pos,0,0.0,0,pos
FUN_010984,0,0.0,0,pos,0,0.0,0,pos
FUN_004098,0,0.0,0,pos,0,0.0,0,pos
FUN_000229,246,0.09761904761904762,5,pos_s762_e804_s834_e876_s918_e954_s1308_e1362_s1662_e1704,12,0.004761904761904762,0,pos
FUN_012334,0,0.0,0,pos,0,0.0,0,pos
FUN_010130,0,0.0,0,pos,0,0.0,0,pos
FUN_010073,0,0.0,0,pos,0,0.0,0,pos
FUN_007469,0,0.0,0,pos,0,0.0,0,pos
FUN_003387,0,0.0,0,pos,0,0.0,0,pos
FUN_000147,0,0.0,0,pos,0,0.0,0,pos
FUN_010437,60,0.21739130434782608,1,pos_s204_e258,36,0.13043478260869565,1,pos_s210_e240
FUN_009395,0,0.0,0,pos,0,0.0,0,pos
FUN_000617,30,0.02857142857142857,0,pos,0,0.0,0,pos
FUN_008694,0,0.0,0,pos,0,0.0,0,pos
FUN_002035,288,0.23414634146341465,5,pos_s402_e444_s600_e642_s882_e918_s924_e966_s1098_e1128,66,0.05365853658536585,0,pos
FUN_009728,0,0.0,0,pos,0,0.0,0,pos
FUN_005705,24,0.031496062992125984,0,pos,0,0.0,0,pos
FUN_006153,0,0.0,0,pos,0,0.0,0,pos
FUN_010910,0,0.0,0,pos,0,0.0,0,pos
FUN_007498,0,0.0,0,pos,0,0.0,0,pos
FUN_002525,0,0.0,0,pos,0,0.0,0,pos
FUN_004281,18,0.007281553398058253,0,pos,0,0.0,0,pos
FUN_004923,42,0.04375,1,pos_s714_e756,0,0.0,0,pos
FUN_005045,0,0.0,0,pos,0,0.0,0,pos
FUN_008917,0,0.0,0,pos,0,0.0,0,pos
FUN_005337,12,0.00796812749003984,0,pos,0,0.0,0,pos
FUN_011105,0,0.0,0,pos,0,0.0,0,pos
FUN_015684,0,0.0,0,pos,0,0.0,0,pos
FUN_004009,0,0.0,0,pos,0,0.0,0,pos
FUN_009901,0,0.0,0,pos,0,0.0,0,pos
FUN_011212,0,0.0,0,pos,0,0.0,0,pos
FUN_009955,36,0.0392156862745098,1,pos_s0_e36,36,0.0392156862745098,1,pos_s0_e36
FUN_000908,0,0.0,0,pos,0,0.0,0,pos
FUN_006276,0,0.0,0,pos,0,0.0,0,pos
FUN_005703,0,0.0,0,pos,0,0.0,0,pos
FUN_012150,0,0.0,0,pos,0,0.0,0,pos
FUN_001662,0,0.0,0,pos,0,0.0,0,pos
FUN_009226,0,0.0,0,pos,0,0.0,0,pos
FUN_016573,0,0.0,0,pos,0,0.0,0,pos
FUN_002125,0,0.0,0,pos,0,0.0,0,pos
FUN_015673,0,0.0,0,pos,0,0.0,0,pos
FUN_001764,0,0.0,0,pos,0,0.0,0,pos
FUN_015267,0,0.0,0,pos,0,0.0,0,pos
FUN_002391,0,0.0,0,pos,0,0.0,0,pos
FUN_010274,0,0.0,0,pos,0,0.0,0,pos
FUN_007980,0,0.0,0,pos,0,0.0,0,pos
FUN_012294,0,0.0,0,pos,0,0.0,0,pos
FUN_002162,12,0.009950248756218905,0,pos,0,0.0,0,pos
FUN_016628,0,0.0,0,pos,0,0.0,0,pos
FUN_005972,6,0.02,0,pos,0,0.0,0,pos
FUN_011114,0,0.0,0,pos,0,0.0,0,pos
FUN_002246,84,0.08187134502923976,1,pos_s906_e948,18,0.017543859649122806,0,pos
FUN_009141,0,0.0,0,pos,0,0.0,0,pos
FUN_001876,0,0.0,0,pos,0,0.0,0,pos
FUN_011045,84,0.05982905982905983,1,pos_s354_e438,42,0.029914529914529916,1,pos_s354_e384
FUN_002278,0,0.0,0,pos,0,0.0,0,pos
FUN_008254,18,0.004552352048558422,0,pos,0,0.0,0,pos
FUN_000023,0,0.0,0,pos,0,0.0,0,pos
FUN_006196,0,0.0,0,pos,0,0.0,0,pos
FUN_006511,0,0.0,0,pos,0,0.0,0,pos
FUN_016706,0,0.0,0,pos,0,0.0,0,pos
FUN_004801,72,0.0316622691292876,1,pos_s2100_e2166,0,0.0,0,pos
FUN_012518,0,0.0,0,pos,0,0.0,0,pos
FUN_004556,0,0.0,0,pos,0,0.0,0,pos
FUN_004028,12,0.023529411764705882,0,pos,0,0.0,0,pos
FUN_015433,18,0.02,0,pos,12,0.013333333333333334,0,pos
FUN_010915,210,0.09067357512953368,2,pos_s1590_e1638_s2016_e2064,0,0.0,0,pos
FUN_011086,0,0.0,0,pos,0,0.0,0,pos
FUN_007630,138,0.08041958041958042,2,pos_s528_e564_s1428_e1500,42,0.024475524475524476,1,pos_s1434_e1476
FUN_007063,240,0.11080332409972299,2,pos_s594_e696_s1176_e1272,36,0.01662049861495845,0,pos
FUN_002964,0,0.0,0,pos,0,0.0,0,pos
FUN_009636,264,0.02565597667638484,3,pos_s4404_e4482_s5442_e5496_s6666_e6702,78,0.007580174927113703,1,pos_s5442_e5496
FUN_002205,78,0.0896551724137931,2,pos_s516_e546_s588_e636,66,0.07586206896551724,1,pos_s588_e630
FUN_006257,0,0.0,0,pos,0,0.0,0,pos
FUN_007889,0,0.0,0,pos,0,0.0,0,pos
FUN_006680,72,0.05581395348837209,1,pos_s1098_e1158,0,0.0,0,pos
FUN_011153,84,0.17073170731707318,1,pos_s54_e120,0,0.0,0,pos
FUN_016079,0,0.0,0,pos,0,0.0,0,pos
FUN_009641,0,0.0,0,pos,0,0.0,0,pos
FUN_004243,120,0.03058103975535168,1,pos_s1980_e2034,6,0.0015290519877675841,0,pos
FUN_016053,0,0.0,0,pos,0,0.0,0,pos
FUN_010403,234,0.13448275862068965,2,pos_s540_e648_s666_e762,108,0.06206896551724138,1,pos_s564_e648
FUN_002001,0,0.0,0,pos,0,0.0,0,pos
FUN_011992,0,0.0,0,pos,0,0.0,0,pos
FUN_015590,0,0.0,0,pos,0,0.0,0,pos
FUN_002231,30,0.014044943820224719,1,pos_s1932_e1962,0,0.0,0,pos
FUN_005322,0,0.0,0,pos,0,0.0,0,pos
FUN_015298,0,0.0,0,pos,0,0.0,0,pos
FUN_005319,0,0.0,0,pos,0,0.0,0,pos
FUN_008571,0,0.0,0,pos,0,0.0,0,pos
FUN_001498,0,0.0,0,pos,0,0.0,0,pos
FUN_000794,78,0.012974051896207584,1,pos_s3396_e3468,42,0.006986027944111776,0,pos
FUN_002029,0,0.0,0,pos,0,0.0,0,pos
FUN_002040,0,0.0,0,pos,0,0.0,0,pos
FUN_000945,0,0.0,0,pos,0,0.0,0,pos
FUN_007565,0,0.0,0,pos,0,0.0,0,pos
FUN_015872,0,0.0,0,pos,0,0.0,0,pos
FUN_000665,0,0.0,0,pos,0,0.0,0,pos
FUN_010690,108,0.08372093023255814,1,pos_s1098_e1206,24,0.018604651162790697,0,pos
FUN_012454,0,0.0,0,pos,0,0.0,0,pos
FUN_008043,0,0.0,0,pos,0,0.0,0,pos
FUN_002590,0,0.0,0,pos,0,0.0,0,pos
FUN_005082,0,0.0,0,pos,0,0.0,0,pos
FUN_009624,0,0.0,0,pos,0,0.0,0,pos
FUN_012480,0,0.0,0,pos,0,0.0,0,pos
FUN_005680,0,0.0,0,pos,0,0.0,0,pos
FUN_008424,42,0.015659955257270694,0,pos,6,0.0022371364653243847,0,pos
FUN_001451,72,0.11764705882352941,2,pos_s342_e378_s396_e432,0,0.0,0,pos
FUN_006445,0,0.0,0,pos,0,0.0,0,pos
FUN_010824,0,0.0,0,pos,0,0.0,0,pos
FUN_010818,138,0.0423572744014733,1,pos_s336_e396,0,0.0,0,pos
FUN_016380,0,0.0,0,pos,0,0.0,0,pos
FUN_005038,0,0.0,0,pos,0,0.0,0,pos
FUN_011297,102,0.03794642857142857,1,pos_s18_e96,36,0.013392857142857142,1,pos_s60_e96
FUN_005241,0,0.0,0,pos,0,0.0,0,pos
FUN_005092,0,0.0,0,pos,0,0.0,0,pos
FUN_007314,0,0.0,0,pos,0,0.0,0,pos
FUN_008260,96,0.12030075187969924,1,pos_s366_e462,0,0.0,0,pos
FUN_005759,0,0.0,0,pos,0,0.0,0,pos
FUN_011767,0,0.0,0,pos,0,0.0,0,pos
FUN_001999,894,0.3034623217922607,8,pos_s1074_e1278_s1320_e1404_s1566_e1770_s1794_e1908_s2208_e2256_s2424_e2454_s2634_e2748_s2820_e2862,564,0.19144602851323828,6,pos_s1074_e1206_s1212_e1260_s1584_e1656_s1680_e1770_s1794_e1896_s2634_e2700
FUN_005495,0,0.0,0,pos,0,0.0,0,pos
FUN_012112,0,0.0,0,pos,0,0.0,0,pos
FUN_007648,54,0.047872340425531915,1,pos_s936_e978,6,0.005319148936170213,0,pos
FUN_007016,126,0.06666666666666667,2,pos_s1068_e1158_s1506_e1542,66,0.03492063492063492,1,pos_s1074_e1116
FUN_015819,0,0.0,0,pos,0,0.0,0,pos
FUN_010798,0,0.0,0,pos,0,0.0,0,pos
FUN_011893,0,0.0,0,pos,0,0.0,0,pos
FUN_002564,36,0.016042780748663103,1,pos_s2184_e2214,0,0.0,0,pos
FUN_006411,0,0.0,0,pos,0,0.0,0,pos
FUN_005838,24,0.028985507246376812,0,pos,24,0.028985507246376812,0,pos
FUN_002570,0,0.0,0,pos,0,0.0,0,pos
FUN_007083,0,0.0,0,pos,0,0.0,0,pos
FUN_016121,0,0.0,0,pos,0,0.0,0,pos
FUN_009558,66,0.040293040293040296,1,pos_s1308_e1362,42,0.02564102564102564,1,pos_s1320_e1362
FUN_010796,0,0.0,0,pos,0,0.0,0,pos
FUN_016231,0,0.0,0,pos,0,0.0,0,pos
FUN_006677,0,0.0,0,pos,0,0.0,0,pos
FUN_007546,12,0.009216589861751152,0,pos,12,0.009216589861751152,0,pos
FUN_006807,0,0.0,0,pos,0,0.0,0,pos
FUN_001916,102,0.0412621359223301,1,pos_s1314_e1404,66,0.02669902912621359,1,pos_s1320_e1386
FUN_001533,1476,0.057855126999059266,21,pos_s516_e588_s6510_e6540_s12444_e12486_s12492_e12558_s12624_e12666_s14226_e14256_s14280_e14346_s14358_e14430_s14646_e14736_s14868_e14922_s17064_e17100_s17112_e17142_s17154_e17250_s17286_e17352_s17358_e17418_s17448_e17514_s17640_e17724_s19512_e19554_s19584_e19626_s22056_e22122_s24384_e24480,516,0.02022577610536218,6,pos_s12444_e12486_s12492_e12558_s14646_e14730_s17064_e17094_s17364_e17400_s24384_e24426
FUN_011969,0,0.0,0,pos,0,0.0,0,pos
FUN_010275,78,0.2,1,pos_s132_e198,0,0.0,0,pos
FUN_011308,0,0.0,0,pos,0,0.0,0,pos
FUN_007651,0,0.0,0,pos,0,0.0,0,pos
FUN_002942,24,0.007920792079207921,0,pos,0,0.0,0,pos
FUN_015579,0,0.0,0,pos,0,0.0,0,pos
FUN_000537,0,0.0,0,pos,0,0.0,0,pos
FUN_004985,0,0.0,0,pos,0,0.0,0,pos
FUN_007215,492,0.16173570019723865,6,pos_s336_e450_s1434_e1548_s1776_e1824_s1830_e1890_s2262_e2310_s2904_e3000,174,0.05719921104536489,1,pos_s1434_e1548
FUN_001752,0,0.0,0,pos,0,0.0,0,pos
FUN_012200,0,0.0,0,pos,0,0.0,0,pos
FUN_010972,0,0.0,0,pos,0,0.0,0,pos
FUN_008586,42,0.025,0,pos,0,0.0,0,pos
FUN_001338,0,0.0,0,pos,0,0.0,0,pos
FUN_001977,0,0.0,0,pos,0,0.0,0,pos
FUN_015900,0,0.0,0,pos,0,0.0,0,pos
FUN_004265,30,0.015723270440251572,1,pos_s0_e30,0,0.0,0,pos
FUN_006638,0,0.0,0,pos,0,0.0,0,pos
FUN_010722,66,0.08088235294117647,1,pos_s630_e678,0,0.0,0,pos
FUN_010667,0,0.0,0,pos,0,0.0,0,pos
FUN_005763,0,0.0,0,pos,0,0.0,0,pos
FUN_008663,114,0.02653631284916201,1,pos_s1482_e1596,12,0.002793296089385475,0,pos
FUN_007034,108,0.04918032786885246,1,pos_s618_e726,24,0.01092896174863388,0,pos
FUN_004268,150,0.16666666666666666,2,pos_s18_e54_s348_e462,114,0.12666666666666668,1,pos_s348_e462
FUN_001245,66,0.03594771241830065,0,pos,0,0.0,0,pos
FUN_005862,0,0.0,0,pos,0,0.0,0,pos
FUN_015689,0,0.0,0,pos,0,0.0,0,pos
FUN_009885,12,0.011627906976744186,0,pos,0,0.0,0,pos
FUN_008282,0,0.0,0,pos,0,0.0,0,pos
FUN_015850,0,0.0,0,pos,0,0.0,0,pos
FUN_009386,0,0.0,0,pos,0,0.0,0,pos
FUN_005926,0,0.0,0,pos,0,0.0,0,pos
FUN_007580,0,0.0,0,pos,0,0.0,0,pos
FUN_002021,138,0.022794846382556987,1,pos_s714_e816,36,0.005946481665014866,0,pos
FUN_006870,0,0.0,0,pos,0,0.0,0,pos
FUN_003991,198,0.16097560975609757,3,pos_s510_e576_s588_e618_s774_e810,72,0.05853658536585366,1,pos_s780_e810
FUN_010562,6,0.008928571428571428,0,pos,0,0.0,0,pos
FUN_010329,54,0.05625,1,pos_s12_e54,0,0.0,0,pos
FUN_003762,6,0.005917159763313609,0,pos,0,0.0,0,pos
FUN_008004,0,0.0,0,pos,0,0.0,0,pos
FUN_016265,0,0.0,0,pos,0,0.0,0,pos
FUN_002946,0,0.0,0,pos,0,0.0,0,pos
FUN_015312,0,0.0,0,pos,0,0.0,0,pos
FUN_001114,0,0.0,0,pos,0,0.0,0,pos
FUN_015648,0,0.0,0,pos,0,0.0,0,pos
FUN_002179,168,0.2616822429906542,3,pos_s24_e72_s354_e396_s414_e468,132,0.205607476635514,2,pos_s354_e396_s414_e468
FUN_006670,162,0.05432595573440644,2,pos_s1506_e1542_s2208_e2304,60,0.02012072434607646,1,pos_s2256_e2304
FUN_011426,30,0.16666666666666666,1,pos_s12_e42,18,0.1,0,pos
FUN_003733,30,0.021367521367521368,1,pos_s1050_e1080,0,0.0,0,pos
FUN_004803,60,0.017543859649122806,0,pos,0,0.0,0,pos
FUN_007229,0,0.0,0,pos,0,0.0,0,pos
FUN_016612,0,0.0,0,pos,0,0.0,0,pos
FUN_009708,24,0.012539184952978056,0,pos,0,0.0,0,pos
FUN_016212,108,0.06691449814126393,1,pos_s480_e576,30,0.01858736059479554,0,pos
FUN_012210,0,0.0,0,pos,0,0.0,0,pos
FUN_015884,0,0.0,0,pos,0,0.0,0,pos
FUN_007403,0,0.0,0,pos,0,0.0,0,pos
FUN_005425,0,0.0,0,pos,0,0.0,0,pos
FUN_001287,78,0.017150395778364115,1,pos_s3978_e4056,60,0.013192612137203167,1,pos_s4008_e4056
FUN_008034,0,0.0,0,pos,0,0.0,0,pos
FUN_005913,0,0.0,0,pos,0,0.0,0,pos
FUN_003444,0,0.0,0,pos,0,0.0,0,pos
FUN_011870,0,0.0,0,pos,0,0.0,0,pos
FUN_004508,0,0.0,0,pos,0,0.0,0,pos
FUN_000376,0,0.0,0,pos,0,0.0,0,pos
FUN_011542,0,0.0,0,pos,0,0.0,0,pos
FUN_009144,0,0.0,0,pos,0,0.0,0,pos
FUN_004371,0,0.0,0,pos,0,0.0,0,pos
FUN_011429,0,0.0,0,pos,0,0.0,0,pos
FUN_010826,0,0.0,0,pos,0,0.0,0,pos
FUN_009229,138,0.028858218318695106,2,pos_s1656_e1704_s1806_e1872,42,0.00878293601003764,1,pos_s1830_e1872
FUN_008436,0,0.0,0,pos,0,0.0,0,pos
FUN_011835,0,0.0,0,pos,0,0.0,0,pos
FUN_002503,0,0.0,0,pos,0,0.0,0,pos
FUN_003014,48,0.03404255319148936,0,pos,0,0.0,0,pos
FUN_004494,0,0.0,0,pos,0,0.0,0,pos
FUN_010718,0,0.0,0,pos,0,0.0,0,pos
FUN_011109,0,0.0,0,pos,0,0.0,0,pos
FUN_004914,0,0.0,0,pos,0,0.0,0,pos
FUN_004183,0,0.0,0,pos,0,0.0,0,pos
FUN_001288,0,0.0,0,pos,0,0.0,0,pos
FUN_015611,0,0.0,0,pos,0,0.0,0,pos
FUN_000940,0,0.0,0,pos,0,0.0,0,pos
FUN_004368,0,0.0,0,pos,0,0.0,0,pos
FUN_011150,0,0.0,0,pos,0,0.0,0,pos
FUN_008872,0,0.0,0,pos,0,0.0,0,pos
FUN_004432,0,0.0,0,pos,0,0.0,0,pos
FUN_015716,0,0.0,0,pos,0,0.0,0,pos
FUN_008042,0,0.0,0,pos,0,0.0,0,pos
FUN_005176,0,0.0,0,pos,0,0.0,0,pos
FUN_016061,0,0.0,0,pos,0,0.0,0,pos
FUN_006903,0,0.0,0,pos,0,0.0,0,pos
FUN_000493,54,0.01468189233278956,1,pos_s3210_e3246,18,0.004893964110929853,0,pos
FUN_001557,30,0.027624309392265192,0,pos,0,0.0,0,pos
FUN_002728,0,0.0,0,pos,0,0.0,0,pos
FUN_016028,0,0.0,0,pos,0,0.0,0,pos
FUN_003490,156,0.15028901734104047,2,pos_s210_e264_s330_e408,84,0.08092485549132948,2,pos_s222_e264_s372_e408
FUN_009111,30,0.0625,1,pos_s312_e342,6,0.0125,0,pos
FUN_015381,0,0.0,0,pos,0,0.0,0,pos
FUN_010080,0,0.0,0,pos,0,0.0,0,pos
FUN_005828,0,0.0,0,pos,0,0.0,0,pos
FUN_012120,0,0.0,0,pos,0,0.0,0,pos
FUN_004000,0,0.0,0,pos,0,0.0,0,pos
FUN_007261,0,0.0,0,pos,0,0.0,0,pos
FUN_002305,30,0.027777777777777776,1,pos_s120_e150,0,0.0,0,pos
FUN_007952,0,0.0,0,pos,0,0.0,0,pos
FUN_002967,0,0.0,0,pos,0,0.0,0,pos
FUN_009319,0,0.0,0,pos,0,0.0,0,pos
FUN_005787,0,0.0,0,pos,0,0.0,0,pos
FUN_000531,612,0.0925589836660617,9,pos_s1188_e1248_s2004_e2040_s2070_e2130_s2280_e2358_s2442_e2538_s3096_e3168_s3570_e3630_s3636_e3690_s3858_e3912,186,0.028130671506352088,4,pos_s2328_e2358_s2484_e2514_s3600_e3630_s3636_e3666
FUN_007284,0,0.0,0,pos,0,0.0,0,pos
FUN_002338,0,0.0,0,pos,0,0.0,0,pos
FUN_003067,12,0.016129032258064516,0,pos,0,0.0,0,pos
FUN_011976,0,0.0,0,pos,0,0.0,0,pos
FUN_016039,0,0.0,0,pos,0,0.0,0,pos
FUN_005873,0,0.0,0,pos,0,0.0,0,pos
FUN_004874,0,0.0,0,pos,0,0.0,0,pos
FUN_006922,0,0.0,0,pos,0,0.0,0,pos
FUN_010648,294,0.05997552019583843,4,pos_s2262_e2322_s2910_e2952_s3918_e3948_s3966_e4032,30,0.006119951040391677,0,pos
FUN_004493,30,0.00499001996007984,0,pos,0,0.0,0,pos
FUN_000077,0,0.0,0,pos,0,0.0,0,pos
FUN_007617,144,0.008152173913043478,2,pos_s6516_e6558_s16896_e16932,0,0.0,0,pos
FUN_004348,42,0.035897435897435895,1,pos_s1062_e1092,0,0.0,0,pos
FUN_006079,108,0.047872340425531915,2,pos_s270_e324_s1572_e1602,0,0.0,0,pos
FUN_015260,0,0.0,0,pos,0,0.0,0,pos
FUN_005657,0,0.0,0,pos,0,0.0,0,pos
FUN_011328,0,0.0,0,pos,0,0.0,0,pos
FUN_016307,0,0.0,0,pos,0,0.0,0,pos
FUN_011959,0,0.0,0,pos,0,0.0,0,pos
FUN_007400,0,0.0,0,pos,0,0.0,0,pos
FUN_009601,36,0.02727272727272727,0,pos,0,0.0,0,pos
FUN_004363,0,0.0,0,pos,0,0.0,0,pos
FUN_007825,0,0.0,0,pos,0,0.0,0,pos
FUN_004823,0,0.0,0,pos,0,0.0,0,pos
FUN_000031,222,0.16972477064220184,1,pos_s954_e1092,114,0.0871559633027523,1,pos_s954_e1068
FUN_006783,0,0.0,0,pos,0,0.0,0,pos
FUN_016705,0,0.0,0,pos,0,0.0,0,pos
FUN_003750,36,0.020905923344947737,1,pos_s954_e990,0,0.0,0,pos
FUN_006233,0,0.0,0,pos,0,0.0,0,pos
FUN_004450,402,0.22408026755852842,8,pos_s162_e204_s216_e276_s294_e330_s432_e480_s522_e588_s642_e690_s738_e804_s996_e1026,54,0.030100334448160536,1,pos_s444_e480
FUN_000901,48,0.07920792079207921,1,pos_s294_e342,42,0.06930693069306931,1,pos_s300_e342
FUN_016274,0,0.0,0,pos,0,0.0,0,pos
FUN_006139,0,0.0,0,pos,0,0.0,0,pos
FUN_005892,0,0.0,0,pos,0,0.0,0,pos
FUN_006193,90,0.034482758620689655,1,pos_s294_e384,18,0.006896551724137931,0,pos
FUN_008341,0,0.0,0,pos,0,0.0,0,pos
FUN_001518,0,0.0,0,pos,0,0.0,0,pos
FUN_003408,0,0.0,0,pos,0,0.0,0,pos
FUN_002187,84,0.0462046204620462,0,pos,0,0.0,0,pos
FUN_016190,0,0.0,0,pos,0,0.0,0,pos
FUN_005990,0,0.0,0,pos,0,0.0,0,pos
FUN_006561,0,0.0,0,pos,0,0.0,0,pos
FUN_009696,0,0.0,0,pos,0,0.0,0,pos
FUN_001434,0,0.0,0,pos,0,0.0,0,pos
FUN_008144,0,0.0,0,pos,0,0.0,0,pos
FUN_008383,12,0.010309278350515464,0,pos,0,0.0,0,pos
FUN_001661,0,0.0,0,pos,0,0.0,0,pos
FUN_008831,0,0.0,0,pos,0,0.0,0,pos
FUN_015654,0,0.0,0,pos,0,0.0,0,pos
FUN_006206,30,0.0196078431372549,0,pos,0,0.0,0,pos
FUN_007876,126,0.030390738060781478,2,pos_s2334_e2376_s2754_e2808,0,0.0,0,pos
FUN_006820,102,0.01810436634717785,1,pos_s4698_e4794,78,0.013844515441959531,1,pos_s4698_e4746
FUN_006718,0,0.0,0,pos,0,0.0,0,pos
FUN_015445,0,0.0,0,pos,0,0.0,0,pos
FUN_009206,12,0.007751937984496124,0,pos,0,0.0,0,pos
FUN_004643,6,0.0034482758620689655,0,pos,0,0.0,0,pos
FUN_000113,24,0.030303030303030304,0,pos,0,0.0,0,pos
FUN_008069,0,0.0,0,pos,0,0.0,0,pos
FUN_008852,0,0.0,0,pos,0,0.0,0,pos
FUN_009557,0,0.0,0,pos,0,0.0,0,pos
FUN_010076,132,0.0718954248366013,2,pos_s900_e990_s996_e1038,78,0.042483660130718956,1,pos_s918_e990
FUN_003076,0,0.0,0,pos,0,0.0,0,pos
FUN_002825,0,0.0,0,pos,0,0.0,0,pos
FUN_005292,96,0.02119205298013245,1,pos_s3150_e3234,84,0.018543046357615896,1,pos_s3150_e3234
FUN_007788,0,0.0,0,pos,0,0.0,0,pos
FUN_010794,96,0.09090909090909091,2,pos_s390_e444_s462_e504,24,0.022727272727272728,0,pos
FUN_000902,0,0.0,0,pos,0,0.0,0,pos
FUN_003118,0,0.0,0,pos,0,0.0,0,pos
FUN_000707,18,0.013888888888888888,0,pos,6,0.004629629629629629,0,pos
FUN_010613,6,0.007751937984496124,0,pos,0,0.0,0,pos
FUN_008839,0,0.0,0,pos,0,0.0,0,pos
FUN_005917,0,0.0,0,pos,0,0.0,0,pos
FUN_008542,138,0.0942622950819672,2,pos_s930_e966_s1344_e1428,96,0.06557377049180328,1,pos_s1344_e1428
FUN_000164,6,0.00847457627118644,0,pos,0,0.0,0,pos
FUN_009504,0,0.0,0,pos,0,0.0,0,pos
FUN_016184,0,0.0,0,pos,0,0.0,0,pos
FUN_010900,36,0.021897810218978103,1,pos_s1152_e1188,0,0.0,0,pos
FUN_003627,0,0.0,0,pos,0,0.0,0,pos
FUN_000492,0,0.0,0,pos,0,0.0,0,pos
FUN_004143,0,0.0,0,pos,0,0.0,0,pos
FUN_002285,0,0.0,0,pos,0,0.0,0,pos
FUN_004239,0,0.0,0,pos,0,0.0,0,pos
FUN_016809,0,0.0,0,pos,0,0.0,0,pos
FUN_010574,0,0.0,0,pos,0,0.0,0,pos
FUN_010918,24,0.04597701149425287,0,pos,0,0.0,0,pos
FUN_007850,396,0.06162464985994398,4,pos_s450_e564_s1014_e1128_s1620_e1650_s5322_e5376,228,0.035480859010270774,2,pos_s450_e564_s1014_e1128
FUN_015587,0,0.0,0,pos,0,0.0,0,pos
FUN_008575,0,0.0,0,pos,0,0.0,0,pos
FUN_003420,0,0.0,0,pos,0,0.0,0,pos
FUN_007201,246,0.020950434338272865,1,pos_s9090_e9138,12,0.001021972406745018,0,pos
FUN_016372,0,0.0,0,pos,0,0.0,0,pos
FUN_015281,0,0.0,0,pos,0,0.0,0,pos
FUN_009368,0,0.0,0,pos,0,0.0,0,pos
FUN_011625,0,0.0,0,pos,0,0.0,0,pos
FUN_001591,0,0.0,0,pos,0,0.0,0,pos
FUN_002110,24,0.010471204188481676,0,pos,0,0.0,0,pos
FUN_006914,0,0.0,0,pos,0,0.0,0,pos
FUN_006678,0,0.0,0,pos,0,0.0,0,pos
FUN_006142,66,0.05527638190954774,1,pos_s84_e114,36,0.03015075376884422,0,pos
FUN_010774,18,0.10344827586206896,0,pos,0,0.0,0,pos
FUN_001934,0,0.0,0,pos,0,0.0,0,pos
FUN_007255,0,0.0,0,pos,0,0.0,0,pos
FUN_010557,78,0.03233830845771144,0,pos,0,0.0,0,pos
FUN_001939,108,0.06923076923076923,2,pos_s1248_e1278_s1284_e1362,84,0.05384615384615385,1,pos_s1284_e1350
FUN_011826,0,0.0,0,pos,0,0.0,0,pos
FUN_010340,24,0.007462686567164179,0,pos,0,0.0,0,pos
FUN_010897,0,0.0,0,pos,0,0.0,0,pos
FUN_005905,0,0.0,0,pos,0,0.0,0,pos
FUN_009974,0,0.0,0,pos,0,0.0,0,pos
FUN_005251,6,0.0025,0,pos,0,0.0,0,pos
FUN_011259,0,0.0,0,pos,0,0.0,0,pos
FUN_009564,66,0.039568345323741004,1,pos_s1560_e1626,36,0.02158273381294964,1,pos_s1590_e1626
FUN_001145,30,0.1,0,pos,0,0.0,0,pos
FUN_006980,0,0.0,0,pos,0,0.0,0,pos
FUN_000643,0,0.0,0,pos,0,0.0,0,pos
FUN_008201,0,0.0,0,pos,0,0.0,0,pos
FUN_007547,0,0.0,0,pos,0,0.0,0,pos
FUN_009131,66,0.052884615384615384,1,pos_s582_e630,0,0.0,0,pos
FUN_006776,72,0.08571428571428572,2,pos_s276_e306_s336_e378,0,0.0,0,pos
FUN_001885,0,0.0,0,pos,0,0.0,0,pos
FUN_004196,0,0.0,0,pos,0,0.0,0,pos
FUN_008316,0,0.0,0,pos,0,0.0,0,pos
FUN_009365,0,0.0,0,pos,0,0.0,0,pos
FUN_005855,30,0.01607717041800643,0,pos,0,0.0,0,pos
FUN_010360,0,0.0,0,pos,0,0.0,0,pos
FUN_015672,0,0.0,0,pos,0,0.0,0,pos
FUN_001870,0,0.0,0,pos,0,0.0,0,pos
FUN_010454,0,0.0,0,pos,0,0.0,0,pos
FUN_002666,0,0.0,0,pos,0,0.0,0,pos
FUN_000947,6,0.0022123893805309734,0,pos,0,0.0,0,pos
FUN_011077,0,0.0,0,pos,0,0.0,0,pos
FUN_009804,0,0.0,0,pos,0,0.0,0,pos
FUN_008128,0,0.0,0,pos,0,0.0,0,pos
FUN_003028,6,0.003937007874015748,0,pos,0,0.0,0,pos
FUN_015536,0,0.0,0,pos,0,0.0,0,pos
FUN_004059,0,0.0,0,pos,0,0.0,0,pos
FUN_011800,72,0.3,1,pos_s144_e180,0,0.0,0,pos
FUN_015464,0,0.0,0,pos,0,0.0,0,pos
FUN_016879,0,0.0,0,pos,0,0.0,0,pos
FUN_006592,0,0.0,0,pos,0,0.0,0,pos
FUN_002617,0,0.0,0,pos,0,0.0,0,pos
FUN_007620,0,0.0,0,pos,0,0.0,0,pos
FUN_016159,0,0.0,0,pos,0,0.0,0,pos
FUN_011713,0,0.0,0,pos,0,0.0,0,pos
FUN_000781,0,0.0,0,pos,0,0.0,0,pos
FUN_007739,0,0.0,0,pos,0,0.0,0,pos
FUN_001969,0,0.0,0,pos,0,0.0,0,pos
FUN_010941,0,0.0,0,pos,0,0.0,0,pos
FUN_015718,0,0.0,0,pos,0,0.0,0,pos
FUN_002443,0,0.0,0,pos,0,0.0,0,pos
FUN_016475,0,0.0,0,pos,0,0.0,0,pos
FUN_000017,0,0.0,0,pos,0,0.0,0,pos
FUN_003277,0,0.0,0,pos,0,0.0,0,pos
FUN_001520,0,0.0,0,pos,0,0.0,0,pos
FUN_010731,0,0.0,0,pos,0,0.0,0,pos
FUN_009849,0,0.0,0,pos,0,0.0,0,pos
FUN_001456,0,0.0,0,pos,0,0.0,0,pos
FUN_000392,0,0.0,0,pos,0,0.0,0,pos
FUN_002542,60,0.04329004329004329,0,pos,6,0.004329004329004329,0,pos
FUN_008487,0,0.0,0,pos,0,0.0,0,pos
FUN_015410,0,0.0,0,pos,0,0.0,0,pos
FUN_010906,30,0.01141552511415525,1,pos_s54_e84,0,0.0,0,pos
FUN_009318,0,0.0,0,pos,0,0.0,0,pos
FUN_005215,0,0.0,0,pos,0,0.0,0,pos
FUN_000540,0,0.0,0,pos,0,0.0,0,pos
FUN_007389,114,0.13380281690140844,1,pos_s228_e342,48,0.056338028169014086,1,pos_s252_e294
FUN_001228,0,0.0,0,pos,0,0.0,0,pos
FUN_009194,72,0.06557377049180328,2,pos_s630_e660_s672_e714,0,0.0,0,pos
FUN_005212,0,0.0,0,pos,0,0.0,0,pos
FUN_002133,6,0.008695652173913044,0,pos,0,0.0,0,pos
FUN_009788,0,0.0,0,pos,0,0.0,0,pos
FUN_011121,0,0.0,0,pos,0,0.0,0,pos
FUN_001757,0,0.0,0,pos,0,0.0,0,pos
FUN_009485,0,0.0,0,pos,0,0.0,0,pos
FUN_015574,0,0.0,0,pos,0,0.0,0,pos
FUN_002015,138,0.1393939393939394,1,pos_s150_e258,6,0.006060606060606061,0,pos
FUN_008053,0,0.0,0,pos,0,0.0,0,pos
FUN_003896,0,0.0,0,pos,0,0.0,0,pos
FUN_009425,0,0.0,0,pos,0,0.0,0,pos
FUN_000180,78,0.036827195467422094,1,pos_s1560_e1638,0,0.0,0,pos
FUN_004259,0,0.0,0,pos,0,0.0,0,pos
FUN_008797,0,0.0,0,pos,0,0.0,0,pos
FUN_011226,0,0.0,0,pos,0,0.0,0,pos
FUN_008362,138,0.2911392405063291,1,pos_s222_e312,84,0.17721518987341772,1,pos_s222_e306
FUN_015830,0,0.0,0,pos,0,0.0,0,pos
FUN_015399,0,0.0,0,pos,0,0.0,0,pos
FUN_006529,150,0.042735042735042736,1,pos_s162_e300,90,0.02564102564102564,1,pos_s174_e252
FUN_003002,396,0.3251231527093596,3,pos_s60_e102_s342_e372_s624_e852,210,0.1724137931034483,2,pos_s636_e672_s684_e732
FUN_015483,0,0.0,0,pos,0,0.0,0,pos
FUN_008682,0,0.0,0,pos,0,0.0,0,pos
FUN_010093,0,0.0,0,pos,0,0.0,0,pos
FUN_016275,6,0.007633587786259542,0,pos,0,0.0,0,pos
FUN_003874,24,0.0449438202247191,0,pos,0,0.0,0,pos
FUN_009391,0,0.0,0,pos,0,0.0,0,pos
FUN_001639,6,0.0038022813688212928,0,pos,0,0.0,0,pos
FUN_012168,24,0.0016460905349794238,0,pos,0,0.0,0,pos
FUN_006619,0,0.0,0,pos,0,0.0,0,pos
FUN_016503,0,0.0,0,pos,0,0.0,0,pos
FUN_008771,0,0.0,0,pos,0,0.0,0,pos
FUN_007820,120,0.054945054945054944,1,pos_s1464_e1542,36,0.016483516483516484,0,pos
FUN_001559,24,0.016666666666666666,0,pos,0,0.0,0,pos
FUN_001699,0,0.0,0,pos,0,0.0,0,pos
FUN_010617,0,0.0,0,pos,0,0.0,0,pos
FUN_007169,0,0.0,0,pos,0,0.0,0,pos
FUN_011445,0,0.0,0,pos,0,0.0,0,pos
FUN_003297,0,0.0,0,pos,0,0.0,0,pos
FUN_000389,12,0.00510204081632653,0,pos,0,0.0,0,pos
FUN_005944,0,0.0,0,pos,0,0.0,0,pos
FUN_006591,6,0.0018587360594795538,0,pos,0,0.0,0,pos
FUN_004170,60,0.03076923076923077,2,pos_s660_e690_s702_e732,6,0.003076923076923077,0,pos
FUN_015589,0,0.0,0,pos,0,0.0,0,pos
FUN_011495,0,0.0,0,pos,0,0.0,0,pos
FUN_004221,0,0.0,0,pos,0,0.0,0,pos
FUN_002871,0,0.0,0,pos,0,0.0,0,pos
FUN_007055,0,0.0,0,pos,0,0.0,0,pos
FUN_003003,0,0.0,0,pos,0,0.0,0,pos
FUN_006289,72,0.0625,1,pos_s756_e816,48,0.041666666666666664,0,pos
FUN_005713,54,0.0371900826446281,0,pos,0,0.0,0,pos
FUN_012261,0,0.0,0,pos,0,0.0,0,pos
FUN_003872,0,0.0,0,pos,0,0.0,0,pos
FUN_002698,186,0.04428571428571428,2,pos_s156_e204_s3420_e3486,24,0.005714285714285714,0,pos
FUN_002173,0,0.0,0,pos,0,0.0,0,pos
FUN_003842,0,0.0,0,pos,0,0.0,0,pos
FUN_010863,36,0.026200873362445413,1,pos_s678_e714,0,0.0,0,pos
FUN_000527,36,0.03636363636363636,0,pos,36,0.03636363636363636,0,pos
FUN_010064,108,0.025,1,pos_s1320_e1428,102,0.02361111111111111,1,pos_s1326_e1428
FUN_005848,0,0.0,0,pos,0,0.0,0,pos
FUN_012058,0,0.0,0,pos,0,0.0,0,pos
FUN_011514,0,0.0,0,pos,0,0.0,0,pos
FUN_003278,42,0.011864406779661017,1,pos_s3252_e3294,0,0.0,0,pos
FUN_003155,0,0.0,0,pos,0,0.0,0,pos
FUN_002386,12,0.004319654427645789,0,pos,0,0.0,0,pos
FUN_000338,0,0.0,0,pos,0,0.0,0,pos
FUN_011609,0,0.0,0,pos,0,0.0,0,pos
FUN_005575,0,0.0,0,pos,0,0.0,0,pos
FUN_008000,0,0.0,0,pos,0,0.0,0,pos
FUN_004429,0,0.0,0,pos,0,0.0,0,pos
FUN_006111,0,0.0,0,pos,0,0.0,0,pos
FUN_009714,0,0.0,0,pos,0,0.0,0,pos
FUN_004248,0,0.0,0,pos,0,0.0,0,pos
FUN_008451,372,0.3054187192118227,6,pos_s246_e282_s360_e396_s558_e612_s696_e810_s960_e1008_s1026_e1062,102,0.08374384236453201,2,pos_s246_e276_s702_e750
FUN_010523,0,0.0,0,pos,0,0.0,0,pos
FUN_003619,0,0.0,0,pos,0,0.0,0,pos
FUN_002981,24,0.02962962962962963,0,pos,0,0.0,0,pos
FUN_010165,0,0.0,0,pos,0,0.0,0,pos
FUN_003768,0,0.0,0,pos,0,0.0,0,pos
FUN_006997,42,0.047619047619047616,1,pos_s720_e762,0,0.0,0,pos
FUN_001442,30,0.007288629737609329,0,pos,6,0.0014577259475218659,0,pos
FUN_008880,84,0.06451612903225806,1,pos_s1200_e1248,12,0.009216589861751152,0,pos
FUN_005455,0,0.0,0,pos,0,0.0,0,pos
FUN_003678,0,0.0,0,pos,0,0.0,0,pos
FUN_002846,0,0.0,0,pos,0,0.0,0,pos
FUN_010459,0,0.0,0,pos,0,0.0,0,pos
FUN_005140,0,0.0,0,pos,0,0.0,0,pos
FUN_015481,0,0.0,0,pos,0,0.0,0,pos
FUN_000534,228,0.1412639405204461,2,pos_s672_e786_s852_e966,156,0.09665427509293681,2,pos_s672_e786_s894_e924
FUN_006544,0,0.0,0,pos,0,0.0,0,pos
FUN_001144,54,0.16363636363636364,0,pos,18,0.05454545454545454,0,pos
FUN_009067,60,0.03058103975535168,2,pos_s948_e978_s1026_e1056,0,0.0,0,pos
FUN_008076,18,0.009202453987730062,0,pos,6,0.003067484662576687,0,pos
FUN_003448,0,0.0,0,pos,0,0.0,0,pos
FUN_002817,0,0.0,0,pos,0,0.0,0,pos
FUN_007600,204,0.1027190332326284,2,pos_s702_e816_s1392_e1476,96,0.04833836858006042,3,pos_s726_e756_s1392_e1422_s1428_e1458
FUN_005373,216,0.048846675712347354,2,pos_s3972_e4014_s4128_e4248,66,0.014925373134328358,1,pos_s3972_e4008
FUN_001637,0,0.0,0,pos,0,0.0,0,pos
FUN_015747,0,0.0,0,pos,0,0.0,0,pos
FUN_002744,0,0.0,0,pos,0,0.0,0,pos
FUN_010894,0,0.0,0,pos,0,0.0,0,pos
FUN_003926,0,0.0,0,pos,0,0.0,0,pos
FUN_008579,0,0.0,0,pos,0,0.0,0,pos
FUN_004278,72,0.01078167115902965,1,pos_s3168_e3204,0,0.0,0,pos
FUN_010873,0,0.0,0,pos,0,0.0,0,pos
FUN_010018,0,0.0,0,pos,0,0.0,0,pos
FUN_003688,0,0.0,0,pos,0,0.0,0,pos
FUN_004870,60,0.011778563015312132,1,pos_s3630_e3690,60,0.011778563015312132,1,pos_s3630_e3690
FUN_005592,0,0.0,0,pos,0,0.0,0,pos
FUN_005491,0,0.0,0,pos,0,0.0,0,pos
FUN_008162,0,0.0,0,pos,0,0.0,0,pos
FUN_002401,174,0.0222052067381317,2,pos_s114_e168_s4194_e4296,90,0.011485451761102604,2,pos_s114_e162_s4254_e4296
FUN_012432,0,0.0,0,pos,0,0.0,0,pos
FUN_001331,0,0.0,0,pos,0,0.0,0,pos
FUN_009419,798,0.13366834170854272,9,pos_s1242_e1272_s1488_e1554_s1800_e1884_s2814_e2880_s3564_e3642_s4272_e4338_s5118_e5172_s5178_e5256_s5748_e5802,246,0.04120603015075377,3,pos_s2814_e2868_s3594_e3642_s5178_e5220
FUN_000122,0,0.0,0,pos,0,0.0,0,pos
FUN_000801,0,0.0,0,pos,0,0.0,0,pos
FUN_005678,0,0.0,0,pos,0,0.0,0,pos
FUN_016344,0,0.0,0,pos,0,0.0,0,pos
FUN_003618,0,0.0,0,pos,0,0.0,0,pos
FUN_002436,0,0.0,0,pos,0,0.0,0,pos
FUN_006155,132,0.03038674033149171,3,pos_s0_e30_s2844_e2910_s3402_e3438,24,0.0055248618784530384,0,pos
FUN_006291,0,0.0,0,pos,0,0.0,0,pos
FUN_001374,0,0.0,0,pos,0,0.0,0,pos
FUN_007914,6,0.0019193857965451055,0,pos,0,0.0,0,pos
FUN_005352,0,0.0,0,pos,0,0.0,0,pos
FUN_004185,30,0.013850415512465374,0,pos,0,0.0,0,pos
FUN_001487,12,0.00554016620498615,0,pos,6,0.002770083102493075,0,pos
FUN_005897,0,0.0,0,pos,0,0.0,0,pos
FUN_000751,0,0.0,0,pos,0,0.0,0,pos
FUN_016613,0,0.0,0,pos,0,0.0,0,pos
FUN_005067,36,0.02097902097902098,0,pos,0,0.0,0,pos
FUN_016000,0,0.0,0,pos,0,0.0,0,pos
FUN_008146,0,0.0,0,pos,0,0.0,0,pos
FUN_006214,0,0.0,0,pos,0,0.0,0,pos
FUN_007114,0,0.0,0,pos,0,0.0,0,pos
FUN_009888,78,0.023809523809523808,1,pos_s162_e222,0,0.0,0,pos
FUN_008618,0,0.0,0,pos,0,0.0,0,pos
FUN_005313,24,0.007155635062611807,0,pos,6,0.0017889087656529517,0,pos
FUN_011318,0,0.0,0,pos,0,0.0,0,pos
FUN_000587,0,0.0,0,pos,0,0.0,0,pos
FUN_008815,0,0.0,0,pos,0,0.0,0,pos
FUN_002218,66,0.12643678160919541,1,pos_s318_e384,0,0.0,0,pos
FUN_015416,0,0.0,0,pos,0,0.0,0,pos
FUN_015650,0,0.0,0,pos,0,0.0,0,pos
FUN_006256,0,0.0,0,pos,0,0.0,0,pos
FUN_000725,0,0.0,0,pos,0,0.0,0,pos
FUN_008491,48,0.035398230088495575,1,pos_s1170_e1206,6,0.004424778761061947,0,pos
FUN_004802,0,0.0,0,pos,0,0.0,0,pos
FUN_010378,0,0.0,0,pos,0,0.0,0,pos
FUN_004757,0,0.0,0,pos,0,0.0,0,pos
FUN_007596,0,0.0,0,pos,0,0.0,0,pos
FUN_016203,0,0.0,0,pos,0,0.0,0,pos
FUN_002343,6,0.002551020408163265,0,pos,0,0.0,0,pos
FUN_011251,0,0.0,0,pos,0,0.0,0,pos
FUN_015694,0,0.0,0,pos,0,0.0,0,pos
FUN_010100,30,0.026455026455026454,0,pos,0,0.0,0,pos
FUN_003202,6,0.007633587786259542,0,pos,0,0.0,0,pos
FUN_002913,96,0.08163265306122448,1,pos_s12_e78,0,0.0,0,pos
FUN_010404,0,0.0,0,pos,0,0.0,0,pos
FUN_004491,174,0.08033240997229917,1,pos_s762_e876,96,0.0443213296398892,1,pos_s762_e852
FUN_003893,0,0.0,0,pos,0,0.0,0,pos
FUN_001848,414,0.11348684210526316,4,pos_s1566_e1656_s2940_e3150_s3366_e3414_s3420_e3480,252,0.06907894736842106,2,pos_s2940_e3114_s3366_e3414
FUN_009358,0,0.0,0,pos,0,0.0,0,pos
FUN_001488,0,0.0,0,pos,0,0.0,0,pos
FUN_009170,0,0.0,0,pos,0,0.0,0,pos
FUN_002969,0,0.0,0,pos,0,0.0,0,pos
FUN_012324,0,0.0,0,pos,0,0.0,0,pos
FUN_006676,54,0.06206896551724138,1,pos_s378_e432,18,0.020689655172413793,0,pos
FUN_011460,6,0.008771929824561403,0,pos,0,0.0,0,pos
FUN_001736,0,0.0,0,pos,0,0.0,0,pos
FUN_016444,0,0.0,0,pos,0,0.0,0,pos
FUN_009945,0,0.0,0,pos,0,0.0,0,pos
FUN_008631,0,0.0,0,pos,0,0.0,0,pos
FUN_005481,72,0.06,1,pos_s456_e498,24,0.02,0,pos
FUN_008527,30,0.024875621890547265,0,pos,0,0.0,0,pos
FUN_002558,0,0.0,0,pos,0,0.0,0,pos
FUN_001703,0,0.0,0,pos,0,0.0,0,pos
FUN_008950,0,0.0,0,pos,0,0.0,0,pos
FUN_005992,444,0.4157303370786517,4,pos_s36_e288_s516_e588_s714_e744_s780_e810,210,0.19662921348314608,2,pos_s108_e144_s162_e258
FUN_000409,6,0.002,0,pos,0,0.0,0,pos
FUN_009593,0,0.0,0,pos,0,0.0,0,pos
FUN_012297,0,0.0,0,pos,0,0.0,0,pos
FUN_002756,0,0.0,0,pos,0,0.0,0,pos
FUN_010203,60,0.032679738562091505,1,pos_s1680_e1740,0,0.0,0,pos
FUN_002373,72,0.0149812734082397,1,pos_s1446_e1506,0,0.0,0,pos
FUN_009944,0,0.0,0,pos,0,0.0,0,pos
FUN_016857,24,0.027972027972027972,0,pos,24,0.027972027972027972,0,pos
FUN_000430,12,0.006920415224913495,0,pos,6,0.0034602076124567475,0,pos
FUN_006136,0,0.0,0,pos,0,0.0,0,pos
FUN_000666,0,0.0,0,pos,0,0.0,0,pos
FUN_008572,0,0.0,0,pos,0,0.0,0,pos
FUN_006757,72,0.02702702702702703,1,pos_s1398_e1470,24,0.009009009009009009,0,pos
FUN_004288,0,0.0,0,pos,0,0.0,0,pos
FUN_001599,0,0.0,0,pos,0,0.0,0,pos
FUN_009420,54,0.05660377358490566,1,pos_s588_e642,0,0.0,0,pos
FUN_001979,0,0.0,0,pos,0,0.0,0,pos
FUN_011039,162,0.09507042253521127,3,pos_s504_e552_s1002_e1044_s1416_e1482,6,0.0035211267605633804,0,pos
FUN_002624,0,0.0,0,pos,0,0.0,0,pos
FUN_015948,0,0.0,0,pos,0,0.0,0,pos
FUN_005317,66,0.12941176470588237,1,pos_s360_e426,24,0.047058823529411764,0,pos
FUN_006400,12,0.01020408163265306,0,pos,0,0.0,0,pos
FUN_008867,342,0.03279631760644419,2,pos_s4272_e4338_s10188_e10302,48,0.004602991944764097,1,pos_s10266_e10302
FUN_002100,0,0.0,0,pos,0,0.0,0,pos
FUN_006262,120,0.09049773755656108,2,pos_s204_e246_s390_e420,30,0.02262443438914027,1,pos_s210_e240
FUN_000802,0,0.0,0,pos,0,0.0,0,pos
FUN_003253,0,0.0,0,pos,0,0.0,0,pos
FUN_012256,0,0.0,0,pos,0,0.0,0,pos
FUN_001211,0,0.0,0,pos,0,0.0,0,pos
FUN_002382,108,0.05202312138728324,1,pos_s1566_e1662,0,0.0,0,pos
FUN_003353,0,0.0,0,pos,0,0.0,0,pos
FUN_004102,48,0.023255813953488372,1,pos_s1332_e1362,0,0.0,0,pos
FUN_000877,0,0.0,0,pos,0,0.0,0,pos
FUN_003107,0,0.0,0,pos,0,0.0,0,pos
FUN_010816,0,0.0,0,pos,0,0.0,0,pos
FUN_002766,84,0.023529411764705882,1,pos_s2610_e2640,0,0.0,0,pos
FUN_015617,0,0.0,0,pos,0,0.0,0,pos
FUN_008871,0,0.0,0,pos,0,0.0,0,pos
FUN_001967,0,0.0,0,pos,0,0.0,0,pos
FUN_016185,0,0.0,0,pos,0,0.0,0,pos
FUN_007022,108,0.18947368421052632,0,pos,54,0.09473684210526316,0,pos
FUN_009579,648,0.06217616580310881,8,pos_s702_e756_s8232_e8316_s8544_e8574_s8856_e8946_s9222_e9276_s9390_e9438_s9444_e9474_s9804_e9924,210,0.020149683362118594,2,pos_s702_e756_s8232_e8280
FUN_011309,0,0.0,0,pos,0,0.0,0,pos
FUN_015524,0,0.0,0,pos,0,0.0,0,pos
FUN_009390,0,0.0,0,pos,0,0.0,0,pos
FUN_004981,30,0.023809523809523808,0,pos,0,0.0,0,pos
FUN_016873,0,0.0,0,pos,0,0.0,0,pos
FUN_012004,0,0.0,0,pos,0,0.0,0,pos
FUN_009154,144,0.07017543859649122,1,pos_s1884_e1944,12,0.005847953216374269,0,pos
FUN_015314,0,0.0,0,pos,0,0.0,0,pos
FUN_005325,66,0.02631578947368421,0,pos,0,0.0,0,pos
FUN_011793,0,0.0,0,pos,0,0.0,0,pos
FUN_008814,0,0.0,0,pos,0,0.0,0,pos
FUN_004022,0,0.0,0,pos,0,0.0,0,pos
FUN_006229,96,0.11188811188811189,1,pos_s282_e360,36,0.04195804195804196,0,pos
FUN_008591,0,0.0,0,pos,0,0.0,0,pos
FUN_004700,0,0.0,0,pos,0,0.0,0,pos
FUN_004697,42,0.0546875,0,pos,0,0.0,0,pos
FUN_008988,234,0.04262295081967213,4,pos_s954_e1056_s1068_e1098_s3306_e3336_s3906_e3948,102,0.018579234972677595,2,pos_s978_e1038_s3906_e3948
FUN_008671,0,0.0,0,pos,0,0.0,0,pos
FUN_010651,48,0.0113314447592068,1,pos_s4182_e4218,0,0.0,0,pos
FUN_011604,0,0.0,0,pos,0,0.0,0,pos
FUN_007665,0,0.0,0,pos,0,0.0,0,pos
FUN_005693,0,0.0,0,pos,0,0.0,0,pos
FUN_011267,12,0.01639344262295082,0,pos,0,0.0,0,pos
FUN_011764,0,0.0,0,pos,0,0.0,0,pos
FUN_008404,12,0.018691588785046728,0,pos,0,0.0,0,pos
FUN_010294,6,0.0040650406504065045,0,pos,0,0.0,0,pos
FUN_001256,78,0.03194103194103194,1,pos_s222_e282,72,0.029484029484029485,1,pos_s222_e282
FUN_012146,0,0.0,0,pos,0,0.0,0,pos
FUN_000904,0,0.0,0,pos,0,0.0,0,pos
FUN_006317,0,0.0,0,pos,0,0.0,0,pos
FUN_004692,0,0.0,0,pos,0,0.0,0,pos
FUN_005688,114,0.045454545454545456,1,pos_s390_e462,12,0.004784688995215311,0,pos
FUN_004282,0,0.0,0,pos,0,0.0,0,pos
FUN_008338,0,0.0,0,pos,0,0.0,0,pos
FUN_008116,0,0.0,0,pos,0,0.0,0,pos
FUN_000548,0,0.0,0,pos,0,0.0,0,pos
FUN_000507,36,0.05084745762711865,1,pos_s390_e426,12,0.01694915254237288,0,pos
FUN_012558,84,0.14285714285714285,1,pos_s258_e342,0,0.0,0,pos
FUN_004854,6,0.005813953488372093,0,pos,0,0.0,0,pos
FUN_000715,0,0.0,0,pos,0,0.0,0,pos
FUN_007283,0,0.0,0,pos,0,0.0,0,pos
FUN_004024,0,0.0,0,pos,0,0.0,0,pos
FUN_008669,0,0.0,0,pos,0,0.0,0,pos
FUN_004442,66,0.02570093457943925,1,pos_s1926_e1992,0,0.0,0,pos
FUN_002193,0,0.0,0,pos,0,0.0,0,pos
FUN_008145,114,0.09644670050761421,2,pos_s12_e48_s432_e492,24,0.02030456852791878,0,pos
FUN_016272,0,0.0,0,pos,0,0.0,0,pos
FUN_008434,0,0.0,0,pos,0,0.0,0,pos
FUN_001678,60,0.027700831024930747,1,pos_s2028_e2076,0,0.0,0,pos
FUN_006117,0,0.0,0,pos,0,0.0,0,pos
FUN_005143,0,0.0,0,pos,0,0.0,0,pos
FUN_008345,0,0.0,0,pos,0,0.0,0,pos
FUN_000842,0,0.0,0,pos,0,0.0,0,pos
FUN_007398,0,0.0,0,pos,0,0.0,0,pos
FUN_015500,0,0.0,0,pos,0,0.0,0,pos
FUN_006534,0,0.0,0,pos,0,0.0,0,pos
FUN_004521,0,0.0,0,pos,0,0.0,0,pos
FUN_001669,0,0.0,0,pos,0,0.0,0,pos
FUN_004168,0,0.0,0,pos,0,0.0,0,pos
FUN_000861,0,0.0,0,pos,0,0.0,0,pos
FUN_007337,6,0.0008503401360544217,0,pos,0,0.0,0,pos
FUN_006977,0,0.0,0,pos,0,0.0,0,pos
FUN_008897,0,0.0,0,pos,0,0.0,0,pos
FUN_015523,0,0.0,0,pos,0,0.0,0,pos
FUN_015419,0,0.0,0,pos,0,0.0,0,pos
FUN_015831,0,0.0,0,pos,0,0.0,0,pos
FUN_001910,0,0.0,0,pos,0,0.0,0,pos
FUN_010152,30,0.016611295681063124,0,pos,0,0.0,0,pos
FUN_008174,582,0.7637795275590551,4,pos_s0_e150_s162_e228_s342_e402_s456_e696,318,0.41732283464566927,4,pos_s0_e78_s120_e150_s162_e204_s492_e582
FUN_006482,0,0.0,0,pos,0,0.0,0,pos
FUN_005365,0,0.0,0,pos,0,0.0,0,pos
FUN_007139,0,0.0,0,pos,0,0.0,0,pos
FUN_012198,0,0.0,0,pos,0,0.0,0,pos
FUN_006934,114,0.08016877637130802,1,pos_s1092_e1158,18,0.012658227848101266,0,pos
FUN_007612,60,0.02610966057441253,1,pos_s0_e60,0,0.0,0,pos
FUN_002562,42,0.026217228464419477,0,pos,0,0.0,0,pos
FUN_007533,0,0.0,0,pos,0,0.0,0,pos
FUN_005809,0,0.0,0,pos,0,0.0,0,pos
FUN_000915,0,0.0,0,pos,0,0.0,0,pos
FUN_016482,0,0.0,0,pos,0,0.0,0,pos
FUN_005403,0,0.0,0,pos,0,0.0,0,pos
FUN_008912,0,0.0,0,pos,0,0.0,0,pos
FUN_006603,42,0.012089810017271158,0,pos,0,0.0,0,pos
FUN_015876,0,0.0,0,pos,0,0.0,0,pos
FUN_002082,0,0.0,0,pos,0,0.0,0,pos
FUN_012312,0,0.0,0,pos,0,0.0,0,pos
FUN_005966,0,0.0,0,pos,0,0.0,0,pos
FUN_010879,0,0.0,0,pos,0,0.0,0,pos
FUN_003218,0,0.0,0,pos,0,0.0,0,pos
FUN_003973,366,0.06545064377682404,7,pos_s186_e216_s870_e918_s1788_e1818_s2292_e2340_s2730_e2772_s2910_e2952_s4680_e4716,12,0.002145922746781116,0,pos
FUN_000281,0,0.0,0,pos,0,0.0,0,pos
FUN_001082,0,0.0,0,pos,0,0.0,0,pos
FUN_003907,102,0.03777777777777778,1,pos_s1722_e1806,6,0.0022222222222222222,0,pos
FUN_009984,6,0.025,0,pos,0,0.0,0,pos
FUN_016768,0,0.0,0,pos,0,0.0,0,pos
FUN_005821,0,0.0,0,pos,0,0.0,0,pos
FUN_003740,48,0.04145077720207254,1,pos_s714_e750,0,0.0,0,pos
FUN_015953,0,0.0,0,pos,0,0.0,0,pos
FUN_004163,18,0.010869565217391304,0,pos,12,0.007246376811594203,0,pos
FUN_005550,0,0.0,0,pos,0,0.0,0,pos
FUN_002578,18,0.01485148514851485,0,pos,0,0.0,0,pos
FUN_003004,0,0.0,0,pos,0,0.0,0,pos
FUN_008411,0,0.0,0,pos,0,0.0,0,pos
FUN_010682,6,0.0072992700729927005,0,pos,0,0.0,0,pos
FUN_004541,0,0.0,0,pos,0,0.0,0,pos
FUN_000047,372,0.21678321678321677,5,pos_s0_e54_s378_e468_s1152_e1218_s1236_e1272_s1410_e1488,108,0.06293706293706294,2,pos_s0_e36_s426_e462
FUN_003120,0,0.0,0,pos,0,0.0,0,pos
FUN_010738,0,0.0,0,pos,0,0.0,0,pos
FUN_005556,0,0.0,0,pos,0,0.0,0,pos
FUN_009956,0,0.0,0,pos,0,0.0,0,pos
FUN_015653,0,0.0,0,pos,0,0.0,0,pos
FUN_001571,0,0.0,0,pos,0,0.0,0,pos
FUN_002935,30,0.00411522633744856,0,pos,0,0.0,0,pos
FUN_008310,0,0.0,0,pos,0,0.0,0,pos
FUN_005941,84,0.050724637681159424,1,pos_s936_e1020,0,0.0,0,pos
FUN_005196,0,0.0,0,pos,0,0.0,0,pos
FUN_002989,36,0.1935483870967742,1,pos_s0_e36,0,0.0,0,pos
FUN_003581,0,0.0,0,pos,0,0.0,0,pos
FUN_004286,42,0.043209876543209874,1,pos_s330_e366,0,0.0,0,pos
FUN_004139,0,0.0,0,pos,0,0.0,0,pos
FUN_010878,84,0.11290322580645161,1,pos_s456_e534,60,0.08064516129032258,1,pos_s462_e522
FUN_008576,0,0.0,0,pos,0,0.0,0,pos
FUN_001671,0,0.0,0,pos,0,0.0,0,pos
FUN_015575,102,0.03648068669527897,1,pos_s516_e618,78,0.027896995708154508,1,pos_s534_e594
FUN_002668,30,0.10416666666666667,0,pos,0,0.0,0,pos
FUN_008978,66,0.11458333333333333,1,pos_s150_e204,0,0.0,0,pos
FUN_005970,0,0.0,0,pos,0,0.0,0,pos
FUN_006973,0,0.0,0,pos,0,0.0,0,pos
FUN_002622,0,0.0,0,pos,0,0.0,0,pos
FUN_010665,0,0.0,0,pos,0,0.0,0,pos
FUN_005877,54,0.04326923076923077,1,pos_s672_e726,0,0.0,0,pos
FUN_010703,24,0.017777777777777778,0,pos,0,0.0,0,pos
FUN_010305,288,0.36363636363636365,3,pos_s186_e258_s318_e396_s606_e654,144,0.18181818181818182,3,pos_s204_e258_s318_e360_s618_e654
FUN_003471,90,0.05319148936170213,1,pos_s0_e90,6,0.0035460992907801418,0,pos
FUN_010584,240,0.145985401459854,2,pos_s480_e624_s870_e948,150,0.09124087591240876,1,pos_s480_e624
FUN_006490,0,0.0,0,pos,0,0.0,0,pos
FUN_010641,144,0.15,2,pos_s0_e42_s606_e696,48,0.05,1,pos_s612_e654
FUN_003861,0,0.0,0,pos,0,0.0,0,pos
FUN_006800,0,0.0,0,pos,0,0.0,0,pos
FUN_006057,0,0.0,0,pos,0,0.0,0,pos
FUN_005222,0,0.0,0,pos,0,0.0,0,pos
FUN_008330,0,0.0,0,pos,0,0.0,0,pos
FUN_012466,24,0.008456659619450317,0,pos,0,0.0,0,pos
FUN_007598,0,0.0,0,pos,0,0.0,0,pos
FUN_001440,0,0.0,0,pos,0,0.0,0,pos
FUN_009693,0,0.0,0,pos,0,0.0,0,pos
FUN_002933,0,0.0,0,pos,0,0.0,0,pos
FUN_010121,0,0.0,0,pos,0,0.0,0,pos
FUN_015559,0,0.0,0,pos,0,0.0,0,pos
FUN_005649,96,0.06639004149377593,1,pos_s1290_e1386,0,0.0,0,pos
FUN_007954,0,0.0,0,pos,0,0.0,0,pos
FUN_009884,90,0.03496503496503497,1,pos_s2424_e2502,30,0.011655011655011656,1,pos_s2430_e2460
FUN_000888,0,0.0,0,pos,0,0.0,0,pos
FUN_001694,54,0.04245283018867924,0,pos,6,0.0047169811320754715,0,pos
FUN_006758,12,0.006968641114982578,0,pos,0,0.0,0,pos
FUN_011345,30,0.16666666666666666,0,pos,6,0.03333333333333333,0,pos
FUN_008534,0,0.0,0,pos,0,0.0,0,pos
FUN_005589,66,0.036544850498338874,1,pos_s6_e72,30,0.016611295681063124,1,pos_s6_e36
FUN_003194,96,0.058394160583941604,2,pos_s1350_e1380_s1404_e1434,6,0.0036496350364963502,0,pos
FUN_006170,36,0.022058823529411766,0,pos,0,0.0,0,pos
FUN_008237,0,0.0,0,pos,0,0.0,0,pos
FUN_015398,0,0.0,0,pos,0,0.0,0,pos
FUN_012096,0,0.0,0,pos,0,0.0,0,pos
FUN_001799,0,0.0,0,pos,0,0.0,0,pos
FUN_006699,0,0.0,0,pos,0,0.0,0,pos
FUN_011850,0,0.0,0,pos,0,0.0,0,pos
FUN_006742,0,0.0,0,pos,0,0.0,0,pos
FUN_009867,0,0.0,0,pos,0,0.0,0,pos
FUN_016089,0,0.0,0,pos,0,0.0,0,pos
FUN_010068,288,0.17777777777777778,3,pos_s888_e996_s1038_e1122_s1260_e1344,78,0.04814814814814815,0,pos
FUN_003104,42,0.06862745098039216,0,pos,30,0.049019607843137254,0,pos
FUN_000656,156,0.033942558746736295,3,pos_s744_e792_s906_e972_s990_e1020,0,0.0,0,pos
FUN_016177,0,0.0,0,pos,0,0.0,0,pos
FUN_004280,0,0.0,0,pos,0,0.0,0,pos
FUN_010755,0,0.0,0,pos,0,0.0,0,pos
FUN_015484,0,0.0,0,pos,0,0.0,0,pos
FUN_001426,18,0.013513513513513514,0,pos,0,0.0,0,pos
FUN_003669,0,0.0,0,pos,0,0.0,0,pos
FUN_015634,0,0.0,0,pos,0,0.0,0,pos
FUN_009832,0,0.0,0,pos,0,0.0,0,pos
FUN_012246,12,0.019417475728155338,0,pos,0,0.0,0,pos
FUN_008090,12,0.012195121951219513,0,pos,12,0.012195121951219513,0,pos
FUN_016709,0,0.0,0,pos,0,0.0,0,pos
FUN_003052,84,0.016055045871559634,1,pos_s4704_e4752,0,0.0,0,pos
FUN_008938,0,0.0,0,pos,0,0.0,0,pos
FUN_015601,0,0.0,0,pos,0,0.0,0,pos
FUN_007278,0,0.0,0,pos,0,0.0,0,pos
FUN_006477,0,0.0,0,pos,0,0.0,0,pos
FUN_009448,24,0.03636363636363636,0,pos,12,0.01818181818181818,0,pos
FUN_015284,0,0.0,0,pos,0,0.0,0,pos
FUN_002893,0,0.0,0,pos,0,0.0,0,pos
FUN_008384,78,0.09090909090909091,1,pos_s156_e234,0,0.0,0,pos
FUN_015696,0,0.0,0,pos,0,0.0,0,pos
FUN_005786,0,0.0,0,pos,0,0.0,0,pos
FUN_001254,48,0.027491408934707903,1,pos_s1044_e1080,30,0.01718213058419244,0,pos
FUN_009261,18,0.0189873417721519,0,pos,6,0.006329113924050633,0,pos
FUN_003942,0,0.0,0,pos,0,0.0,0,pos
FUN_009592,198,0.045205479452054796,1,pos_s0_e138,114,0.026027397260273973,1,pos_s42_e96
FUN_011725,0,0.0,0,pos,0,0.0,0,pos
FUN_000798,0,0.0,0,pos,0,0.0,0,pos
FUN_007109,0,0.0,0,pos,0,0.0,0,pos
FUN_006713,0,0.0,0,pos,0,0.0,0,pos
FUN_016565,0,0.0,0,pos,0,0.0,0,pos
FUN_008810,0,0.0,0,pos,0,0.0,0,pos
FUN_000067,0,0.0,0,pos,0,0.0,0,pos
FUN_001652,0,0.0,0,pos,0,0.0,0,pos
FUN_008667,0,0.0,0,pos,0,0.0,0,pos
FUN_004758,84,0.05761316872427984,2,pos_s750_e786_s822_e864,18,0.012345679012345678,0,pos
FUN_006225,0,0.0,0,pos,0,0.0,0,pos
FUN_000043,0,0.0,0,pos,0,0.0,0,pos
FUN_007104,126,0.023204419889502764,2,pos_s3114_e3162_s3174_e3240,12,0.0022099447513812156,0,pos
FUN_006268,0,0.0,0,pos,0,0.0,0,pos
FUN_003254,0,0.0,0,pos,0,0.0,0,pos
FUN_009167,0,0.0,0,pos,0,0.0,0,pos
FUN_001624,0,0.0,0,pos,0,0.0,0,pos
FUN_016523,0,0.0,0,pos,0,0.0,0,pos
FUN_002896,168,0.05273069679849341,0,pos,72,0.022598870056497175,1,pos_s3114_e3174
FUN_006964,0,0.0,0,pos,0,0.0,0,pos
FUN_008998,0,0.0,0,pos,0,0.0,0,pos
FUN_000937,0,0.0,0,pos,0,0.0,0,pos
FUN_015882,0,0.0,0,pos,0,0.0,0,pos
FUN_016759,0,0.0,0,pos,0,0.0,0,pos
FUN_016861,0,0.0,0,pos,0,0.0,0,pos
FUN_005622,0,0.0,0,pos,0,0.0,0,pos
FUN_009267,0,0.0,0,pos,0,0.0,0,pos
FUN_001827,6,0.00625,0,pos,0,0.0,0,pos
FUN_015545,0,0.0,0,pos,0,0.0,0,pos
FUN_005521,90,0.028462998102466792,2,pos_s438_e474_s498_e546,36,0.011385199240986717,1,pos_s438_e474
FUN_010627,42,0.01832460732984293,1,pos_s144_e186,0,0.0,0,pos
FUN_008683,0,0.0,0,pos,0,0.0,0,pos
FUN_004301,108,0.014598540145985401,2,pos_s510_e540_s1776_e1830,0,0.0,0,pos
FUN_015457,0,0.0,0,pos,0,0.0,0,pos
FUN_006029,0,0.0,0,pos,0,0.0,0,pos
FUN_009299,60,0.053475935828877004,1,pos_s24_e72,12,0.0106951871657754,0,pos
FUN_015578,0,0.0,0,pos,0,0.0,0,pos
FUN_002477,0,0.0,0,pos,0,0.0,0,pos
FUN_007681,0,0.0,0,pos,0,0.0,0,pos
FUN_010369,24,0.06451612903225806,0,pos,0,0.0,0,pos
FUN_004763,0,0.0,0,pos,0,0.0,0,pos
FUN_012083,0,0.0,0,pos,0,0.0,0,pos
FUN_006260,48,0.037209302325581395,0,pos,6,0.004651162790697674,0,pos
FUN_003318,0,0.0,0,pos,0,0.0,0,pos
FUN_003588,0,0.0,0,pos,0,0.0,0,pos
FUN_002289,54,0.011658031088082901,1,pos_s4380_e4416,0,0.0,0,pos
FUN_015339,0,0.0,0,pos,0,0.0,0,pos
FUN_009442,0,0.0,0,pos,0,0.0,0,pos
FUN_006017,108,0.08866995073891626,1,pos_s762_e870,84,0.06896551724137931,1,pos_s762_e846
FUN_003921,0,0.0,0,pos,0,0.0,0,pos
FUN_007069,0,0.0,0,pos,0,0.0,0,pos
FUN_001501,0,0.0,0,pos,0,0.0,0,pos
FUN_006271,84,0.05533596837944664,1,pos_s1152_e1218,6,0.003952569169960474,0,pos
FUN_007071,0,0.0,0,pos,0,0.0,0,pos
FUN_007678,114,0.03064516129032258,1,pos_s708_e822,48,0.012903225806451613,1,pos_s774_e816
FUN_003398,0,0.0,0,pos,0,0.0,0,pos
FUN_005002,0,0.0,0,pos,0,0.0,0,pos
FUN_008168,0,0.0,0,pos,0,0.0,0,pos
FUN_001535,0,0.0,0,pos,0,0.0,0,pos
FUN_010780,66,0.3333333333333333,0,pos,60,0.30303030303030304,0,pos
FUN_015475,0,0.0,0,pos,0,0.0,0,pos
FUN_000911,0,0.0,0,pos,0,0.0,0,pos
FUN_007858,24,0.017241379310344827,0,pos,0,0.0,0,pos
FUN_000269,0,0.0,0,pos,0,0.0,0,pos
FUN_011536,0,0.0,0,pos,0,0.0,0,pos
FUN_015920,0,0.0,0,pos,0,0.0,0,pos
FUN_005760,0,0.0,0,pos,0,0.0,0,pos
FUN_007094,0,0.0,0,pos,0,0.0,0,pos
FUN_010986,30,0.01557632398753894,0,pos,0,0.0,0,pos
FUN_008045,42,0.018867924528301886,0,pos,12,0.005390835579514825,0,pos
FUN_010221,18,0.02040816326530612,0,pos,0,0.0,0,pos
FUN_008466,0,0.0,0,pos,0,0.0,0,pos
FUN_010728,96,0.11510791366906475,1,pos_s234_e330,0,0.0,0,pos
FUN_005276,0,0.0,0,pos,0,0.0,0,pos
FUN_000114,60,0.038314176245210725,1,pos_s252_e312,0,0.0,0,pos
FUN_000495,12,0.014388489208633094,0,pos,0,0.0,0,pos
FUN_016726,114,0.09004739336492891,1,pos_s1098_e1212,114,0.09004739336492891,1,pos_s1098_e1212
FUN_002998,0,0.0,0,pos,0,0.0,0,pos
FUN_010453,0,0.0,0,pos,0,0.0,0,pos
FUN_003365,150,0.027502750275027504,2,pos_s2082_e2166_s2352_e2382,72,0.013201320132013201,1,pos_s2082_e2154
FUN_005039,0,0.0,0,pos,0,0.0,0,pos
FUN_005058,0,0.0,0,pos,0,0.0,0,pos
FUN_005922,6,0.010869565217391304,0,pos,0,0.0,0,pos
FUN_016676,0,0.0,0,pos,0,0.0,0,pos
FUN_010338,0,0.0,0,pos,0,0.0,0,pos
FUN_006931,192,0.2882882882882883,2,pos_s282_e312_s318_e390,96,0.14414414414414414,2,pos_s348_e390_s606_e654
FUN_009506,120,0.06802721088435375,2,pos_s174_e228_s240_e294,54,0.030612244897959183,1,pos_s240_e294
FUN_009646,0,0.0,0,pos,0,0.0,0,pos
FUN_011299,54,0.08823529411764706,1,pos_s6_e60,0,0.0,0,pos
FUN_007132,0,0.0,0,pos,0,0.0,0,pos
FUN_015789,0,0.0,0,pos,0,0.0,0,pos
FUN_002511,0,0.0,0,pos,0,0.0,0,pos
FUN_016582,0,0.0,0,pos,0,0.0,0,pos
FUN_009417,12,0.010101010101010102,0,pos,0,0.0,0,pos
FUN_004694,0,0.0,0,pos,0,0.0,0,pos
FUN_009957,72,0.03614457831325301,1,pos_s1626_e1686,42,0.02108433734939759,1,pos_s1638_e1680
FUN_006335,12,0.009708737864077669,0,pos,12,0.009708737864077669,0,pos
FUN_015450,66,0.171875,1,pos_s18_e84,0,0.0,0,pos
FUN_001135,0,0.0,0,pos,0,0.0,0,pos
FUN_002820,0,0.0,0,pos,0,0.0,0,pos
FUN_015569,0,0.0,0,pos,0,0.0,0,pos
FUN_006252,0,0.0,0,pos,0,0.0,0,pos
FUN_002447,0,0.0,0,pos,0,0.0,0,pos
FUN_002569,120,0.08849557522123894,1,pos_s1254_e1350,90,0.06637168141592921,1,pos_s1254_e1338
FUN_011203,168,0.032,2,pos_s264_e294_s4866_e4914,48,0.009142857142857144,0,pos
FUN_016658,0,0.0,0,pos,0,0.0,0,pos
FUN_004252,96,0.03389830508474576,2,pos_s1200_e1236_s2004_e2034,0,0.0,0,pos
FUN_008559,6,0.010309278350515464,0,pos,0,0.0,0,pos
FUN_006981,0,0.0,0,pos,0,0.0,0,pos
FUN_008541,84,0.03753351206434316,1,pos_s0_e54,18,0.00804289544235925,0,pos
FUN_002828,0,0.0,0,pos,0,0.0,0,pos
FUN_001064,18,0.006134969325153374,0,pos,18,0.006134969325153374,0,pos
FUN_003267,0,0.0,0,pos,0,0.0,0,pos
FUN_012082,0,0.0,0,pos,0,0.0,0,pos
FUN_016572,0,0.0,0,pos,0,0.0,0,pos
FUN_005965,36,0.0759493670886076,0,pos,6,0.012658227848101266,0,pos
FUN_001469,0,0.0,0,pos,0,0.0,0,pos
FUN_003085,0,0.0,0,pos,0,0.0,0,pos
FUN_000317,108,0.08181818181818182,1,pos_s936_e1038,0,0.0,0,pos
FUN_010974,0,0.0,0,pos,0,0.0,0,pos
FUN_008934,216,0.08571428571428572,2,pos_s1122_e1242_s1446_e1530,192,0.0761904761904762,2,pos_s1128_e1236_s1446_e1530
FUN_011773,0,0.0,0,pos,0,0.0,0,pos
FUN_002262,0,0.0,0,pos,0,0.0,0,pos
FUN_006882,30,0.03759398496240601,0,pos,6,0.007518796992481203,0,pos
FUN_007484,6,0.0017391304347826088,0,pos,0,0.0,0,pos
FUN_006007,0,0.0,0,pos,0,0.0,0,pos
FUN_006370,0,0.0,0,pos,0,0.0,0,pos
FUN_005829,90,0.046012269938650305,1,pos_s48_e114,24,0.012269938650306749,0,pos
FUN_000053,0,0.0,0,pos,0,0.0,0,pos
FUN_006264,480,0.08648648648648649,7,pos_s186_e270_s750_e786_s1062_e1098_s1686_e1800_s2322_e2352_s3948_e3984_s4794_e4866,54,0.00972972972972973,0,pos
FUN_008574,0,0.0,0,pos,0,0.0,0,pos
FUN_005471,0,0.0,0,pos,0,0.0,0,pos
FUN_004372,0,0.0,0,pos,0,0.0,0,pos
FUN_008288,0,0.0,0,pos,0,0.0,0,pos
FUN_011029,300,0.03389830508474576,4,pos_s150_e222_s1086_e1128_s5640_e5676_s8388_e8448,48,0.005423728813559322,1,pos_s5640_e5676
FUN_012197,0,0.0,0,pos,0,0.0,0,pos
FUN_007943,0,0.0,0,pos,0,0.0,0,pos
FUN_000498,30,0.046296296296296294,0,pos,0,0.0,0,pos
FUN_008169,0,0.0,0,pos,0,0.0,0,pos
FUN_003331,0,0.0,0,pos,0,0.0,0,pos
FUN_009541,0,0.0,0,pos,0,0.0,0,pos
FUN_009846,72,0.005179110919292188,1,pos_s1170_e1224,54,0.003884333189469141,1,pos_s1170_e1224
FUN_005462,0,0.0,0,pos,0,0.0,0,pos
FUN_007149,72,0.24,2,pos_s24_e60_s108_e138,0,0.0,0,pos
FUN_015291,0,0.0,0,pos,0,0.0,0,pos
FUN_006367,0,0.0,0,pos,0,0.0,0,pos
FUN_007210,0,0.0,0,pos,0,0.0,0,pos
FUN_007749,78,0.017356475300400534,1,pos_s3366_e3438,0,0.0,0,pos
FUN_010261,0,0.0,0,pos,0,0.0,0,pos
FUN_004013,6,0.0040650406504065045,0,pos,0,0.0,0,pos
FUN_009415,204,0.13385826771653545,1,pos_s1176_e1380,66,0.04330708661417323,0,pos
FUN_000955,6,0.0034965034965034965,0,pos,0,0.0,0,pos
FUN_010994,0,0.0,0,pos,0,0.0,0,pos
FUN_003606,18,0.014354066985645933,0,pos,0,0.0,0,pos
FUN_011815,0,0.0,0,pos,0,0.0,0,pos
FUN_012372,0,0.0,0,pos,0,0.0,0,pos
FUN_011453,0,0.0,0,pos,0,0.0,0,pos
FUN_002229,0,0.0,0,pos,0,0.0,0,pos
FUN_003798,0,0.0,0,pos,0,0.0,0,pos
FUN_011269,0,0.0,0,pos,0,0.0,0,pos
FUN_012423,0,0.0,0,pos,0,0.0,0,pos
FUN_008798,0,0.0,0,pos,0,0.0,0,pos
FUN_007688,0,0.0,0,pos,0,0.0,0,pos
FUN_001277,0,0.0,0,pos,0,0.0,0,pos
FUN_011120,0,0.0,0,pos,0,0.0,0,pos
FUN_001966,18,0.1875,0,pos,0,0.0,0,pos
FUN_009642,6,0.01639344262295082,0,pos,0,0.0,0,pos
FUN_016596,0,0.0,0,pos,0,0.0,0,pos
FUN_004862,24,0.012084592145015106,0,pos,0,0.0,0,pos
FUN_002230,48,0.006046863189720333,1,pos_s5550_e5592,18,0.0022675736961451248,0,pos
FUN_002375,0,0.0,0,pos,0,0.0,0,pos
FUN_009163,0,0.0,0,pos,0,0.0,0,pos
FUN_008386,24,0.09302325581395349,0,pos,0,0.0,0,pos
FUN_002225,0,0.0,0,pos,0,0.0,0,pos
FUN_001903,0,0.0,0,pos,0,0.0,0,pos
FUN_009326,0,0.0,0,pos,0,0.0,0,pos
FUN_001653,0,0.0,0,pos,0,0.0,0,pos
FUN_008251,0,0.0,0,pos,0,0.0,0,pos
FUN_010418,0,0.0,0,pos,0,0.0,0,pos
FUN_004748,0,0.0,0,pos,0,0.0,0,pos
FUN_009016,0,0.0,0,pos,0,0.0,0,pos
FUN_005060,0,0.0,0,pos,0,0.0,0,pos
FUN_004229,0,0.0,0,pos,0,0.0,0,pos
FUN_006140,0,0.0,0,pos,0,0.0,0,pos
FUN_003899,0,0.0,0,pos,0,0.0,0,pos
FUN_007205,0,0.0,0,pos,0,0.0,0,pos
FUN_005098,0,0.0,0,pos,0,0.0,0,pos
FUN_000788,0,0.0,0,pos,0,0.0,0,pos
FUN_006548,0,0.0,0,pos,0,0.0,0,pos
FUN_000810,24,0.021739130434782608,0,pos,0,0.0,0,pos
FUN_011605,0,0.0,0,pos,0,0.0,0,pos
FUN_010998,222,0.1008174386920981,2,pos_s48_e162_s1464_e1572,192,0.08719346049046321,2,pos_s48_e162_s1482_e1560
FUN_009397,0,0.0,0,pos,0,0.0,0,pos
FUN_003495,0,0.0,0,pos,0,0.0,0,pos
FUN_005444,0,0.0,0,pos,0,0.0,0,pos
FUN_002544,0,0.0,0,pos,0,0.0,0,pos
FUN_008390,0,0.0,0,pos,0,0.0,0,pos
FUN_000780,60,0.01610305958132045,1,pos_s2676_e2724,0,0.0,0,pos
FUN_007833,0,0.0,0,pos,0,0.0,0,pos
FUN_001169,0,0.0,0,pos,0,0.0,0,pos
FUN_001127,0,0.0,0,pos,0,0.0,0,pos
FUN_004909,12,0.007874015748031496,0,pos,0,0.0,0,pos
FUN_016388,18,0.046875,0,pos,0,0.0,0,pos
FUN_006705,0,0.0,0,pos,0,0.0,0,pos
FUN_010840,30,0.0034626038781163434,1,pos_s3702_e3732,0,0.0,0,pos
FUN_008983,0,0.0,0,pos,0,0.0,0,pos
FUN_001647,48,0.03619909502262444,1,pos_s954_e990,0,0.0,0,pos
FUN_001519,0,0.0,0,pos,0,0.0,0,pos
FUN_015606,0,0.0,0,pos,0,0.0,0,pos
FUN_010177,0,0.0,0,pos,0,0.0,0,pos
FUN_005063,18,0.04411764705882353,0,pos,0,0.0,0,pos
FUN_002420,0,0.0,0,pos,0,0.0,0,pos
FUN_015486,0,0.0,0,pos,0,0.0,0,pos
FUN_000256,0,0.0,0,pos,0,0.0,0,pos
FUN_007917,108,0.07531380753138076,1,pos_s66_e150,54,0.03765690376569038,1,pos_s72_e126
FUN_015713,0,0.0,0,pos,0,0.0,0,pos
FUN_011509,0,0.0,0,pos,0,0.0,0,pos
FUN_011410,0,0.0,0,pos,0,0.0,0,pos
FUN_007057,0,0.0,0,pos,0,0.0,0,pos
FUN_007493,0,0.0,0,pos,0,0.0,0,pos
FUN_005424,0,0.0,0,pos,0,0.0,0,pos
FUN_007162,0,0.0,0,pos,0,0.0,0,pos
FUN_007626,6,0.012987012987012988,0,pos,6,0.012987012987012988,0,pos
FUN_008944,0,0.0,0,pos,0,0.0,0,pos
FUN_006112,0,0.0,0,pos,0,0.0,0,pos
FUN_003426,354,0.47580645161290325,2,pos_s258_e390_s498_e666,180,0.24193548387096775,2,pos_s318_e372_s552_e606
FUN_010887,0,0.0,0,pos,0,0.0,0,pos
FUN_007145,0,0.0,0,pos,0,0.0,0,pos
FUN_007933,0,0.0,0,pos,0,0.0,0,pos
FUN_016365,0,0.0,0,pos,0,0.0,0,pos
FUN_012303,0,0.0,0,pos,0,0.0,0,pos
FUN_006564,54,0.09278350515463918,1,pos_s294_e348,0,0.0,0,pos
FUN_005962,0,0.0,0,pos,0,0.0,0,pos
FUN_011296,0,0.0,0,pos,0,0.0,0,pos
FUN_011711,0,0.0,0,pos,0,0.0,0,pos
FUN_001567,0,0.0,0,pos,0,0.0,0,pos
FUN_008812,0,0.0,0,pos,0,0.0,0,pos
FUN_011244,0,0.0,0,pos,0,0.0,0,pos
FUN_011155,0,0.0,0,pos,0,0.0,0,pos
FUN_008321,0,0.0,0,pos,0,0.0,0,pos
FUN_005242,0,0.0,0,pos,0,0.0,0,pos
FUN_003249,66,0.02391304347826087,0,pos,48,0.017391304347826087,1,pos_s2706_e2754
FUN_002257,102,0.07423580786026202,1,pos_s102_e198,102,0.07423580786026202,1,pos_s102_e198
FUN_011547,0,0.0,0,pos,0,0.0,0,pos
FUN_001889,0,0.0,0,pos,0,0.0,0,pos
FUN_004618,0,0.0,0,pos,0,0.0,0,pos
FUN_006962,66,0.023060796645702306,0,pos,0,0.0,0,pos
FUN_016814,0,0.0,0,pos,0,0.0,0,pos
FUN_007352,0,0.0,0,pos,0,0.0,0,pos
FUN_001346,0,0.0,0,pos,0,0.0,0,pos
FUN_012128,0,0.0,0,pos,0,0.0,0,pos
FUN_010465,264,0.1527777777777778,3,pos_s738_e810_s876_e924_s1404_e1518,114,0.06597222222222222,1,pos_s1404_e1518
FUN_000418,114,0.03551401869158879,2,pos_s2814_e2862_s2910_e2952,48,0.014953271028037384,0,pos
FUN_003436,0,0.0,0,pos,0,0.0,0,pos
FUN_005090,0,0.0,0,pos,0,0.0,0,pos
FUN_012495,0,0.0,0,pos,0,0.0,0,pos
FUN_004891,24,0.017316017316017316,0,pos,0,0.0,0,pos
FUN_003759,0,0.0,0,pos,0,0.0,0,pos
FUN_002469,0,0.0,0,pos,0,0.0,0,pos
FUN_016284,0,0.0,0,pos,0,0.0,0,pos
FUN_016002,0,0.0,0,pos,0,0.0,0,pos
FUN_009094,0,0.0,0,pos,0,0.0,0,pos
FUN_011601,0,0.0,0,pos,0,0.0,0,pos
FUN_008176,24,0.015503875968992248,0,pos,0,0.0,0,pos
FUN_001743,30,0.034482758620689655,0,pos,24,0.027586206896551724,0,pos
FUN_001905,54,0.012413793103448275,0,pos,0,0.0,0,pos
FUN_004337,126,0.0310192023633678,2,pos_s1236_e1320_s1530_e1566,84,0.0206794682422452,1,pos_s1236_e1320
FUN_006078,0,0.0,0,pos,0,0.0,0,pos
FUN_010146,0,0.0,0,pos,0,0.0,0,pos
FUN_002213,234,0.10626702997275204,2,pos_s1614_e1686_s1710_e1872,108,0.04904632152588556,2,pos_s1728_e1782_s1788_e1842
FUN_008783,72,0.11650485436893204,1,pos_s570_e600,6,0.009708737864077669,0,pos
FUN_002994,0,0.0,0,pos,0,0.0,0,pos
FUN_012463,0,0.0,0,pos,0,0.0,0,pos
FUN_008816,0,0.0,0,pos,0,0.0,0,pos
FUN_012556,0,0.0,0,pos,0,0.0,0,pos
FUN_002810,0,0.0,0,pos,0,0.0,0,pos
FUN_003771,0,0.0,0,pos,0,0.0,0,pos
FUN_004990,132,0.5641025641025641,1,pos_s0_e120,120,0.5128205128205128,1,pos_s0_e120
FUN_008594,0,0.0,0,pos,0,0.0,0,pos
FUN_004395,72,0.028639618138424822,1,pos_s1494_e1548,18,0.007159904534606206,0,pos
FUN_005502,72,0.09302325581395349,0,pos,0,0.0,0,pos
FUN_005218,0,0.0,0,pos,0,0.0,0,pos
FUN_010603,0,0.0,0,pos,0,0.0,0,pos
FUN_004934,0,0.0,0,pos,0,0.0,0,pos
FUN_015341,0,0.0,0,pos,0,0.0,0,pos
FUN_003246,6,0.008333333333333333,0,pos,6,0.008333333333333333,0,pos
FUN_004349,18,0.015463917525773196,0,pos,0,0.0,0,pos
FUN_007736,0,0.0,0,pos,0,0.0,0,pos
FUN_012320,0,0.0,0,pos,0,0.0,0,pos
FUN_011506,0,0.0,0,pos,0,0.0,0,pos
FUN_000576,0,0.0,0,pos,0,0.0,0,pos
FUN_006585,0,0.0,0,pos,0,0.0,0,pos
FUN_000600,0,0.0,0,pos,0,0.0,0,pos
FUN_006597,156,0.12807881773399016,2,pos_s330_e366_s384_e486,120,0.09852216748768473,1,pos_s390_e486
FUN_010761,0,0.0,0,pos,0,0.0,0,pos
FUN_010553,0,0.0,0,pos,0,0.0,0,pos
FUN_012148,0,0.0,0,pos,0,0.0,0,pos
FUN_007357,6,0.007874015748031496,0,pos,0,0.0,0,pos
FUN_004047,96,0.051118210862619806,2,pos_s390_e432_s450_e504,66,0.03514376996805112,1,pos_s456_e504
FUN_008759,0,0.0,0,pos,0,0.0,0,pos
FUN_002211,0,0.0,0,pos,0,0.0,0,pos
FUN_016405,0,0.0,0,pos,0,0.0,0,pos
FUN_016063,0,0.0,0,pos,0,0.0,0,pos
FUN_010865,84,0.06167400881057269,1,pos_s1242_e1320,60,0.04405286343612335,1,pos_s1242_e1302
FUN_003285,0,0.0,0,pos,0,0.0,0,pos
FUN_016111,0,0.0,0,pos,0,0.0,0,pos
FUN_009438,6,0.0625,0,pos,0,0.0,0,pos
FUN_007771,0,0.0,0,pos,0,0.0,0,pos
FUN_010400,0,0.0,0,pos,0,0.0,0,pos
FUN_001928,66,0.06832298136645963,1,pos_s474_e516,0,0.0,0,pos
FUN_004097,0,0.0,0,pos,0,0.0,0,pos
FUN_015971,0,0.0,0,pos,0,0.0,0,pos
FUN_011535,0,0.0,0,pos,0,0.0,0,pos
FUN_009032,0,0.0,0,pos,0,0.0,0,pos
FUN_003007,0,0.0,0,pos,0,0.0,0,pos
FUN_008846,138,0.10599078341013825,1,pos_s906_e1032,48,0.03686635944700461,1,pos_s984_e1020
FUN_001328,0,0.0,0,pos,0,0.0,0,pos
FUN_002431,0,0.0,0,pos,0,0.0,0,pos
FUN_007198,0,0.0,0,pos,0,0.0,0,pos
FUN_003958,0,0.0,0,pos,0,0.0,0,pos
FUN_016788,0,0.0,0,pos,0,0.0,0,pos
FUN_012417,0,0.0,0,pos,0,0.0,0,pos
FUN_010002,0,0.0,0,pos,0,0.0,0,pos
FUN_008440,18,0.006369426751592357,0,pos,0,0.0,0,pos
FUN_007386,0,0.0,0,pos,0,0.0,0,pos
FUN_009191,90,0.08333333333333333,2,pos_s690_e738_s762_e804,0,0.0,0,pos
FUN_006127,0,0.0,0,pos,0,0.0,0,pos
FUN_007737,90,0.10869565217391304,1,pos_s102_e186,0,0.0,0,pos
FUN_011558,0,0.0,0,pos,0,0.0,0,pos
FUN_002559,6,0.005780346820809248,0,pos,0,0.0,0,pos
FUN_005706,0,0.0,0,pos,0,0.0,0,pos
FUN_009489,0,0.0,0,pos,0,0.0,0,pos
FUN_012191,0,0.0,0,pos,0,0.0,0,pos
FUN_010973,0,0.0,0,pos,0,0.0,0,pos
FUN_015738,0,0.0,0,pos,0,0.0,0,pos
FUN_009570,0,0.0,0,pos,0,0.0,0,pos
FUN_016127,0,0.0,0,pos,0,0.0,0,pos
FUN_003270,48,0.01486988847583643,0,pos,0,0.0,0,pos
FUN_005728,0,0.0,0,pos,0,0.0,0,pos
FUN_015700,0,0.0,0,pos,0,0.0,0,pos
FUN_003496,0,0.0,0,pos,0,0.0,0,pos
FUN_016614,0,0.0,0,pos,0,0.0,0,pos
FUN_003061,0,0.0,0,pos,0,0.0,0,pos
FUN_009281,0,0.0,0,pos,0,0.0,0,pos
FUN_000510,72,0.038338658146964855,1,pos_s114_e168,0,0.0,0,pos
FUN_000789,0,0.0,0,pos,0,0.0,0,pos
FUN_010508,0,0.0,0,pos,0,0.0,0,pos
FUN_011390,354,0.3224043715846995,4,pos_s0_e60_s66_e144_s192_e306_s582_e636,150,0.1366120218579235,1,pos_s192_e306
FUN_002405,0,0.0,0,pos,0,0.0,0,pos
FUN_000399,42,0.007157464212678937,1,pos_s1332_e1368,0,0.0,0,pos
FUN_010082,24,0.005128205128205128,0,pos,0,0.0,0,pos
FUN_003284,180,0.09803921568627451,2,pos_s1086_e1188_s1200_e1236,24,0.013071895424836602,0,pos
FUN_008105,0,0.0,0,pos,0,0.0,0,pos
FUN_001734,0,0.0,0,pos,0,0.0,0,pos
FUN_003225,0,0.0,0,pos,0,0.0,0,pos
FUN_000835,0,0.0,0,pos,0,0.0,0,pos
FUN_003850,0,0.0,0,pos,0,0.0,0,pos
FUN_001397,264,0.03470031545741325,5,pos_s72_e102_s1692_e1722_s2358_e2412_s5274_e5346_s7152_e7218,6,0.0007886435331230284,0,pos
FUN_006456,12,0.0058997050147492625,0,pos,0,0.0,0,pos
FUN_004730,0,0.0,0,pos,0,0.0,0,pos
FUN_004739,84,0.024263431542461005,1,pos_s198_e282,48,0.01386481802426343,1,pos_s240_e276
FUN_000382,0,0.0,0,pos,0,0.0,0,pos
FUN_008806,72,0.045454545454545456,1,pos_s540_e588,24,0.015151515151515152,0,pos
FUN_000227,90,0.06048387096774194,1,pos_s1062_e1140,18,0.012096774193548387,0,pos
FUN_007951,0,0.0,0,pos,0,0.0,0,pos
FUN_008734,12,0.004640371229698376,0,pos,0,0.0,0,pos
FUN_004436,0,0.0,0,pos,0,0.0,0,pos
FUN_001484,0,0.0,0,pos,0,0.0,0,pos
FUN_001231,18,0.014084507042253521,0,pos,0,0.0,0,pos
FUN_007563,0,0.0,0,pos,0,0.0,0,pos
FUN_005182,0,0.0,0,pos,0,0.0,0,pos
FUN_002672,0,0.0,0,pos,0,0.0,0,pos
FUN_000667,0,0.0,0,pos,0,0.0,0,pos
FUN_009314,0,0.0,0,pos,0,0.0,0,pos
FUN_007147,12,0.0029895366218236174,0,pos,0,0.0,0,pos
FUN_012304,0,0.0,0,pos,0,0.0,0,pos
FUN_009838,30,0.004911591355599214,0,pos,0,0.0,0,pos
FUN_003128,6,0.002012072434607646,0,pos,0,0.0,0,pos
FUN_008664,0,0.0,0,pos,0,0.0,0,pos
FUN_004151,54,0.016544117647058824,1,pos_s2130_e2160,0,0.0,0,pos
FUN_009383,0,0.0,0,pos,0,0.0,0,pos
FUN_005991,48,0.024464831804281346,1,pos_s1212_e1254,0,0.0,0,pos
FUN_008592,0,0.0,0,pos,0,0.0,0,pos
FUN_002914,126,0.15,2,pos_s624_e720_s744_e774,90,0.10714285714285714,1,pos_s624_e714
FUN_004612,0,0.0,0,pos,0,0.0,0,pos
FUN_004572,0,0.0,0,pos,0,0.0,0,pos
FUN_009536,0,0.0,0,pos,0,0.0,0,pos
FUN_011862,0,0.0,0,pos,0,0.0,0,pos
FUN_005512,0,0.0,0,pos,0,0.0,0,pos
FUN_009010,0,0.0,0,pos,0,0.0,0,pos
FUN_003070,162,0.05046728971962617,3,pos_s66_e102_s786_e852_s858_e894,0,0.0,0,pos
FUN_008363,90,0.06329113924050633,1,pos_s1176_e1230,6,0.004219409282700422,0,pos
FUN_006662,0,0.0,0,pos,0,0.0,0,pos
FUN_016553,0,0.0,0,pos,0,0.0,0,pos
FUN_009190,0,0.0,0,pos,0,0.0,0,pos
FUN_011778,0,0.0,0,pos,0,0.0,0,pos
FUN_012306,0,0.0,0,pos,0,0.0,0,pos
FUN_008264,0,0.0,0,pos,0,0.0,0,pos
FUN_011210,96,0.13333333333333333,1,pos_s534_e630,54,0.075,1,pos_s582_e612
FUN_003235,0,0.0,0,pos,0,0.0,0,pos
FUN_004687,0,0.0,0,pos,0,0.0,0,pos
FUN_007645,0,0.0,0,pos,0,0.0,0,pos
FUN_008479,0,0.0,0,pos,0,0.0,0,pos
FUN_004480,90,0.018137847642079808,1,pos_s2868_e2916,0,0.0,0,pos
FUN_002429,24,0.009302325581395349,0,pos,0,0.0,0,pos
FUN_006788,42,0.11290322580645161,0,pos,12,0.03225806451612903,0,pos
FUN_005138,6,0.001834862385321101,0,pos,0,0.0,0,pos
FUN_003795,0,0.0,0,pos,0,0.0,0,pos
FUN_004759,0,0.0,0,pos,0,0.0,0,pos
FUN_016863,0,0.0,0,pos,0,0.0,0,pos
FUN_008617,12,0.006430868167202572,0,pos,0,0.0,0,pos
FUN_011064,0,0.0,0,pos,0,0.0,0,pos
FUN_011028,72,0.5217391304347826,1,pos_s36_e78,24,0.17391304347826086,0,pos
FUN_002880,0,0.0,0,pos,0,0.0,0,pos
FUN_006253,0,0.0,0,pos,0,0.0,0,pos
FUN_007581,0,0.0,0,pos,0,0.0,0,pos
FUN_002334,0,0.0,0,pos,0,0.0,0,pos
FUN_002734,36,0.02181818181818182,1,pos_s402_e438,0,0.0,0,pos
FUN_005666,0,0.0,0,pos,0,0.0,0,pos
FUN_010948,0,0.0,0,pos,0,0.0,0,pos
FUN_000128,192,0.0440771349862259,3,pos_s1194_e1248_s2184_e2262_s2856_e2892,102,0.023415977961432508,2,pos_s2190_e2262_s2862_e2892
FUN_002126,150,0.1072961373390558,2,pos_s54_e138_s348_e390,54,0.03862660944206009,1,pos_s54_e108
FUN_007051,60,0.01773049645390071,1,pos_s486_e540,42,0.012411347517730497,1,pos_s486_e528
FUN_012134,0,0.0,0,pos,0,0.0,0,pos
FUN_015993,0,0.0,0,pos,0,0.0,0,pos
FUN_003505,0,0.0,0,pos,0,0.0,0,pos
FUN_009332,78,0.08074534161490683,1,pos_s546_e618,18,0.018633540372670808,0,pos
FUN_016491,0,0.0,0,pos,0,0.0,0,pos
FUN_000293,6,0.0006361323155216285,0,pos,0,0.0,0,pos
FUN_011075,6,0.0021141649048625794,0,pos,0,0.0,0,pos
FUN_006428,84,0.034653465346534656,1,pos_s2298_e2334,0,0.0,0,pos
FUN_001137,0,0.0,0,pos,0,0.0,0,pos
FUN_015937,0,0.0,0,pos,0,0.0,0,pos
FUN_004840,12,0.018518518518518517,0,pos,0,0.0,0,pos
FUN_007315,0,0.0,0,pos,0,0.0,0,pos
FUN_010077,24,0.018604651162790697,0,pos,0,0.0,0,pos
FUN_006976,0,0.0,0,pos,0,0.0,0,pos
FUN_003504,6,0.006622516556291391,0,pos,0,0.0,0,pos
FUN_007414,0,0.0,0,pos,0,0.0,0,pos
FUN_011967,0,0.0,0,pos,0,0.0,0,pos
FUN_002196,0,0.0,0,pos,0,0.0,0,pos
FUN_000840,6,0.003003003003003003,0,pos,0,0.0,0,pos
FUN_001276,0,0.0,0,pos,0,0.0,0,pos
FUN_000321,0,0.0,0,pos,0,0.0,0,pos
FUN_016702,0,0.0,0,pos,0,0.0,0,pos
FUN_002904,60,0.013458950201884253,1,pos_s900_e936,0,0.0,0,pos
FUN_009967,180,0.062370062370062374,2,pos_s1410_e1482_s1902_e1968,0,0.0,0,pos
FUN_003478,0,0.0,0,pos,0,0.0,0,pos
FUN_001230,0,0.0,0,pos,0,0.0,0,pos
FUN_008598,0,0.0,0,pos,0,0.0,0,pos
FUN_006466,0,0.0,0,pos,0,0.0,0,pos
FUN_000250,42,0.03626943005181347,1,pos_s480_e516,0,0.0,0,pos
FUN_005758,66,0.024774774774774775,1,pos_s2574_e2628,0,0.0,0,pos
FUN_001295,24,0.006756756756756757,0,pos,0,0.0,0,pos
FUN_006697,0,0.0,0,pos,0,0.0,0,pos
FUN_009176,66,0.0210727969348659,1,pos_s1506_e1560,0,0.0,0,pos
FUN_009941,18,0.018292682926829267,0,pos,0,0.0,0,pos
FUN_008610,0,0.0,0,pos,0,0.0,0,pos
FUN_004857,0,0.0,0,pos,0,0.0,0,pos
FUN_006201,36,0.013392857142857142,1,pos_s1890_e1926,0,0.0,0,pos
FUN_000814,24,0.016129032258064516,0,pos,0,0.0,0,pos
FUN_012019,0,0.0,0,pos,0,0.0,0,pos
FUN_004632,0,0.0,0,pos,0,0.0,0,pos
FUN_001644,0,0.0,0,pos,0,0.0,0,pos
FUN_004481,198,0.05061349693251534,2,pos_s1638_e1734_s1992_e2034,24,0.006134969325153374,0,pos
FUN_002050,0,0.0,0,pos,0,0.0,0,pos
FUN_008202,0,0.0,0,pos,0,0.0,0,pos
FUN_003986,114,0.11801242236024845,1,pos_s744_e846,66,0.06832298136645963,1,pos_s792_e846
FUN_012451,0,0.0,0,pos,0,0.0,0,pos
FUN_010787,0,0.0,0,pos,0,0.0,0,pos
FUN_007599,36,0.029850746268656716,1,pos_s78_e114,0,0.0,0,pos
FUN_006832,0,0.0,0,pos,0,0.0,0,pos
FUN_010339,0,0.0,0,pos,0,0.0,0,pos
FUN_009441,0,0.0,0,pos,0,0.0,0,pos
FUN_006130,108,0.03125,2,pos_s1116_e1146_s1824_e1854,6,0.001736111111111111,0,pos
FUN_005331,18,0.024793388429752067,0,pos,0,0.0,0,pos
FUN_001561,60,0.021052631578947368,0,pos,18,0.00631578947368421,0,pos
FUN_003167,0,0.0,0,pos,0,0.0,0,pos
FUN_015735,0,0.0,0,pos,0,0.0,0,pos
FUN_002813,108,0.06521739130434782,2,pos_s306_e366_s822_e870,24,0.014492753623188406,0,pos
FUN_002717,0,0.0,0,pos,0,0.0,0,pos
FUN_001433,0,0.0,0,pos,0,0.0,0,pos
FUN_016355,0,0.0,0,pos,0,0.0,0,pos
FUN_000558,0,0.0,0,pos,0,0.0,0,pos
FUN_001656,0,0.0,0,pos,0,0.0,0,pos
FUN_003563,0,0.0,0,pos,0,0.0,0,pos
FUN_008887,66,0.05339805825242718,2,pos_s834_e864_s882_e918,24,0.019417475728155338,0,pos
FUN_009764,0,0.0,0,pos,0,0.0,0,pos
FUN_001586,84,0.04697986577181208,2,pos_s1680_e1722_s1740_e1776,36,0.020134228187919462,1,pos_s1746_e1776
FUN_000437,0,0.0,0,pos,0,0.0,0,pos
FUN_007476,0,0.0,0,pos,0,0.0,0,pos
FUN_010540,78,0.04498269896193772,1,pos_s366_e444,18,0.010380622837370242,0,pos
FUN_000797,0,0.0,0,pos,0,0.0,0,pos
FUN_005264,0,0.0,0,pos,0,0.0,0,pos
FUN_000068,0,0.0,0,pos,0,0.0,0,pos
FUN_005525,24,0.010178117048346057,0,pos,0,0.0,0,pos
FUN_003130,18,0.004335260115606936,0,pos,0,0.0,0,pos
FUN_009543,12,0.04,0,pos,0,0.0,0,pos
FUN_003203,0,0.0,0,pos,0,0.0,0,pos
FUN_006319,48,0.058823529411764705,0,pos,0,0.0,0,pos
FUN_003129,0,0.0,0,pos,0,0.0,0,pos
FUN_009195,24,0.018779342723004695,0,pos,24,0.018779342723004695,0,pos
FUN_001843,96,0.008032128514056224,1,pos_s6018_e6054,6,0.000502008032128514,0,pos
FUN_000007,0,0.0,0,pos,0,0.0,0,pos
FUN_001915,0,0.0,0,pos,0,0.0,0,pos
FUN_004186,0,0.0,0,pos,0,0.0,0,pos
FUN_010611,498,0.15285451197053407,5,pos_s1602_e1728_s1986_e2064_s2202_e2298_s2442_e2472_s2850_e2964,156,0.04788213627992634,2,pos_s1614_e1668_s2202_e2268
FUN_011310,0,0.0,0,pos,0,0.0,0,pos
FUN_012369,0,0.0,0,pos,0,0.0,0,pos
FUN_004326,96,0.12903225806451613,2,pos_s138_e168_s474_e528,18,0.024193548387096774,0,pos
FUN_008497,0,0.0,0,pos,0,0.0,0,pos
FUN_010209,0,0.0,0,pos,0,0.0,0,pos
FUN_015297,0,0.0,0,pos,0,0.0,0,pos
FUN_012412,0,0.0,0,pos,0,0.0,0,pos
FUN_003826,6,0.011627906976744186,0,pos,0,0.0,0,pos
FUN_016650,0,0.0,0,pos,0,0.0,0,pos
FUN_016352,0,0.0,0,pos,0,0.0,0,pos
FUN_008011,0,0.0,0,pos,0,0.0,0,pos
FUN_001724,24,0.01694915254237288,0,pos,0,0.0,0,pos
FUN_007760,0,0.0,0,pos,0,0.0,0,pos
FUN_001505,66,0.026128266033254157,1,pos_s2250_e2298,48,0.019002375296912115,1,pos_s2250_e2280
FUN_009430,0,0.0,0,pos,0,0.0,0,pos
FUN_016081,0,0.0,0,pos,0,0.0,0,pos
FUN_000442,0,0.0,0,pos,0,0.0,0,pos
FUN_007940,228,0.15139442231075698,2,pos_s84_e114_s174_e204,12,0.00796812749003984,0,pos
FUN_000822,0,0.0,0,pos,0,0.0,0,pos
FUN_009099,54,0.03461538461538462,1,pos_s0_e54,12,0.007692307692307693,0,pos
FUN_002608,0,0.0,0,pos,0,0.0,0,pos
FUN_003446,0,0.0,0,pos,0,0.0,0,pos
FUN_011971,0,0.0,0,pos,0,0.0,0,pos
FUN_005011,18,0.0078125,0,pos,18,0.0078125,0,pos
FUN_005183,0,0.0,0,pos,0,0.0,0,pos
FUN_001610,0,0.0,0,pos,0,0.0,0,pos
FUN_004192,0,0.0,0,pos,0,0.0,0,pos
FUN_011810,0,0.0,0,pos,0,0.0,0,pos
FUN_008889,0,0.0,0,pos,0,0.0,0,pos
FUN_004364,0,0.0,0,pos,0,0.0,0,pos
FUN_002714,6,0.0019646365422396855,0,pos,0,0.0,0,pos
FUN_007369,0,0.0,0,pos,0,0.0,0,pos
FUN_011801,0,0.0,0,pos,0,0.0,0,pos
FUN_008851,0,0.0,0,pos,0,0.0,0,pos
FUN_004530,0,0.0,0,pos,0,0.0,0,pos
FUN_011288,0,0.0,0,pos,0,0.0,0,pos
FUN_000580,90,0.07575757575757576,2,pos_s42_e72_s1122_e1170,18,0.015151515151515152,0,pos
FUN_008477,0,0.0,0,pos,0,0.0,0,pos
FUN_016545,0,0.0,0,pos,0,0.0,0,pos
FUN_008055,0,0.0,0,pos,0,0.0,0,pos
FUN_015829,0,0.0,0,pos,0,0.0,0,pos
FUN_006573,0,0.0,0,pos,0,0.0,0,pos
FUN_008580,102,0.09392265193370165,1,pos_s900_e1002,24,0.022099447513812154,0,pos
FUN_010114,474,0.0706618962432916,5,pos_s4266_e4332_s5136_e5316_s5430_e5490_s5844_e5892_s6198_e6246,150,0.022361359570661897,1,pos_s5136_e5238
FUN_007986,0,0.0,0,pos,0,0.0,0,pos
FUN_000642,0,0.0,0,pos,0,0.0,0,pos
FUN_002987,96,0.06557377049180328,1,pos_s918_e978,42,0.028688524590163935,0,pos
FUN_002702,12,0.005208333333333333,0,pos,0,0.0,0,pos
FUN_004922,0,0.0,0,pos,0,0.0,0,pos
FUN_005647,0,0.0,0,pos,0,0.0,0,pos
FUN_004430,90,0.05976095617529881,2,pos_s102_e138_s198_e252,0,0.0,0,pos
FUN_015980,0,0.0,0,pos,0,0.0,0,pos
FUN_009971,0,0.0,0,pos,0,0.0,0,pos
FUN_001391,0,0.0,0,pos,0,0.0,0,pos
FUN_016241,0,0.0,0,pos,0,0.0,0,pos
FUN_000542,192,0.08080808080808081,1,pos_s1782_e1902,72,0.030303030303030304,1,pos_s1788_e1848
FUN_005230,0,0.0,0,pos,0,0.0,0,pos
FUN_015874,0,0.0,0,pos,0,0.0,0,pos
FUN_006054,0,0.0,0,pos,0,0.0,0,pos
FUN_016229,0,0.0,0,pos,0,0.0,0,pos
FUN_004214,0,0.0,0,pos,0,0.0,0,pos
FUN_010069,24,0.015151515151515152,0,pos,0,0.0,0,pos
FUN_004360,0,0.0,0,pos,0,0.0,0,pos
FUN_003821,0,0.0,0,pos,0,0.0,0,pos
FUN_000825,0,0.0,0,pos,0,0.0,0,pos
FUN_008578,0,0.0,0,pos,0,0.0,0,pos
FUN_016425,0,0.0,0,pos,0,0.0,0,pos
FUN_015558,0,0.0,0,pos,0,0.0,0,pos
FUN_006704,24,0.010230179028132993,0,pos,0,0.0,0,pos
FUN_006871,0,0.0,0,pos,0,0.0,0,pos
FUN_005076,0,0.0,0,pos,0,0.0,0,pos
FUN_003377,0,0.0,0,pos,0,0.0,0,pos
FUN_000400,0,0.0,0,pos,0,0.0,0,pos
FUN_015372,0,0.0,0,pos,0,0.0,0,pos
FUN_001770,0,0.0,0,pos,0,0.0,0,pos
FUN_005796,12,0.008130081300813009,0,pos,0,0.0,0,pos
FUN_000503,12,0.0018214936247723133,0,pos,0,0.0,0,pos
FUN_010180,0,0.0,0,pos,0,0.0,0,pos
FUN_010704,0,0.0,0,pos,0,0.0,0,pos
FUN_006161,0,0.0,0,pos,0,0.0,0,pos
FUN_001677,0,0.0,0,pos,0,0.0,0,pos
FUN_012428,0,0.0,0,pos,0,0.0,0,pos
FUN_006881,132,0.2558139534883721,2,pos_s228_e330_s342_e372,108,0.20930232558139536,1,pos_s228_e330
FUN_000803,0,0.0,0,pos,0,0.0,0,pos
FUN_009043,216,0.18652849740932642,3,pos_s0_e72_s402_e468_s1074_e1140,72,0.06217616580310881,1,pos_s0_e72
FUN_005426,18,0.00804289544235925,0,pos,0,0.0,0,pos
FUN_005128,0,0.0,0,pos,0,0.0,0,pos
FUN_016037,0,0.0,0,pos,0,0.0,0,pos
FUN_003491,0,0.0,0,pos,0,0.0,0,pos
FUN_006473,60,0.03278688524590164,0,pos,6,0.003278688524590164,0,pos
FUN_008062,0,0.0,0,pos,0,0.0,0,pos
FUN_003834,0,0.0,0,pos,0,0.0,0,pos
FUN_005692,0,0.0,0,pos,0,0.0,0,pos
FUN_004924,48,0.09302325581395349,0,pos,6,0.011627906976744186,0,pos
FUN_009081,36,0.07317073170731707,0,pos,0,0.0,0,pos
FUN_009717,0,0.0,0,pos,0,0.0,0,pos
FUN_010132,42,0.041916167664670656,1,pos_s528_e570,0,0.0,0,pos
FUN_002226,102,0.1504424778761062,1,pos_s486_e588,72,0.10619469026548672,1,pos_s486_e540
FUN_005431,0,0.0,0,pos,0,0.0,0,pos
FUN_006470,0,0.0,0,pos,0,0.0,0,pos
FUN_008311,36,0.02120141342756184,1,pos_s702_e732,0,0.0,0,pos
FUN_011808,0,0.0,0,pos,0,0.0,0,pos
FUN_000547,30,0.004672897196261682,0,pos,0,0.0,0,pos
FUN_007936,0,0.0,0,pos,0,0.0,0,pos
FUN_006104,0,0.0,0,pos,0,0.0,0,pos
FUN_002282,0,0.0,0,pos,0,0.0,0,pos
FUN_010285,0,0.0,0,pos,0,0.0,0,pos
FUN_016620,0,0.0,0,pos,0,0.0,0,pos
FUN_009803,0,0.0,0,pos,0,0.0,0,pos
FUN_003049,0,0.0,0,pos,0,0.0,0,pos
FUN_008302,84,0.03317535545023697,1,pos_s2208_e2286,36,0.014218009478672985,0,pos
FUN_010092,0,0.0,0,pos,0,0.0,0,pos
FUN_007807,6,0.0043859649122807015,0,pos,0,0.0,0,pos
FUN_011050,0,0.0,0,pos,0,0.0,0,pos
FUN_016859,0,0.0,0,pos,0,0.0,0,pos
FUN_007544,0,0.0,0,pos,0,0.0,0,pos
FUN_016731,0,0.0,0,pos,0,0.0,0,pos
FUN_016641,0,0.0,0,pos,0,0.0,0,pos
FUN_011982,0,0.0,0,pos,0,0.0,0,pos
FUN_002141,0,0.0,0,pos,0,0.0,0,pos
FUN_000636,0,0.0,0,pos,0,0.0,0,pos
FUN_011530,0,0.0,0,pos,0,0.0,0,pos
FUN_005915,30,0.02092050209205021,0,pos,18,0.012552301255230125,0,pos
FUN_016746,0,0.0,0,pos,0,0.0,0,pos
FUN_001264,0,0.0,0,pos,0,0.0,0,pos
FUN_000248,0,0.0,0,pos,0,0.0,0,pos
FUN_002341,0,0.0,0,pos,0,0.0,0,pos
FUN_008801,24,0.01238390092879257,0,pos,0,0.0,0,pos
FUN_001891,0,0.0,0,pos,0,0.0,0,pos
FUN_005866,72,0.02977667493796526,1,pos_s1590_e1632,0,0.0,0,pos
FUN_000657,54,0.030612244897959183,1,pos_s228_e264,30,0.017006802721088437,1,pos_s228_e258
FUN_009393,0,0.0,0,pos,0,0.0,0,pos
FUN_007345,204,0.09392265193370165,2,pos_s72_e180_s2052_e2100,102,0.04696132596685083,1,pos_s72_e150
FUN_004134,0,0.0,0,pos,0,0.0,0,pos
FUN_008074,0,0.0,0,pos,0,0.0,0,pos
FUN_008870,174,0.0441400304414003,2,pos_s3174_e3258_s3492_e3528,0,0.0,0,pos
FUN_007419,0,0.0,0,pos,0,0.0,0,pos
FUN_008770,144,0.07272727272727272,1,pos_s1632_e1680,0,0.0,0,pos
FUN_005062,54,0.05,0,pos,0,0.0,0,pos
FUN_011119,0,0.0,0,pos,0,0.0,0,pos
FUN_002176,0,0.0,0,pos,0,0.0,0,pos
FUN_016492,0,0.0,0,pos,0,0.0,0,pos
FUN_004222,0,0.0,0,pos,0,0.0,0,pos
FUN_003788,18,0.028846153846153848,0,pos,6,0.009615384615384616,0,pos
FUN_011731,0,0.0,0,pos,0,0.0,0,pos
FUN_005116,6,0.0049261083743842365,0,pos,0,0.0,0,pos
FUN_001666,12,0.004,0,pos,0,0.0,0,pos
FUN_001851,0,0.0,0,pos,0,0.0,0,pos
FUN_010074,0,0.0,0,pos,0,0.0,0,pos
FUN_009372,54,0.08181818181818182,1,pos_s132_e162,0,0.0,0,pos
FUN_015546,0,0.0,0,pos,0,0.0,0,pos
FUN_004184,222,0.15879828326180256,3,pos_s540_e600_s840_e924_s1008_e1038,96,0.06866952789699571,1,pos_s840_e924
FUN_004128,0,0.0,0,pos,0,0.0,0,pos
FUN_016775,0,0.0,0,pos,0,0.0,0,pos
FUN_004927,0,0.0,0,pos,0,0.0,0,pos
FUN_005227,192,0.093841642228739,3,pos_s1068_e1146_s1728_e1812_s1842_e1872,66,0.03225806451612903,1,pos_s1728_e1794
FUN_000787,0,0.0,0,pos,0,0.0,0,pos
FUN_004690,0,0.0,0,pos,0,0.0,0,pos
FUN_003010,102,0.09392265193370165,1,pos_s0_e66,12,0.011049723756906077,0,pos
FUN_005468,6,0.010309278350515464,0,pos,0,0.0,0,pos
FUN_012497,0,0.0,0,pos,0,0.0,0,pos
FUN_006656,0,0.0,0,pos,0,0.0,0,pos
FUN_011512,0,0.0,0,pos,0,0.0,0,pos
FUN_007227,0,0.0,0,pos,0,0.0,0,pos
FUN_005950,0,0.0,0,pos,0,0.0,0,pos
FUN_011841,0,0.0,0,pos,0,0.0,0,pos
FUN_004772,0,0.0,0,pos,0,0.0,0,pos
FUN_000868,0,0.0,0,pos,0,0.0,0,pos
FUN_002104,0,0.0,0,pos,0,0.0,0,pos
FUN_016114,0,0.0,0,pos,0,0.0,0,pos
FUN_002309,0,0.0,0,pos,0,0.0,0,pos
FUN_005736,0,0.0,0,pos,0,0.0,0,pos
FUN_008767,0,0.0,0,pos,0,0.0,0,pos
FUN_006542,0,0.0,0,pos,0,0.0,0,pos
FUN_003802,0,0.0,0,pos,0,0.0,0,pos
FUN_002502,360,0.13856812933025403,5,pos_s264_e378_s498_e582_s1074_e1134_s1572_e1608_s1872_e1920,60,0.023094688221709007,0,pos
FUN_007684,0,0.0,0,pos,0,0.0,0,pos
FUN_005570,0,0.0,0,pos,0,0.0,0,pos
FUN_011213,0,0.0,0,pos,0,0.0,0,pos
FUN_008124,402,0.07338444687842278,4,pos_s726_e804_s948_e978_s2226_e2322_s4662_e4722,96,0.017524644030668127,2,pos_s750_e804_s2238_e2268
FUN_004026,48,0.07017543859649122,1,pos_s486_e534,36,0.05263157894736842,1,pos_s486_e522
FUN_008640,0,0.0,0,pos,0,0.0,0,pos
FUN_006042,6,0.0029585798816568047,0,pos,0,0.0,0,pos
FUN_006688,0,0.0,0,pos,0,0.0,0,pos
FUN_004381,78,0.08843537414965986,1,pos_s768_e846,0,0.0,0,pos
FUN_011355,0,0.0,0,pos,0,0.0,0,pos
FUN_004841,0,0.0,0,pos,0,0.0,0,pos
FUN_016249,0,0.0,0,pos,0,0.0,0,pos
FUN_015771,0,0.0,0,pos,0,0.0,0,pos
FUN_000435,438,0.037225905150433454,7,pos_s306_e360_s1626_e1656_s2244_e2274_s3096_e3156_s3330_e3408_s3528_e3576_s7236_e7344,78,0.006629270780214177,2,pos_s3348_e3378_s7302_e7344
FUN_000939,0,0.0,0,pos,0,0.0,0,pos
FUN_003334,0,0.0,0,pos,0,0.0,0,pos
FUN_000807,30,0.028901734104046242,1,pos_s636_e666,0,0.0,0,pos
FUN_010371,0,0.0,0,pos,0,0.0,0,pos
FUN_004403,6,0.0125,0,pos,6,0.0125,0,pos
FUN_008582,0,0.0,0,pos,0,0.0,0,pos
FUN_010828,0,0.0,0,pos,0,0.0,0,pos
FUN_000117,84,0.0546875,1,pos_s870_e900,0,0.0,0,pos
FUN_007757,0,0.0,0,pos,0,0.0,0,pos
FUN_009791,96,0.11764705882352941,1,pos_s90_e186,0,0.0,0,pos
FUN_010616,0,0.0,0,pos,0,0.0,0,pos
FUN_003114,0,0.0,0,pos,0,0.0,0,pos
FUN_009792,0,0.0,0,pos,0,0.0,0,pos
FUN_003021,0,0.0,0,pos,0,0.0,0,pos
FUN_000992,0,0.0,0,pos,0,0.0,0,pos
FUN_011303,138,0.043233082706766915,1,pos_s168_e264,6,0.0018796992481203006,0,pos
FUN_002044,96,0.08333333333333333,2,pos_s48_e78_s1026_e1056,18,0.015625,0,pos
FUN_005573,0,0.0,0,pos,0,0.0,0,pos
FUN_008808,0,0.0,0,pos,0,0.0,0,pos
FUN_011859,0,0.0,0,pos,0,0.0,0,pos
FUN_011765,0,0.0,0,pos,0,0.0,0,pos
FUN_000896,0,0.0,0,pos,0,0.0,0,pos
FUN_002951,0,0.0,0,pos,0,0.0,0,pos
FUN_012227,0,0.0,0,pos,0,0.0,0,pos
FUN_001086,78,0.05138339920948617,1,pos_s678_e738,6,0.003952569169960474,0,pos
FUN_011634,0,0.0,0,pos,0,0.0,0,pos
FUN_010430,0,0.0,0,pos,0,0.0,0,pos
FUN_011466,0,0.0,0,pos,0,0.0,0,pos
FUN_009676,18,0.0007684426229508197,0,pos,0,0.0,0,pos
FUN_001170,96,0.054982817869415807,1,pos_s156_e210,0,0.0,0,pos
FUN_010538,6,0.004016064257028112,0,pos,0,0.0,0,pos
FUN_000638,132,0.12359550561797752,2,pos_s54_e84_s852_e936,6,0.0056179775280898875,0,pos
FUN_001054,0,0.0,0,pos,0,0.0,0,pos
FUN_006118,0,0.0,0,pos,0,0.0,0,pos
FUN_001206,0,0.0,0,pos,0,0.0,0,pos
FUN_006005,0,0.0,0,pos,0,0.0,0,pos
FUN_016571,0,0.0,0,pos,0,0.0,0,pos
FUN_009869,18,0.028037383177570093,0,pos,0,0.0,0,pos
FUN_007756,0,0.0,0,pos,0,0.0,0,pos
FUN_007470,0,0.0,0,pos,0,0.0,0,pos
FUN_005633,96,0.08376963350785341,1,pos_s306_e384,0,0.0,0,pos
FUN_000777,0,0.0,0,pos,0,0.0,0,pos
FUN_009015,0,0.0,0,pos,0,0.0,0,pos
FUN_007707,396,0.3473684210526316,2,pos_s648_e792_s816_e1044,222,0.19473684210526315,2,pos_s720_e792_s816_e912
FUN_004164,0,0.0,0,pos,0,0.0,0,pos
FUN_002149,0,0.0,0,pos,0,0.0,0,pos
FUN_009223,0,0.0,0,pos,0,0.0,0,pos
FUN_004691,0,0.0,0,pos,0,0.0,0,pos
FUN_006593,0,0.0,0,pos,0,0.0,0,pos
FUN_000561,0,0.0,0,pos,0,0.0,0,pos
FUN_016356,0,0.0,0,pos,0,0.0,0,pos
FUN_001386,0,0.0,0,pos,0,0.0,0,pos
FUN_004754,66,0.0738255033557047,1,pos_s78_e132,0,0.0,0,pos
FUN_000770,0,0.0,0,pos,0,0.0,0,pos
FUN_007618,0,0.0,0,pos,0,0.0,0,pos
FUN_002094,0,0.0,0,pos,0,0.0,0,pos
FUN_009532,0,0.0,0,pos,0,0.0,0,pos
FUN_010866,36,0.012738853503184714,1,pos_s1956_e1992,0,0.0,0,pos
FUN_012368,0,0.0,0,pos,0,0.0,0,pos
FUN_012311,0,0.0,0,pos,0,0.0,0,pos
FUN_010239,0,0.0,0,pos,0,0.0,0,pos
FUN_008287,0,0.0,0,pos,0,0.0,0,pos
FUN_003830,0,0.0,0,pos,0,0.0,0,pos
FUN_004483,162,0.1875,2,pos_s678_e756_s792_e858,90,0.10416666666666667,1,pos_s804_e858
FUN_008969,0,0.0,0,pos,0,0.0,0,pos
FUN_006582,0,0.0,0,pos,0,0.0,0,pos
FUN_001767,66,0.03793103448275862,1,pos_s1218_e1260,12,0.006896551724137931,0,pos
FUN_011216,0,0.0,0,pos,0,0.0,0,pos
FUN_003849,48,0.02702702702702703,1,pos_s306_e336,0,0.0,0,pos
FUN_012496,0,0.0,0,pos,0,0.0,0,pos
FUN_010263,534,0.14217252396166133,6,pos_s1338_e1470_s1536_e1584_s1992_e2064_s2706_e2754_s2838_e2946_s3234_e3282,294,0.07827476038338659,4,pos_s1356_e1452_s2010_e2064_s2718_e2754_s2838_e2922
FUN_008706,156,0.07222222222222222,1,pos_s444_e594,30,0.013888888888888888,0,pos
FUN_015349,0,0.0,0,pos,0,0.0,0,pos
FUN_002982,0,0.0,0,pos,0,0.0,0,pos
FUN_009423,0,0.0,0,pos,0,0.0,0,pos
FUN_006760,72,0.012578616352201259,1,pos_s2856_e2928,0,0.0,0,pos
FUN_003453,0,0.0,0,pos,0,0.0,0,pos
FUN_010844,0,0.0,0,pos,0,0.0,0,pos
FUN_015905,0,0.0,0,pos,0,0.0,0,pos
FUN_010413,132,0.16541353383458646,3,pos_s192_e222_s522_e558_s714_e774,24,0.03007518796992481,0,pos
FUN_011174,276,0.10244988864142539,5,pos_s150_e186_s198_e264_s444_e474_s540_e576_s756_e804,114,0.042316258351893093,3,pos_s198_e234_s546_e576_s756_e786
FUN_004516,198,0.16923076923076924,2,pos_s108_e210_s978_e1044,42,0.035897435897435895,1,pos_s1008_e1038
FUN_011748,0,0.0,0,pos,0,0.0,0,pos
FUN_006505,0,0.0,0,pos,0,0.0,0,pos
FUN_004780,0,0.0,0,pos,0,0.0,0,pos
FUN_011541,0,0.0,0,pos,0,0.0,0,pos
FUN_011099,6,0.0047169811320754715,0,pos,0,0.0,0,pos
FUN_016844,0,0.0,0,pos,0,0.0,0,pos
FUN_004829,102,0.00588031822898651,2,pos_s10068_e10110_s12276_e12306,0,0.0,0,pos
FUN_004790,0,0.0,0,pos,0,0.0,0,pos
FUN_009711,0,0.0,0,pos,0,0.0,0,pos
FUN_004575,0,0.0,0,pos,0,0.0,0,pos
FUN_007750,0,0.0,0,pos,0,0.0,0,pos
FUN_000426,0,0.0,0,pos,0,0.0,0,pos
FUN_000977,0,0.0,0,pos,0,0.0,0,pos
FUN_002167,36,0.02586206896551724,0,pos,0,0.0,0,pos
FUN_002855,36,0.03409090909090909,0,pos,24,0.022727272727272728,0,pos
FUN_004355,186,0.06873614190687362,2,pos_s1194_e1290_s2400_e2490,84,0.031042128603104215,1,pos_s1224_e1290
FUN_012166,0,0.0,0,pos,0,0.0,0,pos
FUN_015353,0,0.0,0,pos,0,0.0,0,pos
FUN_006021,0,0.0,0,pos,0,0.0,0,pos
FUN_016728,0,0.0,0,pos,0,0.0,0,pos
FUN_002365,12,0.012658227848101266,0,pos,6,0.006329113924050633,0,pos
FUN_003857,0,0.0,0,pos,0,0.0,0,pos
FUN_009345,222,0.07628865979381444,3,pos_s480_e534_s732_e762_s2454_e2508,48,0.016494845360824743,0,pos
FUN_008118,36,0.014814814814814815,0,pos,0,0.0,0,pos
FUN_006598,0,0.0,0,pos,0,0.0,0,pos
FUN_011714,0,0.0,0,pos,0,0.0,0,pos
FUN_001460,102,0.10967741935483871,1,pos_s822_e912,12,0.012903225806451613,0,pos
FUN_012459,0,0.0,0,pos,0,0.0,0,pos
FUN_016847,0,0.0,0,pos,0,0.0,0,pos
FUN_003727,0,0.0,0,pos,0,0.0,0,pos
FUN_009881,0,0.0,0,pos,0,0.0,0,pos
FUN_007509,0,0.0,0,pos,0,0.0,0,pos
FUN_010331,0,0.0,0,pos,0,0.0,0,pos
FUN_001713,0,0.0,0,pos,0,0.0,0,pos
FUN_009687,0,0.0,0,pos,0,0.0,0,pos
FUN_002650,0,0.0,0,pos,0,0.0,0,pos
FUN_003190,0,0.0,0,pos,0,0.0,0,pos
FUN_016226,0,0.0,0,pos,0,0.0,0,pos
FUN_000962,6,0.0028735632183908046,0,pos,0,0.0,0,pos
FUN_002809,0,0.0,0,pos,0,0.0,0,pos
FUN_012469,0,0.0,0,pos,0,0.0,0,pos
FUN_015396,0,0.0,0,pos,0,0.0,0,pos
FUN_012263,0,0.0,0,pos,0,0.0,0,pos
FUN_004297,0,0.0,0,pos,0,0.0,0,pos
FUN_000260,0,0.0,0,pos,0,0.0,0,pos
FUN_006240,18,0.006493506493506494,0,pos,0,0.0,0,pos
FUN_008444,0,0.0,0,pos,0,0.0,0,pos
FUN_007143,12,0.01834862385321101,0,pos,0,0.0,0,pos
FUN_010014,0,0.0,0,pos,0,0.0,0,pos
FUN_001953,0,0.0,0,pos,0,0.0,0,pos
FUN_006834,0,0.0,0,pos,0,0.0,0,pos
FUN_016827,108,0.05099150141643059,1,pos_s48_e120,24,0.0113314447592068,0,pos
FUN_004781,0,0.0,0,pos,0,0.0,0,pos
FUN_000015,0,0.0,0,pos,0,0.0,0,pos
FUN_000439,6,0.023809523809523808,0,pos,0,0.0,0,pos
FUN_015547,0,0.0,0,pos,0,0.0,0,pos
FUN_004811,0,0.0,0,pos,0,0.0,0,pos
FUN_003811,0,0.0,0,pos,0,0.0,0,pos
FUN_012493,0,0.0,0,pos,0,0.0,0,pos
FUN_012389,372,0.08551724137931034,5,pos_s2220_e2268_s2562_e2598_s2658_e2736_s3288_e3318_s4092_e4164,36,0.008275862068965517,0,pos
FUN_001840,0,0.0,0,pos,0,0.0,0,pos
FUN_012353,0,0.0,0,pos,0,0.0,0,pos
FUN_008097,168,0.12121212121212122,2,pos_s558_e642_s1248_e1326,12,0.008658008658008658,0,pos
FUN_007855,0,0.0,0,pos,0,0.0,0,pos
FUN_001477,0,0.0,0,pos,0,0.0,0,pos
FUN_004447,0,0.0,0,pos,0,0.0,0,pos
FUN_012078,0,0.0,0,pos,0,0.0,0,pos
FUN_006221,24,0.014598540145985401,0,pos,0,0.0,0,pos
FUN_007155,138,0.13142857142857142,2,pos_s90_e132_s138_e210,36,0.03428571428571429,1,pos_s150_e186
FUN_007426,0,0.0,0,pos,0,0.0,0,pos
FUN_011333,0,0.0,0,pos,0,0.0,0,pos
FUN_016179,0,0.0,0,pos,0,0.0,0,pos
FUN_006507,0,0.0,0,pos,0,0.0,0,pos
FUN_004172,0,0.0,0,pos,0,0.0,0,pos
FUN_010208,0,0.0,0,pos,0,0.0,0,pos
FUN_012219,168,0.5,3,pos_s0_e72_s114_e144_s180_e228,66,0.19642857142857142,1,pos_s186_e216
FUN_008981,180,0.06593406593406594,3,pos_s228_e270_s2424_e2484_s2490_e2520,42,0.015384615384615385,1,pos_s2430_e2472
FUN_011428,42,0.030303030303030304,1,pos_s504_e540,0,0.0,0,pos
FUN_016131,0,0.0,0,pos,0,0.0,0,pos
FUN_005935,90,0.32608695652173914,1,pos_s102_e192,0,0.0,0,pos
FUN_000342,72,0.02569593147751606,2,pos_s660_e690_s2250_e2286,0,0.0,0,pos
FUN_004298,0,0.0,0,pos,0,0.0,0,pos
FUN_001768,18,0.045454545454545456,0,pos,12,0.030303030303030304,0,pos
FUN_008191,0,0.0,0,pos,0,0.0,0,pos
FUN_011948,0,0.0,0,pos,0,0.0,0,pos
FUN_004958,0,0.0,0,pos,0,0.0,0,pos
FUN_006999,0,0.0,0,pos,0,0.0,0,pos
FUN_015686,0,0.0,0,pos,0,0.0,0,pos
FUN_011775,0,0.0,0,pos,0,0.0,0,pos
FUN_000066,0,0.0,0,pos,0,0.0,0,pos
FUN_003812,102,0.06640625,2,pos_s540_e576_s582_e648,84,0.0546875,1,pos_s582_e642
FUN_007969,0,0.0,0,pos,0,0.0,0,pos
FUN_000526,42,0.007352941176470588,0,pos,0,0.0,0,pos
FUN_015844,0,0.0,0,pos,0,0.0,0,pos
FUN_002143,30,0.01488095238095238,0,pos,0,0.0,0,pos
FUN_016736,0,0.0,0,pos,0,0.0,0,pos
FUN_007862,0,0.0,0,pos,0,0.0,0,pos
FUN_016786,0,0.0,0,pos,0,0.0,0,pos
FUN_012541,0,0.0,0,pos,0,0.0,0,pos
FUN_004342,42,0.0374331550802139,0,pos,0,0.0,0,pos
FUN_002910,0,0.0,0,pos,0,0.0,0,pos
FUN_000880,174,0.03656998738965952,3,pos_s4158_e4212_s4242_e4272_s4398_e4464,36,0.007566204287515763,1,pos_s4428_e4464
FUN_009970,108,0.019189765458422176,1,pos_s3624_e3702,0,0.0,0,pos
FUN_010692,0,0.0,0,pos,0,0.0,0,pos
FUN_015917,0,0.0,0,pos,0,0.0,0,pos
FUN_000674,0,0.0,0,pos,0,0.0,0,pos
FUN_010214,30,0.018115942028985508,0,pos,0,0.0,0,pos
FUN_002174,0,0.0,0,pos,0,0.0,0,pos
FUN_004006,6,0.007352941176470588,0,pos,0,0.0,0,pos
FUN_002909,18,0.007317073170731708,0,pos,0,0.0,0,pos
FUN_006055,0,0.0,0,pos,0,0.0,0,pos
FUN_005124,0,0.0,0,pos,0,0.0,0,pos
FUN_005415,12,0.015748031496062992,0,pos,0,0.0,0,pos
FUN_002423,0,0.0,0,pos,0,0.0,0,pos
FUN_015668,0,0.0,0,pos,0,0.0,0,pos
FUN_004513,0,0.0,0,pos,0,0.0,0,pos
FUN_003860,0,0.0,0,pos,0,0.0,0,pos
FUN_010706,0,0.0,0,pos,0,0.0,0,pos
FUN_008001,0,0.0,0,pos,0,0.0,0,pos
FUN_004888,0,0.0,0,pos,0,0.0,0,pos
FUN_012479,0,0.0,0,pos,0,0.0,0,pos
FUN_007309,0,0.0,0,pos,0,0.0,0,pos
FUN_006633,0,0.0,0,pos,0,0.0,0,pos
FUN_012129,0,0.0,0,pos,0,0.0,0,pos
FUN_007052,0,0.0,0,pos,0,0.0,0,pos
FUN_005453,0,0.0,0,pos,0,0.0,0,pos
FUN_001980,0,0.0,0,pos,0,0.0,0,pos
FUN_012532,0,0.0,0,pos,0,0.0,0,pos
FUN_010341,0,0.0,0,pos,0,0.0,0,pos
FUN_000078,0,0.0,0,pos,0,0.0,0,pos
FUN_007030,12,0.007434944237918215,0,pos,6,0.0037174721189591076,0,pos
FUN_002037,54,0.049723756906077346,1,pos_s1020_e1068,0,0.0,0,pos
FUN_003251,0,0.0,0,pos,0,0.0,0,pos
FUN_000621,150,0.0070244450688395615,1,pos_s17958_e18006,0,0.0,0,pos
FUN_000131,132,0.01375,2,pos_s6810_e6852_s9354_e9390,18,0.001875,0,pos
FUN_011254,138,0.027218934911242602,1,pos_s2628_e2724,78,0.015384615384615385,1,pos_s2628_e2706
FUN_011784,0,0.0,0,pos,0,0.0,0,pos
FUN_016202,0,0.0,0,pos,0,0.0,0,pos
FUN_002478,0,0.0,0,pos,0,0.0,0,pos
FUN_010726,0,0.0,0,pos,0,0.0,0,pos
FUN_007012,0,0.0,0,pos,0,0.0,0,pos
FUN_010680,0,0.0,0,pos,0,0.0,0,pos
FUN_000139,6,0.006993006993006993,0,pos,0,0.0,0,pos
FUN_015426,0,0.0,0,pos,0,0.0,0,pos
FUN_003734,0,0.0,0,pos,0,0.0,0,pos
FUN_000209,0,0.0,0,pos,0,0.0,0,pos
FUN_001914,78,0.03757225433526012,1,pos_s1350_e1380,6,0.002890173410404624,0,pos
FUN_008258,0,0.0,0,pos,0,0.0,0,pos
FUN_008433,36,0.03296703296703297,1,pos_s168_e204,0,0.0,0,pos
FUN_010277,0,0.0,0,pos,0,0.0,0,pos
FUN_008441,0,0.0,0,pos,0,0.0,0,pos
FUN_015867,0,0.0,0,pos,0,0.0,0,pos
FUN_015300,0,0.0,0,pos,0,0.0,0,pos
FUN_002383,0,0.0,0,pos,0,0.0,0,pos
FUN_006084,0,0.0,0,pos,0,0.0,0,pos
FUN_006755,24,0.006546644844517185,0,pos,0,0.0,0,pos
FUN_001627,0,0.0,0,pos,0,0.0,0,pos
FUN_001929,0,0.0,0,pos,0,0.0,0,pos
FUN_000213,0,0.0,0,pos,0,0.0,0,pos
FUN_007632,0,0.0,0,pos,0,0.0,0,pos
FUN_002715,0,0.0,0,pos,0,0.0,0,pos
FUN_002592,0,0.0,0,pos,0,0.0,0,pos
FUN_009064,36,0.017543859649122806,1,pos_s1662_e1698,0,0.0,0,pos
FUN_006895,0,0.0,0,pos,0,0.0,0,pos
FUN_012384,0,0.0,0,pos,0,0.0,0,pos
FUN_007395,0,0.0,0,pos,0,0.0,0,pos
FUN_016435,0,0.0,0,pos,0,0.0,0,pos
FUN_001409,0,0.0,0,pos,0,0.0,0,pos
FUN_003013,0,0.0,0,pos,0,0.0,0,pos
FUN_016787,0,0.0,0,pos,0,0.0,0,pos
FUN_009860,90,0.11029411764705882,1,pos_s570_e642,12,0.014705882352941176,0,pos
FUN_010716,18,0.024390243902439025,0,pos,0,0.0,0,pos
FUN_008972,0,0.0,0,pos,0,0.0,0,pos
FUN_003161,0,0.0,0,pos,0,0.0,0,pos
FUN_012011,0,0.0,0,pos,0,0.0,0,pos
FUN_009416,192,0.1350210970464135,2,pos_s306_e390_s660_e750,24,0.016877637130801686,0,pos
FUN_010908,0,0.0,0,pos,0,0.0,0,pos
FUN_002332,0,0.0,0,pos,0,0.0,0,pos
FUN_002940,84,0.06763285024154589,1,pos_s366_e432,6,0.004830917874396135,0,pos
FUN_011581,0,0.0,0,pos,0,0.0,0,pos
FUN_011935,0,0.0,0,pos,0,0.0,0,pos
FUN_002097,0,0.0,0,pos,0,0.0,0,pos
FUN_010067,0,0.0,0,pos,0,0.0,0,pos
FUN_011184,0,0.0,0,pos,0,0.0,0,pos
FUN_001949,0,0.0,0,pos,0,0.0,0,pos
FUN_007334,0,0.0,0,pos,0,0.0,0,pos
FUN_000854,84,0.06334841628959276,2,pos_s48_e78_s762_e810,0,0.0,0,pos
FUN_007249,48,0.06557377049180328,0,pos,0,0.0,0,pos
FUN_003272,24,0.022857142857142857,0,pos,24,0.022857142857142857,0,pos
FUN_009388,0,0.0,0,pos,0,0.0,0,pos
FUN_001609,60,0.03484320557491289,1,pos_s588_e636,0,0.0,0,pos
FUN_006312,0,0.0,0,pos,0,0.0,0,pos
FUN_008553,0,0.0,0,pos,0,0.0,0,pos
FUN_008564,0,0.0,0,pos,0,0.0,0,pos
FUN_012374,0,0.0,0,pos,0,0.0,0,pos
FUN_011294,306,0.04788732394366197,3,pos_s3114_e3216_s4908_e5016_s5970_e6006,72,0.011267605633802818,1,pos_s3114_e3186
FUN_008823,0,0.0,0,pos,0,0.0,0,pos
FUN_010243,354,0.16573033707865167,5,pos_s438_e510_s804_e852_s1140_e1230_s1368_e1398_s1422_e1512,96,0.0449438202247191,2,pos_s804_e852_s1164_e1212
FUN_009058,0,0.0,0,pos,0,0.0,0,pos
FUN_016288,0,0.0,0,pos,0,0.0,0,pos
FUN_008599,0,0.0,0,pos,0,0.0,0,pos
FUN_001464,0,0.0,0,pos,0,0.0,0,pos
FUN_015996,0,0.0,0,pos,0,0.0,0,pos
FUN_011821,0,0.0,0,pos,0,0.0,0,pos
FUN_006045,18,0.002559726962457338,0,pos,0,0.0,0,pos
FUN_000668,0,0.0,0,pos,0,0.0,0,pos
FUN_011722,0,0.0,0,pos,0,0.0,0,pos
FUN_008211,138,0.13690476190476192,2,pos_s150_e192_s912_e966,66,0.06547619047619048,1,pos_s930_e966
FUN_006099,552,0.06483439041578576,5,pos_s2208_e2298_s2430_e2490_s2904_e3024_s3300_e3348_s3870_e3978,180,0.021141649048625793,3,pos_s2958_e3018_s3300_e3342_s3918_e3954
FUN_004528,0,0.0,0,pos,0,0.0,0,pos
FUN_009300,0,0.0,0,pos,0,0.0,0,pos
FUN_003610,18,0.01744186046511628,0,pos,0,0.0,0,pos
FUN_008175,54,0.036885245901639344,1,pos_s768_e822,0,0.0,0,pos
FUN_006248,54,0.030100334448160536,0,pos,0,0.0,0,pos
FUN_016678,0,0.0,0,pos,0,0.0,0,pos
FUN_009889,0,0.0,0,pos,0,0.0,0,pos
FUN_011520,0,0.0,0,pos,0,0.0,0,pos
FUN_000214,0,0.0,0,pos,0,0.0,0,pos
FUN_006890,0,0.0,0,pos,0,0.0,0,pos
FUN_010133,84,0.11764705882352941,0,pos,78,0.1092436974789916,0,pos
FUN_006702,0,0.0,0,pos,0,0.0,0,pos
FUN_004346,114,0.06291390728476821,1,pos_s792_e900,12,0.006622516556291391,0,pos
FUN_011492,0,0.0,0,pos,0,0.0,0,pos
FUN_011092,132,0.0830188679245283,2,pos_s330_e384_s744_e798,18,0.011320754716981131,0,pos
FUN_006954,12,0.006153846153846154,0,pos,0,0.0,0,pos
FUN_005281,0,0.0,0,pos,0,0.0,0,pos
FUN_009773,0,0.0,0,pos,0,0.0,0,pos
FUN_009856,18,0.006237006237006237,0,pos,0,0.0,0,pos
FUN_009145,126,0.25,1,pos_s198_e306,48,0.09523809523809523,1,pos_s198_e234
FUN_008326,0,0.0,0,pos,0,0.0,0,pos
FUN_000280,36,0.034482758620689655,1,pos_s0_e36,0,0.0,0,pos
FUN_000832,84,0.09722222222222222,2,pos_s570_e606_s648_e690,24,0.027777777777777776,0,pos
FUN_000959,42,0.0330188679245283,1,pos_s420_e450,0,0.0,0,pos
FUN_004147,0,0.0,0,pos,0,0.0,0,pos
FUN_002576,0,0.0,0,pos,0,0.0,0,pos
FUN_000230,0,0.0,0,pos,0,0.0,0,pos
FUN_011292,0,0.0,0,pos,0,0.0,0,pos
FUN_005436,0,0.0,0,pos,0,0.0,0,pos
FUN_005472,0,0.0,0,pos,0,0.0,0,pos
FUN_007343,0,0.0,0,pos,0,0.0,0,pos
FUN_012276,0,0.0,0,pos,0,0.0,0,pos
FUN_012242,0,0.0,0,pos,0,0.0,0,pos
FUN_005173,0,0.0,0,pos,0,0.0,0,pos
FUN_010712,450,0.32894736842105265,2,pos_s276_e564_s942_e1056,330,0.2412280701754386,3,pos_s282_e408_s492_e546_s942_e1056
FUN_012014,0,0.0,0,pos,0,0.0,0,pos
FUN_000152,0,0.0,0,pos,0,0.0,0,pos
FUN_003682,36,0.05454545454545454,1,pos_s402_e432,0,0.0,0,pos
FUN_000349,84,0.015945330296127564,2,pos_s192_e228_s618_e660,0,0.0,0,pos
FUN_004657,72,0.034482758620689655,1,pos_s228_e282,12,0.005747126436781609,0,pos
FUN_008698,0,0.0,0,pos,0,0.0,0,pos
FUN_016328,0,0.0,0,pos,0,0.0,0,pos
FUN_011583,0,0.0,0,pos,0,0.0,0,pos
FUN_001555,12,0.008333333333333333,0,pos,0,0.0,0,pos
FUN_008100,24,0.00816326530612245,0,pos,0,0.0,0,pos
FUN_002249,0,0.0,0,pos,0,0.0,0,pos
FUN_004458,0,0.0,0,pos,0,0.0,0,pos
FUN_002424,6,0.0014124293785310734,0,pos,0,0.0,0,pos
FUN_004296,0,0.0,0,pos,0,0.0,0,pos
FUN_006322,0,0.0,0,pos,0,0.0,0,pos
FUN_010784,0,0.0,0,pos,0,0.0,0,pos
FUN_007010,114,0.03015873015873016,1,pos_s3006_e3054,12,0.0031746031746031746,0,pos
FUN_001556,0,0.0,0,pos,0,0.0,0,pos
FUN_006821,156,0.23214285714285715,2,pos_s360_e408_s414_e522,102,0.15178571428571427,1,pos_s420_e522
FUN_015845,0,0.0,0,pos,0,0.0,0,pos
FUN_003876,0,0.0,0,pos,0,0.0,0,pos
FUN_006048,0,0.0,0,pos,0,0.0,0,pos
FUN_015535,0,0.0,0,pos,0,0.0,0,pos
FUN_003472,30,0.04424778761061947,0,pos,12,0.017699115044247787,0,pos
FUN_002587,0,0.0,0,pos,0,0.0,0,pos
FUN_010504,126,0.05660377358490566,2,pos_s444_e516_s930_e966,6,0.0026954177897574125,0,pos
FUN_000774,0,0.0,0,pos,0,0.0,0,pos
FUN_003746,162,0.10424710424710425,3,pos_s624_e666_s678_e708_s1206_e1260,30,0.019305019305019305,0,pos
FUN_010455,6,0.002188183807439825,0,pos,0,0.0,0,pos
FUN_000975,0,0.0,0,pos,0,0.0,0,pos
FUN_002553,42,0.025735294117647058,1,pos_s108_e150,18,0.011029411764705883,0,pos
FUN_010548,0,0.0,0,pos,0,0.0,0,pos
FUN_000562,0,0.0,0,pos,0,0.0,0,pos
FUN_006369,54,0.04186046511627907,1,pos_s690_e744,0,0.0,0,pos
FUN_015936,0,0.0,0,pos,0,0.0,0,pos
FUN_011588,0,0.0,0,pos,0,0.0,0,pos
FUN_011864,0,0.0,0,pos,0,0.0,0,pos
FUN_005414,30,0.060240963855421686,1,pos_s78_e108,0,0.0,0,pos
FUN_010477,0,0.0,0,pos,0,0.0,0,pos
FUN_002607,0,0.0,0,pos,0,0.0,0,pos
FUN_007415,0,0.0,0,pos,0,0.0,0,pos
FUN_000555,0,0.0,0,pos,0,0.0,0,pos
FUN_001971,0,0.0,0,pos,0,0.0,0,pos
FUN_012364,0,0.0,0,pos,0,0.0,0,pos
FUN_012237,0,0.0,0,pos,0,0.0,0,pos
FUN_004553,0,0.0,0,pos,0,0.0,0,pos
FUN_007589,0,0.0,0,pos,0,0.0,0,pos
FUN_006545,0,0.0,0,pos,0,0.0,0,pos
FUN_005288,0,0.0,0,pos,0,0.0,0,pos
FUN_001509,0,0.0,0,pos,0,0.0,0,pos
FUN_001037,0,0.0,0,pos,0,0.0,0,pos
FUN_004587,42,0.022151898734177215,1,pos_s294_e336,0,0.0,0,pos
FUN_007495,0,0.0,0,pos,0,0.0,0,pos
FUN_002412,0,0.0,0,pos,0,0.0,0,pos
FUN_015986,132,0.18032786885245902,1,pos_s96_e228,114,0.1557377049180328,1,pos_s114_e228
FUN_015421,0,0.0,0,pos,0,0.0,0,pos
FUN_012212,0,0.0,0,pos,0,0.0,0,pos
FUN_008648,0,0.0,0,pos,0,0.0,0,pos
FUN_003317,0,0.0,0,pos,0,0.0,0,pos
FUN_012184,0,0.0,0,pos,0,0.0,0,pos
FUN_009253,0,0.0,0,pos,0,0.0,0,pos
FUN_001366,0,0.0,0,pos,0,0.0,0,pos
FUN_011087,174,0.4264705882352941,3,pos_s6_e120_s192_e222_s366_e396,54,0.1323529411764706,1,pos_s24_e78
FUN_009934,48,0.041237113402061855,0,pos,0,0.0,0,pos
FUN_002426,0,0.0,0,pos,0,0.0,0,pos
FUN_001444,42,0.03225806451612903,1,pos_s624_e666,0,0.0,0,pos
FUN_010963,0,0.0,0,pos,0,0.0,0,pos
FUN_002860,0,0.0,0,pos,0,0.0,0,pos
FUN_016761,108,0.11920529801324503,2,pos_s582_e654_s660_e696,0,0.0,0,pos
FUN_004992,102,0.06296296296296296,2,pos_s1362_e1404_s1434_e1470,6,0.003703703703703704,0,pos
FUN_011771,0,0.0,0,pos,0,0.0,0,pos
FUN_000698,0,0.0,0,pos,0,0.0,0,pos
FUN_011774,0,0.0,0,pos,0,0.0,0,pos
FUN_016180,0,0.0,0,pos,0,0.0,0,pos
FUN_000541,0,0.0,0,pos,0,0.0,0,pos
FUN_006696,162,0.048824593128390596,1,pos_s1098_e1128,0,0.0,0,pos
FUN_016843,0,0.0,0,pos,0,0.0,0,pos
FUN_005217,0,0.0,0,pos,0,0.0,0,pos
FUN_006083,12,0.0009671179883945841,0,pos,0,0.0,0,pos
FUN_015763,0,0.0,0,pos,0,0.0,0,pos
FUN_002943,0,0.0,0,pos,0,0.0,0,pos
FUN_009497,0,0.0,0,pos,0,0.0,0,pos
FUN_000142,90,0.03138075313807531,1,pos_s1824_e1914,0,0.0,0,pos
FUN_009976,120,0.11560693641618497,2,pos_s366_e414_s792_e834,42,0.04046242774566474,1,pos_s366_e408
FUN_003840,0,0.0,0,pos,0,0.0,0,pos
FUN_004215,48,0.026578073089700997,1,pos_s1758_e1794,30,0.016611295681063124,0,pos
FUN_016287,0,0.0,0,pos,0,0.0,0,pos
FUN_006721,0,0.0,0,pos,0,0.0,0,pos
FUN_001900,84,0.03146067415730337,1,pos_s2046_e2076,0,0.0,0,pos
FUN_003344,18,0.008086253369272238,0,pos,18,0.008086253369272238,0,pos
FUN_012117,0,0.0,0,pos,0,0.0,0,pos
FUN_012213,0,0.0,0,pos,0,0.0,0,pos
FUN_009898,270,0.055693069306930694,2,pos_s2118_e2190_s3294_e3366,54,0.011138613861386138,1,pos_s3312_e3342
FUN_005390,0,0.0,0,pos,0,0.0,0,pos
FUN_009657,0,0.0,0,pos,0,0.0,0,pos
FUN_001952,342,0.12391304347826088,6,pos_s564_e636_s642_e672_s996_e1038_s1218_e1272_s2064_e2100_s2334_e2376,84,0.030434782608695653,1,pos_s2334_e2376
FUN_015928,0,0.0,0,pos,0,0.0,0,pos
FUN_000613,0,0.0,0,pos,0,0.0,0,pos
FUN_002083,6,0.0034129692832764505,0,pos,0,0.0,0,pos
FUN_006838,0,0.0,0,pos,0,0.0,0,pos
FUN_001543,12,0.017391304347826087,0,pos,6,0.008695652173913044,0,pos
FUN_005235,0,0.0,0,pos,0,0.0,0,pos
FUN_011855,0,0.0,0,pos,0,0.0,0,pos
FUN_001431,18,0.003115264797507788,0,pos,0,0.0,0,pos
FUN_004982,0,0.0,0,pos,0,0.0,0,pos
FUN_012409,126,0.05675675675675676,1,pos_s630_e726,42,0.01891891891891892,1,pos_s690_e726
FUN_016441,0,0.0,0,pos,0,0.0,0,pos
FUN_009379,0,0.0,0,pos,0,0.0,0,pos
FUN_008583,0,0.0,0,pos,0,0.0,0,pos
FUN_010091,0,0.0,0,pos,0,0.0,0,pos
FUN_009462,0,0.0,0,pos,0,0.0,0,pos
FUN_008232,12,0.019417475728155338,0,pos,0,0.0,0,pos
FUN_008252,0,0.0,0,pos,0,0.0,0,pos
FUN_012207,0,0.0,0,pos,0,0.0,0,pos
FUN_001120,0,0.0,0,pos,0,0.0,0,pos
FUN_004832,0,0.0,0,pos,0,0.0,0,pos
FUN_010391,0,0.0,0,pos,0,0.0,0,pos
FUN_012144,0,0.0,0,pos,0,0.0,0,pos
FUN_006939,30,0.07462686567164178,0,pos,0,0.0,0,pos
FUN_006933,0,0.0,0,pos,0,0.0,0,pos
FUN_009671,0,0.0,0,pos,0,0.0,0,pos
FUN_006559,0,0.0,0,pos,0,0.0,0,pos
FUN_002938,0,0.0,0,pos,0,0.0,0,pos
FUN_006867,132,0.10784313725490197,2,pos_s0_e90_s264_e294,36,0.029411764705882353,0,pos
FUN_011620,0,0.0,0,pos,0,0.0,0,pos
FUN_010552,0,0.0,0,pos,0,0.0,0,pos
FUN_005609,24,0.008639308855291577,0,pos,0,0.0,0,pos
FUN_015258,0,0.0,0,pos,0,0.0,0,pos
FUN_001894,0,0.0,0,pos,0,0.0,0,pos
FUN_008328,0,0.0,0,pos,0,0.0,0,pos
FUN_010396,0,0.0,0,pos,0,0.0,0,pos
FUN_000521,114,0.03486238532110092,2,pos_s2520_e2580_s3102_e3156,36,0.011009174311926606,1,pos_s3102_e3132
FUN_016568,0,0.0,0,pos,0,0.0,0,pos
FUN_008506,48,0.049079754601226995,0,pos,6,0.006134969325153374,0,pos
FUN_009719,0,0.0,0,pos,0,0.0,0,pos
FUN_006618,0,0.0,0,pos,0,0.0,0,pos
FUN_001789,6,0.002702702702702703,0,pos,0,0.0,0,pos
FUN_005003,0,0.0,0,pos,0,0.0,0,pos
FUN_000998,168,0.018288700195950358,2,pos_s6852_e6936_s8310_e8370,30,0.0032658393207054214,0,pos
FUN_011760,0,0.0,0,pos,0,0.0,0,pos
FUN_003494,0,0.0,0,pos,0,0.0,0,pos
FUN_002276,0,0.0,0,pos,0,0.0,0,pos
FUN_008531,120,0.03838771593090211,2,pos_s2970_e3024_s3036_e3096,66,0.02111324376199616,1,pos_s3042_e3090
FUN_005618,0,0.0,0,pos,0,0.0,0,pos
FUN_016078,0,0.0,0,pos,0,0.0,0,pos
FUN_008730,54,0.13636363636363635,1,pos_s258_e312,0,0.0,0,pos
FUN_003704,0,0.0,0,pos,0,0.0,0,pos
FUN_001510,0,0.0,0,pos,0,0.0,0,pos
FUN_009725,24,0.035398230088495575,0,pos,0,0.0,0,pos
FUN_005868,60,0.015408320493066256,1,pos_s1560_e1620,6,0.0015408320493066256,0,pos
FUN_012254,0,0.0,0,pos,0,0.0,0,pos
FUN_000021,0,0.0,0,pos,0,0.0,0,pos
FUN_003920,24,0.006389776357827476,0,pos,0,0.0,0,pos
FUN_002090,0,0.0,0,pos,0,0.0,0,pos
FUN_000424,0,0.0,0,pos,0,0.0,0,pos
FUN_001640,6,0.008403361344537815,0,pos,0,0.0,0,pos
FUN_007641,0,0.0,0,pos,0,0.0,0,pos
FUN_012492,0,0.0,0,pos,0,0.0,0,pos
FUN_001329,12,0.01,0,pos,0,0.0,0,pos
FUN_009897,0,0.0,0,pos,0,0.0,0,pos
FUN_005434,0,0.0,0,pos,0,0.0,0,pos
FUN_011175,204,0.03736263736263736,2,pos_s912_e942_s1368_e1494,78,0.014285714285714285,1,pos_s1416_e1482
FUN_001960,138,0.0701219512195122,2,pos_s1110_e1188_s1356_e1398,0,0.0,0,pos
FUN_001931,0,0.0,0,pos,0,0.0,0,pos
FUN_009409,78,0.02748414376321353,1,pos_s630_e696,60,0.021141649048625793,1,pos_s630_e666
FUN_009999,0,0.0,0,pos,0,0.0,0,pos
FUN_010837,0,0.0,0,pos,0,0.0,0,pos
FUN_015727,0,0.0,0,pos,0,0.0,0,pos
FUN_009655,0,0.0,0,pos,0,0.0,0,pos
FUN_004350,0,0.0,0,pos,0,0.0,0,pos
FUN_008286,0,0.0,0,pos,0,0.0,0,pos
FUN_006258,96,0.14285714285714285,1,pos_s510_e588,66,0.09821428571428571,1,pos_s540_e588
FUN_000228,0,0.0,0,pos,0,0.0,0,pos
FUN_015387,0,0.0,0,pos,0,0.0,0,pos
FUN_011802,6,0.003125,0,pos,0,0.0,0,pos
FUN_002152,12,0.014814814814814815,0,pos,0,0.0,0,pos
FUN_010807,162,0.05242718446601942,1,pos_s2526_e2628,0,0.0,0,pos
FUN_001450,0,0.0,0,pos,0,0.0,0,pos
FUN_002546,0,0.0,0,pos,0,0.0,0,pos
FUN_006016,0,0.0,0,pos,0,0.0,0,pos
FUN_003790,0,0.0,0,pos,0,0.0,0,pos
FUN_006191,0,0.0,0,pos,0,0.0,0,pos
FUN_001016,0,0.0,0,pos,0,0.0,0,pos
FUN_008651,18,0.023076923076923078,0,pos,6,0.007692307692307693,0,pos
FUN_008360,0,0.0,0,pos,0,0.0,0,pos
FUN_016583,0,0.0,0,pos,0,0.0,0,pos
FUN_000610,0,0.0,0,pos,0,0.0,0,pos
FUN_000072,0,0.0,0,pos,0,0.0,0,pos
FUN_001266,0,0.0,0,pos,0,0.0,0,pos
FUN_007451,0,0.0,0,pos,0,0.0,0,pos
FUN_000986,0,0.0,0,pos,0,0.0,0,pos
FUN_008689,36,0.016853932584269662,1,pos_s324_e354,0,0.0,0,pos
FUN_004747,0,0.0,0,pos,0,0.0,0,pos
FUN_006219,0,0.0,0,pos,0,0.0,0,pos
FUN_011759,0,0.0,0,pos,0,0.0,0,pos
FUN_011250,0,0.0,0,pos,0,0.0,0,pos
FUN_004768,0,0.0,0,pos,0,0.0,0,pos
FUN_002739,0,0.0,0,pos,0,0.0,0,pos
FUN_012172,0,0.0,0,pos,0,0.0,0,pos
FUN_005458,0,0.0,0,pos,0,0.0,0,pos
FUN_001226,0,0.0,0,pos,0,0.0,0,pos
FUN_007696,0,0.0,0,pos,0,0.0,0,pos
FUN_004149,0,0.0,0,pos,0,0.0,0,pos
FUN_003380,0,0.0,0,pos,0,0.0,0,pos
FUN_006972,0,0.0,0,pos,0,0.0,0,pos
FUN_011761,0,0.0,0,pos,0,0.0,0,pos
FUN_009839,30,0.010638297872340425,1,pos_s1770_e1800,0,0.0,0,pos
FUN_016605,0,0.0,0,pos,0,0.0,0,pos
FUN_003815,102,0.035269709543568464,1,pos_s408_e492,6,0.002074688796680498,0,pos
FUN_004729,102,0.04096385542168675,1,pos_s1128_e1230,48,0.01927710843373494,1,pos_s1164_e1212
FUN_016196,0,0.0,0,pos,0,0.0,0,pos
FUN_003268,0,0.0,0,pos,0,0.0,0,pos
FUN_011432,30,0.03937007874015748,0,pos,18,0.023622047244094488,0,pos
FUN_001243,0,0.0,0,pos,0,0.0,0,pos
FUN_016723,0,0.0,0,pos,0,0.0,0,pos
FUN_008457,12,0.021739130434782608,0,pos,0,0.0,0,pos
FUN_007006,48,0.010869565217391304,1,pos_s0_e36,0,0.0,0,pos
FUN_001056,0,0.0,0,pos,0,0.0,0,pos
FUN_015639,0,0.0,0,pos,0,0.0,0,pos
FUN_006626,84,0.15217391304347827,2,pos_s438_e480_s486_e528,0,0.0,0,pos
FUN_004370,108,0.020761245674740483,2,pos_s168_e198_s762_e840,0,0.0,0,pos
FUN_000618,6,0.002364066193853428,0,pos,0,0.0,0,pos
FUN_008102,0,0.0,0,pos,0,0.0,0,pos
FUN_009629,54,0.028037383177570093,1,pos_s534_e570,0,0.0,0,pos
FUN_003913,0,0.0,0,pos,0,0.0,0,pos
FUN_015424,0,0.0,0,pos,0,0.0,0,pos
FUN_008735,0,0.0,0,pos,0,0.0,0,pos
FUN_003583,0,0.0,0,pos,0,0.0,0,pos
FUN_010979,252,0.04057971014492753,3,pos_s2712_e2778_s5226_e5262_s6048_e6162,60,0.00966183574879227,1,pos_s6090_e6138
FUN_005023,18,0.0057251908396946565,0,pos,0,0.0,0,pos
FUN_001275,0,0.0,0,pos,0,0.0,0,pos
FUN_007741,42,0.1206896551724138,0,pos,0,0.0,0,pos
FUN_001009,0,0.0,0,pos,0,0.0,0,pos
FUN_006304,0,0.0,0,pos,0,0.0,0,pos
FUN_006622,126,0.15217391304347827,1,pos_s504_e564,18,0.021739130434782608,0,pos
FUN_006259,42,0.25925925925925924,1,pos_s114_e156,6,0.037037037037037035,0,pos
FUN_010383,0,0.0,0,pos,0,0.0,0,pos
FUN_010596,0,0.0,0,pos,0,0.0,0,pos
FUN_008715,0,0.0,0,pos,0,0.0,0,pos
FUN_005765,0,0.0,0,pos,0,0.0,0,pos
FUN_012335,0,0.0,0,pos,0,0.0,0,pos
FUN_009252,0,0.0,0,pos,0,0.0,0,pos
FUN_016838,0,0.0,0,pos,0,0.0,0,pos
FUN_003749,96,0.05423728813559322,1,pos_s354_e408,0,0.0,0,pos
FUN_006911,0,0.0,0,pos,0,0.0,0,pos
FUN_010525,0,0.0,0,pos,0,0.0,0,pos
FUN_002858,0,0.0,0,pos,0,0.0,0,pos
FUN_003443,366,0.13260869565217392,6,pos_s12_e54_s90_e144_s576_e636_s1494_e1530_s2592_e2640_s2652_e2712,90,0.03260869565217391,2,pos_s2604_e2640_s2652_e2706
FUN_006806,0,0.0,0,pos,0,0.0,0,pos
FUN_015991,0,0.0,0,pos,0,0.0,0,pos
FUN_009439,0,0.0,0,pos,0,0.0,0,pos
FUN_003147,0,0.0,0,pos,0,0.0,0,pos
FUN_008624,0,0.0,0,pos,0,0.0,0,pos
FUN_011224,102,0.03353057199211045,1,pos_s2790_e2868,0,0.0,0,pos
FUN_005835,0,0.0,0,pos,0,0.0,0,pos
FUN_012073,0,0.0,0,pos,0,0.0,0,pos
FUN_015485,0,0.0,0,pos,0,0.0,0,pos
FUN_016826,0,0.0,0,pos,0,0.0,0,pos
FUN_012245,0,0.0,0,pos,0,0.0,0,pos
FUN_009814,0,0.0,0,pos,0,0.0,0,pos
FUN_002336,312,0.12560386473429952,4,pos_s540_e654_s1086_e1116_s1434_e1488_s1944_e2010,162,0.06521739130434782,1,pos_s540_e654
FUN_010502,0,0.0,0,pos,0,0.0,0,pos
FUN_011809,0,0.0,0,pos,0,0.0,0,pos
FUN_004416,0,0.0,0,pos,0,0.0,0,pos
FUN_012132,0,0.0,0,pos,0,0.0,0,pos
FUN_015541,0,0.0,0,pos,0,0.0,0,pos
FUN_001937,24,0.07407407407407407,0,pos,0,0.0,0,pos
FUN_011019,30,0.04201680672268908,1,pos_s276_e306,0,0.0,0,pos
FUN_010650,0,0.0,0,pos,0,0.0,0,pos
FUN_009962,0,0.0,0,pos,0,0.0,0,pos
FUN_000178,18,0.005905511811023622,0,pos,0,0.0,0,pos
FUN_006865,0,0.0,0,pos,0,0.0,0,pos
FUN_015272,0,0.0,0,pos,0,0.0,0,pos
FUN_008395,24,0.008695652173913044,0,pos,12,0.004347826086956522,0,pos
FUN_006658,24,0.029850746268656716,0,pos,0,0.0,0,pos
FUN_010673,30,0.013927576601671309,1,pos_s336_e366,0,0.0,0,pos
FUN_005696,336,0.0311284046692607,4,pos_s234_e276_s1176_e1284_s6702_e6756_s7386_e7422,156,0.014452473596442469,3,pos_s1182_e1260_s6720_e6756_s7386_e7422
FUN_005771,0,0.0,0,pos,0,0.0,0,pos
FUN_007092,54,0.03474903474903475,1,pos_s54_e108,0,0.0,0,pos
FUN_009565,0,0.0,0,pos,0,0.0,0,pos
FUN_005681,156,0.08637873754152824,2,pos_s96_e150_s1026_e1128,0,0.0,0,pos
FUN_009480,72,0.42857142857142855,1,pos_s18_e66,18,0.10714285714285714,0,pos
FUN_015883,0,0.0,0,pos,0,0.0,0,pos
FUN_016246,0,0.0,0,pos,0,0.0,0,pos
FUN_004048,126,0.06382978723404255,1,pos_s462_e522,48,0.0243161094224924,0,pos
FUN_008930,114,0.08260869565217391,2,pos_s96_e126_s138_e174,0,0.0,0,pos
FUN_010882,0,0.0,0,pos,0,0.0,0,pos
FUN_008820,18,0.021897810218978103,0,pos,0,0.0,0,pos
FUN_011380,144,0.2962962962962963,2,pos_s30_e126_s204_e234,18,0.037037037037037035,0,pos
FUN_002496,24,0.02857142857142857,0,pos,0,0.0,0,pos
FUN_008843,0,0.0,0,pos,0,0.0,0,pos
FUN_011080,120,0.034013605442176874,2,pos_s840_e870_s1620_e1650,24,0.006802721088435374,0,pos
FUN_005662,0,0.0,0,pos,0,0.0,0,pos
FUN_011521,0,0.0,0,pos,0,0.0,0,pos
FUN_005768,0,0.0,0,pos,0,0.0,0,pos
FUN_008465,42,0.023255813953488372,0,pos,6,0.0033222591362126247,0,pos
FUN_002873,42,0.03153153153153153,1,pos_s156_e198,0,0.0,0,pos
FUN_003502,174,0.07901907356948229,1,pos_s900_e1014,54,0.02452316076294278,1,pos_s954_e1002
FUN_002567,66,0.045454545454545456,1,pos_s1302_e1368,0,0.0,0,pos
FUN_009973,0,0.0,0,pos,0,0.0,0,pos
FUN_002631,0,0.0,0,pos,0,0.0,0,pos
FUN_008250,162,0.04205607476635514,2,pos_s60_e150_s438_e504,66,0.017133956386292833,1,pos_s96_e150
FUN_002953,0,0.0,0,pos,0,0.0,0,pos
FUN_006607,0,0.0,0,pos,0,0.0,0,pos
FUN_005920,0,0.0,0,pos,0,0.0,0,pos
FUN_011112,0,0.0,0,pos,0,0.0,0,pos
FUN_012235,0,0.0,0,pos,0,0.0,0,pos
FUN_001675,0,0.0,0,pos,0,0.0,0,pos
FUN_008110,30,0.03676470588235294,1,pos_s192_e222,0,0.0,0,pos
FUN_001278,84,0.03431372549019608,1,pos_s1734_e1818,18,0.007352941176470588,0,pos
FUN_004427,6,0.0030120481927710845,0,pos,0,0.0,0,pos
FUN_000429,0,0.0,0,pos,0,0.0,0,pos
FUN_002045,126,0.2441860465116279,1,pos_s120_e210,12,0.023255813953488372,0,pos
FUN_002479,0,0.0,0,pos,0,0.0,0,pos
FUN_009871,0,0.0,0,pos,0,0.0,0,pos
FUN_010923,0,0.0,0,pos,0,0.0,0,pos
FUN_010469,0,0.0,0,pos,0,0.0,0,pos
FUN_001828,96,0.026446280991735537,1,pos_s1002_e1068,0,0.0,0,pos
FUN_005148,0,0.0,0,pos,0,0.0,0,pos
FUN_016659,0,0.0,0,pos,0,0.0,0,pos
FUN_000108,0,0.0,0,pos,0,0.0,0,pos
FUN_008460,0,0.0,0,pos,0,0.0,0,pos
FUN_010038,84,0.04472843450479233,1,pos_s768_e852,0,0.0,0,pos
FUN_001486,6,0.015625,0,pos,0,0.0,0,pos
FUN_005795,0,0.0,0,pos,0,0.0,0,pos
FUN_011590,0,0.0,0,pos,0,0.0,0,pos
FUN_009990,0,0.0,0,pos,0,0.0,0,pos
FUN_016041,0,0.0,0,pos,0,0.0,0,pos
FUN_002659,0,0.0,0,pos,0,0.0,0,pos
FUN_010966,228,0.10857142857142857,3,pos_s132_e162_s174_e222_s828_e918,0,0.0,0,pos
FUN_012441,0,0.0,0,pos,0,0.0,0,pos
FUN_007624,0,0.0,0,pos,0,0.0,0,pos
FUN_015283,0,0.0,0,pos,0,0.0,0,pos
FUN_002965,0,0.0,0,pos,0,0.0,0,pos
FUN_004563,24,0.015151515151515152,0,pos,0,0.0,0,pos
FUN_011044,72,0.25,1,pos_s0_e66,48,0.16666666666666666,1,pos_s0_e30
FUN_007836,0,0.0,0,pos,0,0.0,0,pos
FUN_006829,0,0.0,0,pos,0,0.0,0,pos
FUN_009721,30,0.011764705882352941,0,pos,0,0.0,0,pos
FUN_009766,24,0.01834862385321101,0,pos,0,0.0,0,pos
FUN_003906,138,0.05054945054945055,2,pos_s174_e216_s1440_e1506,54,0.01978021978021978,1,pos_s1452_e1506
FUN_007560,0,0.0,0,pos,0,0.0,0,pos
FUN_005551,0,0.0,0,pos,0,0.0,0,pos
FUN_011054,0,0.0,0,pos,0,0.0,0,pos
FUN_016570,0,0.0,0,pos,0,0.0,0,pos
FUN_011623,0,0.0,0,pos,0,0.0,0,pos
FUN_011230,0,0.0,0,pos,0,0.0,0,pos
FUN_009985,12,0.05714285714285714,0,pos,12,0.05714285714285714,0,pos
FUN_009512,186,0.1834319526627219,2,pos_s564_e624_s714_e768,18,0.01775147928994083,0,pos
FUN_011978,0,0.0,0,pos,0,0.0,0,pos
FUN_012543,0,0.0,0,pos,0,0.0,0,pos
FUN_002575,0,0.0,0,pos,0,0.0,0,pos
FUN_010758,0,0.0,0,pos,0,0.0,0,pos
FUN_009205,0,0.0,0,pos,0,0.0,0,pos
FUN_005226,36,0.013888888888888888,1,pos_s2262_e2292,0,0.0,0,pos
FUN_002826,0,0.0,0,pos,0,0.0,0,pos
FUN_009384,0,0.0,0,pos,0,0.0,0,pos
FUN_008995,126,0.015706806282722512,1,pos_s6558_e6606,12,0.0014958863126402393,0,pos
FUN_004452,36,0.1111111111111111,1,pos_s114_e150,0,0.0,0,pos
FUN_004193,30,0.00980392156862745,0,pos,0,0.0,0,pos
FUN_003213,0,0.0,0,pos,0,0.0,0,pos
FUN_003282,6,0.006172839506172839,0,pos,0,0.0,0,pos
FUN_011302,0,0.0,0,pos,0,0.0,0,pos
FUN_007522,36,0.004316546762589928,0,pos,0,0.0,0,pos
FUN_005149,0,0.0,0,pos,0,0.0,0,pos
FUN_011126,0,0.0,0,pos,0,0.0,0,pos
FUN_016515,0,0.0,0,pos,0,0.0,0,pos
FUN_006332,0,0.0,0,pos,0,0.0,0,pos
FUN_007908,0,0.0,0,pos,0,0.0,0,pos
FUN_004258,12,0.0136986301369863,0,pos,0,0.0,0,pos
FUN_006522,90,0.041666666666666664,2,pos_s300_e336_s1848_e1902,0,0.0,0,pos
FUN_001551,6,0.003937007874015748,0,pos,0,0.0,0,pos
FUN_008399,0,0.0,0,pos,0,0.0,0,pos
FUN_011869,0,0.0,0,pos,0,0.0,0,pos
FUN_004492,138,0.07033639143730887,2,pos_s510_e594_s606_e660,66,0.03363914373088685,1,pos_s534_e582
FUN_016281,0,0.0,0,pos,0,0.0,0,pos
FUN_016071,0,0.0,0,pos,0,0.0,0,pos
FUN_011191,0,0.0,0,pos,0,0.0,0,pos
FUN_006041,12,0.013157894736842105,0,pos,0,0.0,0,pos
FUN_004499,0,0.0,0,pos,0,0.0,0,pos
FUN_007660,36,0.02097902097902098,0,pos,0,0.0,0,pos
FUN_007402,0,0.0,0,pos,0,0.0,0,pos
FUN_012196,0,0.0,0,pos,0,0.0,0,pos
FUN_008833,6,0.0015772870662460567,0,pos,6,0.0015772870662460567,0,pos
FUN_004809,6,0.014925373134328358,0,pos,0,0.0,0,pos
FUN_003982,0,0.0,0,pos,0,0.0,0,pos
FUN_009215,72,0.005813953488372093,1,pos_s11964_e12012,0,0.0,0,pos
FUN_016176,0,0.0,0,pos,0,0.0,0,pos
FUN_000258,0,0.0,0,pos,0,0.0,0,pos
FUN_003691,0,0.0,0,pos,0,0.0,0,pos
FUN_015911,0,0.0,0,pos,0,0.0,0,pos
FUN_000957,0,0.0,0,pos,0,0.0,0,pos
FUN_006910,0,0.0,0,pos,0,0.0,0,pos
FUN_004799,0,0.0,0,pos,0,0.0,0,pos
FUN_012205,0,0.0,0,pos,0,0.0,0,pos
FUN_000011,402,0.07519640852974187,5,pos_s240_e276_s1452_e1482_s3378_e3492_s3690_e3726_s4902_e5004,156,0.029180695847362513,2,pos_s3378_e3492_s4956_e4992
FUN_010484,0,0.0,0,pos,0,0.0,0,pos
FUN_000978,0,0.0,0,pos,0,0.0,0,pos
FUN_006374,0,0.0,0,pos,0,0.0,0,pos
FUN_010639,0,0.0,0,pos,0,0.0,0,pos
FUN_006330,0,0.0,0,pos,0,0.0,0,pos
FUN_011266,30,0.01,0,pos,0,0.0,0,pos
FUN_008437,0,0.0,0,pos,0,0.0,0,pos
FUN_009793,0,0.0,0,pos,0,0.0,0,pos
FUN_009398,0,0.0,0,pos,0,0.0,0,pos
FUN_016780,0,0.0,0,pos,0,0.0,0,pos
FUN_006089,108,0.144,1,pos_s270_e378,24,0.032,0,pos
FUN_004750,36,0.02120141342756184,0,pos,18,0.01060070671378092,0,pos
FUN_002847,0,0.0,0,pos,0,0.0,0,pos
FUN_003429,270,0.045090180360721446,5,pos_s1836_e1884_s2004_e2052_s3186_e3234_s3300_e3378_s4992_e5022,108,0.018036072144288578,2,pos_s1842_e1878_s2022_e2052
FUN_001201,0,0.0,0,pos,0,0.0,0,pos
FUN_002088,0,0.0,0,pos,0,0.0,0,pos
FUN_001100,84,0.04294478527607362,0,pos,84,0.04294478527607362,0,pos
FUN_000516,366,0.07448107448107448,4,pos_s2616_e2664_s2910_e3024_s3084_e3138_s3204_e3276,108,0.02197802197802198,2,pos_s2928_e2964_s3228_e3270
FUN_009053,0,0.0,0,pos,0,0.0,0,pos
FUN_007381,0,0.0,0,pos,0,0.0,0,pos
FUN_009652,384,0.024205748865355523,7,pos_s840_e882_s2658_e2688_s2796_e2838_s3588_e3618_s10302_e10338_s11418_e11478_s13350_e13392,36,0.0022692889561270802,0,pos
FUN_015752,0,0.0,0,pos,0,0.0,0,pos
FUN_008452,0,0.0,0,pos,0,0.0,0,pos
FUN_001136,0,0.0,0,pos,0,0.0,0,pos
FUN_006030,0,0.0,0,pos,0,0.0,0,pos
FUN_011566,0,0.0,0,pos,0,0.0,0,pos
FUN_000893,0,0.0,0,pos,0,0.0,0,pos
FUN_007806,0,0.0,0,pos,0,0.0,0,pos
FUN_009344,108,0.08450704225352113,1,pos_s468_e576,54,0.04225352112676056,1,pos_s504_e558
FUN_011561,36,0.029850746268656716,1,pos_s1158_e1194,0,0.0,0,pos
FUN_000264,6,0.015873015873015872,0,pos,0,0.0,0,pos
FUN_015946,0,0.0,0,pos,0,0.0,0,pos
FUN_001608,0,0.0,0,pos,0,0.0,0,pos
FUN_002722,30,0.0273224043715847,0,pos,0,0.0,0,pos
FUN_016140,114,0.10497237569060773,1,pos_s270_e384,0,0.0,0,pos
FUN_001236,0,0.0,0,pos,0,0.0,0,pos
FUN_007059,18,0.009375,0,pos,0,0.0,0,pos
FUN_005518,0,0.0,0,pos,0,0.0,0,pos
FUN_005000,0,0.0,0,pos,0,0.0,0,pos
FUN_016056,0,0.0,0,pos,0,0.0,0,pos
FUN_011421,0,0.0,0,pos,0,0.0,0,pos
FUN_003110,0,0.0,0,pos,0,0.0,0,pos
FUN_003255,0,0.0,0,pos,0,0.0,0,pos
FUN_006948,18,0.061224489795918366,0,pos,0,0.0,0,pos
FUN_001516,42,0.009549795361527967,1,pos_s192_e222,42,0.009549795361527967,1,pos_s192_e222
FUN_010531,0,0.0,0,pos,0,0.0,0,pos
FUN_000372,0,0.0,0,pos,0,0.0,0,pos
FUN_008739,0,0.0,0,pos,0,0.0,0,pos
FUN_005012,90,0.030120481927710843,1,pos_s90_e180,12,0.004016064257028112,0,pos
FUN_012503,0,0.0,0,pos,0,0.0,0,pos
FUN_007131,0,0.0,0,pos,0,0.0,0,pos
FUN_015967,0,0.0,0,pos,0,0.0,0,pos
FUN_001541,0,0.0,0,pos,0,0.0,0,pos
FUN_003341,30,0.005555555555555556,0,pos,30,0.005555555555555556,0,pos
FUN_006034,42,0.03723404255319149,1,pos_s882_e918,0,0.0,0,pos
FUN_003587,144,0.23529411764705882,1,pos_s420_e546,6,0.00980392156862745,0,pos
FUN_010985,0,0.0,0,pos,0,0.0,0,pos
FUN_015427,0,0.0,0,pos,0,0.0,0,pos
FUN_012293,0,0.0,0,pos,0,0.0,0,pos
FUN_004485,30,0.024630541871921183,1,pos_s720_e750,0,0.0,0,pos
FUN_006860,0,0.0,0,pos,0,0.0,0,pos
FUN_005853,0,0.0,0,pos,0,0.0,0,pos
FUN_005036,0,0.0,0,pos,0,0.0,0,pos
FUN_010542,36,0.056074766355140186,1,pos_s150_e186,0,0.0,0,pos
FUN_016031,0,0.0,0,pos,0,0.0,0,pos
FUN_003055,0,0.0,0,pos,0,0.0,0,pos
FUN_009164,0,0.0,0,pos,0,0.0,0,pos
FUN_004112,0,0.0,0,pos,0,0.0,0,pos
FUN_006162,0,0.0,0,pos,0,0.0,0,pos
FUN_002489,36,0.008695652173913044,0,pos,0,0.0,0,pos
FUN_006503,0,0.0,0,pos,0,0.0,0,pos
FUN_015695,0,0.0,0,pos,0,0.0,0,pos
FUN_012359,84,0.13861386138613863,0,pos,12,0.019801980198019802,0,pos
FUN_007997,198,0.08549222797927461,2,pos_s1152_e1206_s2154_e2280,0,0.0,0,pos
FUN_009291,132,0.08764940239043825,3,pos_s1362_e1410_s1422_e1452_s1458_e1494,0,0.0,0,pos
FUN_001766,0,0.0,0,pos,0,0.0,0,pos
FUN_006072,0,0.0,0,pos,0,0.0,0,pos
FUN_016776,0,0.0,0,pos,0,0.0,0,pos
FUN_003250,36,0.015789473684210527,1,pos_s582_e618,0,0.0,0,pos
FUN_011143,0,0.0,0,pos,0,0.0,0,pos
FUN_011057,0,0.0,0,pos,0,0.0,0,pos
FUN_002690,0,0.0,0,pos,0,0.0,0,pos
FUN_010192,0,0.0,0,pos,0,0.0,0,pos
FUN_009666,18,0.00411522633744856,0,pos,12,0.0027434842249657062,0,pos
FUN_009771,132,0.031029619181946404,2,pos_s2892_e2946_s3408_e3444,6,0.0014104372355430183,0,pos
FUN_012338,0,0.0,0,pos,0,0.0,0,pos
FUN_010495,0,0.0,0,pos,0,0.0,0,pos
FUN_012548,0,0.0,0,pos,0,0.0,0,pos
FUN_010385,0,0.0,0,pos,0,0.0,0,pos
FUN_009473,0,0.0,0,pos,0,0.0,0,pos
FUN_016603,0,0.0,0,pos,0,0.0,0,pos
FUN_016147,0,0.0,0,pos,0,0.0,0,pos
FUN_002510,210,0.03320683111954459,1,pos_s3636_e3798,96,0.015180265654648957,2,pos_s3702_e3750_s3768_e3798
FUN_006200,24,0.022222222222222223,0,pos,0,0.0,0,pos
FUN_000245,114,0.029548989113530325,1,pos_s1116_e1164,0,0.0,0,pos
FUN_007242,84,0.14285714285714285,0,pos,66,0.11224489795918367,0,pos
FUN_007501,0,0.0,0,pos,0,0.0,0,pos
FUN_005167,12,0.002797202797202797,0,pos,0,0.0,0,pos
FUN_001489,0,0.0,0,pos,0,0.0,0,pos
FUN_016580,0,0.0,0,pos,0,0.0,0,pos
FUN_001585,0,0.0,0,pos,0,0.0,0,pos
FUN_008070,0,0.0,0,pos,0,0.0,0,pos
FUN_003792,0,0.0,0,pos,0,0.0,0,pos
FUN_001235,0,0.0,0,pos,0,0.0,0,pos
FUN_005214,0,0.0,0,pos,0,0.0,0,pos
FUN_000119,0,0.0,0,pos,0,0.0,0,pos
FUN_015362,0,0.0,0,pos,0,0.0,0,pos
FUN_010222,0,0.0,0,pos,0,0.0,0,pos
FUN_004424,72,0.037037037037037035,1,pos_s1770_e1830,0,0.0,0,pos
FUN_015861,0,0.0,0,pos,0,0.0,0,pos
FUN_009513,18,0.007772020725388601,0,pos,0,0.0,0,pos
FUN_007559,24,0.010126582278481013,0,pos,0,0.0,0,pos
FUN_016024,0,0.0,0,pos,0,0.0,0,pos
FUN_006486,0,0.0,0,pos,0,0.0,0,pos
FUN_000599,0,0.0,0,pos,0,0.0,0,pos
FUN_010982,0,0.0,0,pos,0,0.0,0,pos
FUN_006971,30,0.034722222222222224,0,pos,0,0.0,0,pos
FUN_006669,0,0.0,0,pos,0,0.0,0,pos
FUN_008676,0,0.0,0,pos,0,0.0,0,pos
FUN_010489,90,0.022288261515601784,0,pos,0,0.0,0,pos
FUN_002802,0,0.0,0,pos,0,0.0,0,pos
FUN_011344,0,0.0,0,pos,0,0.0,0,pos
FUN_015585,0,0.0,0,pos,0,0.0,0,pos
FUN_002730,6,0.005813953488372093,0,pos,0,0.0,0,pos
FUN_002823,0,0.0,0,pos,0,0.0,0,pos
FUN_002017,0,0.0,0,pos,0,0.0,0,pos
FUN_008009,0,0.0,0,pos,0,0.0,0,pos
FUN_016186,0,0.0,0,pos,0,0.0,0,pos
FUN_008733,0,0.0,0,pos,0,0.0,0,pos
FUN_009174,486,0.09759036144578313,6,pos_s384_e444_s840_e918_s1542_e1656_s1662_e1704_s1866_e1902_s2496_e2586,162,0.03253012048192771,2,pos_s1590_e1656_s1662_e1692
FUN_000705,0,0.0,0,pos,0,0.0,0,pos
FUN_007280,0,0.0,0,pos,0,0.0,0,pos
FUN_001811,132,0.0535279805352798,2,pos_s2244_e2334_s2340_e2370,30,0.012165450121654502,0,pos
FUN_001720,0,0.0,0,pos,0,0.0,0,pos
FUN_009150,0,0.0,0,pos,0,0.0,0,pos
FUN_009335,0,0.0,0,pos,0,0.0,0,pos
FUN_015656,0,0.0,0,pos,0,0.0,0,pos
FUN_010655,0,0.0,0,pos,0,0.0,0,pos
FUN_011797,0,0.0,0,pos,0,0.0,0,pos
FUN_011496,0,0.0,0,pos,0,0.0,0,pos
FUN_007272,0,0.0,0,pos,0,0.0,0,pos
FUN_015824,0,0.0,0,pos,0,0.0,0,pos
FUN_009321,18,0.023622047244094488,0,pos,0,0.0,0,pos
FUN_004902,0,0.0,0,pos,0,0.0,0,pos
FUN_002160,0,0.0,0,pos,0,0.0,0,pos
FUN_004325,0,0.0,0,pos,0,0.0,0,pos
FUN_009392,0,0.0,0,pos,0,0.0,0,pos
FUN_002939,0,0.0,0,pos,0,0.0,0,pos
FUN_011387,0,0.0,0,pos,0,0.0,0,pos
FUN_009098,0,0.0,0,pos,0,0.0,0,pos
FUN_003265,0,0.0,0,pos,0,0.0,0,pos
FUN_006784,0,0.0,0,pos,0,0.0,0,pos
FUN_004760,0,0.0,0,pos,0,0.0,0,pos
FUN_006710,0,0.0,0,pos,0,0.0,0,pos
FUN_005225,0,0.0,0,pos,0,0.0,0,pos
FUN_012337,0,0.0,0,pos,0,0.0,0,pos
FUN_008954,0,0.0,0,pos,0,0.0,0,pos
FUN_007478,0,0.0,0,pos,0,0.0,0,pos
FUN_009772,0,0.0,0,pos,0,0.0,0,pos
FUN_009476,0,0.0,0,pos,0,0.0,0,pos
FUN_012185,0,0.0,0,pos,0,0.0,0,pos
FUN_010689,0,0.0,0,pos,0,0.0,0,pos
FUN_003981,0,0.0,0,pos,0,0.0,0,pos
FUN_003508,0,0.0,0,pos,0,0.0,0,pos
FUN_011494,0,0.0,0,pos,0,0.0,0,pos
FUN_011325,60,0.058823529411764705,1,pos_s774_e822,0,0.0,0,pos
FUN_001430,6,0.016666666666666666,0,pos,0,0.0,0,pos
FUN_007416,72,0.004234297812279464,1,pos_s10902_e10956,12,0.0007057163020465773,0,pos
FUN_003479,0,0.0,0,pos,0,0.0,0,pos
FUN_010235,30,0.016835016835016835,0,pos,0,0.0,0,pos
FUN_008611,30,0.008928571428571428,1,pos_s432_e462,0,0.0,0,pos
FUN_004629,0,0.0,0,pos,0,0.0,0,pos
FUN_010933,0,0.0,0,pos,0,0.0,0,pos
FUN_005869,0,0.0,0,pos,0,0.0,0,pos
FUN_011596,0,0.0,0,pos,0,0.0,0,pos
FUN_003646,0,0.0,0,pos,0,0.0,0,pos
FUN_015847,0,0.0,0,pos,0,0.0,0,pos
FUN_010031,12,0.015151515151515152,0,pos,0,0.0,0,pos
FUN_011357,174,0.09797297297297297,4,pos_s756_e804_s876_e918_s1176_e1212_s1218_e1248,36,0.02027027027027027,1,pos_s756_e792
FUN_008190,0,0.0,0,pos,0,0.0,0,pos
FUN_003690,0,0.0,0,pos,0,0.0,0,pos
FUN_006828,0,0.0,0,pos,0,0.0,0,pos
FUN_003231,0,0.0,0,pos,0,0.0,0,pos
FUN_010572,42,0.03910614525139665,1,pos_s372_e414,0,0.0,0,pos
FUN_008607,84,0.022838499184339316,1,pos_s3168_e3228,0,0.0,0,pos
FUN_008499,0,0.0,0,pos,0,0.0,0,pos
FUN_016020,0,0.0,0,pos,0,0.0,0,pos
FUN_006228,0,0.0,0,pos,0,0.0,0,pos
FUN_003412,42,0.038461538461538464,1,pos_s756_e786,0,0.0,0,pos
FUN_007113,0,0.0,0,pos,0,0.0,0,pos
FUN_009192,30,0.11363636363636363,1,pos_s0_e30,0,0.0,0,pos
FUN_008916,12,0.0125,0,pos,0,0.0,0,pos
FUN_015641,0,0.0,0,pos,0,0.0,0,pos
FUN_001324,60,0.029585798816568046,1,pos_s1434_e1494,0,0.0,0,pos
FUN_010229,192,0.0471976401179941,2,pos_s1818_e1848_s3132_e3186,0,0.0,0,pos
FUN_002541,0,0.0,0,pos,0,0.0,0,pos
FUN_015576,0,0.0,0,pos,0,0.0,0,pos
FUN_003919,0,0.0,0,pos,0,0.0,0,pos
FUN_007136,0,0.0,0,pos,0,0.0,0,pos
FUN_010342,0,0.0,0,pos,0,0.0,0,pos
FUN_001133,0,0.0,0,pos,0,0.0,0,pos
FUN_006661,0,0.0,0,pos,0,0.0,0,pos
FUN_010786,0,0.0,0,pos,0,0.0,0,pos
FUN_009668,252,0.03633217993079585,2,pos_s5190_e5232_s6360_e6390,6,0.0008650519031141869,0,pos
FUN_012526,0,0.0,0,pos,0,0.0,0,pos
FUN_009744,90,0.11538461538461539,1,pos_s36_e120,0,0.0,0,pos
FUN_004727,30,0.03125,1,pos_s6_e36,0,0.0,0,pos
FUN_015810,0,0.0,0,pos,0,0.0,0,pos
FUN_002169,6,0.0027247956403269754,0,pos,0,0.0,0,pos
FUN_006183,0,0.0,0,pos,0,0.0,0,pos
FUN_006547,0,0.0,0,pos,0,0.0,0,pos
FUN_007523,30,0.044642857142857144,0,pos,0,0.0,0,pos
FUN_005026,234,0.076171875,2,pos_s948_e1026_s2046_e2100,42,0.013671875,0,pos
FUN_011021,0,0.0,0,pos,0,0.0,0,pos
FUN_007558,0,0.0,0,pos,0,0.0,0,pos
FUN_005611,18,0.125,0,pos,0,0.0,0,pos
FUN_004127,78,0.07471264367816093,1,pos_s930_e1008,0,0.0,0,pos
FUN_004693,0,0.0,0,pos,0,0.0,0,pos
FUN_009868,0,0.0,0,pos,0,0.0,0,pos
FUN_004020,0,0.0,0,pos,0,0.0,0,pos
FUN_002959,84,0.041666666666666664,1,pos_s1578_e1656,0,0.0,0,pos
FUN_000058,0,0.0,0,pos,0,0.0,0,pos
FUN_011606,0,0.0,0,pos,0,0.0,0,pos
FUN_012221,60,0.09009009009009009,1,pos_s0_e30,0,0.0,0,pos
FUN_000786,66,0.026570048309178744,1,pos_s504_e540,0,0.0,0,pos
FUN_011980,0,0.0,0,pos,0,0.0,0,pos
FUN_002300,48,0.0031067961165048546,0,pos,24,0.0015533980582524273,0,pos
FUN_016797,0,0.0,0,pos,0,0.0,0,pos
FUN_009750,6,0.003134796238244514,0,pos,0,0.0,0,pos
FUN_016221,0,0.0,0,pos,0,0.0,0,pos
FUN_005486,0,0.0,0,pos,0,0.0,0,pos
FUN_005169,0,0.0,0,pos,0,0.0,0,pos
FUN_003394,216,0.08352668213457076,3,pos_s420_e456_s2070_e2106_s2226_e2352,108,0.04176334106728538,1,pos_s2238_e2346
FUN_006945,0,0.0,0,pos,0,0.0,0,pos
FUN_000377,0,0.0,0,pos,0,0.0,0,pos
FUN_003869,66,0.027848101265822784,1,pos_s1266_e1296,0,0.0,0,pos
FUN_016182,0,0.0,0,pos,0,0.0,0,pos
FUN_001370,84,0.043209876543209874,1,pos_s144_e222,6,0.0030864197530864196,0,pos
FUN_010883,72,0.043010752688172046,1,pos_s1488_e1542,0,0.0,0,pos
FUN_009187,108,0.13953488372093023,1,pos_s126_e222,18,0.023255813953488372,0,pos
FUN_000615,0,0.0,0,pos,0,0.0,0,pos
FUN_011554,0,0.0,0,pos,0,0.0,0,pos
FUN_003470,0,0.0,0,pos,0,0.0,0,pos
FUN_011728,0,0.0,0,pos,0,0.0,0,pos
FUN_015674,0,0.0,0,pos,0,0.0,0,pos
FUN_001357,0,0.0,0,pos,0,0.0,0,pos
FUN_005144,0,0.0,0,pos,0,0.0,0,pos
FUN_007842,0,0.0,0,pos,0,0.0,0,pos
FUN_001470,0,0.0,0,pos,0,0.0,0,pos
FUN_001334,0,0.0,0,pos,0,0.0,0,pos
FUN_009626,96,0.08602150537634409,1,pos_s948_e1026,54,0.04838709677419355,1,pos_s948_e1002
FUN_009432,0,0.0,0,pos,0,0.0,0,pos
FUN_000619,0,0.0,0,pos,0,0.0,0,pos
FUN_006068,24,0.18181818181818182,0,pos,24,0.18181818181818182,0,pos
FUN_009243,60,0.14705882352941177,1,pos_s144_e192,0,0.0,0,pos
FUN_009879,0,0.0,0,pos,0,0.0,0,pos
FUN_000926,0,0.0,0,pos,0,0.0,0,pos
FUN_001659,0,0.0,0,pos,0,0.0,0,pos
FUN_008992,12,0.006825938566552901,0,pos,0,0.0,0,pos
FUN_011631,0,0.0,0,pos,0,0.0,0,pos
FUN_016587,0,0.0,0,pos,0,0.0,0,pos
FUN_010354,0,0.0,0,pos,0,0.0,0,pos
FUN_001689,0,0.0,0,pos,0,0.0,0,pos
FUN_004345,0,0.0,0,pos,0,0.0,0,pos
FUN_008208,30,0.029585798816568046,1,pos_s804_e834,0,0.0,0,pos
FUN_009017,12,0.0056179775280898875,0,pos,0,0.0,0,pos
FUN_000407,48,0.023952095808383235,1,pos_s1422_e1452,0,0.0,0,pos
FUN_015389,0,0.0,0,pos,0,0.0,0,pos
FUN_002387,0,0.0,0,pos,0,0.0,0,pos
FUN_005171,96,0.06779661016949153,1,pos_s558_e654,30,0.0211864406779661,0,pos
FUN_002707,0,0.0,0,pos,0,0.0,0,pos
FUN_004674,0,0.0,0,pos,0,0.0,0,pos
FUN_006574,0,0.0,0,pos,0,0.0,0,pos
FUN_004302,0,0.0,0,pos,0,0.0,0,pos
FUN_015692,0,0.0,0,pos,0,0.0,0,pos
FUN_002788,0,0.0,0,pos,0,0.0,0,pos
FUN_000105,0,0.0,0,pos,0,0.0,0,pos
FUN_006283,0,0.0,0,pos,0,0.0,0,pos
FUN_012015,0,0.0,0,pos,0,0.0,0,pos
FUN_004654,0,0.0,0,pos,0,0.0,0,pos
FUN_004671,162,0.05325443786982249,1,pos_s1524_e1668,48,0.015779092702169626,0,pos
FUN_005684,0,0.0,0,pos,0,0.0,0,pos
FUN_009474,270,0.059602649006622516,3,pos_s1812_e1902_s3228_e3276_s4140_e4176,138,0.030463576158940398,3,pos_s1812_e1866_s3228_e3264_s4146_e4176
FUN_001957,12,0.0045662100456621,0,pos,0,0.0,0,pos
FUN_016674,0,0.0,0,pos,0,0.0,0,pos
FUN_015304,0,0.0,0,pos,0,0.0,0,pos
FUN_003217,0,0.0,0,pos,0,0.0,0,pos
FUN_002203,0,0.0,0,pos,0,0.0,0,pos
FUN_006708,0,0.0,0,pos,0,0.0,0,pos
FUN_000710,18,0.007633587786259542,0,pos,0,0.0,0,pos
FUN_005071,0,0.0,0,pos,0,0.0,0,pos
FUN_004631,6,0.002777777777777778,0,pos,0,0.0,0,pos
FUN_010859,0,0.0,0,pos,0,0.0,0,pos
FUN_001997,0,0.0,0,pos,0,0.0,0,pos
FUN_003518,0,0.0,0,pos,0,0.0,0,pos
FUN_008082,0,0.0,0,pos,0,0.0,0,pos
FUN_003252,0,0.0,0,pos,0,0.0,0,pos
FUN_000631,30,0.01968503937007874,0,pos,0,0.0,0,pos
FUN_008476,30,0.012195121951219513,0,pos,0,0.0,0,pos
FUN_010115,0,0.0,0,pos,0,0.0,0,pos
FUN_002704,144,0.07207207207207207,2,pos_s168_e198_s732_e816,30,0.015015015015015015,1,pos_s738_e768
FUN_008104,0,0.0,0,pos,0,0.0,0,pos
FUN_007716,0,0.0,0,pos,0,0.0,0,pos
FUN_007583,0,0.0,0,pos,0,0.0,0,pos
FUN_006462,42,0.03763440860215054,0,pos,6,0.005376344086021506,0,pos
FUN_011265,78,0.04304635761589404,1,pos_s1584_e1614,0,0.0,0,pos
FUN_005499,6,0.008064516129032258,0,pos,0,0.0,0,pos
FUN_000334,48,0.01951219512195122,1,pos_s1344_e1392,12,0.004878048780487805,0,pos
FUN_010153,0,0.0,0,pos,0,0.0,0,pos
FUN_000081,0,0.0,0,pos,0,0.0,0,pos
FUN_003931,0,0.0,0,pos,0,0.0,0,pos
FUN_002272,0,0.0,0,pos,0,0.0,0,pos
FUN_001305,0,0.0,0,pos,0,0.0,0,pos
FUN_003152,48,0.06504065040650407,1,pos_s282_e318,12,0.016260162601626018,0,pos
FUN_002406,36,0.05217391304347826,0,pos,0,0.0,0,pos
FUN_007592,282,0.1760299625468165,3,pos_s624_e732_s1146_e1182_s1188_e1302,126,0.07865168539325842,2,pos_s696_e726_s1188_e1272
FUN_003570,0,0.0,0,pos,0,0.0,0,pos
FUN_004463,0,0.0,0,pos,0,0.0,0,pos
FUN_001733,102,0.17,1,pos_s312_e408,6,0.01,0,pos
FUN_005960,0,0.0,0,pos,0,0.0,0,pos
FUN_000271,0,0.0,0,pos,0,0.0,0,pos
FUN_008809,0,0.0,0,pos,0,0.0,0,pos
FUN_000886,72,0.12903225806451613,1,pos_s108_e138,0,0.0,0,pos
FUN_002000,0,0.0,0,pos,0,0.0,0,pos
FUN_002468,42,0.1111111111111111,1,pos_s42_e78,0,0.0,0,pos
FUN_011993,0,0.0,0,pos,0,0.0,0,pos
FUN_016630,0,0.0,0,pos,0,0.0,0,pos
FUN_008928,0,0.0,0,pos,0,0.0,0,pos
FUN_009876,6,0.00625,0,pos,0,0.0,0,pos
FUN_008714,84,0.014042126379137413,1,pos_s5244_e5316,24,0.004012036108324975,0,pos
FUN_007472,42,0.0457516339869281,1,pos_s702_e744,18,0.0196078431372549,0,pos
FUN_008359,0,0.0,0,pos,0,0.0,0,pos
FUN_002834,0,0.0,0,pos,0,0.0,0,pos
FUN_000784,0,0.0,0,pos,0,0.0,0,pos
FUN_003424,0,0.0,0,pos,0,0.0,0,pos
FUN_004079,0,0.0,0,pos,0,0.0,0,pos
FUN_005683,0,0.0,0,pos,0,0.0,0,pos
FUN_006653,18,0.009287925696594427,0,pos,0,0.0,0,pos
FUN_004084,30,0.06944444444444445,0,pos,0,0.0,0,pos
FUN_002864,18,0.0057361376673040155,0,pos,0,0.0,0,pos
FUN_011478,30,0.037037037037037035,1,pos_s468_e498,18,0.022222222222222223,0,pos
FUN_007251,0,0.0,0,pos,0,0.0,0,pos
FUN_009021,6,0.002717391304347826,0,pos,0,0.0,0,pos
FUN_015734,0,0.0,0,pos,0,0.0,0,pos
FUN_006824,36,0.011194029850746268,0,pos,0,0.0,0,pos
FUN_007802,0,0.0,0,pos,0,0.0,0,pos
FUN_015375,0,0.0,0,pos,0,0.0,0,pos
FUN_002641,0,0.0,0,pos,0,0.0,0,pos
FUN_010323,0,0.0,0,pos,0,0.0,0,pos
FUN_015904,0,0.0,0,pos,0,0.0,0,pos
FUN_008430,60,0.06329113924050633,1,pos_s222_e270,24,0.02531645569620253,0,pos
FUN_002022,96,0.1,1,pos_s48_e144,30,0.03125,1,pos_s114_e144
FUN_008888,84,0.02337228714524207,1,pos_s2124_e2166,36,0.01001669449081803,0,pos
FUN_015394,0,0.0,0,pos,0,0.0,0,pos
FUN_015530,66,0.06962025316455696,2,pos_s630_e666_s744_e774,12,0.012658227848101266,0,pos
FUN_008420,150,0.033967391304347824,2,pos_s0_e114_s306_e336,0,0.0,0,pos
FUN_008881,72,0.0625,1,pos_s420_e492,0,0.0,0,pos
FUN_000554,0,0.0,0,pos,0,0.0,0,pos
FUN_003605,0,0.0,0,pos,0,0.0,0,pos
FUN_009643,0,0.0,0,pos,0,0.0,0,pos
FUN_012171,0,0.0,0,pos,0,0.0,0,pos
FUN_003943,0,0.0,0,pos,0,0.0,0,pos
FUN_006886,0,0.0,0,pos,0,0.0,0,pos
FUN_012271,0,0.0,0,pos,0,0.0,0,pos
FUN_009822,0,0.0,0,pos,0,0.0,0,pos
FUN_000457,0,0.0,0,pos,0,0.0,0,pos
FUN_009690,0,0.0,0,pos,0,0.0,0,pos
FUN_004044,0,0.0,0,pos,0,0.0,0,pos
FUN_012074,0,0.0,0,pos,0,0.0,0,pos
FUN_006700,0,0.0,0,pos,0,0.0,0,pos
FUN_010336,0,0.0,0,pos,0,0.0,0,pos
FUN_005106,0,0.0,0,pos,0,0.0,0,pos
FUN_010842,0,0.0,0,pos,0,0.0,0,pos
FUN_002949,102,0.03300970873786408,1,pos_s516_e564,6,0.001941747572815534,0,pos
FUN_005995,0,0.0,0,pos,0,0.0,0,pos
FUN_004404,54,0.026392961876832845,0,pos,0,0.0,0,pos
FUN_003407,0,0.0,0,pos,0,0.0,0,pos
FUN_012181,0,0.0,0,pos,0,0.0,0,pos
FUN_003176,0,0.0,0,pos,0,0.0,0,pos
FUN_003854,0,0.0,0,pos,0,0.0,0,pos
FUN_000196,0,0.0,0,pos,0,0.0,0,pos
FUN_005722,0,0.0,0,pos,0,0.0,0,pos
FUN_005909,0,0.0,0,pos,0,0.0,0,pos
FUN_006371,0,0.0,0,pos,0,0.0,0,pos
FUN_016810,0,0.0,0,pos,0,0.0,0,pos
FUN_008308,24,0.013422818791946308,0,pos,0,0.0,0,pos
FUN_009731,0,0.0,0,pos,0,0.0,0,pos
FUN_003765,18,0.01293103448275862,0,pos,0,0.0,0,pos
FUN_002371,6,0.0014285714285714286,0,pos,0,0.0,0,pos
FUN_011350,0,0.0,0,pos,0,0.0,0,pos
FUN_008486,0,0.0,0,pos,0,0.0,0,pos
FUN_003820,0,0.0,0,pos,0,0.0,0,pos
FUN_002600,0,0.0,0,pos,0,0.0,0,pos
FUN_011814,0,0.0,0,pos,0,0.0,0,pos
FUN_009466,0,0.0,0,pos,0,0.0,0,pos
FUN_007387,36,0.02127659574468085,1,pos_s78_e114,0,0.0,0,pos
FUN_000575,30,0.019157088122605363,0,pos,0,0.0,0,pos
FUN_005677,0,0.0,0,pos,0,0.0,0,pos
FUN_012262,0,0.0,0,pos,0,0.0,0,pos
FUN_008427,6,0.007575757575757576,0,pos,0,0.0,0,pos
FUN_008185,0,0.0,0,pos,0,0.0,0,pos
FUN_003526,186,0.14418604651162792,3,pos_s798_e894_s924_e954_s960_e1014,30,0.023255813953488372,0,pos
FUN_007538,324,0.144,3,pos_s288_e366_s1344_e1452_s1830_e1944,132,0.058666666666666666,2,pos_s1356_e1434_s1890_e1926
FUN_005085,36,0.06315789473684211,0,pos,12,0.021052631578947368,0,pos
FUN_015567,0,0.0,0,pos,0,0.0,0,pos
FUN_006795,0,0.0,0,pos,0,0.0,0,pos
FUN_004672,336,0.2828282828282828,3,pos_s168_e198_s690_e954_s978_e1014,246,0.20707070707070707,2,pos_s696_e744_s762_e942
FUN_002506,204,0.17,1,pos_s186_e390,72,0.06,1,pos_s234_e264
FUN_011148,6,0.010416666666666666,0,pos,0,0.0,0,pos
FUN_009351,0,0.0,0,pos,0,0.0,0,pos
FUN_002010,0,0.0,0,pos,0,0.0,0,pos
FUN_016707,0,0.0,0,pos,0,0.0,0,pos
FUN_004950,54,0.08108108108108109,1,pos_s0_e54,6,0.009009009009009009,0,pos
FUN_007319,24,0.041666666666666664,0,pos,0,0.0,0,pos
FUN_010891,96,0.05536332179930796,1,pos_s552_e594,18,0.010380622837370242,0,pos
FUN_016085,0,0.0,0,pos,0,0.0,0,pos
FUN_007317,0,0.0,0,pos,0,0.0,0,pos
FUN_003777,0,0.0,0,pos,0,0.0,0,pos
FUN_003314,0,0.0,0,pos,0,0.0,0,pos
FUN_012462,0,0.0,0,pos,0,0.0,0,pos
FUN_016254,0,0.0,0,pos,0,0.0,0,pos
FUN_002467,0,0.0,0,pos,0,0.0,0,pos
FUN_000194,0,0.0,0,pos,0,0.0,0,pos
FUN_002493,222,0.035748792270531404,3,pos_s696_e786_s924_e954_s1194_e1224,36,0.005797101449275362,0,pos
FUN_000003,0,0.0,0,pos,0,0.0,0,pos
FUN_001880,0,0.0,0,pos,0,0.0,0,pos
FUN_003667,30,0.016129032258064516,0,pos,0,0.0,0,pos
FUN_012119,0,0.0,0,pos,0,0.0,0,pos
FUN_005605,6,0.007352941176470588,0,pos,0,0.0,0,pos
FUN_008601,0,0.0,0,pos,0,0.0,0,pos
FUN_003928,0,0.0,0,pos,0,0.0,0,pos
FUN_011368,12,0.007067137809187279,0,pos,0,0.0,0,pos
FUN_002472,0,0.0,0,pos,0,0.0,0,pos
FUN_010546,0,0.0,0,pos,0,0.0,0,pos
FUN_011846,72,0.4,1,pos_s96_e168,0,0.0,0,pos
FUN_016513,0,0.0,0,pos,0,0.0,0,pos
FUN_000936,24,0.018779342723004695,0,pos,0,0.0,0,pos
FUN_009045,0,0.0,0,pos,0,0.0,0,pos
FUN_003283,0,0.0,0,pos,0,0.0,0,pos
FUN_011279,0,0.0,0,pos,0,0.0,0,pos
FUN_006528,132,0.04583333333333333,3,pos_s1566_e1596_s1614_e1656_s2454_e2514,0,0.0,0,pos
FUN_007718,0,0.0,0,pos,0,0.0,0,pos
FUN_011198,54,0.04054054054054054,1,pos_s444_e480,12,0.009009009009009009,0,pos
FUN_008636,0,0.0,0,pos,0,0.0,0,pos
FUN_000034,36,0.024489795918367346,1,pos_s0_e30,0,0.0,0,pos
FUN_001184,54,0.030100334448160536,1,pos_s1206_e1242,0,0.0,0,pos
FUN_001815,0,0.0,0,pos,0,0.0,0,pos
FUN_007894,0,0.0,0,pos,0,0.0,0,pos
FUN_015742,0,0.0,0,pos,0,0.0,0,pos
FUN_000930,102,0.025796661608497723,2,pos_s3108_e3174_s3402_e3432,0,0.0,0,pos
FUN_011078,6,0.009009009009009009,0,pos,0,0.0,0,pos
FUN_015912,0,0.0,0,pos,0,0.0,0,pos
FUN_007033,0,0.0,0,pos,0,0.0,0,pos
FUN_004817,0,0.0,0,pos,0,0.0,0,pos
FUN_002796,0,0.0,0,pos,0,0.0,0,pos
FUN_012461,0,0.0,0,pos,0,0.0,0,pos
FUN_006040,0,0.0,0,pos,0,0.0,0,pos
FUN_004274,0,0.0,0,pos,0,0.0,0,pos
FUN_015461,0,0.0,0,pos,0,0.0,0,pos
FUN_002416,6,0.0136986301369863,0,pos,0,0.0,0,pos
FUN_000506,0,0.0,0,pos,0,0.0,0,pos
FUN_010577,0,0.0,0,pos,0,0.0,0,pos
FUN_011115,0,0.0,0,pos,0,0.0,0,pos
FUN_001972,0,0.0,0,pos,0,0.0,0,pos
FUN_011551,0,0.0,0,pos,0,0.0,0,pos
FUN_016295,0,0.0,0,pos,0,0.0,0,pos
FUN_016654,0,0.0,0,pos,0,0.0,0,pos
FUN_010777,126,0.14285714285714285,2,pos_s348_e414_s510_e540,42,0.047619047619047616,0,pos
FUN_009732,0,0.0,0,pos,0,0.0,0,pos
FUN_004095,0,0.0,0,pos,0,0.0,0,pos
FUN_006122,0,0.0,0,pos,0,0.0,0,pos
FUN_000415,48,0.017897091722595078,1,pos_s1740_e1782,0,0.0,0,pos
FUN_009799,0,0.0,0,pos,0,0.0,0,pos
FUN_006727,42,0.019830028328611898,1,pos_s1314_e1356,36,0.0169971671388102,1,pos_s1320_e1356
FUN_007704,0,0.0,0,pos,0,0.0,0,pos
FUN_008297,0,0.0,0,pos,0,0.0,0,pos
FUN_008787,0,0.0,0,pos,0,0.0,0,pos
FUN_009811,0,0.0,0,pos,0,0.0,0,pos
FUN_001818,0,0.0,0,pos,0,0.0,0,pos
FUN_015269,0,0.0,0,pos,0,0.0,0,pos
FUN_001797,0,0.0,0,pos,0,0.0,0,pos
FUN_004850,0,0.0,0,pos,0,0.0,0,pos
FUN_011262,18,0.015544041450777202,0,pos,0,0.0,0,pos
FUN_000749,36,0.022988505747126436,1,pos_s600_e630,6,0.0038314176245210726,0,pos
FUN_012326,0,0.0,0,pos,0,0.0,0,pos
FUN_010326,138,0.06865671641791045,1,pos_s420_e492,6,0.0029850746268656717,0,pos
FUN_000324,0,0.0,0,pos,0,0.0,0,pos
FUN_011131,0,0.0,0,pos,0,0.0,0,pos
FUN_003445,126,0.1065989847715736,1,pos_s666_e774,60,0.050761421319796954,1,pos_s690_e750
FUN_004536,90,0.18518518518518517,1,pos_s348_e414,24,0.04938271604938271,0,pos
FUN_003142,0,0.0,0,pos,0,0.0,0,pos
FUN_015940,0,0.0,0,pos,0,0.0,0,pos
FUN_000846,0,0.0,0,pos,0,0.0,0,pos
FUN_016027,0,0.0,0,pos,0,0.0,0,pos
FUN_011472,78,0.06598984771573604,1,pos_s408_e456,24,0.02030456852791878,0,pos
FUN_007549,0,0.0,0,pos,0,0.0,0,pos
FUN_005250,0,0.0,0,pos,0,0.0,0,pos
FUN_008737,90,0.03640776699029126,2,pos_s1554_e1602_s1986_e2022,42,0.01699029126213592,1,pos_s1560_e1602
FUN_006415,0,0.0,0,pos,0,0.0,0,pos
FUN_004858,102,0.3148148148148148,1,pos_s96_e198,84,0.25925925925925924,1,pos_s108_e192
FUN_009998,282,0.03750997605746209,2,pos_s162_e198_s204_e312,138,0.018355945730247406,1,pos_s204_e312
FUN_015510,0,0.0,0,pos,0,0.0,0,pos
FUN_001737,12,0.0106951871657754,0,pos,0,0.0,0,pos
FUN_012528,0,0.0,0,pos,0,0.0,0,pos
FUN_006916,0,0.0,0,pos,0,0.0,0,pos
FUN_000425,0,0.0,0,pos,0,0.0,0,pos
FUN_006556,18,0.007211538461538462,0,pos,0,0.0,0,pos
FUN_010066,36,0.031914893617021274,1,pos_s588_e624,36,0.031914893617021274,1,pos_s588_e624
FUN_001399,0,0.0,0,pos,0,0.0,0,pos
FUN_016782,0,0.0,0,pos,0,0.0,0,pos
FUN_011067,0,0.0,0,pos,0,0.0,0,pos
FUN_007191,0,0.0,0,pos,0,0.0,0,pos
FUN_016415,0,0.0,0,pos,0,0.0,0,pos
FUN_016160,0,0.0,0,pos,0,0.0,0,pos
FUN_010771,0,0.0,0,pos,0,0.0,0,pos
FUN_008517,0,0.0,0,pos,0,0.0,0,pos
FUN_012097,0,0.0,0,pos,0,0.0,0,pos
FUN_003041,0,0.0,0,pos,0,0.0,0,pos
FUN_000829,12,0.0043859649122807015,0,pos,0,0.0,0,pos
FUN_009663,300,0.3448275862068966,4,pos_s36_e180_s612_e654_s732_e786_s792_e846,102,0.11724137931034483,1,pos_s48_e108
FUN_015749,0,0.0,0,pos,0,0.0,0,pos
FUN_008584,108,0.12949640287769784,1,pos_s336_e444,48,0.05755395683453238,1,pos_s414_e444
FUN_009301,6,0.0027624309392265192,0,pos,0,0.0,0,pos
FUN_015548,0,0.0,0,pos,0,0.0,0,pos
FUN_007571,0,0.0,0,pos,0,0.0,0,pos
FUN_003748,0,0.0,0,pos,0,0.0,0,pos
FUN_000932,0,0.0,0,pos,0,0.0,0,pos
FUN_008417,54,0.014802631578947368,1,pos_s3258_e3312,6,0.001644736842105263,0,pos
FUN_005199,24,0.028368794326241134,0,pos,0,0.0,0,pos
FUN_005929,66,0.5,0,pos,0,0.0,0,pos
FUN_012491,0,0.0,0,pos,0,0.0,0,pos
FUN_005587,432,0.19834710743801653,4,pos_s666_e702_s816_e900_s912_e972_s1296_e1344,174,0.07988980716253444,3,pos_s816_e870_s924_e972_s2034_e2076
FUN_016377,0,0.0,0,pos,0,0.0,0,pos
FUN_010848,0,0.0,0,pos,0,0.0,0,pos
FUN_016756,0,0.0,0,pos,0,0.0,0,pos
FUN_010410,48,0.036036036036036036,1,pos_s1206_e1254,0,0.0,0,pos
FUN_009937,0,0.0,0,pos,0,0.0,0,pos
FUN_004699,0,0.0,0,pos,0,0.0,0,pos
FUN_000393,198,0.14042553191489363,2,pos_s822_e924_s1278_e1350,72,0.05106382978723404,1,pos_s1278_e1350
FUN_012333,0,0.0,0,pos,0,0.0,0,pos
FUN_006373,66,0.014304291287386216,1,pos_s2874_e2910,0,0.0,0,pos
FUN_004382,6,0.014492753623188406,0,pos,0,0.0,0,pos
FUN_004999,0,0.0,0,pos,0,0.0,0,pos
FUN_002505,0,0.0,0,pos,0,0.0,0,pos
FUN_005177,0,0.0,0,pos,0,0.0,0,pos
FUN_011004,0,0.0,0,pos,0,0.0,0,pos
FUN_000483,138,0.10087719298245613,1,pos_s1014_e1116,18,0.013157894736842105,0,pos
FUN_011568,0,0.0,0,pos,0,0.0,0,pos
FUN_011392,0,0.0,0,pos,0,0.0,0,pos
FUN_007989,0,0.0,0,pos,0,0.0,0,pos
FUN_009370,18,0.015384615384615385,0,pos,0,0.0,0,pos
FUN_005129,0,0.0,0,pos,0,0.0,0,pos
FUN_001975,54,0.05454545454545454,1,pos_s870_e924,42,0.04242424242424243,1,pos_s876_e918
FUN_011420,48,0.01045751633986928,0,pos,12,0.00261437908496732,0,pos
FUN_008153,6,0.001968503937007874,0,pos,0,0.0,0,pos
FUN_010766,0,0.0,0,pos,0,0.0,0,pos
FUN_004655,108,0.03308823529411765,1,pos_s2292_e2376,24,0.007352941176470588,0,pos
FUN_011550,0,0.0,0,pos,0,0.0,0,pos
FUN_004658,78,0.011158798283261802,1,pos_s6342_e6420,0,0.0,0,pos
FUN_000354,0,0.0,0,pos,0,0.0,0,pos
FUN_002093,0,0.0,0,pos,0,0.0,0,pos
FUN_001576,36,0.023715415019762844,0,pos,24,0.015810276679841896,0,pos
FUN_006062,60,0.06711409395973154,1,pos_s420_e480,48,0.053691275167785234,1,pos_s432_e480
FUN_002076,0,0.0,0,pos,0,0.0,0,pos
FUN_009810,6,0.0125,0,pos,0,0.0,0,pos
FUN_011569,0,0.0,0,pos,0,0.0,0,pos
FUN_005494,0,0.0,0,pos,0,0.0,0,pos
FUN_007937,0,0.0,0,pos,0,0.0,0,pos
FUN_016551,0,0.0,0,pos,0,0.0,0,pos
FUN_002325,48,0.022792022792022793,1,pos_s408_e444,12,0.005698005698005698,0,pos
FUN_008114,114,0.06484641638225255,1,pos_s60_e174,114,0.06484641638225255,1,pos_s60_e174
FUN_007457,54,0.018789144050104383,1,pos_s2760_e2796,0,0.0,0,pos
FUN_000141,6,0.015151515151515152,0,pos,0,0.0,0,pos
FUN_001502,6,0.0019723865877712033,0,pos,0,0.0,0,pos
FUN_012348,0,0.0,0,pos,0,0.0,0,pos
FUN_002795,0,0.0,0,pos,0,0.0,0,pos
FUN_009738,30,0.02,1,pos_s1170_e1200,0,0.0,0,pos
FUN_015437,0,0.0,0,pos,0,0.0,0,pos
FUN_000226,0,0.0,0,pos,0,0.0,0,pos
FUN_007174,24,0.04597701149425287,0,pos,0,0.0,0,pos
FUN_016112,0,0.0,0,pos,0,0.0,0,pos
FUN_004746,90,0.0273224043715847,1,pos_s2796_e2874,24,0.007285974499089253,0,pos
FUN_006097,48,0.026936026936026935,0,pos,0,0.0,0,pos
FUN_007228,0,0.0,0,pos,0,0.0,0,pos
FUN_008081,180,0.017793594306049824,1,pos_s2022_e2112,12,0.0011862396204033216,0,pos
FUN_004455,0,0.0,0,pos,0,0.0,0,pos
FUN_002064,0,0.0,0,pos,0,0.0,0,pos
FUN_002297,0,0.0,0,pos,0,0.0,0,pos
FUN_004542,162,0.19148936170212766,1,pos_s528_e690,144,0.1702127659574468,1,pos_s552_e690
FUN_006974,0,0.0,0,pos,0,0.0,0,pos
FUN_000397,0,0.0,0,pos,0,0.0,0,pos
FUN_000744,12,0.019417475728155338,0,pos,0,0.0,0,pos
FUN_011741,0,0.0,0,pos,0,0.0,0,pos
FUN_007614,0,0.0,0,pos,0,0.0,0,pos
FUN_009961,0,0.0,0,pos,0,0.0,0,pos
FUN_003045,0,0.0,0,pos,0,0.0,0,pos
FUN_001481,48,0.0299625468164794,0,pos,0,0.0,0,pos
FUN_005576,0,0.0,0,pos,0,0.0,0,pos
FUN_012145,0,0.0,0,pos,0,0.0,0,pos
FUN_010802,0,0.0,0,pos,0,0.0,0,pos
FUN_000565,0,0.0,0,pos,0,0.0,0,pos
FUN_006315,0,0.0,0,pos,0,0.0,0,pos
FUN_009651,156,0.01694915254237288,3,pos_s4338_e4368_s6534_e6570_s6588_e6630,0,0.0,0,pos
FUN_011455,0,0.0,0,pos,0,0.0,0,pos
FUN_005715,18,0.010344827586206896,0,pos,0,0.0,0,pos
FUN_007516,0,0.0,0,pos,0,0.0,0,pos
FUN_009864,0,0.0,0,pos,0,0.0,0,pos
FUN_005911,0,0.0,0,pos,0,0.0,0,pos
FUN_006859,0,0.0,0,pos,0,0.0,0,pos
FUN_002359,54,0.06976744186046512,1,pos_s570_e612,0,0.0,0,pos
FUN_002379,108,0.1487603305785124,2,pos_s168_e228_s234_e282,18,0.024793388429752067,0,pos
FUN_005345,0,0.0,0,pos,0,0.0,0,pos
FUN_005460,114,0.20652173913043478,2,pos_s144_e180_s270_e342,30,0.05434782608695652,0,pos
FUN_008951,0,0.0,0,pos,0,0.0,0,pos
FUN_004237,0,0.0,0,pos,0,0.0,0,pos
FUN_008765,150,0.030303030303030304,3,pos_s0_e54_s3756_e3822_s4278_e4308,12,0.0024242424242424242,0,pos
FUN_004688,30,0.014925373134328358,1,pos_s780_e810,0,0.0,0,pos
FUN_009210,54,0.03879310344827586,0,pos,0,0.0,0,pos
FUN_016732,0,0.0,0,pos,0,0.0,0,pos
FUN_002729,0,0.0,0,pos,0,0.0,0,pos
FUN_007982,0,0.0,0,pos,0,0.0,0,pos
FUN_002241,24,0.01038961038961039,0,pos,0,0.0,0,pos
FUN_003452,0,0.0,0,pos,0,0.0,0,pos
FUN_000872,0,0.0,0,pos,0,0.0,0,pos
FUN_006837,0,0.0,0,pos,0,0.0,0,pos
FUN_008508,60,0.031446540880503145,1,pos_s804_e864,0,0.0,0,pos
FUN_012177,0,0.0,0,pos,0,0.0,0,pos
FUN_007067,24,0.013888888888888888,0,pos,0,0.0,0,pos
FUN_002396,78,0.017783857729138167,1,pos_s1392_e1446,0,0.0,0,pos
FUN_009830,0,0.0,0,pos,0,0.0,0,pos
FUN_006893,138,0.047325102880658436,1,pos_s804_e894,0,0.0,0,pos
FUN_016390,120,0.05405405405405406,1,pos_s1182_e1302,96,0.043243243243243246,2,pos_s1200_e1230_s1236_e1302
FUN_004993,6,0.0070921985815602835,0,pos,0,0.0,0,pos
FUN_007715,30,0.0423728813559322,1,pos_s438_e468,6,0.00847457627118644,0,pos
FUN_011140,0,0.0,0,pos,0,0.0,0,pos
FUN_016627,0,0.0,0,pos,0,0.0,0,pos
FUN_000168,0,0.0,0,pos,0,0.0,0,pos
FUN_015594,0,0.0,0,pos,0,0.0,0,pos
FUN_002936,312,0.16199376947040497,3,pos_s426_e534_s1116_e1158_s1722_e1884,270,0.14018691588785046,4,pos_s432_e486_s492_e534_s1728_e1776_s1782_e1884
FUN_011781,0,0.0,0,pos,0,0.0,0,pos
FUN_015615,0,0.0,0,pos,0,0.0,0,pos
FUN_004453,0,0.0,0,pos,0,0.0,0,pos
FUN_010608,6,0.008928571428571428,0,pos,0,0.0,0,pos
FUN_009155,120,0.032948929159802305,2,pos_s1794_e1836_s1842_e1920,54,0.014827018121911038,1,pos_s1800_e1836
FUN_010734,0,0.0,0,pos,0,0.0,0,pos
FUN_016779,0,0.0,0,pos,0,0.0,0,pos
FUN_006543,0,0.0,0,pos,0,0.0,0,pos
FUN_012453,162,0.1210762331838565,2,pos_s138_e246_s288_e342,72,0.053811659192825115,1,pos_s174_e246
FUN_007531,0,0.0,0,pos,0,0.0,0,pos
FUN_000771,0,0.0,0,pos,0,0.0,0,pos
FUN_016393,0,0.0,0,pos,0,0.0,0,pos
FUN_006149,0,0.0,0,pos,0,0.0,0,pos
FUN_002303,0,0.0,0,pos,0,0.0,0,pos
FUN_006166,0,0.0,0,pos,0,0.0,0,pos
FUN_005057,0,0.0,0,pos,0,0.0,0,pos
FUN_007116,6,0.002008032128514056,0,pos,6,0.002008032128514056,0,pos
FUN_004498,42,0.041916167664670656,0,pos,0,0.0,0,pos
FUN_002768,24,0.04819277108433735,0,pos,0,0.0,0,pos
FUN_003315,0,0.0,0,pos,0,0.0,0,pos
FUN_009813,54,0.052941176470588235,1,pos_s468_e516,0,0.0,0,pos
FUN_015702,0,0.0,0,pos,0,0.0,0,pos
FUN_005720,102,0.059027777777777776,1,pos_s306_e390,18,0.010416666666666666,0,pos
FUN_005303,72,0.21428571428571427,1,pos_s0_e30,24,0.07142857142857142,0,pos
FUN_008566,0,0.0,0,pos,0,0.0,0,pos
FUN_010041,0,0.0,0,pos,0,0.0,0,pos
FUN_009540,0,0.0,0,pos,0,0.0,0,pos
FUN_010140,0,0.0,0,pos,0,0.0,0,pos
FUN_016143,0,0.0,0,pos,0,0.0,0,pos
FUN_004595,30,0.03731343283582089,1,pos_s636_e666,12,0.014925373134328358,0,pos
FUN_008976,0,0.0,0,pos,0,0.0,0,pos
FUN_016060,0,0.0,0,pos,0,0.0,0,pos
FUN_015478,0,0.0,0,pos,0,0.0,0,pos
FUN_004086,60,0.08264462809917356,1,pos_s624_e684,24,0.03305785123966942,0,pos
FUN_008285,0,0.0,0,pos,0,0.0,0,pos
FUN_007074,96,0.09523809523809523,1,pos_s462_e534,12,0.011904761904761904,0,pos
FUN_015889,0,0.0,0,pos,0,0.0,0,pos
FUN_000991,0,0.0,0,pos,0,0.0,0,pos
FUN_009895,0,0.0,0,pos,0,0.0,0,pos
FUN_000265,0,0.0,0,pos,0,0.0,0,pos
FUN_003569,6,0.00684931506849315,0,pos,0,0.0,0,pos
FUN_009090,0,0.0,0,pos,0,0.0,0,pos
FUN_000157,0,0.0,0,pos,0,0.0,0,pos
FUN_002850,0,0.0,0,pos,0,0.0,0,pos
FUN_011157,36,0.02926829268292683,1,pos_s0_e36,12,0.00975609756097561,0,pos
FUN_015983,0,0.0,0,pos,0,0.0,0,pos
FUN_009936,0,0.0,0,pos,0,0.0,0,pos
FUN_003086,0,0.0,0,pos,0,0.0,0,pos
FUN_000496,42,0.08974358974358974,1,pos_s102_e144,12,0.02564102564102564,0,pos
FUN_015924,0,0.0,0,pos,0,0.0,0,pos
FUN_001343,0,0.0,0,pos,0,0.0,0,pos
FUN_010138,0,0.0,0,pos,0,0.0,0,pos
FUN_006967,0,0.0,0,pos,0,0.0,0,pos
FUN_007884,0,0.0,0,pos,0,0.0,0,pos
FUN_008563,0,0.0,0,pos,0,0.0,0,pos
FUN_009882,0,0.0,0,pos,0,0.0,0,pos
FUN_001345,0,0.0,0,pos,0,0.0,0,pos
FUN_010713,0,0.0,0,pos,0,0.0,0,pos
FUN_005584,18,0.004457652303120356,0,pos,0,0.0,0,pos
FUN_007240,0,0.0,0,pos,0,0.0,0,pos
FUN_015792,0,0.0,0,pos,0,0.0,0,pos
FUN_000525,0,0.0,0,pos,0,0.0,0,pos
FUN_006908,0,0.0,0,pos,0,0.0,0,pos
FUN_016222,0,0.0,0,pos,0,0.0,0,pos
FUN_010422,0,0.0,0,pos,0,0.0,0,pos
FUN_011176,0,0.0,0,pos,0,0.0,0,pos
FUN_007767,6,0.0024390243902439024,0,pos,0,0.0,0,pos
FUN_003714,0,0.0,0,pos,0,0.0,0,pos
FUN_009517,0,0.0,0,pos,0,0.0,0,pos
FUN_002475,0,0.0,0,pos,0,0.0,0,pos
FUN_005945,0,0.0,0,pos,0,0.0,0,pos
FUN_016371,0,0.0,0,pos,0,0.0,0,pos
FUN_015538,0,0.0,0,pos,0,0.0,0,pos
FUN_006203,0,0.0,0,pos,0,0.0,0,pos
FUN_010207,0,0.0,0,pos,0,0.0,0,pos
FUN_009403,0,0.0,0,pos,0,0.0,0,pos
FUN_006188,336,0.21212121212121213,5,pos_s552_e594_s720_e780_s792_e828_s894_e930_s972_e1104,144,0.09090909090909091,2,pos_s894_e924_s1038_e1080
FUN_008966,0,0.0,0,pos,0,0.0,0,pos
FUN_002415,24,0.046511627906976744,0,pos,0,0.0,0,pos
FUN_002448,42,0.056451612903225805,0,pos,30,0.04032258064516129,0,pos
FUN_005008,18,0.0379746835443038,0,pos,0,0.0,0,pos
FUN_001548,0,0.0,0,pos,0,0.0,0,pos
FUN_011449,0,0.0,0,pos,0,0.0,0,pos
FUN_006173,54,0.020833333333333332,1,pos_s444_e474,0,0.0,0,pos
FUN_005981,114,0.21839080459770116,1,pos_s276_e360,30,0.05747126436781609,0,pos
FUN_016606,0,0.0,0,pos,0,0.0,0,pos
FUN_010599,0,0.0,0,pos,0,0.0,0,pos
FUN_001787,0,0.0,0,pos,0,0.0,0,pos
FUN_006390,42,0.03139013452914798,1,pos_s750_e786,0,0.0,0,pos
FUN_003912,108,0.02601156069364162,0,pos,0,0.0,0,pos
FUN_009188,96,0.7272727272727273,1,pos_s36_e126,18,0.13636363636363635,0,pos
FUN_009233,0,0.0,0,pos,0,0.0,0,pos
FUN_010522,0,0.0,0,pos,0,0.0,0,pos
FUN_009429,18,0.022556390977443608,0,pos,0,0.0,0,pos
FUN_003379,6,0.001834862385321101,0,pos,6,0.001834862385321101,0,pos
FUN_006943,0,0.0,0,pos,0,0.0,0,pos
FUN_007675,114,0.1743119266055046,1,pos_s150_e264,114,0.1743119266055046,1,pos_s150_e264
FUN_003710,0,0.0,0,pos,0,0.0,0,pos
FUN_007181,0,0.0,0,pos,0,0.0,0,pos
FUN_011829,0,0.0,0,pos,0,0.0,0,pos
FUN_016113,0,0.0,0,pos,0,0.0,0,pos
FUN_003789,192,0.17582417582417584,1,pos_s750_e930,72,0.06593406593406594,1,pos_s858_e930
FUN_002684,0,0.0,0,pos,0,0.0,0,pos
FUN_004461,0,0.0,0,pos,0,0.0,0,pos
FUN_000485,12,0.010810810810810811,0,pos,0,0.0,0,pos
FUN_000282,0,0.0,0,pos,0,0.0,0,pos
FUN_016624,0,0.0,0,pos,0,0.0,0,pos
FUN_001845,270,0.08858267716535433,2,pos_s864_e1008_s1320_e1362,84,0.027559055118110236,1,pos_s894_e936
FUN_007134,96,0.37209302325581395,1,pos_s132_e228,36,0.13953488372093023,0,pos
FUN_016611,0,0.0,0,pos,0,0.0,0,pos
FUN_009542,342,0.2714285714285714,4,pos_s396_e510_s540_e582_s630_e672_s984_e1116,282,0.22380952380952382,4,pos_s408_e468_s474_e510_s540_e582_s1008_e1116
FUN_005797,0,0.0,0,pos,0,0.0,0,pos
FUN_016072,0,0.0,0,pos,0,0.0,0,pos
FUN_001121,0,0.0,0,pos,0,0.0,0,pos
FUN_003514,0,0.0,0,pos,0,0.0,0,pos
FUN_015598,0,0.0,0,pos,0,0.0,0,pos
FUN_006624,270,0.25139664804469275,3,pos_s420_e510_s660_e702_s726_e840,114,0.10614525139664804,2,pos_s444_e510_s744_e774
FUN_010697,0,0.0,0,pos,0,0.0,0,pos
FUN_010719,0,0.0,0,pos,0,0.0,0,pos
FUN_016663,0,0.0,0,pos,0,0.0,0,pos
FUN_002388,90,0.02895752895752896,1,pos_s2358_e2448,0,0.0,0,pos
FUN_002927,0,0.0,0,pos,0,0.0,0,pos
FUN_016666,0,0.0,0,pos,0,0.0,0,pos
FUN_016194,0,0.0,0,pos,0,0.0,0,pos
FUN_001342,0,0.0,0,pos,0,0.0,0,pos
FUN_008035,216,0.05572755417956656,2,pos_s378_e486_s606_e648,0,0.0,0,pos
FUN_008521,0,0.0,0,pos,0,0.0,0,pos
FUN_006616,0,0.0,0,pos,0,0.0,0,pos
FUN_016326,0,0.0,0,pos,0,0.0,0,pos
FUN_010541,0,0.0,0,pos,0,0.0,0,pos
FUN_010600,0,0.0,0,pos,0,0.0,0,pos
FUN_008596,144,0.1411764705882353,0,pos,114,0.11176470588235295,0,pos
FUN_005582,0,0.0,0,pos,0,0.0,0,pos
FUN_000359,0,0.0,0,pos,0,0.0,0,pos
FUN_008841,0,0.0,0,pos,0,0.0,0,pos
FUN_007697,0,0.0,0,pos,0,0.0,0,pos
FUN_010013,0,0.0,0,pos,0,0.0,0,pos
FUN_002190,0,0.0,0,pos,0,0.0,0,pos
FUN_010367,222,0.11526479750778816,2,pos_s474_e588_s630_e684,84,0.04361370716510903,1,pos_s522_e588
FUN_006735,90,0.1171875,1,pos_s420_e456,6,0.0078125,0,pos
FUN_000013,18,0.017142857142857144,0,pos,0,0.0,0,pos
FUN_000009,0,0.0,0,pos,0,0.0,0,pos
FUN_008712,24,0.012232415902140673,0,pos,0,0.0,0,pos
FUN_000956,198,0.2037037037037037,2,pos_s672_e780_s876_e918,84,0.08641975308641975,1,pos_s696_e780
FUN_016643,0,0.0,0,pos,0,0.0,0,pos
FUN_012464,0,0.0,0,pos,0,0.0,0,pos
FUN_008468,0,0.0,0,pos,0,0.0,0,pos
FUN_008494,0,0.0,0,pos,0,0.0,0,pos
FUN_016082,0,0.0,0,pos,0,0.0,0,pos
FUN_016054,0,0.0,0,pos,0,0.0,0,pos
FUN_011323,0,0.0,0,pos,0,0.0,0,pos
FUN_001935,0,0.0,0,pos,0,0.0,0,pos
FUN_002053,36,0.007444168734491315,0,pos,12,0.0024813895781637717,0,pos
FUN_008633,0,0.0,0,pos,0,0.0,0,pos
FUN_006358,0,0.0,0,pos,0,0.0,0,pos
FUN_004534,0,0.0,0,pos,0,0.0,0,pos
FUN_004719,54,0.0430622009569378,1,pos_s504_e534,0,0.0,0,pos
FUN_015887,0,0.0,0,pos,0,0.0,0,pos
FUN_002878,24,0.0015667841754798276,0,pos,0,0.0,0,pos
FUN_008171,96,0.051118210862619806,1,pos_s1632_e1722,36,0.019169329073482427,1,pos_s1686_e1722
FUN_007173,210,0.12411347517730496,1,pos_s798_e984,66,0.03900709219858156,1,pos_s882_e918
FUN_006430,0,0.0,0,pos,0,0.0,0,pos
FUN_005555,12,0.02531645569620253,0,pos,0,0.0,0,pos
FUN_003654,54,0.05844155844155844,1,pos_s804_e840,0,0.0,0,pos
FUN_012298,0,0.0,0,pos,0,0.0,0,pos
FUN_016090,0,0.0,0,pos,0,0.0,0,pos
FUN_016301,0,0.0,0,pos,0,0.0,0,pos
FUN_008507,174,0.046849757673667204,3,pos_s1662_e1740_s2946_e2994_s3012_e3048,0,0.0,0,pos
FUN_000148,0,0.0,0,pos,0,0.0,0,pos
FUN_005291,0,0.0,0,pos,0,0.0,0,pos
FUN_001384,72,0.0967741935483871,1,pos_s24_e84,48,0.06451612903225806,1,pos_s24_e54
FUN_003552,0,0.0,0,pos,0,0.0,0,pos
FUN_009954,0,0.0,0,pos,0,0.0,0,pos
FUN_016743,0,0.0,0,pos,0,0.0,0,pos
FUN_005278,30,0.020080321285140562,1,pos_s918_e948,0,0.0,0,pos
FUN_005820,0,0.0,0,pos,0,0.0,0,pos
FUN_000092,342,0.024934383202099737,3,pos_s468_e522_s5616_e5676_s9738_e9834,144,0.010498687664041995,2,pos_s474_e510_s9738_e9804
FUN_015799,0,0.0,0,pos,0,0.0,0,pos
FUN_005629,66,0.07006369426751592,0,pos,54,0.05732484076433121,0,pos
FUN_010019,0,0.0,0,pos,0,0.0,0,pos
FUN_005880,96,0.031746031746031744,1,pos_s2574_e2670,96,0.031746031746031744,1,pos_s2574_e2670
FUN_001648,0,0.0,0,pos,0,0.0,0,pos
FUN_010193,24,0.04081632653061224,0,pos,0,0.0,0,pos
FUN_008548,0,0.0,0,pos,0,0.0,0,pos
FUN_002838,0,0.0,0,pos,0,0.0,0,pos
FUN_004786,120,0.09615384615384616,2,pos_s54_e120_s276_e318,0,0.0,0,pos
FUN_007532,18,0.015544041450777202,0,pos,0,0.0,0,pos
FUN_006435,6,0.006024096385542169,0,pos,0,0.0,0,pos
FUN_004457,0,0.0,0,pos,0,0.0,0,pos
FUN_001872,6,0.0004997501249375312,0,pos,0,0.0,0,pos
FUN_003140,78,0.06074766355140187,1,pos_s1176_e1254,48,0.037383177570093455,1,pos_s1206_e1254
FUN_010855,0,0.0,0,pos,0,0.0,0,pos
FUN_003378,0,0.0,0,pos,0,0.0,0,pos
FUN_016334,0,0.0,0,pos,0,0.0,0,pos
FUN_002738,48,0.016842105263157894,1,pos_s576_e612,6,0.002105263157894737,0,pos
FUN_010384,12,0.02857142857142857,0,pos,0,0.0,0,pos
FUN_000037,0,0.0,0,pos,0,0.0,0,pos
FUN_002993,0,0.0,0,pos,0,0.0,0,pos
FUN_002595,0,0.0,0,pos,0,0.0,0,pos
FUN_004776,30,0.014749262536873156,1,pos_s414_e444,18,0.008849557522123894,0,pos
FUN_015492,0,0.0,0,pos,0,0.0,0,pos
FUN_001899,0,0.0,0,pos,0,0.0,0,pos
FUN_003497,0,0.0,0,pos,0,0.0,0,pos
FUN_011931,0,0.0,0,pos,0,0.0,0,pos
FUN_012111,0,0.0,0,pos,0,0.0,0,pos
FUN_000721,0,0.0,0,pos,0,0.0,0,pos
FUN_016066,0,0.0,0,pos,0,0.0,0,pos
FUN_006288,6,0.016666666666666666,0,pos,0,0.0,0,pos
FUN_010481,6,0.0016,0,pos,0,0.0,0,pos
FUN_003775,0,0.0,0,pos,0,0.0,0,pos
FUN_009231,0,0.0,0,pos,0,0.0,0,pos
FUN_002238,12,0.006825938566552901,0,pos,0,0.0,0,pos
FUN_012513,0,0.0,0,pos,0,0.0,0,pos
FUN_003074,84,0.6086956521739131,1,pos_s0_e72,54,0.391304347826087,1,pos_s0_e54
FUN_010518,0,0.0,0,pos,0,0.0,0,pos
FUN_001816,0,0.0,0,pos,0,0.0,0,pos
FUN_004257,0,0.0,0,pos,0,0.0,0,pos
FUN_009918,0,0.0,0,pos,0,0.0,0,pos
FUN_005354,0,0.0,0,pos,0,0.0,0,pos
FUN_010322,0,0.0,0,pos,0,0.0,0,pos
FUN_000970,72,0.01932367149758454,1,pos_s2214_e2286,30,0.008051529790660225,1,pos_s2220_e2250
FUN_005655,0,0.0,0,pos,0,0.0,0,pos
FUN_016378,0,0.0,0,pos,0,0.0,0,pos
FUN_004113,0,0.0,0,pos,0,0.0,0,pos
FUN_005375,0,0.0,0,pos,0,0.0,0,pos
FUN_010299,342,0.00795311845960653,4,pos_s2838_e2946_s13746_e13776_s22098_e22152_s29940_e29970,6,0.00013952839402818474,0,pos
FUN_000159,0,0.0,0,pos,0,0.0,0,pos
FUN_002856,0,0.0,0,pos,0,0.0,0,pos
FUN_001563,108,0.08866995073891626,2,pos_s606_e660_s798_e840,0,0.0,0,pos
FUN_005804,18,0.0034883720930232558,0,pos,0,0.0,0,pos
FUN_010432,0,0.0,0,pos,0,0.0,0,pos
FUN_006861,138,0.0423572744014733,2,pos_s264_e312_s1068_e1128,108,0.03314917127071823,1,pos_s1068_e1128
FUN_003223,0,0.0,0,pos,0,0.0,0,pos
FUN_011231,24,0.0163265306122449,0,pos,0,0.0,0,pos
FUN_009040,192,0.045779685264663805,3,pos_s1422_e1452_s2658_e2700_s3270_e3324,0,0.0,0,pos
FUN_008953,0,0.0,0,pos,0,0.0,0,pos
FUN_010740,0,0.0,0,pos,0,0.0,0,pos
FUN_004383,0,0.0,0,pos,0,0.0,0,pos
FUN_000479,54,0.009009009009009009,0,pos,0,0.0,0,pos
FUN_008020,0,0.0,0,pos,0,0.0,0,pos
FUN_002449,0,0.0,0,pos,0,0.0,0,pos
FUN_004628,78,0.014891179839633447,1,pos_s4566_e4626,0,0.0,0,pos
FUN_009914,102,0.07981220657276995,1,pos_s1194_e1272,36,0.028169014084507043,1,pos_s1194_e1230
FUN_003059,0,0.0,0,pos,0,0.0,0,pos
FUN_012424,0,0.0,0,pos,0,0.0,0,pos
FUN_010817,6,0.007142857142857143,0,pos,0,0.0,0,pos
FUN_007775,0,0.0,0,pos,0,0.0,0,pos
FUN_011383,12,0.0111731843575419,0,pos,0,0.0,0,pos
FUN_015679,0,0.0,0,pos,0,0.0,0,pos
FUN_003103,0,0.0,0,pos,0,0.0,0,pos
FUN_000791,18,0.0037926675094816687,0,pos,0,0.0,0,pos
FUN_001006,0,0.0,0,pos,0,0.0,0,pos
FUN_016161,0,0.0,0,pos,0,0.0,0,pos
FUN_001777,348,0.15934065934065933,4,pos_s48_e102_s456_e528_s624_e750_s768_e816,66,0.03021978021978022,1,pos_s654_e696
FUN_016236,0,0.0,0,pos,0,0.0,0,pos
FUN_005744,0,0.0,0,pos,0,0.0,0,pos
FUN_010199,0,0.0,0,pos,0,0.0,0,pos
FUN_008892,0,0.0,0,pos,0,0.0,0,pos
FUN_002610,36,0.015706806282722512,1,pos_s1434_e1470,0,0.0,0,pos
FUN_007218,342,0.06484641638225255,4,pos_s312_e366_s1680_e1710_s2736_e2766_s4038_e4128,78,0.01478953356086462,1,pos_s330_e366
FUN_003389,0,0.0,0,pos,0,0.0,0,pos
FUN_008750,0,0.0,0,pos,0,0.0,0,pos
FUN_010438,30,0.01006036217303823,1,pos_s2484_e2514,24,0.008048289738430584,0,pos
FUN_004751,0,0.0,0,pos,0,0.0,0,pos
FUN_016237,0,0.0,0,pos,0,0.0,0,pos
FUN_006205,6,0.002770083102493075,0,pos,0,0.0,0,pos
FUN_001974,0,0.0,0,pos,0,0.0,0,pos
FUN_011479,0,0.0,0,pos,0,0.0,0,pos
FUN_016633,0,0.0,0,pos,0,0.0,0,pos
FUN_016459,0,0.0,0,pos,0,0.0,0,pos
FUN_007926,0,0.0,0,pos,0,0.0,0,pos
FUN_012206,0,0.0,0,pos,0,0.0,0,pos
FUN_009518,0,0.0,0,pos,0,0.0,0,pos
FUN_010789,0,0.0,0,pos,0,0.0,0,pos
FUN_010070,168,0.03608247422680412,2,pos_s4428_e4506_s4542_e4590,60,0.01288659793814433,1,pos_s4542_e4590
FUN_012482,0,0.0,0,pos,0,0.0,0,pos
FUN_010156,0,0.0,0,pos,0,0.0,0,pos
FUN_011858,0,0.0,0,pos,0,0.0,0,pos
FUN_016096,0,0.0,0,pos,0,0.0,0,pos
FUN_010820,0,0.0,0,pos,0,0.0,0,pos
FUN_001244,0,0.0,0,pos,0,0.0,0,pos
FUN_002328,0,0.0,0,pos,0,0.0,0,pos
FUN_010964,0,0.0,0,pos,0,0.0,0,pos
FUN_011138,0,0.0,0,pos,0,0.0,0,pos
FUN_016757,0,0.0,0,pos,0,0.0,0,pos
FUN_003133,36,0.01791044776119403,0,pos,0,0.0,0,pos
FUN_004983,6,0.0030211480362537764,0,pos,0,0.0,0,pos
FUN_002487,0,0.0,0,pos,0,0.0,0,pos
FUN_016822,0,0.0,0,pos,0,0.0,0,pos
FUN_004836,48,0.47058823529411764,0,pos,12,0.11764705882352941,0,pos
FUN_001061,0,0.0,0,pos,0,0.0,0,pos
FUN_016539,0,0.0,0,pos,0,0.0,0,pos
FUN_008161,18,0.00872093023255814,0,pos,6,0.0029069767441860465,0,pos
FUN_001572,0,0.0,0,pos,0,0.0,0,pos
FUN_016591,0,0.0,0,pos,0,0.0,0,pos
FUN_003507,0,0.0,0,pos,0,0.0,0,pos
FUN_005682,102,0.13709677419354838,1,pos_s138_e222,60,0.08064516129032258,1,pos_s174_e222
FUN_011008,162,0.09818181818181818,2,pos_s1020_e1122_s1140_e1170,84,0.05090909090909091,2,pos_s1068_e1122_s1140_e1170
FUN_004709,0,0.0,0,pos,0,0.0,0,pos
FUN_008078,30,0.031446540880503145,1,pos_s516_e546,30,0.031446540880503145,1,pos_s516_e546
FUN_000440,42,0.022950819672131147,0,pos,0,0.0,0,pos
FUN_005191,0,0.0,0,pos,0,0.0,0,pos
FUN_010714,0,0.0,0,pos,0,0.0,0,pos
FUN_002014,186,0.07948717948717948,3,pos_s612_e672_s1728_e1764_s2160_e2208,12,0.005128205128205128,0,pos
FUN_004962,192,0.0622568093385214,3,pos_s204_e246_s702_e780_s1104_e1140,6,0.0019455252918287938,0,pos
FUN_001239,0,0.0,0,pos,0,0.0,0,pos
FUN_000267,0,0.0,0,pos,0,0.0,0,pos
FUN_002614,24,0.04938271604938271,0,pos,0,0.0,0,pos
FUN_000497,114,0.1450381679389313,1,pos_s690_e774,48,0.061068702290076333,1,pos_s744_e774
FUN_015608,0,0.0,0,pos,0,0.0,0,pos
FUN_011013,60,0.2222222222222222,1,pos_s48_e108,24,0.08888888888888889,0,pos
FUN_005131,0,0.0,0,pos,0,0.0,0,pos
FUN_010992,0,0.0,0,pos,0,0.0,0,pos
FUN_007712,192,0.05818181818181818,2,pos_s2190_e2256_s2280_e2322,12,0.0036363636363636364,0,pos
FUN_003649,0,0.0,0,pos,0,0.0,0,pos
FUN_007686,108,0.09,1,pos_s378_e486,24,0.02,0,pos
FUN_002474,0,0.0,0,pos,0,0.0,0,pos
FUN_006023,0,0.0,0,pos,0,0.0,0,pos
FUN_009470,0,0.0,0,pos,0,0.0,0,pos
FUN_002784,24,0.012461059190031152,0,pos,0,0.0,0,pos
FUN_002824,324,0.226890756302521,4,pos_s798_e846_s978_e1092_s1116_e1152_s1284_e1368,228,0.15966386554621848,4,pos_s978_e1092_s1296_e1326_s1338_e1368_s1386_e1416
FUN_003475,0,0.0,0,pos,0,0.0,0,pos
FUN_008247,0,0.0,0,pos,0,0.0,0,pos
FUN_001936,174,0.038410596026490065,3,pos_s690_e768_s2478_e2526_s2562_e2610,6,0.0013245033112582781,0,pos
FUN_008094,0,0.0,0,pos,0,0.0,0,pos
FUN_005055,66,0.07051282051282051,1,pos_s648_e714,36,0.038461538461538464,1,pos_s666_e696
FUN_003600,186,0.14832535885167464,2,pos_s0_e96_s888_e978,24,0.019138755980861243,0,pos
FUN_015973,0,0.0,0,pos,0,0.0,0,pos
FUN_007285,138,0.18253968253968253,2,pos_s174_e252_s270_e300,60,0.07936507936507936,1,pos_s180_e228
FUN_015859,0,0.0,0,pos,0,0.0,0,pos
FUN_016367,0,0.0,0,pos,0,0.0,0,pos
FUN_011463,0,0.0,0,pos,0,0.0,0,pos
FUN_000641,222,0.12802768166089964,4,pos_s324_e360_s396_e438_s618_e654_s780_e882,30,0.01730103806228374,0,pos
FUN_005780,0,0.0,0,pos,0,0.0,0,pos
FUN_001749,0,0.0,0,pos,0,0.0,0,pos
FUN_011532,0,0.0,0,pos,0,0.0,0,pos
FUN_009618,108,0.02258469259723965,2,pos_s396_e444_s750_e780,0,0.0,0,pos
FUN_004925,66,0.028277634961439587,1,pos_s1470_e1506,0,0.0,0,pos
FUN_002459,0,0.0,0,pos,0,0.0,0,pos
FUN_003984,0,0.0,0,pos,0,0.0,0,pos
FUN_008231,0,0.0,0,pos,0,0.0,0,pos
FUN_011459,42,0.008962868117797696,0,pos,0,0.0,0,pos
FUN_004796,0,0.0,0,pos,0,0.0,0,pos
FUN_012258,0,0.0,0,pos,0,0.0,0,pos
FUN_010911,0,0.0,0,pos,0,0.0,0,pos
FUN_006659,66,0.02631578947368421,1,pos_s276_e306,12,0.004784688995215311,0,pos
FUN_003655,6,0.0034129692832764505,0,pos,0,0.0,0,pos
FUN_016698,96,0.07441860465116279,2,pos_s1176_e1206_s1218_e1272,18,0.013953488372093023,0,pos
FUN_016708,0,0.0,0,pos,0,0.0,0,pos
FUN_011507,0,0.0,0,pos,0,0.0,0,pos
FUN_006128,0,0.0,0,pos,0,0.0,0,pos
FUN_003532,0,0.0,0,pos,0,0.0,0,pos
FUN_000345,0,0.0,0,pos,0,0.0,0,pos
FUN_007886,30,0.012853470437017995,0,pos,6,0.002570694087403599,0,pos
FUN_002069,48,0.04,1,pos_s1086_e1116,0,0.0,0,pos
FUN_009120,156,0.0931899641577061,2,pos_s714_e756_s1140_e1248,18,0.010752688172043012,0,pos
FUN_015568,0,0.0,0,pos,0,0.0,0,pos
FUN_001348,0,0.0,0,pos,0,0.0,0,pos
FUN_008756,0,0.0,0,pos,0,0.0,0,pos
FUN_007335,30,0.013227513227513227,1,pos_s1812_e1842,30,0.013227513227513227,1,pos_s1812_e1842
FUN_001616,0,0.0,0,pos,0,0.0,0,pos
FUN_002462,0,0.0,0,pos,0,0.0,0,pos
FUN_001859,0,0.0,0,pos,0,0.0,0,pos
FUN_008155,0,0.0,0,pos,0,0.0,0,pos
FUN_000670,0,0.0,0,pos,0,0.0,0,pos
FUN_002166,102,0.05723905723905724,2,pos_s48_e102_s1596_e1644,0,0.0,0,pos
FUN_006190,0,0.0,0,pos,0,0.0,0,pos
FUN_004844,6,0.02631578947368421,0,pos,0,0.0,0,pos
FUN_009007,96,0.03455723542116631,2,pos_s2310_e2358_s2670_e2706,0,0.0,0,pos
FUN_007584,0,0.0,0,pos,0,0.0,0,pos
FUN_010075,0,0.0,0,pos,0,0.0,0,pos
FUN_009667,0,0.0,0,pos,0,0.0,0,pos
FUN_016303,0,0.0,0,pos,0,0.0,0,pos
FUN_000759,0,0.0,0,pos,0,0.0,0,pos
FUN_003201,12,0.007633587786259542,0,pos,0,0.0,0,pos
FUN_004406,0,0.0,0,pos,0,0.0,0,pos
FUN_008141,0,0.0,0,pos,0,0.0,0,pos
FUN_010874,0,0.0,0,pos,0,0.0,0,pos
FUN_011049,0,0.0,0,pos,0,0.0,0,pos
FUN_008238,60,0.045662100456621,1,pos_s768_e804,12,0.0091324200913242,0,pos
FUN_001491,0,0.0,0,pos,0,0.0,0,pos
FUN_000284,198,0.10410094637223975,2,pos_s186_e282_s522_e600,42,0.022082018927444796,1,pos_s204_e234
FUN_005353,0,0.0,0,pos,0,0.0,0,pos
FUN_016629,0,0.0,0,pos,0,0.0,0,pos
FUN_011780,0,0.0,0,pos,0,0.0,0,pos
FUN_009125,0,0.0,0,pos,0,0.0,0,pos
FUN_010408,0,0.0,0,pos,0,0.0,0,pos
FUN_015280,0,0.0,0,pos,0,0.0,0,pos
FUN_016855,0,0.0,0,pos,0,0.0,0,pos
FUN_009157,54,0.061224489795918366,0,pos,6,0.006802721088435374,0,pos
FUN_004451,480,0.15296367112810708,5,pos_s336_e378_s390_e420_s600_e708_s792_e900_s1206_e1266,60,0.019120458891013385,1,pos_s606_e654
FUN_010241,72,0.0225140712945591,1,pos_s78_e114,0,0.0,0,pos
FUN_015534,0,0.0,0,pos,0,0.0,0,pos
FUN_004673,0,0.0,0,pos,0,0.0,0,pos
FUN_009073,174,0.0463258785942492,2,pos_s816_e870_s2904_e2958,30,0.007987220447284345,0,pos
FUN_004933,6,0.001953125,0,pos,0,0.0,0,pos
FUN_001577,48,0.024539877300613498,1,pos_s984_e1014,0,0.0,0,pos
FUN_001753,0,0.0,0,pos,0,0.0,0,pos
FUN_012420,0,0.0,0,pos,0,0.0,0,pos
FUN_002767,0,0.0,0,pos,0,0.0,0,pos
FUN_005184,96,0.023529411764705882,1,pos_s1812_e1860,0,0.0,0,pos
FUN_015784,0,0.0,0,pos,0,0.0,0,pos
FUN_000730,0,0.0,0,pos,0,0.0,0,pos
FUN_000352,0,0.0,0,pos,0,0.0,0,pos
FUN_006489,0,0.0,0,pos,0,0.0,0,pos
FUN_015815,6,0.008,0,pos,6,0.008,0,pos
FUN_000428,0,0.0,0,pos,0,0.0,0,pos
FUN_002840,0,0.0,0,pos,0,0.0,0,pos
FUN_007890,0,0.0,0,pos,0,0.0,0,pos
FUN_010374,6,0.015151515151515152,0,pos,0,0.0,0,pos
FUN_009491,0,0.0,0,pos,0,0.0,0,pos
FUN_012105,0,0.0,0,pos,0,0.0,0,pos
FUN_009751,0,0.0,0,pos,0,0.0,0,pos
FUN_005205,48,0.03333333333333333,1,pos_s492_e540,6,0.004166666666666667,0,pos
FUN_010456,156,0.09961685823754789,2,pos_s456_e522_s642_e672,78,0.04980842911877394,1,pos_s486_e522
FUN_012149,0,0.0,0,pos,0,0.0,0,pos
FUN_003917,48,0.013333333333333334,0,pos,0,0.0,0,pos
FUN_002184,0,0.0,0,pos,0,0.0,0,pos
FUN_006465,66,0.04824561403508772,0,pos,42,0.03070175438596491,1,pos_s1314_e1356
FUN_010634,0,0.0,0,pos,0,0.0,0,pos
FUN_007759,0,0.0,0,pos,0,0.0,0,pos
FUN_008556,12,0.008298755186721992,0,pos,0,0.0,0,pos
FUN_002165,66,0.04417670682730924,1,pos_s1170_e1230,0,0.0,0,pos
FUN_010693,0,0.0,0,pos,0,0.0,0,pos
FUN_005537,0,0.0,0,pos,0,0.0,0,pos
FUN_010036,18,0.01079136690647482,0,pos,0,0.0,0,pos
FUN_007340,0,0.0,0,pos,0,0.0,0,pos
FUN_016040,0,0.0,0,pos,0,0.0,0,pos
FUN_001970,6,0.006172839506172839,0,pos,0,0.0,0,pos
FUN_004378,0,0.0,0,pos,0,0.0,0,pos
FUN_003400,36,0.009104704097116844,0,pos,0,0.0,0,pos
FUN_007433,0,0.0,0,pos,0,0.0,0,pos
FUN_002957,156,0.5306122448979592,0,pos,66,0.22448979591836735,1,pos_s216_e276
FUN_007633,0,0.0,0,pos,0,0.0,0,pos
FUN_006263,0,0.0,0,pos,0,0.0,0,pos
FUN_000833,168,0.021604938271604937,3,pos_s1566_e1614_s4200_e4248_s6588_e6642,54,0.006944444444444444,1,pos_s6588_e6642
FUN_001836,204,0.11764705882352941,2,pos_s684_e828_s1212_e1242,96,0.05536332179930796,1,pos_s732_e828
FUN_009012,0,0.0,0,pos,0,0.0,0,pos
FUN_000363,0,0.0,0,pos,0,0.0,0,pos
FUN_001271,0,0.0,0,pos,0,0.0,0,pos
FUN_005843,0,0.0,0,pos,0,0.0,0,pos
FUN_010588,0,0.0,0,pos,0,0.0,0,pos
FUN_011747,0,0.0,0,pos,0,0.0,0,pos
FUN_011599,0,0.0,0,pos,0,0.0,0,pos
FUN_006349,0,0.0,0,pos,0,0.0,0,pos
FUN_010674,0,0.0,0,pos,0,0.0,0,pos
FUN_003143,6,0.01282051282051282,0,pos,0,0.0,0,pos
FUN_016216,0,0.0,0,pos,0,0.0,0,pos
FUN_012124,0,0.0,0,pos,0,0.0,0,pos
FUN_009496,84,0.025225225225225224,1,pos_s1554_e1638,0,0.0,0,pos
FUN_003574,0,0.0,0,pos,0,0.0,0,pos
FUN_003634,2226,0.28692962103634956,21,pos_s6_e96_s168_e330_s384_e474_s666_e1038_s2934_e2976_s3480_e3522_s3528_e3630_s3798_e3912_s4434_e4488_s4494_e4548_s5376_e5484_s6042_e6072_s6102_e6282_s6396_e6492_s6708_e6786_s6792_e6822_s6882_e6930_s6954_e6996_s7032_e7182_s7314_e7404_s7662_e7698,1044,0.1345707656612529,9,pos_s390_e474_s846_e1008_s3552_e3630_s3822_e3912_s5424_e5460_s6102_e6270_s6426_e6486_s6882_e6918_s7032_e7140
FUN_010386,96,0.054982817869415807,1,pos_s174_e270,54,0.030927835051546393,1,pos_s180_e234
FUN_005779,0,0.0,0,pos,0,0.0,0,pos
FUN_009101,150,0.1358695652173913,3,pos_s498_e546_s708_e762_s780_e816,12,0.010869565217391304,0,pos
FUN_011493,0,0.0,0,pos,0,0.0,0,pos
FUN_003699,6,0.0043859649122807015,0,pos,0,0.0,0,pos
FUN_000398,0,0.0,0,pos,0,0.0,0,pos
FUN_000639,0,0.0,0,pos,0,0.0,0,pos
FUN_000035,108,0.08108108108108109,1,pos_s738_e846,0,0.0,0,pos
FUN_004961,54,0.01549053356282272,1,pos_s258_e300,0,0.0,0,pos
FUN_007000,0,0.0,0,pos,0,0.0,0,pos
FUN_002602,36,0.011111111111111112,1,pos_s120_e156,0,0.0,0,pos
FUN_006093,0,0.0,0,pos,0,0.0,0,pos
FUN_006378,0,0.0,0,pos,0,0.0,0,pos
FUN_016682,0,0.0,0,pos,0,0.0,0,pos
FUN_008029,0,0.0,0,pos,0,0.0,0,pos
FUN_004538,0,0.0,0,pos,0,0.0,0,pos
FUN_006794,0,0.0,0,pos,0,0.0,0,pos
FUN_004034,198,0.14163090128755365,2,pos_s738_e828_s1038_e1098,84,0.060085836909871244,2,pos_s738_e774_s786_e816
FUN_016816,0,0.0,0,pos,0,0.0,0,pos
FUN_004952,0,0.0,0,pos,0,0.0,0,pos
FUN_015595,0,0.0,0,pos,0,0.0,0,pos
FUN_011040,24,0.014652014652014652,0,pos,0,0.0,0,pos
FUN_006851,0,0.0,0,pos,0,0.0,0,pos
FUN_008350,0,0.0,0,pos,0,0.0,0,pos
FUN_005636,30,0.024509803921568627,1,pos_s1182_e1212,0,0.0,0,pos
FUN_001878,102,0.024531024531024532,1,pos_s288_e378,60,0.01443001443001443,1,pos_s300_e360
FUN_006928,102,0.04096385542168675,1,pos_s420_e456,12,0.004819277108433735,0,pos
FUN_009434,0,0.0,0,pos,0,0.0,0,pos
FUN_001015,0,0.0,0,pos,0,0.0,0,pos
FUN_008862,144,0.1038961038961039,2,pos_s474_e522_s1164_e1236,72,0.05194805194805195,1,pos_s1164_e1230
FUN_001300,0,0.0,0,pos,0,0.0,0,pos
FUN_004547,0,0.0,0,pos,0,0.0,0,pos
FUN_015285,0,0.0,0,pos,0,0.0,0,pos
FUN_010681,78,0.057777777777777775,1,pos_s1032_e1104,0,0.0,0,pos
FUN_008776,120,0.04975124378109453,2,pos_s1848_e1878_s2094_e2130,0,0.0,0,pos
FUN_012260,0,0.0,0,pos,0,0.0,0,pos
FUN_010212,18,0.005964214711729622,0,pos,0,0.0,0,pos
FUN_012327,0,0.0,0,pos,0,0.0,0,pos
FUN_004590,330,0.030470914127423823,3,pos_s4830_e4938_s5406_e5460_s7008_e7098,48,0.00443213296398892,1,pos_s4830_e4860
FUN_010836,48,0.08,0,pos,6,0.01,0,pos
FUN_015627,0,0.0,0,pos,0,0.0,0,pos
FUN_004197,0,0.0,0,pos,0,0.0,0,pos
FUN_000622,0,0.0,0,pos,0,0.0,0,pos
FUN_004078,0,0.0,0,pos,0,0.0,0,pos
FUN_007093,0,0.0,0,pos,0,0.0,0,pos
FUN_003677,0,0.0,0,pos,0,0.0,0,pos
FUN_002538,60,0.050761421319796954,0,pos,0,0.0,0,pos
FUN_004947,18,0.005859375,0,pos,0,0.0,0,pos
FUN_007363,228,0.1130952380952381,2,pos_s336_e372_s498_e678,198,0.09821428571428571,2,pos_s336_e366_s510_e678
FUN_007431,0,0.0,0,pos,0,0.0,0,pos
FUN_010880,0,0.0,0,pos,0,0.0,0,pos
FUN_005454,138,0.03234880450070324,3,pos_s540_e576_s666_e696_s936_e972,36,0.008438818565400843,0,pos
FUN_011306,0,0.0,0,pos,0,0.0,0,pos
FUN_002759,90,0.03529411764705882,1,pos_s1704_e1782,36,0.01411764705882353,1,pos_s1704_e1740
FUN_015309,0,0.0,0,pos,0,0.0,0,pos
FUN_015643,0,0.0,0,pos,0,0.0,0,pos
FUN_001299,0,0.0,0,pos,0,0.0,0,pos
FUN_008876,78,0.009916094584286803,0,pos,0,0.0,0,pos
FUN_000961,0,0.0,0,pos,0,0.0,0,pos
FUN_010793,0,0.0,0,pos,0,0.0,0,pos
FUN_011214,78,0.104,1,pos_s606_e666,0,0.0,0,pos
FUN_008059,258,0.015318845742785893,4,pos_s5274_e5334_s6420_e6462_s11238_e11310_s11562_e11592,102,0.006056287851799074,2,pos_s5274_e5334_s11562_e11592
FUN_008073,0,0.0,0,pos,0,0.0,0,pos
FUN_006754,6,0.0072992700729927005,0,pos,0,0.0,0,pos
FUN_007853,0,0.0,0,pos,0,0.0,0,pos
FUN_007622,0,0.0,0,pos,0,0.0,0,pos
FUN_000347,0,0.0,0,pos,0,0.0,0,pos
FUN_001043,516,0.13210445468509985,5,pos_s1578_e1644_s1878_e1986_s2484_e2586_s2946_e3024_s3342_e3402,204,0.05222734254992319,3,pos_s1938_e1986_s2484_e2586_s3354_e3402
FUN_009560,0,0.0,0,pos,0,0.0,0,pos
FUN_016360,0,0.0,0,pos,0,0.0,0,pos
FUN_007038,0,0.0,0,pos,0,0.0,0,pos
FUN_015271,0,0.0,0,pos,0,0.0,0,pos
FUN_005881,0,0.0,0,pos,0,0.0,0,pos
FUN_006495,72,0.041379310344827586,0,pos,6,0.0034482758620689655,0,pos
FUN_007005,48,0.22857142857142856,0,pos,0,0.0,0,pos
FUN_010480,0,0.0,0,pos,0,0.0,0,pos
FUN_007816,60,0.20408163265306123,1,pos_s0_e42,0,0.0,0,pos
FUN_007639,54,0.05660377358490566,1,pos_s546_e588,0,0.0,0,pos
FUN_005701,0,0.0,0,pos,0,0.0,0,pos
FUN_011881,0,0.0,0,pos,0,0.0,0,pos
FUN_002463,0,0.0,0,pos,0,0.0,0,pos
FUN_001747,96,0.015065913370998116,1,pos_s6000_e6060,42,0.006591337099811676,1,pos_s6018_e6060
FUN_010989,132,0.24719101123595505,1,pos_s0_e132,132,0.24719101123595505,1,pos_s0_e132
FUN_001392,1308,0.056156620298815046,15,pos_s3846_e3948_s4056_e4158_s4950_e5010_s11412_e11442_s11940_e11976_s11988_e12054_s12120_e12210_s12216_e12258_s12264_e12348_s12852_e12906_s15000_e15030_s17778_e17892_s17928_e18006_s18090_e18300_s21558_e21636,522,0.02241112828438949,7,pos_s4950_e4992_s12312_e12342_s17778_e17832_s17856_e17892_s17928_e18006_s18090_e18192_s21564_e21594
FUN_000171,0,0.0,0,pos,0,0.0,0,pos
FUN_003125,0,0.0,0,pos,0,0.0,0,pos
FUN_001746,102,0.10059171597633136,1,pos_s282_e384,72,0.07100591715976332,1,pos_s324_e384
FUN_016046,0,0.0,0,pos,0,0.0,0,pos
FUN_011110,0,0.0,0,pos,0,0.0,0,pos
FUN_001982,132,0.01372426699937617,2,pos_s7104_e7158_s7170_e7200,0,0.0,0,pos
FUN_007721,0,0.0,0,pos,0,0.0,0,pos
FUN_011032,48,0.015267175572519083,0,pos,0,0.0,0,pos
FUN_016839,0,0.0,0,pos,0,0.0,0,pos
FUN_003312,0,0.0,0,pos,0,0.0,0,pos
FUN_007146,0,0.0,0,pos,0,0.0,0,pos
FUN_009404,84,0.07909604519774012,1,pos_s810_e876,66,0.062146892655367235,1,pos_s822_e876
FUN_001517,0,0.0,0,pos,0,0.0,0,pos
FUN_008489,0,0.0,0,pos,0,0.0,0,pos
FUN_015778,0,0.0,0,pos,0,0.0,0,pos
FUN_012339,0,0.0,0,pos,0,0.0,0,pos
FUN_000844,204,0.042821158690176324,2,pos_s354_e498_s648_e690,144,0.030226700251889168,1,pos_s354_e498
FUN_010921,0,0.0,0,pos,0,0.0,0,pos
FUN_010555,114,0.25333333333333335,1,pos_s0_e114,66,0.14666666666666667,1,pos_s18_e84
FUN_010623,66,0.044715447154471545,1,pos_s150_e180,0,0.0,0,pos
FUN_002326,0,0.0,0,pos,0,0.0,0,pos
FUN_000528,0,0.0,0,pos,0,0.0,0,pos
FUN_016595,0,0.0,0,pos,0,0.0,0,pos
FUN_015652,0,0.0,0,pos,0,0.0,0,pos
FUN_003480,84,0.019662921348314606,2,pos_s3576_e3606_s4074_e4110,0,0.0,0,pos
FUN_008546,0,0.0,0,pos,0,0.0,0,pos
FUN_007655,54,0.023872679045092837,0,pos,0,0.0,0,pos
FUN_009966,0,0.0,0,pos,0,0.0,0,pos
FUN_002395,24,0.08163265306122448,0,pos,0,0.0,0,pos
FUN_006125,0,0.0,0,pos,0,0.0,0,pos
FUN_005641,6,0.0038910505836575876,0,pos,0,0.0,0,pos
FUN_002163,0,0.0,0,pos,0,0.0,0,pos
FUN_012511,18,0.1111111111111111,0,pos,0,0.0,0,pos
FUN_003590,0,0.0,0,pos,0,0.0,0,pos
FUN_011840,0,0.0,0,pos,0,0.0,0,pos
FUN_007607,228,0.025016458196181698,4,pos_s1164_e1254_s2436_e2466_s3660_e3696_s5460_e5508,0,0.0,0,pos
FUN_001067,0,0.0,0,pos,0,0.0,0,pos
FUN_007746,78,0.039634146341463415,1,pos_s600_e666,0,0.0,0,pos
FUN_008615,0,0.0,0,pos,0,0.0,0,pos
FUN_005467,0,0.0,0,pos,0,0.0,0,pos
FUN_011117,0,0.0,0,pos,0,0.0,0,pos
FUN_012080,0,0.0,0,pos,0,0.0,0,pos
FUN_004791,0,0.0,0,pos,0,0.0,0,pos
FUN_001210,0,0.0,0,pos,0,0.0,0,pos
FUN_004088,0,0.0,0,pos,0,0.0,0,pos
FUN_010434,0,0.0,0,pos,0,0.0,0,pos
FUN_002999,0,0.0,0,pos,0,0.0,0,pos
FUN_006303,0,0.0,0,pos,0,0.0,0,pos
FUN_004940,0,0.0,0,pos,0,0.0,0,pos
FUN_005269,0,0.0,0,pos,0,0.0,0,pos
FUN_001286,6,0.009174311926605505,0,pos,0,0.0,0,pos
FUN_011367,216,0.055299539170506916,2,pos_s66_e180_s3528_e3582,90,0.02304147465437788,1,pos_s108_e180
FUN_012439,0,0.0,0,pos,0,0.0,0,pos
FUN_007543,0,0.0,0,pos,0,0.0,0,pos
FUN_000757,0,0.0,0,pos,0,0.0,0,pos
FUN_016464,0,0.0,0,pos,0,0.0,0,pos
FUN_011811,0,0.0,0,pos,0,0.0,0,pos
FUN_002543,0,0.0,0,pos,0,0.0,0,pos
FUN_008080,66,0.07051282051282051,1,pos_s330_e372,24,0.02564102564102564,0,pos
FUN_016876,0,0.0,0,pos,0,0.0,0,pos
FUN_015395,0,0.0,0,pos,0,0.0,0,pos
FUN_000570,0,0.0,0,pos,0,0.0,0,pos
FUN_012187,0,0.0,0,pos,0,0.0,0,pos
FUN_003193,0,0.0,0,pos,0,0.0,0,pos
FUN_003858,96,0.08333333333333333,1,pos_s684_e738,24,0.020833333333333332,0,pos
FUN_006061,42,0.04093567251461988,0,pos,0,0.0,0,pos
FUN_009035,36,0.1276595744680851,1,pos_s180_e216,18,0.06382978723404255,0,pos
FUN_005094,0,0.0,0,pos,0,0.0,0,pos
FUN_009236,0,0.0,0,pos,0,0.0,0,pos
FUN_016509,0,0.0,0,pos,0,0.0,0,pos
FUN_008092,48,0.009080590238365494,1,pos_s1800_e1842,30,0.0056753688989784334,1,pos_s1800_e1830
FUN_001782,90,0.03968253968253968,1,pos_s888_e978,30,0.013227513227513227,1,pos_s948_e978
FUN_011950,0,0.0,0,pos,0,0.0,0,pos
FUN_010507,0,0.0,0,pos,0,0.0,0,pos
FUN_016811,0,0.0,0,pos,0,0.0,0,pos
FUN_009484,42,0.05,1,pos_s42_e84,0,0.0,0,pos
FUN_016128,0,0.0,0,pos,0,0.0,0,pos
FUN_007062,0,0.0,0,pos,0,0.0,0,pos
FUN_011470,0,0.0,0,pos,0,0.0,0,pos
FUN_009958,0,0.0,0,pos,0,0.0,0,pos
FUN_003205,0,0.0,0,pos,0,0.0,0,pos
FUN_009238,0,0.0,0,pos,0,0.0,0,pos
FUN_016376,0,0.0,0,pos,0,0.0,0,pos
FUN_008724,0,0.0,0,pos,0,0.0,0,pos
FUN_009940,0,0.0,0,pos,0,0.0,0,pos
FUN_000827,0,0.0,0,pos,0,0.0,0,pos
FUN_015320,0,0.0,0,pos,0,0.0,0,pos
FUN_008021,0,0.0,0,pos,0,0.0,0,pos
FUN_015391,0,0.0,0,pos,0,0.0,0,pos
FUN_001719,0,0.0,0,pos,0,0.0,0,pos
FUN_011553,12,0.0030165912518853697,0,pos,0,0.0,0,pos
FUN_000467,0,0.0,0,pos,0,0.0,0,pos
FUN_008113,6,0.004016064257028112,0,pos,0,0.0,0,pos
FUN_002748,0,0.0,0,pos,0,0.0,0,pos
FUN_006814,0,0.0,0,pos,0,0.0,0,pos
FUN_002732,126,0.0695364238410596,1,pos_s1050_e1158,66,0.03642384105960265,1,pos_s1128_e1158
FUN_009648,0,0.0,0,pos,0,0.0,0,pos
FUN_009286,48,0.1702127659574468,0,pos,18,0.06382978723404255,0,pos
FUN_004056,0,0.0,0,pos,0,0.0,0,pos
FUN_004506,0,0.0,0,pos,0,0.0,0,pos
FUN_009475,30,0.008912655971479501,1,pos_s2970_e3000,0,0.0,0,pos
FUN_006540,120,0.13513513513513514,1,pos_s660_e690,30,0.033783783783783786,1,pos_s816_e846
FUN_008369,0,0.0,0,pos,0,0.0,0,pos
FUN_008274,12,0.002652519893899204,0,pos,0,0.0,0,pos
FUN_003545,204,0.06476190476190476,3,pos_s558_e606_s2022_e2064_s2664_e2694,0,0.0,0,pos
FUN_001657,150,0.016600265604249667,3,pos_s7806_e7848_s8286_e8316_s8718_e8778,0,0.0,0,pos
FUN_006424,30,0.0073964497041420114,1,pos_s3750_e3780,0,0.0,0,pos
FUN_007835,0,0.0,0,pos,0,0.0,0,pos
FUN_016878,0,0.0,0,pos,0,0.0,0,pos
FUN_010033,816,0.09170600134861767,10,pos_s738_e822_s1644_e1734_s2190_e2304_s2616_e2712_s2862_e2904_s2946_e2994_s5196_e5280_s5706_e5760_s5904_e5940_s8172_e8214,228,0.02562373567093729,3,pos_s2202_e2304_s2616_e2658_s5904_e5940
FUN_008877,768,0.06794055201698514,9,pos_s618_e666_s6504_e6558_s6594_e6636_s6774_e6888_s7278_e7326_s8688_e8778_s9924_e10038_s10284_e10392_s10992_e11022,294,0.026008492569002124,3,pos_s6594_e6624_s9924_e10038_s10296_e10392
FUN_010178,0,0.0,0,pos,0,0.0,0,pos
FUN_010721,240,0.07326007326007326,1,pos_s1554_e1770,186,0.056776556776556776,1,pos_s1596_e1770
FUN_010304,150,0.050200803212851405,1,pos_s1152_e1254,18,0.006024096385542169,0,pos
FUN_012265,0,0.0,0,pos,0,0.0,0,pos
FUN_015926,0,0.0,0,pos,0,0.0,0,pos
FUN_010644,24,0.006230529595015576,0,pos,0,0.0,0,pos
FUN_005530,0,0.0,0,pos,0,0.0,0,pos
FUN_012230,0,0.0,0,pos,0,0.0,0,pos
FUN_005443,360,0.12658227848101267,4,pos_s318_e360_s486_e630_s708_e780_s2580_e2628,12,0.004219409282700422,0,pos
FUN_016293,0,0.0,0,pos,0,0.0,0,pos
FUN_011852,0,0.0,0,pos,0,0.0,0,pos
FUN_009171,0,0.0,0,pos,0,0.0,0,pos
FUN_007525,0,0.0,0,pos,0,0.0,0,pos
FUN_010593,90,0.08426966292134831,1,pos_s0_e90,84,0.07865168539325842,1,pos_s18_e90
FUN_008728,0,0.0,0,pos,0,0.0,0,pos
FUN_002782,0,0.0,0,pos,0,0.0,0,pos
FUN_011806,0,0.0,0,pos,0,0.0,0,pos
FUN_009981,0,0.0,0,pos,0,0.0,0,pos
FUN_000653,12,0.004008016032064128,0,pos,0,0.0,0,pos
FUN_011991,60,0.040160642570281124,1,pos_s1152_e1212,0,0.0,0,pos
FUN_011375,0,0.0,0,pos,0,0.0,0,pos
FUN_006286,0,0.0,0,pos,0,0.0,0,pos
FUN_016330,0,0.0,0,pos,0,0.0,0,pos
FUN_005806,90,0.028037383177570093,1,pos_s1380_e1458,0,0.0,0,pos
FUN_004357,0,0.0,0,pos,0,0.0,0,pos
FUN_006382,0,0.0,0,pos,0,0.0,0,pos
FUN_008492,0,0.0,0,pos,0,0.0,0,pos
FUN_000519,0,0.0,0,pos,0,0.0,0,pos
FUN_002848,0,0.0,0,pos,0,0.0,0,pos
FUN_000084,60,0.005425935973955507,1,pos_s9600_e9636,6,0.0005425935973955507,0,pos
FUN_007656,0,0.0,0,pos,0,0.0,0,pos
FUN_016108,0,0.0,0,pos,0,0.0,0,pos
FUN_004284,0,0.0,0,pos,0,0.0,0,pos
FUN_000544,0,0.0,0,pos,0,0.0,0,pos
FUN_011317,0,0.0,0,pos,0,0.0,0,pos
FUN_010037,90,0.01953125,0,pos,0,0.0,0,pos
FUN_007111,0,0.0,0,pos,0,0.0,0,pos
FUN_009042,126,0.0472972972972973,1,pos_s1530_e1656,54,0.02027027027027027,1,pos_s1590_e1638
FUN_011439,0,0.0,0,pos,0,0.0,0,pos
FUN_015780,0,0.0,0,pos,0,0.0,0,pos
FUN_011170,0,0.0,0,pos,0,0.0,0,pos
FUN_004039,0,0.0,0,pos,0,0.0,0,pos
FUN_003961,0,0.0,0,pos,0,0.0,0,pos
FUN_008415,90,0.05514705882352941,1,pos_s1104_e1194,18,0.011029411764705883,0,pos
FUN_016337,0,0.0,0,pos,0,0.0,0,pos
FUN_016368,0,0.0,0,pos,0,0.0,0,pos
FUN_015913,0,0.0,0,pos,0,0.0,0,pos
FUN_015443,78,0.028761061946902654,1,pos_s2538_e2574,24,0.008849557522123894,0,pos
FUN_003725,0,0.0,0,pos,0,0.0,0,pos
FUN_007017,0,0.0,0,pos,0,0.0,0,pos
FUN_009107,0,0.0,0,pos,0,0.0,0,pos
FUN_005174,0,0.0,0,pos,0,0.0,0,pos
FUN_007399,0,0.0,0,pos,0,0.0,0,pos
FUN_010225,12,0.0029542097488921715,0,pos,0,0.0,0,pos
FUN_007140,0,0.0,0,pos,0,0.0,0,pos
FUN_003154,84,0.05785123966942149,1,pos_s1308_e1356,6,0.004132231404958678,0,pos
FUN_003046,0,0.0,0,pos,0,0.0,0,pos
FUN_008003,0,0.0,0,pos,0,0.0,0,pos
FUN_000533,66,0.037162162162162164,2,pos_s192_e222_s1386_e1416,18,0.010135135135135136,0,pos
FUN_003238,0,0.0,0,pos,0,0.0,0,pos
FUN_002389,0,0.0,0,pos,0,0.0,0,pos
FUN_000734,78,0.05263157894736842,1,pos_s864_e894,12,0.008097165991902834,0,pos
FUN_002757,0,0.0,0,pos,0,0.0,0,pos
FUN_004533,0,0.0,0,pos,0,0.0,0,pos
FUN_004251,168,0.208955223880597,2,pos_s24_e108_s576_e630,102,0.12686567164179105,1,pos_s24_e102
FUN_001588,18,0.018292682926829267,0,pos,0,0.0,0,pos
FUN_007734,0,0.0,0,pos,0,0.0,0,pos
FUN_010765,0,0.0,0,pos,0,0.0,0,pos
FUN_004495,0,0.0,0,pos,0,0.0,0,pos
FUN_006531,0,0.0,0,pos,0,0.0,0,pos
FUN_009062,0,0.0,0,pos,0,0.0,0,pos
FUN_002079,54,0.007431874483897605,0,pos,0,0.0,0,pos
FUN_008824,0,0.0,0,pos,0,0.0,0,pos
FUN_005447,6,0.0058823529411764705,0,pos,0,0.0,0,pos
FUN_012126,0,0.0,0,pos,0,0.0,0,pos
FUN_015814,0,0.0,0,pos,0,0.0,0,pos
FUN_007333,0,0.0,0,pos,0,0.0,0,pos
FUN_000934,18,0.02912621359223301,0,pos,0,0.0,0,pos
FUN_009161,0,0.0,0,pos,0,0.0,0,pos
FUN_006539,0,0.0,0,pos,0,0.0,0,pos
FUN_005320,18,0.02727272727272727,0,pos,0,0.0,0,pos
FUN_012488,0,0.0,0,pos,0,0.0,0,pos
FUN_001398,18,0.011194029850746268,0,pos,0,0.0,0,pos
FUN_007859,0,0.0,0,pos,0,0.0,0,pos
FUN_001369,174,0.11284046692607004,2,pos_s450_e522_s1422_e1476,48,0.0311284046692607,1,pos_s450_e486
FUN_005238,0,0.0,0,pos,0,0.0,0,pos
FUN_007988,0,0.0,0,pos,0,0.0,0,pos
FUN_007556,36,0.029850746268656716,1,pos_s984_e1014,6,0.004975124378109453,0,pos
FUN_001805,0,0.0,0,pos,0,0.0,0,pos
FUN_006278,0,0.0,0,pos,0,0.0,0,pos
FUN_007595,84,0.1044776119402985,1,pos_s120_e174,42,0.05223880597014925,1,pos_s120_e162
FUN_005983,12,0.007168458781362007,0,pos,0,0.0,0,pos
FUN_006126,0,0.0,0,pos,0,0.0,0,pos
FUN_001611,0,0.0,0,pos,0,0.0,0,pos
FUN_005785,0,0.0,0,pos,0,0.0,0,pos
FUN_010776,0,0.0,0,pos,0,0.0,0,pos
FUN_006305,0,0.0,0,pos,0,0.0,0,pos
FUN_015995,0,0.0,0,pos,0,0.0,0,pos
FUN_004338,0,0.0,0,pos,0,0.0,0,pos
FUN_009514,42,0.013539651837524178,1,pos_s1830_e1872,0,0.0,0,pos
FUN_009665,108,0.030664395229982964,1,pos_s804_e912,6,0.0017035775127768314,0,pos
FUN_005137,0,0.0,0,pos,0,0.0,0,pos
FUN_000422,0,0.0,0,pos,0,0.0,0,pos
FUN_006853,312,0.12839506172839507,3,pos_s162_e270_s1674_e1782_s2328_e2394,84,0.0345679012345679,1,pos_s2364_e2394
FUN_011205,0,0.0,0,pos,0,0.0,0,pos
FUN_004573,0,0.0,0,pos,0,0.0,0,pos
FUN_000509,0,0.0,0,pos,0,0.0,0,pos
FUN_003392,0,0.0,0,pos,0,0.0,0,pos
FUN_008942,0,0.0,0,pos,0,0.0,0,pos
FUN_010830,0,0.0,0,pos,0,0.0,0,pos
FUN_008220,0,0.0,0,pos,0,0.0,0,pos
FUN_015619,0,0.0,0,pos,0,0.0,0,pos
FUN_005110,12,0.007662835249042145,0,pos,0,0.0,0,pos
FUN_015775,0,0.0,0,pos,0,0.0,0,pos
FUN_010797,0,0.0,0,pos,0,0.0,0,pos
FUN_004393,60,0.01297016861219196,2,pos_s2892_e2922_s4236_e4266,24,0.005188067444876783,0,pos
FUN_009736,0,0.0,0,pos,0,0.0,0,pos
FUN_015981,0,0.0,0,pos,0,0.0,0,pos
FUN_005514,0,0.0,0,pos,0,0.0,0,pos
FUN_005024,0,0.0,0,pos,0,0.0,0,pos
FUN_016813,0,0.0,0,pos,0,0.0,0,pos
FUN_007724,222,0.07628865979381444,2,pos_s312_e378_s552_e612,138,0.04742268041237113,2,pos_s324_e378_s552_e612
FUN_006518,6,0.0022624434389140274,0,pos,0,0.0,0,pos
FUN_011743,0,0.0,0,pos,0,0.0,0,pos
FUN_016729,0,0.0,0,pos,0,0.0,0,pos
FUN_003987,0,0.0,0,pos,0,0.0,0,pos
FUN_015566,0,0.0,0,pos,0,0.0,0,pos
FUN_002674,0,0.0,0,pos,0,0.0,0,pos
FUN_015278,0,0.0,0,pos,0,0.0,0,pos
FUN_016255,0,0.0,0,pos,0,0.0,0,pos
FUN_016205,0,0.0,0,pos,0,0.0,0,pos
FUN_008875,384,0.049079754601226995,3,pos_s4416_e4518_s5418_e5562_s5622_e5730,324,0.04141104294478527,4,pos_s4416_e4518_s5454_e5562_s5622_e5664_s5676_e5718
FUN_001057,0,0.0,0,pos,0,0.0,0,pos
FUN_015975,0,0.0,0,pos,0,0.0,0,pos
FUN_007388,0,0.0,0,pos,0,0.0,0,pos
FUN_004778,84,0.06965174129353234,2,pos_s444_e486_s690_e720,0,0.0,0,pos
FUN_006056,42,0.014314928425357873,0,pos,0,0.0,0,pos
FUN_002970,66,0.013546798029556651,1,pos_s2298_e2340,0,0.0,0,pos
FUN_005075,0,0.0,0,pos,0,0.0,0,pos
FUN_011469,0,0.0,0,pos,0,0.0,0,pos
FUN_004407,162,0.06040268456375839,2,pos_s0_e78_s2136_e2196,42,0.015659955257270694,0,pos
FUN_009608,0,0.0,0,pos,0,0.0,0,pos
FUN_003264,90,0.06437768240343347,2,pos_s774_e816_s822_e852,0,0.0,0,pos
FUN_003711,0,0.0,0,pos,0,0.0,0,pos
FUN_000273,0,0.0,0,pos,0,0.0,0,pos
FUN_000438,0,0.0,0,pos,0,0.0,0,pos
FUN_012193,0,0.0,0,pos,0,0.0,0,pos
FUN_006756,0,0.0,0,pos,0,0.0,0,pos
FUN_004704,0,0.0,0,pos,0,0.0,0,pos
FUN_006751,18,0.006864988558352402,0,pos,0,0.0,0,pos
FUN_007591,12,0.006289308176100629,0,pos,12,0.006289308176100629,0,pos
FUN_003673,12,0.022727272727272728,0,pos,0,0.0,0,pos
FUN_007434,0,0.0,0,pos,0,0.0,0,pos
FUN_002727,0,0.0,0,pos,0,0.0,0,pos
FUN_009483,30,0.017605633802816902,1,pos_s1230_e1260,0,0.0,0,pos
FUN_012089,0,0.0,0,pos,0,0.0,0,pos
FUN_004626,54,0.03214285714285714,1,pos_s1584_e1626,0,0.0,0,pos
FUN_003738,18,0.04838709677419355,0,pos,0,0.0,0,pos
FUN_003299,0,0.0,0,pos,0,0.0,0,pos
FUN_006985,0,0.0,0,pos,0,0.0,0,pos
FUN_008393,0,0.0,0,pos,0,0.0,0,pos
FUN_003806,0,0.0,0,pos,0,0.0,0,pos
FUN_004497,0,0.0,0,pos,0,0.0,0,pos
FUN_008435,0,0.0,0,pos,0,0.0,0,pos
FUN_006043,0,0.0,0,pos,0,0.0,0,pos
FUN_002806,30,0.007974481658692184,1,pos_s1434_e1464,0,0.0,0,pos
FUN_002240,0,0.0,0,pos,0,0.0,0,pos
FUN_000664,0,0.0,0,pos,0,0.0,0,pos
FUN_000111,0,0.0,0,pos,0,0.0,0,pos
FUN_006843,108,0.046153846153846156,1,pos_s0_e102,12,0.005128205128205128,0,pos
FUN_008858,0,0.0,0,pos,0,0.0,0,pos
FUN_004334,12,0.003125,0,pos,0,0.0,0,pos
FUN_003803,210,0.09408602150537634,3,pos_s642_e744_s1980_e2046_s2082_e2118,102,0.0456989247311828,2,pos_s684_e714_s1992_e2046
FUN_007709,0,0.0,0,pos,0,0.0,0,pos
FUN_012328,0,0.0,0,pos,0,0.0,0,pos
FUN_010113,66,0.07586206896551724,1,pos_s378_e444,0,0.0,0,pos
FUN_007900,0,0.0,0,pos,0,0.0,0,pos
FUN_003170,114,0.2345679012345679,2,pos_s96_e138_s150_e198,0,0.0,0,pos
FUN_008454,18,0.030612244897959183,0,pos,0,0.0,0,pos
FUN_009246,120,0.041237113402061855,2,pos_s1404_e1464_s1938_e1998,0,0.0,0,pos
FUN_008695,120,0.09900990099009901,1,pos_s996_e1080,30,0.024752475247524754,0,pos
FUN_009153,36,0.006528835690968444,0,pos,0,0.0,0,pos
FUN_002743,0,0.0,0,pos,0,0.0,0,pos
FUN_002208,60,0.03322259136212625,2,pos_s30_e60_s114_e144,0,0.0,0,pos
FUN_016858,0,0.0,0,pos,0,0.0,0,pos
FUN_016657,0,0.0,0,pos,0,0.0,0,pos
FUN_010550,0,0.0,0,pos,0,0.0,0,pos
FUN_012081,0,0.0,0,pos,0,0.0,0,pos
FUN_001146,0,0.0,0,pos,0,0.0,0,pos
FUN_004685,0,0.0,0,pos,0,0.0,0,pos
FUN_001681,0,0.0,0,pos,0,0.0,0,pos
FUN_000012,0,0.0,0,pos,0,0.0,0,pos
FUN_015454,0,0.0,0,pos,0,0.0,0,pos
FUN_009836,0,0.0,0,pos,0,0.0,0,pos
FUN_012141,0,0.0,0,pos,0,0.0,0,pos
FUN_009334,0,0.0,0,pos,0,0.0,0,pos
FUN_000923,0,0.0,0,pos,0,0.0,0,pos
FUN_016050,0,0.0,0,pos,0,0.0,0,pos
FUN_002092,0,0.0,0,pos,0,0.0,0,pos
FUN_002292,0,0.0,0,pos,0,0.0,0,pos
FUN_009357,642,0.2053742802303263,7,pos_s1164_e1206_s1278_e1320_s1410_e1464_s2442_e2562_s2628_e2790_s2796_e2838_s2880_e2934,150,0.04798464491362764,1,pos_s2688_e2766
FUN_006975,0,0.0,0,pos,0,0.0,0,pos
FUN_010585,0,0.0,0,pos,0,0.0,0,pos
FUN_004710,6,0.002881844380403458,0,pos,0,0.0,0,pos
FUN_005195,0,0.0,0,pos,0,0.0,0,pos
FUN_000351,6,0.0044444444444444444,0,pos,0,0.0,0,pos
FUN_008510,0,0.0,0,pos,0,0.0,0,pos
FUN_006920,0,0.0,0,pos,0,0.0,0,pos
FUN_015790,0,0.0,0,pos,0,0.0,0,pos
FUN_005997,6,0.00303951367781155,0,pos,0,0.0,0,pos
FUN_005308,0,0.0,0,pos,0,0.0,0,pos
FUN_015834,0,0.0,0,pos,0,0.0,0,pos
FUN_001646,0,0.0,0,pos,0,0.0,0,pos
FUN_002884,0,0.0,0,pos,0,0.0,0,pos
FUN_003293,0,0.0,0,pos,0,0.0,0,pos
FUN_012394,0,0.0,0,pos,0,0.0,0,pos
FUN_003405,0,0.0,0,pos,0,0.0,0,pos
FUN_010743,0,0.0,0,pos,0,0.0,0,pos
FUN_006070,30,0.036231884057971016,0,pos,6,0.007246376811594203,0,pos
FUN_006216,0,0.0,0,pos,0,0.0,0,pos
FUN_000289,0,0.0,0,pos,0,0.0,0,pos
FUN_002829,0,0.0,0,pos,0,0.0,0,pos
FUN_010563,0,0.0,0,pos,0,0.0,0,pos
FUN_010534,0,0.0,0,pos,0,0.0,0,pos
FUN_007161,0,0.0,0,pos,0,0.0,0,pos
FUN_007241,18,0.0071090047393364926,0,pos,0,0.0,0,pos
FUN_006554,54,0.043478260869565216,1,pos_s0_e54,0,0.0,0,pos
FUN_012236,0,0.0,0,pos,0,0.0,0,pos
FUN_005223,114,0.06506849315068493,2,pos_s306_e342_s1146_e1194,30,0.017123287671232876,1,pos_s306_e336
FUN_008982,0,0.0,0,pos,0,0.0,0,pos
FUN_003081,0,0.0,0,pos,0,0.0,0,pos
FUN_000262,54,0.07258064516129033,1,pos_s240_e282,0,0.0,0,pos
FUN_000026,126,0.013341804320203304,1,pos_s6030_e6132,78,0.008259212198221092,2,pos_s6036_e6066_s6084_e6126
FUN_002620,30,0.02857142857142857,0,pos,24,0.022857142857142857,0,pos
FUN_006949,0,0.0,0,pos,0,0.0,0,pos
FUN_007291,0,0.0,0,pos,0,0.0,0,pos
FUN_016849,0,0.0,0,pos,0,0.0,0,pos
FUN_010149,0,0.0,0,pos,0,0.0,0,pos
FUN_015403,0,0.0,0,pos,0,0.0,0,pos
FUN_005105,126,0.20192307692307693,1,pos_s378_e426,24,0.038461538461538464,0,pos
FUN_008979,96,0.0449438202247191,1,pos_s1020_e1098,60,0.028089887640449437,1,pos_s1020_e1068
FUN_007778,0,0.0,0,pos,0,0.0,0,pos
FUN_005200,0,0.0,0,pos,0,0.0,0,pos
FUN_003916,0,0.0,0,pos,0,0.0,0,pos
FUN_002821,0,0.0,0,pos,0,0.0,0,pos
FUN_000115,0,0.0,0,pos,0,0.0,0,pos
FUN_000946,60,0.03003003003003003,1,pos_s1920_e1968,12,0.006006006006006006,0,pos
FUN_005283,0,0.0,0,pos,0,0.0,0,pos
FUN_009530,78,0.06372549019607843,1,pos_s600_e666,0,0.0,0,pos
FUN_007047,162,0.0409711684370258,2,pos_s3054_e3156_s3216_e3270,30,0.007587253414264037,1,pos_s3096_e3126
FUN_009815,6,0.004273504273504274,0,pos,0,0.0,0,pos
FUN_004743,0,0.0,0,pos,0,0.0,0,pos
FUN_010228,0,0.0,0,pos,0,0.0,0,pos
FUN_005863,0,0.0,0,pos,0,0.0,0,pos
FUN_007510,0,0.0,0,pos,0,0.0,0,pos
FUN_009209,0,0.0,0,pos,0,0.0,0,pos
FUN_002353,156,0.11926605504587157,2,pos_s954_e1044_s1062_e1128,72,0.05504587155963303,2,pos_s978_e1014_s1080_e1110
FUN_003838,42,0.028455284552845527,1,pos_s1086_e1128,0,0.0,0,pos
FUN_003386,0,0.0,0,pos,0,0.0,0,pos
FUN_003455,90,0.06465517241379311,1,pos_s1332_e1374,0,0.0,0,pos
FUN_005890,0,0.0,0,pos,0,0.0,0,pos
FUN_010657,0,0.0,0,pos,0,0.0,0,pos
FUN_015520,0,0.0,0,pos,0,0.0,0,pos
FUN_010869,0,0.0,0,pos,0,0.0,0,pos
FUN_000834,0,0.0,0,pos,0,0.0,0,pos
FUN_003256,6,0.004545454545454545,0,pos,0,0.0,0,pos
FUN_008654,0,0.0,0,pos,0,0.0,0,pos
FUN_009614,192,0.3516483516483517,1,pos_s210_e360,36,0.06593406593406594,1,pos_s276_e312
FUN_011079,270,0.040106951871657755,3,pos_s4986_e5028_s5520_e5598_s6384_e6462,102,0.015151515151515152,1,pos_s5520_e5598
FUN_001500,0,0.0,0,pos,0,0.0,0,pos
FUN_004087,0,0.0,0,pos,0,0.0,0,pos
FUN_016384,0,0.0,0,pos,0,0.0,0,pos
FUN_011763,0,0.0,0,pos,0,0.0,0,pos
FUN_011749,0,0.0,0,pos,0,0.0,0,pos
FUN_005262,0,0.0,0,pos,0,0.0,0,pos
FUN_008645,114,0.24050632911392406,2,pos_s108_e138_s144_e186,12,0.02531645569620253,0,pos
FUN_015249,0,0.0,0,pos,0,0.0,0,pos
FUN_008668,0,0.0,0,pos,0,0.0,0,pos
FUN_015722,0,0.0,0,pos,0,0.0,0,pos
FUN_008673,0,0.0,0,pos,0,0.0,0,pos
FUN_009705,78,0.03591160220994475,1,pos_s1698_e1740,12,0.0055248618784530384,0,pos
FUN_016035,0,0.0,0,pos,0,0.0,0,pos
FUN_008263,114,0.2087912087912088,1,pos_s336_e396,36,0.06593406593406594,0,pos
FUN_012220,168,0.2616822429906542,2,pos_s12_e90_s156_e246,162,0.2523364485981308,2,pos_s18_e90_s156_e246
FUN_007440,42,0.008526187576126675,1,pos_s204_e234,0,0.0,0,pos
FUN_011526,0,0.0,0,pos,0,0.0,0,pos
FUN_007328,0,0.0,0,pos,0,0.0,0,pos
FUN_004570,18,0.047619047619047616,0,pos,0,0.0,0,pos
FUN_006521,24,0.012578616352201259,0,pos,0,0.0,0,pos
FUN_010838,120,0.045871559633027525,1,pos_s1326_e1422,72,0.027522935779816515,1,pos_s1350_e1422
FUN_003427,0,0.0,0,pos,0,0.0,0,pos
FUN_010291,0,0.0,0,pos,0,0.0,0,pos
FUN_009554,78,0.07738095238095238,1,pos_s786_e834,0,0.0,0,pos
FUN_003998,0,0.0,0,pos,0,0.0,0,pos
FUN_011081,0,0.0,0,pos,0,0.0,0,pos
FUN_010164,0,0.0,0,pos,0,0.0,0,pos
FUN_003591,0,0.0,0,pos,0,0.0,0,pos
FUN_011736,0,0.0,0,pos,0,0.0,0,pos
FUN_003366,0,0.0,0,pos,0,0.0,0,pos
FUN_008538,0,0.0,0,pos,0,0.0,0,pos
FUN_003534,18,0.011538461538461539,0,pos,0,0.0,0,pos
FUN_005397,270,0.08348794063079777,3,pos_s714_e858_s1122_e1170_s1188_e1236,96,0.029684601113172542,0,pos
FUN_006146,0,0.0,0,pos,0,0.0,0,pos
FUN_009939,0,0.0,0,pos,0,0.0,0,pos
FUN_011156,0,0.0,0,pos,0,0.0,0,pos
FUN_004228,6,0.00411522633744856,0,pos,0,0.0,0,pos
FUN_001706,0,0.0,0,pos,0,0.0,0,pos
FUN_005312,0,0.0,0,pos,0,0.0,0,pos
FUN_011612,0,0.0,0,pos,0,0.0,0,pos
FUN_008095,0,0.0,0,pos,0,0.0,0,pos
FUN_005752,0,0.0,0,pos,0,0.0,0,pos
FUN_002661,96,0.10191082802547771,2,pos_s348_e384_s426_e462,18,0.01910828025477707,0,pos
FUN_006946,0,0.0,0,pos,0,0.0,0,pos
FUN_004091,66,0.059782608695652176,1,pos_s1014_e1080,42,0.03804347826086957,1,pos_s1014_e1050
FUN_000274,0,0.0,0,pos,0,0.0,0,pos
FUN_003542,24,0.1,0,pos,0,0.0,0,pos
FUN_006328,0,0.0,0,pos,0,0.0,0,pos
FUN_006368,0,0.0,0,pos,0,0.0,0,pos
FUN_012159,0,0.0,0,pos,0,0.0,0,pos
FUN_011332,168,0.04538087520259319,4,pos_s522_e564_s660_e696_s3606_e3636_s3648_e3678,0,0.0,0,pos
FUN_000337,54,0.016129032258064516,1,pos_s2142_e2190,48,0.014336917562724014,1,pos_s2142_e2190
FUN_015326,0,0.0,0,pos,0,0.0,0,pos
FUN_005286,0,0.0,0,pos,0,0.0,0,pos
FUN_007829,108,0.017964071856287425,2,pos_s2562_e2622_s4296_e4326,0,0.0,0,pos
FUN_001073,0,0.0,0,pos,0,0.0,0,pos
FUN_009526,0,0.0,0,pos,0,0.0,0,pos
FUN_016007,0,0.0,0,pos,0,0.0,0,pos
FUN_006035,96,0.06639004149377593,1,pos_s132_e228,90,0.06224066390041494,1,pos_s132_e222
FUN_016662,0,0.0,0,pos,0,0.0,0,pos
FUN_006454,48,0.046242774566473986,1,pos_s420_e468,0,0.0,0,pos
FUN_005653,102,0.11258278145695365,1,pos_s360_e438,36,0.039735099337748346,1,pos_s402_e438
FUN_004060,24,0.19047619047619047,0,pos,0,0.0,0,pos
FUN_009310,0,0.0,0,pos,0,0.0,0,pos
FUN_000933,0,0.0,0,pos,0,0.0,0,pos
FUN_011709,0,0.0,0,pos,0,0.0,0,pos
FUN_000581,0,0.0,0,pos,0,0.0,0,pos
FUN_003109,0,0.0,0,pos,0,0.0,0,pos
FUN_000831,18,0.02142857142857143,0,pos,0,0.0,0,pos
FUN_006600,0,0.0,0,pos,0,0.0,0,pos
FUN_003019,138,0.16666666666666666,2,pos_s162_e228_s684_e756,0,0.0,0,pos
FUN_004379,36,0.02564102564102564,1,pos_s516_e546,0,0.0,0,pos
FUN_006668,0,0.0,0,pos,0,0.0,0,pos
FUN_000447,0,0.0,0,pos,0,0.0,0,pos
FUN_009331,0,0.0,0,pos,0,0.0,0,pos
FUN_015908,0,0.0,0,pos,0,0.0,0,pos
FUN_005408,0,0.0,0,pos,0,0.0,0,pos
FUN_007994,0,0.0,0,pos,0,0.0,0,pos
FUN_016199,0,0.0,0,pos,0,0.0,0,pos
FUN_003006,144,0.1411764705882353,1,pos_s546_e642,24,0.023529411764705882,0,pos
FUN_016829,0,0.0,0,pos,0,0.0,0,pos
FUN_006148,0,0.0,0,pos,0,0.0,0,pos
FUN_015862,0,0.0,0,pos,0,0.0,0,pos
FUN_016550,0,0.0,0,pos,0,0.0,0,pos
FUN_009418,48,0.023391812865497075,1,pos_s1932_e1962,0,0.0,0,pos
FUN_002958,780,0.07246376811594203,9,pos_s66_e102_s126_e168_s7122_e7164_s7200_e7278_s9084_e9138_s9222_e9318_s9438_e9504_s9666_e9792_s10500_e10620,204,0.0189520624303233,3,pos_s7224_e7254_s9666_e9702_s10590_e10620
FUN_016115,0,0.0,0,pos,0,0.0,0,pos
FUN_016584,0,0.0,0,pos,0,0.0,0,pos
FUN_011480,0,0.0,0,pos,0,0.0,0,pos
FUN_015495,0,0.0,0,pos,0,0.0,0,pos
FUN_010997,0,0.0,0,pos,0,0.0,0,pos
FUN_005363,0,0.0,0,pos,0,0.0,0,pos
FUN_008943,186,0.10652920962199312,1,pos_s1344_e1434,66,0.037800687285223365,0,pos
FUN_000010,0,0.0,0,pos,0,0.0,0,pos
FUN_000313,0,0.0,0,pos,0,0.0,0,pos
FUN_003945,0,0.0,0,pos,0,0.0,0,pos
FUN_001565,6,0.0034602076124567475,0,pos,0,0.0,0,pos
FUN_003409,0,0.0,0,pos,0,0.0,0,pos
FUN_005381,72,0.4,1,pos_s84_e144,0,0.0,0,pos
FUN_000394,12,0.012987012987012988,0,pos,0,0.0,0,pos
FUN_006906,0,0.0,0,pos,0,0.0,0,pos
FUN_000177,66,0.041353383458646614,1,pos_s528_e588,48,0.03007518796992481,1,pos_s540_e588
FUN_000348,6,0.02857142857142857,0,pos,0,0.0,0,pos
FUN_001339,0,0.0,0,pos,0,0.0,0,pos
FUN_012121,0,0.0,0,pos,0,0.0,0,pos
FUN_005822,198,0.04748201438848921,3,pos_s2652_e2700_s3450_e3540_s3870_e3912,126,0.030215827338129497,2,pos_s3450_e3540_s3870_e3906
FUN_012472,0,0.0,0,pos,0,0.0,0,pos
FUN_003346,0,0.0,0,pos,0,0.0,0,pos
FUN_006277,0,0.0,0,pos,0,0.0,0,pos
FUN_007822,378,0.2413793103448276,4,pos_s600_e738_s768_e822_s936_e1074_s1086_e1128,228,0.14559386973180077,3,pos_s630_e738_s768_e816_s978_e1014
FUN_005119,96,0.06037735849056604,2,pos_s1452_e1482_s1494_e1554,0,0.0,0,pos
FUN_015777,0,0.0,0,pos,0,0.0,0,pos
FUN_003938,0,0.0,0,pos,0,0.0,0,pos
FUN_000899,0,0.0,0,pos,0,0.0,0,pos
FUN_011377,0,0.0,0,pos,0,0.0,0,pos
FUN_011052,36,0.036585365853658534,1,pos_s90_e126,0,0.0,0,pos
FUN_007438,6,0.0024096385542168677,0,pos,0,0.0,0,pos
FUN_016700,132,0.08,1,pos_s1404_e1536,126,0.07636363636363637,1,pos_s1410_e1536
FUN_001166,0,0.0,0,pos,0,0.0,0,pos
FUN_001220,6,0.0045871559633027525,0,pos,0,0.0,0,pos
FUN_011431,0,0.0,0,pos,0,0.0,0,pos
FUN_004879,0,0.0,0,pos,0,0.0,0,pos
FUN_007663,0,0.0,0,pos,0,0.0,0,pos
FUN_002677,0,0.0,0,pos,0,0.0,0,pos
FUN_005231,30,0.0205761316872428,1,pos_s1404_e1434,0,0.0,0,pos
FUN_016133,0,0.0,0,pos,0,0.0,0,pos
FUN_007182,0,0.0,0,pos,0,0.0,0,pos
FUN_000169,6,0.0034602076124567475,0,pos,0,0.0,0,pos
FUN_016704,0,0.0,0,pos,0,0.0,0,pos
FUN_015455,36,0.013071895424836602,0,pos,0,0.0,0,pos
FUN_001066,78,0.0663265306122449,0,pos,0,0.0,0,pos
FUN_004244,6,0.005780346820809248,0,pos,0,0.0,0,pos
FUN_007437,0,0.0,0,pos,0,0.0,0,pos
FUN_004279,12,0.021739130434782608,0,pos,12,0.021739130434782608,0,pos
FUN_004144,0,0.0,0,pos,0,0.0,0,pos
FUN_009093,54,0.054878048780487805,0,pos,0,0.0,0,pos
FUN_005409,0,0.0,0,pos,0,0.0,0,pos
FUN_003469,0,0.0,0,pos,0,0.0,0,pos
FUN_016418,0,0.0,0,pos,0,0.0,0,pos
FUN_010909,0,0.0,0,pos,0,0.0,0,pos
FUN_016107,0,0.0,0,pos,0,0.0,0,pos
FUN_010271,0,0.0,0,pos,0,0.0,0,pos
FUN_003195,78,0.009206798866855524,2,pos_s366_e408_s1116_e1152,0,0.0,0,pos
FUN_001385,0,0.0,0,pos,0,0.0,0,pos
FUN_012223,0,0.0,0,pos,0,0.0,0,pos
FUN_003082,288,0.06477732793522267,2,pos_s1116_e1170_s2802_e2982,48,0.010796221322537112,1,pos_s2892_e2922
FUN_015597,0,0.0,0,pos,0,0.0,0,pos
FUN_006487,0,0.0,0,pos,0,0.0,0,pos
FUN_004468,0,0.0,0,pos,0,0.0,0,pos
FUN_007275,0,0.0,0,pos,0,0.0,0,pos
FUN_005974,0,0.0,0,pos,0,0.0,0,pos
FUN_000489,0,0.0,0,pos,0,0.0,0,pos
FUN_015378,0,0.0,0,pos,0,0.0,0,pos
FUN_016069,0,0.0,0,pos,0,0.0,0,pos
FUN_007377,150,0.02768549280177187,2,pos_s1602_e1662_s3936_e3966,0,0.0,0,pos
FUN_000655,72,0.036923076923076927,1,pos_s522_e552,0,0.0,0,pos
FUN_016144,0,0.0,0,pos,0,0.0,0,pos
FUN_000538,0,0.0,0,pos,0,0.0,0,pos
FUN_016106,0,0.0,0,pos,0,0.0,0,pos
FUN_000897,0,0.0,0,pos,0,0.0,0,pos
FUN_007382,96,0.02909090909090909,1,pos_s2244_e2316,0,0.0,0,pos
FUN_006039,132,0.044534412955465584,1,pos_s2454_e2520,0,0.0,0,pos
FUN_001293,24,0.041666666666666664,0,pos,24,0.041666666666666664,0,pos
FUN_008224,0,0.0,0,pos,0,0.0,0,pos
FUN_012323,0,0.0,0,pos,0,0.0,0,pos
FUN_005710,0,0.0,0,pos,0,0.0,0,pos
FUN_015332,0,0.0,0,pos,0,0.0,0,pos
FUN_007110,0,0.0,0,pos,0,0.0,0,pos
FUN_015452,0,0.0,0,pos,0,0.0,0,pos
FUN_008057,246,0.03835360149672591,3,pos_s1578_e1626_s4026_e4116_s4230_e4272,90,0.01403180542563143,1,pos_s4056_e4110
FUN_016529,0,0.0,0,pos,0,0.0,0,pos
FUN_005113,0,0.0,0,pos,0,0.0,0,pos
FUN_003305,0,0.0,0,pos,0,0.0,0,pos
FUN_003612,6,0.0027247956403269754,0,pos,0,0.0,0,pos
FUN_008188,6,0.014925373134328358,0,pos,0,0.0,0,pos
FUN_006641,0,0.0,0,pos,0,0.0,0,pos
FUN_003914,192,0.018433179723502304,4,pos_s2466_e2526_s3060_e3102_s6318_e6354_s9498_e9540,42,0.004032258064516129,1,pos_s2490_e2526
FUN_005461,0,0.0,0,pos,0,0.0,0,pos
FUN_002005,0,0.0,0,pos,0,0.0,0,pos
FUN_002210,0,0.0,0,pos,0,0.0,0,pos
FUN_015370,0,0.0,0,pos,0,0.0,0,pos
FUN_004928,42,0.029787234042553193,1,pos_s600_e642,42,0.029787234042553193,1,pos_s600_e642
FUN_000330,54,0.05202312138728324,1,pos_s0_e30,12,0.011560693641618497,0,pos
FUN_004272,12,0.004618937644341801,0,pos,0,0.0,0,pos
FUN_001181,0,0.0,0,pos,0,0.0,0,pos
FUN_016820,0,0.0,0,pos,0,0.0,0,pos
FUN_001755,0,0.0,0,pos,0,0.0,0,pos
FUN_010416,84,0.058823529411764705,2,pos_s726_e768_s1038_e1068,30,0.02100840336134454,1,pos_s726_e756
FUN_009227,0,0.0,0,pos,0,0.0,0,pos
FUN_005818,18,0.0035460992907801418,0,pos,0,0.0,0,pos
FUN_008834,0,0.0,0,pos,0,0.0,0,pos
FUN_000107,72,0.023715415019762844,1,pos_s2064_e2100,0,0.0,0,pos
FUN_010886,0,0.0,0,pos,0,0.0,0,pos
FUN_004779,0,0.0,0,pos,0,0.0,0,pos
FUN_008467,0,0.0,0,pos,0,0.0,0,pos
FUN_009282,0,0.0,0,pos,0,0.0,0,pos
FUN_000231,90,0.6,1,pos_s6_e96,18,0.12,0,pos
FUN_008550,0,0.0,0,pos,0,0.0,0,pos
FUN_010850,0,0.0,0,pos,0,0.0,0,pos
FUN_010485,306,0.05054509415262636,5,pos_s1188_e1242_s1878_e1926_s3792_e3828_s4572_e4608_s4728_e4770,66,0.010901883052527254,1,pos_s1878_e1920
FUN_002843,0,0.0,0,pos,0,0.0,0,pos
FUN_003607,0,0.0,0,pos,0,0.0,0,pos
FUN_002924,0,0.0,0,pos,0,0.0,0,pos
FUN_005698,90,0.04477611940298507,1,pos_s1458_e1488,0,0.0,0,pos
FUN_005193,216,0.18,3,pos_s852_e888_s894_e960_s1002_e1068,102,0.085,2,pos_s852_e888_s894_e960
FUN_000090,0,0.0,0,pos,0,0.0,0,pos
FUN_006338,0,0.0,0,pos,0,0.0,0,pos
FUN_016516,0,0.0,0,pos,0,0.0,0,pos
FUN_011481,54,0.07692307692307693,1,pos_s540_e582,0,0.0,0,pos
FUN_007192,66,0.0990990990990991,1,pos_s186_e216,0,0.0,0,pos
FUN_005019,0,0.0,0,pos,0,0.0,0,pos
FUN_004218,18,0.01282051282051282,0,pos,0,0.0,0,pos
FUN_008719,0,0.0,0,pos,0,0.0,0,pos
FUN_016758,0,0.0,0,pos,0,0.0,0,pos
FUN_004125,0,0.0,0,pos,0,0.0,0,pos
FUN_006965,0,0.0,0,pos,0,0.0,0,pos
FUN_000539,12,0.008064516129032258,0,pos,0,0.0,0,pos
FUN_012351,0,0.0,0,pos,0,0.0,0,pos
FUN_007157,0,0.0,0,pos,0,0.0,0,pos
FUN_001350,6,0.0625,0,pos,0,0.0,0,pos
FUN_006311,42,0.046052631578947366,1,pos_s522_e564,42,0.046052631578947366,1,pos_s522_e564
FUN_000592,90,0.05813953488372093,2,pos_s906_e948_s1104_e1134,0,0.0,0,pos
FUN_015333,0,0.0,0,pos,0,0.0,0,pos
FUN_009056,0,0.0,0,pos,0,0.0,0,pos
FUN_002886,0,0.0,0,pos,0,0.0,0,pos
FUN_003882,0,0.0,0,pos,0,0.0,0,pos
FUN_003944,18,0.006593406593406593,0,pos,0,0.0,0,pos
FUN_015290,0,0.0,0,pos,0,0.0,0,pos
FUN_016712,0,0.0,0,pos,0,0.0,0,pos
FUN_011186,54,0.08181818181818182,0,pos,18,0.02727272727272727,0,pos
FUN_002161,0,0.0,0,pos,0,0.0,0,pos
FUN_008879,204,0.0774487471526196,3,pos_s114_e186_s324_e390_s1998_e2028,60,0.022779043280182234,1,pos_s126_e186
FUN_005382,66,0.013048635824436536,1,pos_s0_e42,12,0.002372479240806643,0,pos
FUN_006244,0,0.0,0,pos,0,0.0,0,pos
FUN_009313,450,0.18292682926829268,5,pos_s558_e600_s738_e816_s906_e978_s1560_e1650_s2196_e2334,168,0.06829268292682927,1,pos_s2196_e2280
FUN_003782,132,0.037800687285223365,2,pos_s2970_e3036_s3210_e3252,48,0.013745704467353952,1,pos_s2994_e3036
FUN_007800,48,0.05673758865248227,1,pos_s780_e816,0,0.0,0,pos
FUN_000590,162,0.08059701492537313,3,pos_s414_e444_s588_e630_s660_e696,24,0.011940298507462687,0,pos
FUN_012401,0,0.0,0,pos,0,0.0,0,pos
FUN_006764,0,0.0,0,pos,0,0.0,0,pos
FUN_004049,0,0.0,0,pos,0,0.0,0,pos
FUN_003088,0,0.0,0,pos,0,0.0,0,pos
FUN_001273,0,0.0,0,pos,0,0.0,0,pos
FUN_010059,0,0.0,0,pos,0,0.0,0,pos
FUN_016528,0,0.0,0,pos,0,0.0,0,pos
FUN_000116,0,0.0,0,pos,0,0.0,0,pos
FUN_015843,0,0.0,0,pos,0,0.0,0,pos
FUN_004561,0,0.0,0,pos,0,0.0,0,pos
FUN_001218,0,0.0,0,pos,0,0.0,0,pos
FUN_015657,0,0.0,0,pos,0,0.0,0,pos
FUN_006583,0,0.0,0,pos,0,0.0,0,pos
FUN_016869,0,0.0,0,pos,0,0.0,0,pos
FUN_004063,186,0.12757201646090535,3,pos_s1254_e1302_s1308_e1416_s1422_e1452,96,0.06584362139917696,1,pos_s1320_e1380
FUN_009034,522,0.3372093023255814,5,pos_s174_e288_s570_e630_s1068_e1110_s1116_e1146_s1200_e1362,216,0.13953488372093023,4,pos_s222_e288_s570_e618_s1272_e1308_s1314_e1344
FUN_015669,0,0.0,0,pos,0,0.0,0,pos
FUN_003390,0,0.0,0,pos,0,0.0,0,pos
FUN_009746,36,0.018808777429467086,0,pos,0,0.0,0,pos
FUN_000331,60,0.056179775280898875,1,pos_s372_e402,0,0.0,0,pos
FUN_004242,30,0.016778523489932886,0,pos,0,0.0,0,pos
FUN_003628,30,0.012254901960784314,1,pos_s90_e120,24,0.00980392156862745,0,pos
FUN_010461,0,0.0,0,pos,0,0.0,0,pos
FUN_009119,84,0.02697495183044316,1,pos_s360_e444,0,0.0,0,pos
FUN_008343,30,0.045454545454545456,0,pos,0,0.0,0,pos
FUN_003651,12,0.01020408163265306,0,pos,0,0.0,0,pos
FUN_000571,36,0.007633587786259542,0,pos,30,0.006361323155216285,0,pos
FUN_015616,0,0.0,0,pos,0,0.0,0,pos
FUN_011192,24,0.016736401673640166,0,pos,0,0.0,0,pos
FUN_006438,18,0.002640845070422535,0,pos,0,0.0,0,pos
FUN_015292,0,0.0,0,pos,0,0.0,0,pos
FUN_002531,0,0.0,0,pos,0,0.0,0,pos
FUN_003433,1308,0.25586854460093894,12,pos_s810_e906_s1170_e1200_s1230_e1284_s1476_e1578_s2004_e2268_s2316_e2556_s2592_e2628_s2736_e2778_s3612_e3660_s4380_e4440_s4464_e4548_s4698_e4842,762,0.14906103286384975,10,pos_s840_e906_s1482_e1578_s2046_e2166_s2178_e2220_s2232_e2268_s2316_e2352_s2418_e2550_s2598_e2628_s4404_e4434_s4728_e4806
FUN_005554,0,0.0,0,pos,0,0.0,0,pos
FUN_003615,6,0.002008032128514056,0,pos,0,0.0,0,pos
FUN_000132,0,0.0,0,pos,0,0.0,0,pos
FUN_001314,6,0.011235955056179775,0,pos,0,0.0,0,pos
FUN_016751,0,0.0,0,pos,0,0.0,0,pos
FUN_011165,96,0.04071246819338423,1,pos_s96_e168,0,0.0,0,pos
FUN_015422,0,0.0,0,pos,0,0.0,0,pos
FUN_010147,0,0.0,0,pos,0,0.0,0,pos
FUN_008650,246,0.07606679035250463,2,pos_s2640_e2706_s2802_e2958,102,0.03153988868274583,2,pos_s2844_e2910_s2916_e2952
FUN_001792,0,0.0,0,pos,0,0.0,0,pos
FUN_003320,18,0.009404388714733543,0,pos,0,0.0,0,pos
FUN_004680,30,0.016286644951140065,0,pos,0,0.0,0,pos
FUN_005783,84,0.2641509433962264,1,pos_s30_e102,6,0.018867924528301886,0,pos
FUN_005261,0,0.0,0,pos,0,0.0,0,pos
FUN_012255,0,0.0,0,pos,0,0.0,0,pos
FUN_016474,0,0.0,0,pos,0,0.0,0,pos
FUN_009863,132,0.1375,1,pos_s132_e210,6,0.00625,0,pos
FUN_000809,0,0.0,0,pos,0,0.0,0,pos
FUN_003941,36,0.02643171806167401,1,pos_s216_e252,0,0.0,0,pos
FUN_010803,0,0.0,0,pos,0,0.0,0,pos
FUN_006929,186,0.018441403926234383,2,pos_s1272_e1344_s1926_e2022,132,0.013087447947650209,2,pos_s1308_e1344_s1926_e2022
FUN_010589,0,0.0,0,pos,0,0.0,0,pos
FUN_002754,0,0.0,0,pos,0,0.0,0,pos
FUN_003573,0,0.0,0,pos,0,0.0,0,pos
FUN_007053,0,0.0,0,pos,0,0.0,0,pos
FUN_003060,12,0.014925373134328358,0,pos,0,0.0,0,pos
FUN_008860,42,0.03271028037383177,0,pos,0,0.0,0,pos
FUN_006587,0,0.0,0,pos,0,0.0,0,pos
FUN_001104,0,0.0,0,pos,0,0.0,0,pos
FUN_015383,12,0.006688963210702341,0,pos,6,0.0033444816053511705,0,pos
FUN_005407,36,0.06741573033707865,1,pos_s354_e390,36,0.06741573033707865,1,pos_s354_e390
FUN_000285,0,0.0,0,pos,0,0.0,0,pos
FUN_010843,0,0.0,0,pos,0,0.0,0,pos
FUN_000206,48,0.007285974499089253,1,pos_s3150_e3186,24,0.0036429872495446266,0,pos
FUN_007130,0,0.0,0,pos,0,0.0,0,pos
FUN_011454,0,0.0,0,pos,0,0.0,0,pos
FUN_003859,0,0.0,0,pos,0,0.0,0,pos
FUN_011795,66,0.043478260869565216,1,pos_s0_e54,54,0.03557312252964427,1,pos_s0_e54
FUN_006300,0,0.0,0,pos,0,0.0,0,pos
FUN_004814,198,0.05518394648829431,2,pos_s846_e960_s1440_e1482,156,0.043478260869565216,2,pos_s846_e960_s1440_e1482
FUN_003090,30,0.009157509157509158,0,pos,0,0.0,0,pos
FUN_010544,0,0.0,0,pos,0,0.0,0,pos
FUN_002450,0,0.0,0,pos,0,0.0,0,pos
FUN_006421,0,0.0,0,pos,0,0.0,0,pos
FUN_005766,0,0.0,0,pos,0,0.0,0,pos
FUN_000918,0,0.0,0,pos,0,0.0,0,pos
FUN_009854,120,0.9523809523809523,0,pos,48,0.38095238095238093,0,pos
FUN_009890,6,0.025,0,pos,6,0.025,0,pos
FUN_000782,0,0.0,0,pos,0,0.0,0,pos
FUN_009716,0,0.0,0,pos,0,0.0,0,pos
FUN_011626,0,0.0,0,pos,0,0.0,0,pos
FUN_007305,0,0.0,0,pos,0,0.0,0,pos
FUN_007293,0,0.0,0,pos,0,0.0,0,pos
FUN_010344,96,0.6956521739130435,2,pos_s12_e72_s78_e114,54,0.391304347826087,1,pos_s18_e72
FUN_001178,0,0.0,0,pos,0,0.0,0,pos
FUN_016223,0,0.0,0,pos,0,0.0,0,pos
FUN_000927,0,0.0,0,pos,0,0.0,0,pos
FUN_008777,12,0.013888888888888888,0,pos,0,0.0,0,pos
FUN_007411,0,0.0,0,pos,0,0.0,0,pos
FUN_002256,174,0.050522648083623695,3,pos_s1656_e1698_s2484_e2538_s3198_e3258,24,0.006968641114982578,0,pos
FUN_006686,0,0.0,0,pos,0,0.0,0,pos
FUN_004659,0,0.0,0,pos,0,0.0,0,pos
FUN_000703,48,0.023529411764705882,1,pos_s222_e270,36,0.01764705882352941,1,pos_s222_e258
FUN_008748,0,0.0,0,pos,0,0.0,0,pos
FUN_005902,0,0.0,0,pos,0,0.0,0,pos
FUN_005737,0,0.0,0,pos,0,0.0,0,pos
FUN_012332,0,0.0,0,pos,0,0.0,0,pos
FUN_005488,54,0.05844155844155844,1,pos_s828_e882,0,0.0,0,pos
FUN_002841,0,0.0,0,pos,0,0.0,0,pos
FUN_008410,150,0.027870680044593088,3,pos_s0_e36_s66_e102_s114_e186,66,0.012263099219620958,1,pos_s66_e102
FUN_006748,54,0.04225352112676056,1,pos_s168_e198,0,0.0,0,pos
FUN_009029,0,0.0,0,pos,0,0.0,0,pos
FUN_000088,0,0.0,0,pos,0,0.0,0,pos
FUN_010123,0,0.0,0,pos,0,0.0,0,pos
FUN_002253,108,0.27692307692307694,1,pos_s0_e108,48,0.12307692307692308,1,pos_s12_e54
FUN_000138,0,0.0,0,pos,0,0.0,0,pos
FUN_004574,0,0.0,0,pos,0,0.0,0,pos
FUN_016251,0,0.0,0,pos,0,0.0,0,pos
FUN_011135,0,0.0,0,pos,0,0.0,0,pos
FUN_004821,120,0.03367003367003367,1,pos_s78_e192,114,0.03198653198653199,1,pos_s78_e192
FUN_001134,0,0.0,0,pos,0,0.0,0,pos
FUN_004031,0,0.0,0,pos,0,0.0,0,pos
FUN_010428,0,0.0,0,pos,0,0.0,0,pos
FUN_012285,0,0.0,0,pos,0,0.0,0,pos
FUN_011441,18,0.01948051948051948,0,pos,0,0.0,0,pos
FUN_005289,0,0.0,0,pos,0,0.0,0,pos
FUN_004527,54,0.0967741935483871,1,pos_s276_e330,0,0.0,0,pos
FUN_002284,0,0.0,0,pos,0,0.0,0,pos
FUN_016206,0,0.0,0,pos,0,0.0,0,pos
FUN_002799,0,0.0,0,pos,0,0.0,0,pos
FUN_004714,0,0.0,0,pos,0,0.0,0,pos
FUN_007731,0,0.0,0,pos,0,0.0,0,pos
FUN_016683,0,0.0,0,pos,0,0.0,0,pos
FUN_009745,0,0.0,0,pos,0,0.0,0,pos
FUN_010735,0,0.0,0,pos,0,0.0,0,pos
FUN_009743,0,0.0,0,pos,0,0.0,0,pos
FUN_001174,0,0.0,0,pos,0,0.0,0,pos
FUN_001185,0,0.0,0,pos,0,0.0,0,pos
FUN_001684,48,0.05517241379310345,1,pos_s624_e666,18,0.020689655172413793,0,pos
FUN_011434,18,0.003778337531486146,0,pos,0,0.0,0,pos
FUN_006864,0,0.0,0,pos,0,0.0,0,pos
FUN_005344,0,0.0,0,pos,0,0.0,0,pos
FUN_003245,0,0.0,0,pos,0,0.0,0,pos
FUN_012381,0,0.0,0,pos,0,0.0,0,pos
FUN_006780,0,0.0,0,pos,0,0.0,0,pos
FUN_005175,6,0.007042253521126761,0,pos,0,0.0,0,pos
FUN_012505,0,0.0,0,pos,0,0.0,0,pos
FUN_009703,0,0.0,0,pos,0,0.0,0,pos
FUN_009653,0,0.0,0,pos,0,0.0,0,pos
FUN_000762,0,0.0,0,pos,0,0.0,0,pos
FUN_002111,18,0.02027027027027027,0,pos,0,0.0,0,pos
FUN_010254,0,0.0,0,pos,0,0.0,0,pos
FUN_004033,0,0.0,0,pos,0,0.0,0,pos
FUN_000905,0,0.0,0,pos,0,0.0,0,pos
FUN_011885,0,0.0,0,pos,0,0.0,0,pos
FUN_007728,0,0.0,0,pos,0,0.0,0,pos
FUN_008658,30,0.016666666666666666,0,pos,0,0.0,0,pos
FUN_010781,0,0.0,0,pos,0,0.0,0,pos
FUN_008196,0,0.0,0,pos,0,0.0,0,pos
FUN_008474,78,0.01231060606060606,1,pos_s4788_e4818,0,0.0,0,pos
FUN_003337,0,0.0,0,pos,0,0.0,0,pos
FUN_010528,0,0.0,0,pos,0,0.0,0,pos
FUN_007422,0,0.0,0,pos,0,0.0,0,pos
FUN_005689,0,0.0,0,pos,0,0.0,0,pos
FUN_003290,18,0.010033444816053512,0,pos,0,0.0,0,pos
FUN_011746,0,0.0,0,pos,0,0.0,0,pos
FUN_002606,0,0.0,0,pos,0,0.0,0,pos
FUN_010720,0,0.0,0,pos,0,0.0,0,pos
FUN_008280,0,0.0,0,pos,0,0.0,0,pos
FUN_003361,0,0.0,0,pos,0,0.0,0,pos
FUN_011256,0,0.0,0,pos,0,0.0,0,pos
FUN_000470,12,0.005494505494505495,0,pos,0,0.0,0,pos
FUN_002863,0,0.0,0,pos,0,0.0,0,pos
FUN_006635,0,0.0,0,pos,0,0.0,0,pos
FUN_016068,0,0.0,0,pos,0,0.0,0,pos
FUN_015977,0,0.0,0,pos,0,0.0,0,pos
FUN_006052,0,0.0,0,pos,0,0.0,0,pos
FUN_012065,0,0.0,0,pos,0,0.0,0,pos
FUN_008896,0,0.0,0,pos,0,0.0,0,pos
FUN_006901,96,0.16,1,pos_s432_e528,48,0.08,1,pos_s450_e498
FUN_007513,0,0.0,0,pos,0,0.0,0,pos
FUN_001907,18,0.014778325123152709,0,pos,0,0.0,0,pos
FUN_011577,0,0.0,0,pos,0,0.0,0,pos
FUN_016052,0,0.0,0,pos,0,0.0,0,pos
FUN_007489,0,0.0,0,pos,0,0.0,0,pos
FUN_001613,42,0.02287581699346405,1,pos_s1296_e1326,0,0.0,0,pos
FUN_016381,0,0.0,0,pos,0,0.0,0,pos
FUN_000793,0,0.0,0,pos,0,0.0,0,pos
FUN_001315,0,0.0,0,pos,0,0.0,0,pos
FUN_015781,0,0.0,0,pos,0,0.0,0,pos
FUN_002741,0,0.0,0,pos,0,0.0,0,pos
FUN_016647,0,0.0,0,pos,0,0.0,0,pos
FUN_007903,138,0.05958549222797927,2,pos_s1398_e1440_s1872_e1944,24,0.010362694300518135,0,pos
FUN_007906,18,0.012711864406779662,0,pos,18,0.012711864406779662,0,pos
FUN_003185,0,0.0,0,pos,0,0.0,0,pos
FUN_001839,12,0.0091324200913242,0,pos,0,0.0,0,pos
FUN_012180,0,0.0,0,pos,0,0.0,0,pos
FUN_002876,0,0.0,0,pos,0,0.0,0,pos
FUN_015933,0,0.0,0,pos,0,0.0,0,pos
FUN_016579,0,0.0,0,pos,0,0.0,0,pos
FUN_016856,0,0.0,0,pos,0,0.0,0,pos
FUN_000341,0,0.0,0,pos,0,0.0,0,pos
FUN_002905,12,0.03508771929824561,0,pos,0,0.0,0,pos
FUN_007772,0,0.0,0,pos,0,0.0,0,pos
FUN_011207,72,0.07228915662650602,1,pos_s36_e72,0,0.0,0,pos
FUN_000627,0,0.0,0,pos,0,0.0,0,pos
FUN_003559,156,0.045936395759717315,2,pos_s1884_e1962_s2004_e2046,60,0.0176678445229682,0,pos
FUN_016588,90,0.048701298701298704,1,pos_s342_e432,36,0.01948051948051948,1,pos_s342_e378
FUN_007909,0,0.0,0,pos,0,0.0,0,pos
FUN_010579,0,0.0,0,pos,0,0.0,0,pos
FUN_007871,0,0.0,0,pos,0,0.0,0,pos
FUN_000879,0,0.0,0,pos,0,0.0,0,pos
FUN_004806,96,0.04833836858006042,1,pos_s96_e186,42,0.021148036253776436,1,pos_s132_e174
FUN_011007,0,0.0,0,pos,0,0.0,0,pos
FUN_015807,0,0.0,0,pos,0,0.0,0,pos
FUN_001261,6,0.004807692307692308,0,pos,0,0.0,0,pos
FUN_001088,0,0.0,0,pos,0,0.0,0,pos
FUN_001311,0,0.0,0,pos,0,0.0,0,pos
FUN_008210,1236,0.09127159946832078,14,pos_s2190_e2280_s2358_e2424_s8346_e8382_s9972_e10050_s10158_e10188_s10374_e10584_s11172_e11286_s12402_e12468_s12480_e12516_s12612_e12678_s12684_e12792_s12810_e12846_s13158_e13212_s13344_e13452,588,0.043420469649977846,7,pos_s9972_e10020_s10374_e10536_s11178_e11226_s12402_e12456_s12612_e12648_s12726_e12786_s13350_e13452
FUN_016016,0,0.0,0,pos,0,0.0,0,pos
FUN_007247,48,0.01606425702811245,0,pos,0,0.0,0,pos
FUN_000217,12,0.009900990099009901,0,pos,0,0.0,0,pos
FUN_010944,120,0.034722222222222224,1,pos_s174_e252,0,0.0,0,pos
FUN_008524,0,0.0,0,pos,0,0.0,0,pos
FUN_003922,0,0.0,0,pos,0,0.0,0,pos
FUN_003827,0,0.0,0,pos,0,0.0,0,pos
FUN_000841,0,0.0,0,pos,0,0.0,0,pos
FUN_009919,0,0.0,0,pos,0,0.0,0,pos
FUN_004991,0,0.0,0,pos,0,0.0,0,pos
FUN_010539,0,0.0,0,pos,0,0.0,0,pos
FUN_007625,0,0.0,0,pos,0,0.0,0,pos
FUN_003784,0,0.0,0,pos,0,0.0,0,pos
FUN_000873,0,0.0,0,pos,0,0.0,0,pos
FUN_016664,0,0.0,0,pos,0,0.0,0,pos
FUN_003073,0,0.0,0,pos,0,0.0,0,pos
FUN_003786,0,0.0,0,pos,0,0.0,0,pos
FUN_005640,270,0.18292682926829268,5,pos_s30_e60_s102_e144_s1026_e1056_s1296_e1374_s1404_e1440,102,0.06910569105691057,1,pos_s1296_e1368
FUN_004920,0,0.0,0,pos,0,0.0,0,pos
FUN_003343,0,0.0,0,pos,0,0.0,0,pos
FUN_000860,0,0.0,0,pos,0,0.0,0,pos
FUN_005185,42,0.1,1,pos_s42_e72,0,0.0,0,pos
FUN_000887,24,0.028985507246376812,0,pos,0,0.0,0,pos
FUN_003895,0,0.0,0,pos,0,0.0,0,pos
FUN_006819,0,0.0,0,pos,0,0.0,0,pos
FUN_004353,0,0.0,0,pos,0,0.0,0,pos
FUN_007916,0,0.0,0,pos,0,0.0,0,pos
FUN_002154,0,0.0,0,pos,0,0.0,0,pos
FUN_016387,0,0.0,0,pos,0,0.0,0,pos
FUN_007609,60,0.09090909090909091,0,pos,24,0.03636363636363636,0,pos
FUN_002711,0,0.0,0,pos,0,0.0,0,pos
FUN_015725,0,0.0,0,pos,0,0.0,0,pos
FUN_010792,72,0.06282722513089005,1,pos_s402_e474,0,0.0,0,pos
FUN_010163,48,0.025236593059936908,0,pos,0,0.0,0,pos
FUN_005448,0,0.0,0,pos,0,0.0,0,pos
FUN_007703,0,0.0,0,pos,0,0.0,0,pos
FUN_006239,0,0.0,0,pos,0,0.0,0,pos
FUN_005232,0,0.0,0,pos,0,0.0,0,pos
FUN_006703,0,0.0,0,pos,0,0.0,0,pos
FUN_006120,0,0.0,0,pos,0,0.0,0,pos
FUN_004606,0,0.0,0,pos,0,0.0,0,pos
FUN_011708,0,0.0,0,pos,0,0.0,0,pos
FUN_003701,0,0.0,0,pos,0,0.0,0,pos
FUN_001865,108,0.043795620437956206,1,pos_s108_e180,0,0.0,0,pos
FUN_008994,0,0.0,0,pos,0,0.0,0,pos
FUN_006823,0,0.0,0,pos,0,0.0,0,pos
FUN_001058,6,0.003134796238244514,0,pos,0,0.0,0,pos
FUN_005819,48,0.06896551724137931,1,pos_s426_e474,0,0.0,0,pos
FUN_002120,0,0.0,0,pos,0,0.0,0,pos
FUN_010530,0,0.0,0,pos,0,0.0,0,pos
FUN_006326,0,0.0,0,pos,0,0.0,0,pos
FUN_010813,246,0.07854406130268199,5,pos_s1482_e1512_s1788_e1842_s1902_e1950_s2310_e2364_s2436_e2478,54,0.017241379310344827,0,pos
FUN_016522,0,0.0,0,pos,0,0.0,0,pos
FUN_001658,246,0.02541847489150651,3,pos_s612_e666_s762_e858_s9192_e9270,12,0.0012399256044637321,0,pos
FUN_011438,0,0.0,0,pos,0,0.0,0,pos
FUN_010148,0,0.0,0,pos,0,0.0,0,pos
FUN_006978,0,0.0,0,pos,0,0.0,0,pos
FUN_004202,0,0.0,0,pos,0,0.0,0,pos
FUN_002339,0,0.0,0,pos,0,0.0,0,pos
FUN_008233,24,0.011627906976744186,0,pos,0,0.0,0,pos
FUN_011291,0,0.0,0,pos,0,0.0,0,pos
FUN_002220,48,0.03389830508474576,0,pos,0,0.0,0,pos
FUN_007364,246,0.0407149950347567,3,pos_s0_e54_s4602_e4686_s5316_e5358,72,0.011916583912611719,1,pos_s0_e54
FUN_000063,12,0.02857142857142857,0,pos,0,0.0,0,pos
FUN_015658,0,0.0,0,pos,0,0.0,0,pos
FUN_016075,0,0.0,0,pos,0,0.0,0,pos
FUN_009859,0,0.0,0,pos,0,0.0,0,pos
FUN_016411,0,0.0,0,pos,0,0.0,0,pos
FUN_004531,54,0.13043478260869565,1,pos_s150_e180,0,0.0,0,pos
FUN_001708,0,0.0,0,pos,0,0.0,0,pos
FUN_005338,0,0.0,0,pos,0,0.0,0,pos
FUN_008392,156,0.2765957446808511,2,pos_s0_e84_s270_e324,36,0.06382978723404255,1,pos_s42_e78
FUN_015317,0,0.0,0,pos,0,0.0,0,pos
FUN_002736,0,0.0,0,pos,0,0.0,0,pos
FUN_002452,0,0.0,0,pos,0,0.0,0,pos
FUN_000815,18,0.009009009009009009,0,pos,0,0.0,0,pos
FUN_001152,108,0.020689655172413793,1,pos_s4992_e5082,0,0.0,0,pos
FUN_005637,0,0.0,0,pos,0,0.0,0,pos
FUN_005432,0,0.0,0,pos,0,0.0,0,pos
FUN_016673,0,0.0,0,pos,0,0.0,0,pos
FUN_002561,0,0.0,0,pos,0,0.0,0,pos
FUN_004217,78,0.018465909090909092,1,pos_s1782_e1818,12,0.002840909090909091,0,pos
FUN_001225,0,0.0,0,pos,0,0.0,0,pos
FUN_007880,0,0.0,0,pos,0,0.0,0,pos
FUN_016227,0,0.0,0,pos,0,0.0,0,pos
FUN_002604,0,0.0,0,pos,0,0.0,0,pos
FUN_000695,0,0.0,0,pos,0,0.0,0,pos
FUN_004264,24,0.009852216748768473,0,pos,0,0.0,0,pos
FUN_007616,0,0.0,0,pos,0,0.0,0,pos
FUN_016129,0,0.0,0,pos,0,0.0,0,pos
FUN_008041,0,0.0,0,pos,0,0.0,0,pos
FUN_008842,0,0.0,0,pos,0,0.0,0,pos
FUN_009399,0,0.0,0,pos,0,0.0,0,pos
FUN_016215,0,0.0,0,pos,0,0.0,0,pos
FUN_010162,60,0.024154589371980676,1,pos_s1632_e1674,30,0.012077294685990338,0,pos
FUN_006399,0,0.0,0,pos,0,0.0,0,pos
FUN_016604,0,0.0,0,pos,0,0.0,0,pos
FUN_002605,0,0.0,0,pos,0,0.0,0,pos
FUN_003126,6,0.008264462809917356,0,pos,0,0.0,0,pos
FUN_005497,0,0.0,0,pos,0,0.0,0,pos
FUN_002560,294,0.1,1,pos_s2640_e2844,192,0.0653061224489796,2,pos_s2706_e2742_s2754_e2844
FUN_001814,0,0.0,0,pos,0,0.0,0,pos
FUN_005340,186,0.018441403926234383,2,pos_s4218_e4290_s8658_e8712,54,0.005353955978584176,1,pos_s4218_e4272
FUN_008131,48,0.0784313725490196,1,pos_s0_e42,12,0.0196078431372549,0,pos
FUN_010127,0,0.0,0,pos,0,0.0,0,pos
FUN_002977,0,0.0,0,pos,0,0.0,0,pos
FUN_012382,0,0.0,0,pos,0,0.0,0,pos
FUN_009521,0,0.0,0,pos,0,0.0,0,pos
FUN_007490,0,0.0,0,pos,0,0.0,0,pos
FUN_004596,0,0.0,0,pos,0,0.0,0,pos
FUN_004299,72,0.0392156862745098,1,pos_s1644_e1692,0,0.0,0,pos
FUN_006782,6,0.0033333333333333335,0,pos,0,0.0,0,pos
FUN_010896,330,0.038569424964936885,5,pos_s6_e42_s2562_e2592_s5838_e5952_s6282_e6360_s8196_e8232,114,0.01332398316970547,1,pos_s5838_e5952
FUN_001198,54,0.013953488372093023,1,pos_s3504_e3534,0,0.0,0,pos
FUN_003685,30,0.009433962264150943,0,pos,0,0.0,0,pos
FUN_002242,0,0.0,0,pos,0,0.0,0,pos
FUN_004405,42,0.03056768558951965,1,pos_s960_e996,0,0.0,0,pos
FUN_006393,0,0.0,0,pos,0,0.0,0,pos
FUN_009987,0,0.0,0,pos,0,0.0,0,pos
FUN_009689,0,0.0,0,pos,0,0.0,0,pos
FUN_009978,48,0.06451612903225806,0,pos,30,0.04032258064516129,0,pos
FUN_005982,0,0.0,0,pos,0,0.0,0,pos
FUN_016173,0,0.0,0,pos,0,0.0,0,pos
FUN_012109,0,0.0,0,pos,0,0.0,0,pos
FUN_016311,294,0.13573407202216067,3,pos_s1014_e1044_s1062_e1116_s1152_e1332,144,0.0664819944598338,1,pos_s1212_e1332
FUN_011987,60,0.04048582995951417,1,pos_s972_e1032,0,0.0,0,pos
FUN_002255,12,0.008333333333333333,0,pos,0,0.0,0,pos
FUN_004321,0,0.0,0,pos,0,0.0,0,pos
FUN_000278,0,0.0,0,pos,0,0.0,0,pos
FUN_005725,108,0.05555555555555555,2,pos_s204_e258_s1086_e1140,24,0.012345679012345678,0,pos
FUN_005956,0,0.0,0,pos,0,0.0,0,pos
FUN_010220,24,0.01532567049808429,0,pos,0,0.0,0,pos
FUN_004135,0,0.0,0,pos,0,0.0,0,pos
FUN_015360,0,0.0,0,pos,0,0.0,0,pos
FUN_009742,0,0.0,0,pos,0,0.0,0,pos
FUN_001252,0,0.0,0,pos,0,0.0,0,pos
FUN_011528,0,0.0,0,pos,0,0.0,0,pos
FUN_011723,0,0.0,0,pos,0,0.0,0,pos
FUN_000390,0,0.0,0,pos,0,0.0,0,pos
FUN_009458,18,0.030927835051546393,0,pos,0,0.0,0,pos
FUN_000378,0,0.0,0,pos,0,0.0,0,pos
FUN_003151,444,0.26811594202898553,5,pos_s24_e156_s450_e564_s726_e768_s1050_e1170_s1272_e1302,198,0.11956521739130435,3,pos_s114_e156_s450_e546_s1098_e1152
FUN_015329,0,0.0,0,pos,0,0.0,0,pos
FUN_002135,0,0.0,0,pos,0,0.0,0,pos
FUN_004343,0,0.0,0,pos,0,0.0,0,pos
FUN_016416,0,0.0,0,pos,0,0.0,0,pos
FUN_004285,54,0.0375,1,pos_s1104_e1134,0,0.0,0,pos
FUN_015903,0,0.0,0,pos,0,0.0,0,pos
FUN_000446,0,0.0,0,pos,0,0.0,0,pos
FUN_001895,0,0.0,0,pos,0,0.0,0,pos
FUN_011934,0,0.0,0,pos,0,0.0,0,pos
FUN_004913,0,0.0,0,pos,0,0.0,0,pos
FUN_007640,0,0.0,0,pos,0,0.0,0,pos
FUN_005104,0,0.0,0,pos,0,0.0,0,pos
FUN_011391,1032,0.08237547892720307,15,pos_s1008_e1080_s2850_e2880_s2904_e2934_s3432_e3516_s3660_e3696_s3834_e3912_s4206_e4242_s4254_e4296_s4320_e4356_s5082_e5118_s5580_e5706_s6384_e6462_s6888_e7020_s7314_e7386_s7464_e7548,168,0.013409961685823755,2,pos_s5622_e5688_s6888_e6918
FUN_010630,12,0.012269938650306749,0,pos,0,0.0,0,pos
FUN_015985,0,0.0,0,pos,0,0.0,0,pos
FUN_000434,0,0.0,0,pos,0,0.0,0,pos
FUN_005404,36,0.037267080745341616,1,pos_s126_e156,12,0.012422360248447204,0,pos
FUN_001081,48,0.021447721179624665,1,pos_s912_e960,0,0.0,0,pos
FUN_011023,18,0.08571428571428572,0,pos,0,0.0,0,pos
FUN_008265,132,0.04602510460251046,1,pos_s2766_e2856,78,0.027196652719665274,1,pos_s2802_e2856
FUN_004484,0,0.0,0,pos,0,0.0,0,pos
FUN_012251,0,0.0,0,pos,0,0.0,0,pos
FUN_000448,36,0.024291497975708502,0,pos,0,0.0,0,pos
FUN_008378,30,0.0625,1,pos_s318_e348,0,0.0,0,pos
FUN_006340,0,0.0,0,pos,0,0.0,0,pos
FUN_006898,108,0.11920529801324503,1,pos_s780_e888,54,0.059602649006622516,1,pos_s780_e834
FUN_009494,30,0.013404825737265416,1,pos_s774_e804,0,0.0,0,pos
FUN_005560,30,0.019157088122605363,1,pos_s1380_e1410,0,0.0,0,pos
FUN_010293,0,0.0,0,pos,0,0.0,0,pos
FUN_001826,0,0.0,0,pos,0,0.0,0,pos
FUN_006199,0,0.0,0,pos,0,0.0,0,pos
FUN_011562,96,0.13675213675213677,0,pos,54,0.07692307692307693,0,pos
FUN_002295,0,0.0,0,pos,0,0.0,0,pos
FUN_004145,0,0.0,0,pos,0,0.0,0,pos
FUN_007004,0,0.0,0,pos,0,0.0,0,pos
FUN_008762,0,0.0,0,pos,0,0.0,0,pos
FUN_000490,12,0.02702702702702703,0,pos,0,0.0,0,pos
FUN_015345,0,0.0,0,pos,0,0.0,0,pos
FUN_010884,0,0.0,0,pos,0,0.0,0,pos
FUN_015400,0,0.0,0,pos,0,0.0,0,pos
FUN_004107,0,0.0,0,pos,0,0.0,0,pos
FUN_000569,0,0.0,0,pos,0,0.0,0,pos
FUN_010017,0,0.0,0,pos,0,0.0,0,pos
FUN_015881,12,0.006369426751592357,0,pos,0,0.0,0,pos
FUN_000706,0,0.0,0,pos,0,0.0,0,pos
FUN_000971,150,0.09505703422053231,3,pos_s84_e126_s966_e996_s1248_e1326,0,0.0,0,pos
FUN_009786,12,0.009523809523809525,0,pos,0,0.0,0,pos
FUN_008773,18,0.017964071856287425,0,pos,6,0.005988023952095809,0,pos
FUN_012524,0,0.0,0,pos,0,0.0,0,pos
FUN_011142,0,0.0,0,pos,0,0.0,0,pos
FUN_015820,0,0.0,0,pos,0,0.0,0,pos
FUN_006143,180,0.45454545454545453,1,pos_s132_e162,72,0.18181818181818182,0,pos
FUN_007417,0,0.0,0,pos,0,0.0,0,pos
FUN_006091,48,0.08888888888888889,1,pos_s468_e498,0,0.0,0,pos
FUN_003399,0,0.0,0,pos,0,0.0,0,pos
FUN_003799,0,0.0,0,pos,0,0.0,0,pos
FUN_011090,96,0.10256410256410256,1,pos_s642_e726,0,0.0,0,pos
FUN_007604,72,0.05429864253393665,1,pos_s1248_e1302,0,0.0,0,pos
FUN_001359,18,0.11538461538461539,0,pos,6,0.038461538461538464,0,pos
FUN_002013,6,0.005050505050505051,0,pos,0,0.0,0,pos
FUN_015448,0,0.0,0,pos,0,0.0,0,pos
FUN_006501,0,0.0,0,pos,0,0.0,0,pos
FUN_000984,12,0.09090909090909091,0,pos,0,0.0,0,pos
FUN_001692,0,0.0,0,pos,0,0.0,0,pos
FUN_016354,0,0.0,0,pos,0,0.0,0,pos
FUN_012371,0,0.0,0,pos,0,0.0,0,pos
FUN_007658,0,0.0,0,pos,0,0.0,0,pos
FUN_006381,0,0.0,0,pos,0,0.0,0,pos
FUN_011060,228,0.10106382978723404,4,pos_s162_e222_s234_e270_s918_e990_s1002_e1038,72,0.031914893617021274,2,pos_s186_e222_s234_e264
FUN_005674,0,0.0,0,pos,0,0.0,0,pos
FUN_006417,0,0.0,0,pos,0,0.0,0,pos
FUN_002761,0,0.0,0,pos,0,0.0,0,pos
FUN_002273,0,0.0,0,pos,0,0.0,0,pos
FUN_003808,0,0.0,0,pos,0,0.0,0,pos
FUN_016209,0,0.0,0,pos,0,0.0,0,pos
FUN_001983,0,0.0,0,pos,0,0.0,0,pos
FUN_005022,30,0.004826254826254826,1,pos_s666_e696,0,0.0,0,pos
FUN_001396,0,0.0,0,pos,0,0.0,0,pos
FUN_000689,0,0.0,0,pos,0,0.0,0,pos
FUN_015842,0,0.0,0,pos,0,0.0,0,pos
FUN_002340,0,0.0,0,pos,0,0.0,0,pos
FUN_016321,0,0.0,0,pos,0,0.0,0,pos
FUN_012176,0,0.0,0,pos,0,0.0,0,pos
FUN_007896,0,0.0,0,pos,0,0.0,0,pos
FUN_012431,0,0.0,0,pos,0,0.0,0,pos
FUN_016092,0,0.0,0,pos,0,0.0,0,pos
FUN_006094,0,0.0,0,pos,0,0.0,0,pos
FUN_002643,0,0.0,0,pos,0,0.0,0,pos
FUN_011533,0,0.0,0,pos,0,0.0,0,pos
FUN_001055,30,0.016891891891891893,1,pos_s156_e186,0,0.0,0,pos
FUN_009785,0,0.0,0,pos,0,0.0,0,pos
FUN_011482,72,0.027522935779816515,1,pos_s2508_e2580,72,0.027522935779816515,1,pos_s2508_e2580
FUN_006069,18,0.008152173913043478,0,pos,0,0.0,0,pos
FUN_010877,294,0.024390243902439025,3,pos_s2394_e2508_s6834_e6918_s7986_e8028,96,0.007964161274265804,2,pos_s2472_e2508_s6852_e6894
FUN_003038,60,0.07352941176470588,1,pos_s174_e216,0,0.0,0,pos
FUN_001760,102,0.2073170731707317,0,pos,6,0.012195121951219513,0,pos
FUN_005150,0,0.0,0,pos,0,0.0,0,pos
FUN_016408,0,0.0,0,pos,0,0.0,0,pos
FUN_015550,0,0.0,0,pos,0,0.0,0,pos
FUN_002105,18,0.012096774193548387,0,pos,0,0.0,0,pos
FUN_009757,0,0.0,0,pos,0,0.0,0,pos
FUN_004037,90,0.1271186440677966,1,pos_s498_e588,0,0.0,0,pos
FUN_011089,60,0.022222222222222223,1,pos_s1962_e2022,0,0.0,0,pos
FUN_010926,18,0.011406844106463879,0,pos,0,0.0,0,pos
FUN_002175,0,0.0,0,pos,0,0.0,0,pos
FUN_011219,0,0.0,0,pos,0,0.0,0,pos
FUN_003093,12,0.008,0,pos,0,0.0,0,pos
FUN_005396,0,0.0,0,pos,0,0.0,0,pos
FUN_008498,6,0.003676470588235294,0,pos,0,0.0,0,pos
FUN_007694,0,0.0,0,pos,0,0.0,0,pos
FUN_004774,0,0.0,0,pos,0,0.0,0,pos
FUN_004017,0,0.0,0,pos,0,0.0,0,pos
FUN_016157,0,0.0,0,pos,0,0.0,0,pos
FUN_016715,0,0.0,0,pos,0,0.0,0,pos
FUN_010009,0,0.0,0,pos,0,0.0,0,pos
FUN_011594,0,0.0,0,pos,0,0.0,0,pos
FUN_006841,0,0.0,0,pos,0,0.0,0,pos
FUN_000441,0,0.0,0,pos,0,0.0,0,pos
FUN_004972,0,0.0,0,pos,0,0.0,0,pos
FUN_002885,210,0.07972665148063782,2,pos_s1914_e2022_s2262_e2316,24,0.009111617312072893,0,pos
FUN_007060,498,0.016952614379084966,6,pos_s3912_e3954_s10740_e10860_s11634_e11664_s11670_e11754_s24384_e24438_s29208_e29256,78,0.0026552287581699347,1,pos_s11682_e11724
FUN_000095,0,0.0,0,pos,0,0.0,0,pos
FUN_001131,0,0.0,0,pos,0,0.0,0,pos
FUN_007564,0,0.0,0,pos,0,0.0,0,pos
FUN_005976,0,0.0,0,pos,0,0.0,0,pos
FUN_006137,0,0.0,0,pos,0,0.0,0,pos
FUN_010290,0,0.0,0,pos,0,0.0,0,pos
FUN_006560,0,0.0,0,pos,0,0.0,0,pos
FUN_001112,0,0.0,0,pos,0,0.0,0,pos
FUN_005323,0,0.0,0,pos,0,0.0,0,pos
FUN_012357,0,0.0,0,pos,0,0.0,0,pos
FUN_001435,0,0.0,0,pos,0,0.0,0,pos
FUN_007164,6,0.00558659217877095,0,pos,0,0.0,0,pos
FUN_006175,0,0.0,0,pos,0,0.0,0,pos
FUN_008087,0,0.0,0,pos,0,0.0,0,pos
FUN_007766,132,0.08148148148148149,3,pos_s474_e522_s714_e750_s756_e792,0,0.0,0,pos
FUN_000225,6,0.0018018018018018018,0,pos,0,0.0,0,pos
FUN_010922,0,0.0,0,pos,0,0.0,0,pos
FUN_011440,6,0.0028735632183908046,0,pos,0,0.0,0,pos
FUN_012549,0,0.0,0,pos,0,0.0,0,pos
FUN_006863,0,0.0,0,pos,0,0.0,0,pos
FUN_016846,0,0.0,0,pos,0,0.0,0,pos
FUN_009700,0,0.0,0,pos,0,0.0,0,pos
FUN_000783,90,0.08982035928143713,2,pos_s678_e720_s756_e792,0,0.0,0,pos
FUN_011284,0,0.0,0,pos,0,0.0,0,pos
FUN_004262,0,0.0,0,pos,0,0.0,0,pos
FUN_001190,228,0.019201616978271854,2,pos_s1686_e1866_s2466_e2502,168,0.01414855987872663,1,pos_s1686_e1854
FUN_003488,0,0.0,0,pos,0,0.0,0,pos
FUN_002280,0,0.0,0,pos,0,0.0,0,pos
FUN_016308,0,0.0,0,pos,0,0.0,0,pos
FUN_005567,0,0.0,0,pos,0,0.0,0,pos
FUN_010103,0,0.0,0,pos,0,0.0,0,pos
FUN_002667,0,0.0,0,pos,0,0.0,0,pos
FUN_007475,0,0.0,0,pos,0,0.0,0,pos
FUN_006731,0,0.0,0,pos,0,0.0,0,pos
FUN_007666,138,0.07796610169491526,1,pos_s348_e444,102,0.0576271186440678,1,pos_s354_e426
FUN_002973,0,0.0,0,pos,0,0.0,0,pos
FUN_016688,0,0.0,0,pos,0,0.0,0,pos
FUN_003415,0,0.0,0,pos,0,0.0,0,pos
FUN_009189,60,0.04032258064516129,1,pos_s1416_e1458,0,0.0,0,pos
FUN_000027,24,0.02877697841726619,0,pos,0,0.0,0,pos
FUN_012071,0,0.0,0,pos,0,0.0,0,pos
FUN_002703,6,0.004219409282700422,0,pos,0,0.0,0,pos
FUN_009909,24,0.057971014492753624,0,pos,18,0.043478260869565216,0,pos
FUN_005010,108,0.021739130434782608,2,pos_s0_e30_s2346_e2412,36,0.007246376811594203,1,pos_s2364_e2394
FUN_002584,0,0.0,0,pos,0,0.0,0,pos
FUN_003879,0,0.0,0,pos,0,0.0,0,pos
FUN_006989,120,0.145985401459854,1,pos_s660_e774,48,0.058394160583941604,1,pos_s732_e762
FUN_001912,0,0.0,0,pos,0,0.0,0,pos
FUN_008355,0,0.0,0,pos,0,0.0,0,pos
FUN_009781,204,0.03985932004689332,3,pos_s156_e204_s1542_e1590_s2142_e2196,0,0.0,0,pos
FUN_007518,0,0.0,0,pos,0,0.0,0,pos
FUN_007689,84,0.13592233009708737,1,pos_s6_e78,24,0.038834951456310676,0,pos
FUN_010658,0,0.0,0,pos,0,0.0,0,pos
FUN_001176,204,0.06719367588932806,2,pos_s1650_e1680_s1692_e1806,0,0.0,0,pos
FUN_010094,0,0.0,0,pos,0,0.0,0,pos
FUN_015984,0,0.0,0,pos,0,0.0,0,pos
FUN_004919,150,0.0992063492063492,2,pos_s660_e744_s1248_e1278,84,0.05555555555555555,1,pos_s660_e744
FUN_000019,0,0.0,0,pos,0,0.0,0,pos
FUN_016181,0,0.0,0,pos,0,0.0,0,pos
FUN_010427,114,0.11949685534591195,1,pos_s690_e804,90,0.09433962264150944,1,pos_s690_e780
FUN_011844,0,0.0,0,pos,0,0.0,0,pos
FUN_000508,0,0.0,0,pos,0,0.0,0,pos
FUN_015816,0,0.0,0,pos,0,0.0,0,pos
FUN_001673,192,0.048558421851289835,3,pos_s90_e138_s2634_e2706_s3078_e3108,36,0.009104704097116844,0,pos
FUN_002350,6,0.0018248175182481751,0,pos,0,0.0,0,pos
FUN_004092,0,0.0,0,pos,0,0.0,0,pos
FUN_006952,0,0.0,0,pos,0,0.0,0,pos
FUN_003877,0,0.0,0,pos,0,0.0,0,pos
FUN_009639,0,0.0,0,pos,0,0.0,0,pos
FUN_007287,0,0.0,0,pos,0,0.0,0,pos
FUN_004708,132,0.11398963730569948,1,pos_s246_e318,6,0.0051813471502590676,0,pos
FUN_000688,90,0.01278772378516624,1,pos_s5982_e6048,12,0.0017050298380221654,0,pos
FUN_003663,18,0.08823529411764706,0,pos,0,0.0,0,pos
FUN_010256,0,0.0,0,pos,0,0.0,0,pos
FUN_007930,0,0.0,0,pos,0,0.0,0,pos
FUN_008425,264,0.088,3,pos_s1518_e1548_s2112_e2226_s2322_e2424,96,0.032,2,pos_s2166_e2220_s2382_e2412
FUN_003020,0,0.0,0,pos,0,0.0,0,pos
FUN_003113,54,0.1125,1,pos_s366_e420,18,0.0375,0,pos
FUN_006572,114,0.04884318766066838,1,pos_s432_e510,0,0.0,0,pos
FUN_011185,0,0.0,0,pos,0,0.0,0,pos
FUN_001842,66,0.03353658536585366,2,pos_s1770_e1806_s1920_e1950,0,0.0,0,pos
FUN_004964,120,0.08583690987124463,2,pos_s420_e462_s1134_e1194,18,0.012875536480686695,0,pos
FUN_008464,0,0.0,0,pos,0,0.0,0,pos
FUN_009071,12,0.015384615384615385,0,pos,0,0.0,0,pos
FUN_008347,0,0.0,0,pos,0,0.0,0,pos
FUN_011737,0,0.0,0,pos,0,0.0,0,pos
FUN_006426,0,0.0,0,pos,0,0.0,0,pos
FUN_002779,30,0.02092050209205021,1,pos_s714_e744,0,0.0,0,pos
FUN_007649,420,0.5932203389830508,5,pos_s234_e306_s330_e438_s444_e516_s522_e570_s576_e648,204,0.288135593220339,3,pos_s258_e306_s450_e504_s576_e648
FUN_008284,0,0.0,0,pos,0,0.0,0,pos
FUN_006290,126,0.05426356589147287,1,pos_s66_e192,72,0.031007751937984496,1,pos_s90_e150
FUN_002710,0,0.0,0,pos,0,0.0,0,pos
FUN_003668,0,0.0,0,pos,0,0.0,0,pos
FUN_012188,0,0.0,0,pos,0,0.0,0,pos
FUN_001530,0,0.0,0,pos,0,0.0,0,pos
FUN_000938,108,0.025604551920341393,1,pos_s4140_e4194,6,0.001422475106685633,0,pos
FUN_004209,0,0.0,0,pos,0,0.0,0,pos
FUN_015690,0,0.0,0,pos,0,0.0,0,pos
FUN_011055,0,0.0,0,pos,0,0.0,0,pos
FUN_012130,0,0.0,0,pos,0,0.0,0,pos
FUN_009266,0,0.0,0,pos,0,0.0,0,pos
FUN_011995,0,0.0,0,pos,0,0.0,0,pos
FUN_004179,48,0.035398230088495575,1,pos_s426_e474,0,0.0,0,pos
FUN_009097,0,0.0,0,pos,0,0.0,0,pos
FUN_007361,0,0.0,0,pos,0,0.0,0,pos
FUN_000724,12,0.010752688172043012,0,pos,0,0.0,0,pos
FUN_010953,0,0.0,0,pos,0,0.0,0,pos
FUN_006453,0,0.0,0,pos,0,0.0,0,pos
FUN_010179,0,0.0,0,pos,0,0.0,0,pos
FUN_004130,0,0.0,0,pos,0,0.0,0,pos
FUN_002996,0,0.0,0,pos,0,0.0,0,pos
FUN_006491,0,0.0,0,pos,0,0.0,0,pos
FUN_006739,60,0.036231884057971016,0,pos,0,0.0,0,pos
FUN_015817,0,0.0,0,pos,0,0.0,0,pos
FUN_011233,0,0.0,0,pos,0,0.0,0,pos
FUN_011056,348,0.17261904761904762,2,pos_s1044_e1170_s1794_e1932,216,0.10714285714285714,2,pos_s1098_e1170_s1800_e1932
FUN_005700,0,0.0,0,pos,0,0.0,0,pos
FUN_011745,0,0.0,0,pos,0,0.0,0,pos
FUN_004546,24,0.006172839506172839,0,pos,6,0.0015432098765432098,0,pos
FUN_011053,0,0.0,0,pos,0,0.0,0,pos
FUN_016319,0,0.0,0,pos,0,0.0,0,pos
FUN_016535,0,0.0,0,pos,0,0.0,0,pos
FUN_004591,66,0.06707317073170732,1,pos_s438_e504,0,0.0,0,pos
FUN_016172,0,0.0,0,pos,0,0.0,0,pos
FUN_009828,0,0.0,0,pos,0,0.0,0,pos
FUN_015714,0,0.0,0,pos,0,0.0,0,pos
FUN_007832,240,0.3883495145631068,2,pos_s258_e372_s414_e516,108,0.17475728155339806,1,pos_s444_e486
FUN_010238,66,0.04741379310344827,1,pos_s1170_e1212,0,0.0,0,pos
FUN_007072,24,0.03571428571428571,0,pos,0,0.0,0,pos
FUN_005664,42,0.035175879396984924,1,pos_s0_e42,0,0.0,0,pos
FUN_016781,0,0.0,0,pos,0,0.0,0,pos
FUN_015289,0,0.0,0,pos,0,0.0,0,pos
FUN_001603,60,0.02967359050445104,0,pos,6,0.002967359050445104,0,pos
FUN_009850,0,0.0,0,pos,0,0.0,0,pos
FUN_003036,0,0.0,0,pos,0,0.0,0,pos
FUN_005356,126,0.019516728624535316,1,pos_s2676_e2730,12,0.0018587360594795538,0,pos
FUN_002651,0,0.0,0,pos,0,0.0,0,pos
FUN_009503,0,0.0,0,pos,0,0.0,0,pos
FUN_011537,0,0.0,0,pos,0,0.0,0,pos
FUN_011877,0,0.0,0,pos,0,0.0,0,pos
FUN_002148,0,0.0,0,pos,0,0.0,0,pos
FUN_011338,0,0.0,0,pos,0,0.0,0,pos
FUN_016471,0,0.0,0,pos,0,0.0,0,pos
FUN_002888,0,0.0,0,pos,0,0.0,0,pos
FUN_007449,0,0.0,0,pos,0,0.0,0,pos
FUN_010524,96,0.025039123630672927,1,pos_s1734_e1830,96,0.025039123630672927,1,pos_s1734_e1830
FUN_001205,0,0.0,0,pos,0,0.0,0,pos
FUN_006209,0,0.0,0,pos,0,0.0,0,pos
FUN_008968,54,0.05389221556886228,1,pos_s498_e546,0,0.0,0,pos
FUN_000800,0,0.0,0,pos,0,0.0,0,pos
FUN_011799,210,0.2916666666666667,2,pos_s156_e276_s384_e432,54,0.075,1,pos_s216_e252
FUN_006211,0,0.0,0,pos,0,0.0,0,pos
FUN_016750,0,0.0,0,pos,0,0.0,0,pos
FUN_001051,0,0.0,0,pos,0,0.0,0,pos
FUN_006942,0,0.0,0,pos,0,0.0,0,pos
FUN_003187,0,0.0,0,pos,0,0.0,0,pos
FUN_002892,48,0.011764705882352941,1,pos_s456_e486,0,0.0,0,pos
FUN_007105,0,0.0,0,pos,0,0.0,0,pos
FUN_015798,0,0.0,0,pos,0,0.0,0,pos
FUN_011555,0,0.0,0,pos,0,0.0,0,pos
FUN_002372,36,0.023076923076923078,1,pos_s12_e48,0,0.0,0,pos
FUN_009740,0,0.0,0,pos,0,0.0,0,pos
FUN_007190,0,0.0,0,pos,0,0.0,0,pos
FUN_006878,0,0.0,0,pos,0,0.0,0,pos
FUN_003156,0,0.0,0,pos,0,0.0,0,pos
FUN_001459,18,0.04477611940298507,0,pos,0,0.0,0,pos
FUN_004942,6,0.003787878787878788,0,pos,0,0.0,0,pos
FUN_015720,0,0.0,0,pos,0,0.0,0,pos
FUN_009296,0,0.0,0,pos,0,0.0,0,pos
FUN_005134,6,0.018518518518518517,0,pos,0,0.0,0,pos
FUN_016414,0,0.0,0,pos,0,0.0,0,pos
FUN_010399,0,0.0,0,pos,0,0.0,0,pos
FUN_008269,318,0.08702791461412152,5,pos_s246_e288_s468_e522_s1056_e1134_s3300_e3336_s3426_e3480,162,0.04433497536945813,2,pos_s1056_e1134_s3426_e3480
FUN_012515,0,0.0,0,pos,0,0.0,0,pos
FUN_004559,492,0.14721723518850988,3,pos_s1116_e1194_s1224_e1332_s2022_e2052,306,0.09156193895870736,3,pos_s1128_e1194_s1224_e1332_s3192_e3282
FUN_012057,0,0.0,0,pos,0,0.0,0,pos
FUN_016454,0,0.0,0,pos,0,0.0,0,pos
FUN_012537,0,0.0,0,pos,0,0.0,0,pos
FUN_007180,0,0.0,0,pos,0,0.0,0,pos
FUN_012158,0,0.0,0,pos,0,0.0,0,pos
FUN_001463,0,0.0,0,pos,0,0.0,0,pos
FUN_015636,0,0.0,0,pos,0,0.0,0,pos
FUN_016312,0,0.0,0,pos,0,0.0,0,pos
FUN_005745,0,0.0,0,pos,0,0.0,0,pos
FUN_001731,0,0.0,0,pos,0,0.0,0,pos
FUN_011277,48,0.028985507246376812,0,pos,0,0.0,0,pos
FUN_011861,0,0.0,0,pos,0,0.0,0,pos
FUN_003946,0,0.0,0,pos,0,0.0,0,pos
FUN_008769,0,0.0,0,pos,0,0.0,0,pos
FUN_002962,66,0.040145985401459854,1,pos_s108_e156,0,0.0,0,pos
FUN_008536,0,0.0,0,pos,0,0.0,0,pos
FUN_009103,0,0.0,0,pos,0,0.0,0,pos
FUN_010723,126,0.044967880085653104,1,pos_s900_e1014,96,0.034261241970021415,1,pos_s912_e984
FUN_000848,0,0.0,0,pos,0,0.0,0,pos
FUN_003362,0,0.0,0,pos,0,0.0,0,pos
FUN_000057,0,0.0,0,pos,0,0.0,0,pos
FUN_002361,66,0.0859375,0,pos,0,0.0,0,pos
FUN_001349,0,0.0,0,pos,0,0.0,0,pos
FUN_010746,96,0.20512820512820512,0,pos,0,0.0,0,pos
FUN_000030,18,0.018072289156626505,0,pos,0,0.0,0,pos
FUN_015357,0,0.0,0,pos,0,0.0,0,pos
FUN_005904,0,0.0,0,pos,0,0.0,0,pos
FUN_002444,0,0.0,0,pos,0,0.0,0,pos
FUN_000166,0,0.0,0,pos,0,0.0,0,pos
FUN_005307,0,0.0,0,pos,0,0.0,0,pos
FUN_007991,0,0.0,0,pos,0,0.0,0,pos
FUN_016400,6,0.007194244604316547,0,pos,6,0.007194244604316547,0,pos
FUN_016462,0,0.0,0,pos,0,0.0,0,pos
FUN_016517,0,0.0,0,pos,0,0.0,0,pos
FUN_003708,0,0.0,0,pos,0,0.0,0,pos
FUN_001159,0,0.0,0,pos,0,0.0,0,pos
FUN_009329,114,0.05093833780160858,1,pos_s1242_e1356,78,0.03485254691689008,1,pos_s1242_e1302
FUN_016433,114,0.18446601941747573,1,pos_s336_e450,90,0.14563106796116504,1,pos_s336_e420
FUN_001418,162,0.07917888563049853,3,pos_s486_e522_s546_e624_s852_e888,90,0.04398826979472141,2,pos_s492_e522_s546_e606
FUN_003760,24,0.015444015444015444,0,pos,0,0.0,0,pos
FUN_011443,0,0.0,0,pos,0,0.0,0,pos
FUN_006526,0,0.0,0,pos,0,0.0,0,pos
FUN_011171,114,0.076,1,pos_s486_e564,0,0.0,0,pos
FUN_008736,0,0.0,0,pos,0,0.0,0,pos
FUN_008332,18,0.007371007371007371,0,pos,0,0.0,0,pos
FUN_000471,0,0.0,0,pos,0,0.0,0,pos
FUN_007085,0,0.0,0,pos,0,0.0,0,pos
FUN_008022,0,0.0,0,pos,0,0.0,0,pos
FUN_005516,0,0.0,0,pos,0,0.0,0,pos
FUN_008134,0,0.0,0,pos,0,0.0,0,pos
FUN_009826,102,0.1223021582733813,1,pos_s468_e564,84,0.10071942446043165,1,pos_s498_e564
FUN_012115,0,0.0,0,pos,0,0.0,0,pos
FUN_002626,6,0.0011547344110854503,0,pos,0,0.0,0,pos
FUN_003177,0,0.0,0,pos,0,0.0,0,pos
FUN_005391,0,0.0,0,pos,0,0.0,0,pos
FUN_015252,0,0.0,0,pos,0,0.0,0,pos
FUN_006749,18,0.0075,0,pos,0,0.0,0,pos
FUN_006425,0,0.0,0,pos,0,0.0,0,pos
FUN_005616,0,0.0,0,pos,0,0.0,0,pos
FUN_000219,0,0.0,0,pos,0,0.0,0,pos
FUN_005430,0,0.0,0,pos,0,0.0,0,pos
FUN_011261,0,0.0,0,pos,0,0.0,0,pos
FUN_004075,0,0.0,0,pos,0,0.0,0,pos
FUN_006101,0,0.0,0,pos,0,0.0,0,pos
FUN_000545,0,0.0,0,pos,0,0.0,0,pos
FUN_011366,30,0.009259259259259259,0,pos,0,0.0,0,pos
FUN_006165,30,0.050505050505050504,1,pos_s126_e156,0,0.0,0,pos
FUN_003735,96,0.04610951008645533,1,pos_s954_e1026,0,0.0,0,pos
FUN_006611,6,0.011363636363636364,0,pos,0,0.0,0,pos
FUN_008480,0,0.0,0,pos,0,0.0,0,pos
FUN_002490,0,0.0,0,pos,0,0.0,0,pos
FUN_016763,0,0.0,0,pos,0,0.0,0,pos
FUN_007056,0,0.0,0,pos,0,0.0,0,pos
FUN_015415,0,0.0,0,pos,0,0.0,0,pos
FUN_001248,24,0.024390243902439025,0,pos,0,0.0,0,pos
FUN_006269,24,0.034482758620689655,0,pos,12,0.017241379310344827,0,pos
FUN_011173,0,0.0,0,pos,0,0.0,0,pos
FUN_001032,0,0.0,0,pos,0,0.0,0,pos
FUN_003956,6,0.00423728813559322,0,pos,0,0.0,0,pos
FUN_016798,0,0.0,0,pos,0,0.0,0,pos
FUN_004775,0,0.0,0,pos,0,0.0,0,pos
FUN_003709,0,0.0,0,pos,0,0.0,0,pos
FUN_012192,0,0.0,0,pos,0,0.0,0,pos
FUN_003965,0,0.0,0,pos,0,0.0,0,pos
FUN_015377,36,0.015113350125944584,1,pos_s888_e924,0,0.0,0,pos
FUN_005159,0,0.0,0,pos,0,0.0,0,pos
FUN_006026,0,0.0,0,pos,0,0.0,0,pos
FUN_010364,0,0.0,0,pos,0,0.0,0,pos
FUN_009602,0,0.0,0,pos,0,0.0,0,pos
FUN_008986,150,0.09433962264150944,2,pos_s276_e330_s840_e888,60,0.03773584905660377,1,pos_s858_e888
FUN_002217,0,0.0,0,pos,0,0.0,0,pos
FUN_002780,0,0.0,0,pos,0,0.0,0,pos
FUN_012363,0,0.0,0,pos,0,0.0,0,pos
FUN_012247,0,0.0,0,pos,0,0.0,0,pos
FUN_008836,54,0.03125,1,pos_s168_e222,0,0.0,0,pos
FUN_002147,0,0.0,0,pos,0,0.0,0,pos
FUN_003632,18,0.004477611940298508,0,pos,0,0.0,0,pos
FUN_015787,0,0.0,0,pos,0,0.0,0,pos
FUN_007882,0,0.0,0,pos,0,0.0,0,pos
FUN_016668,0,0.0,0,pos,0,0.0,0,pos
FUN_006698,0,0.0,0,pos,0,0.0,0,pos
FUN_010020,0,0.0,0,pos,0,0.0,0,pos
FUN_003715,0,0.0,0,pos,0,0.0,0,pos
FUN_000453,0,0.0,0,pos,0,0.0,0,pos
FUN_006131,0,0.0,0,pos,0,0.0,0,pos
FUN_008933,36,0.022222222222222223,0,pos,0,0.0,0,pos
FUN_010259,156,0.05371900826446281,1,pos_s960_e1068,42,0.014462809917355372,1,pos_s960_e996
FUN_016745,0,0.0,0,pos,0,0.0,0,pos
FUN_011720,0,0.0,0,pos,0,0.0,0,pos
FUN_005957,48,0.3333333333333333,1,pos_s72_e120,6,0.041666666666666664,0,pos
FUN_011249,12,0.015748031496062992,0,pos,0,0.0,0,pos
FUN_012232,0,0.0,0,pos,0,0.0,0,pos
FUN_004391,0,0.0,0,pos,0,0.0,0,pos
FUN_001761,0,0.0,0,pos,0,0.0,0,pos
FUN_011510,0,0.0,0,pos,0,0.0,0,pos
FUN_011199,0,0.0,0,pos,0,0.0,0,pos
FUN_000137,18,0.037037037037037035,0,pos,18,0.037037037037037035,0,pos
FUN_009946,0,0.0,0,pos,0,0.0,0,pos
FUN_002117,0,0.0,0,pos,0,0.0,0,pos
FUN_002006,0,0.0,0,pos,0,0.0,0,pos
FUN_012557,0,0.0,0,pos,0,0.0,0,pos
FUN_012225,0,0.0,0,pos,0,0.0,0,pos
FUN_009061,0,0.0,0,pos,0,0.0,0,pos
FUN_005539,0,0.0,0,pos,0,0.0,0,pos
FUN_016690,0,0.0,0,pos,0,0.0,0,pos
FUN_008779,36,0.013605442176870748,1,pos_s1326_e1362,6,0.0022675736961451248,0,pos
FUN_007226,0,0.0,0,pos,0,0.0,0,pos
FUN_004230,0,0.0,0,pos,0,0.0,0,pos
FUN_007453,0,0.0,0,pos,0,0.0,0,pos
FUN_001515,0,0.0,0,pos,0,0.0,0,pos
FUN_008136,0,0.0,0,pos,0,0.0,0,pos
FUN_003316,0,0.0,0,pos,0,0.0,0,pos
FUN_009591,54,0.028391167192429023,1,pos_s708_e738,0,0.0,0,pos
FUN_002442,0,0.0,0,pos,0,0.0,0,pos
FUN_002930,78,0.07975460122699386,1,pos_s156_e222,6,0.006134969325153374,0,pos
FUN_006791,0,0.0,0,pos,0,0.0,0,pos
FUN_005825,6,0.006060606060606061,0,pos,0,0.0,0,pos
FUN_007350,324,0.057569296375266525,4,pos_s3234_e3264_s4176_e4224_s4614_e4692_s4698_e4734,6,0.0010660980810234541,0,pos
FUN_016211,0,0.0,0,pos,0,0.0,0,pos
FUN_006022,0,0.0,0,pos,0,0.0,0,pos
FUN_005619,12,0.02666666666666667,0,pos,12,0.02666666666666667,0,pos
FUN_006640,0,0.0,0,pos,0,0.0,0,pos
FUN_010276,0,0.0,0,pos,0,0.0,0,pos
FUN_016373,0,0.0,0,pos,0,0.0,0,pos
FUN_008849,0,0.0,0,pos,0,0.0,0,pos
FUN_001240,0,0.0,0,pos,0,0.0,0,pos
FUN_010128,78,0.35135135135135137,1,pos_s102_e180,0,0.0,0,pos
FUN_011264,60,0.06802721088435375,0,pos,0,0.0,0,pos
FUN_007868,0,0.0,0,pos,0,0.0,0,pos
FUN_004558,0,0.0,0,pos,0,0.0,0,pos
FUN_007368,18,0.007853403141361256,0,pos,0,0.0,0,pos
FUN_006798,0,0.0,0,pos,0,0.0,0,pos
FUN_004908,0,0.0,0,pos,0,0.0,0,pos
FUN_007667,0,0.0,0,pos,0,0.0,0,pos
FUN_005378,0,0.0,0,pos,0,0.0,0,pos
FUN_015931,6,0.0028735632183908046,0,pos,0,0.0,0,pos
FUN_000192,0,0.0,0,pos,0,0.0,0,pos
FUN_015607,0,0.0,0,pos,0,0.0,0,pos
FUN_004646,84,0.014,1,pos_s2184_e2256,24,0.004,0,pos
FUN_011051,6,0.005376344086021506,0,pos,0,0.0,0,pos
FUN_015407,0,0.0,0,pos,0,0.0,0,pos
FUN_003273,0,0.0,0,pos,0,0.0,0,pos
FUN_009634,0,0.0,0,pos,0,0.0,0,pos
FUN_008119,0,0.0,0,pos,0,0.0,0,pos
FUN_016253,0,0.0,0,pos,0,0.0,0,pos
FUN_003051,0,0.0,0,pos,0,0.0,0,pos
FUN_015493,0,0.0,0,pos,0,0.0,0,pos
FUN_001160,6,0.0020408163265306124,0,pos,0,0.0,0,pos
FUN_005942,0,0.0,0,pos,0,0.0,0,pos
FUN_016519,0,0.0,0,pos,0,0.0,0,pos
FUN_015418,0,0.0,0,pos,0,0.0,0,pos
FUN_005133,0,0.0,0,pos,0,0.0,0,pos
FUN_008089,0,0.0,0,pos,0,0.0,0,pos
FUN_004270,0,0.0,0,pos,0,0.0,0,pos
FUN_010006,0,0.0,0,pos,0,0.0,0,pos
FUN_007844,0,0.0,0,pos,0,0.0,0,pos
FUN_008967,0,0.0,0,pos,0,0.0,0,pos
FUN_006801,12,0.008130081300813009,0,pos,0,0.0,0,pos
FUN_011084,0,0.0,0,pos,0,0.0,0,pos
FUN_002392,0,0.0,0,pos,0,0.0,0,pos
FUN_016741,0,0.0,0,pos,0,0.0,0,pos
FUN_004540,0,0.0,0,pos,0,0.0,0,pos
FUN_004045,48,0.011904761904761904,1,pos_s2598_e2628,0,0.0,0,pos
FUN_004141,0,0.0,0,pos,0,0.0,0,pos
FUN_007610,0,0.0,0,pos,0,0.0,0,pos
FUN_008448,54,0.046632124352331605,1,pos_s342_e396,24,0.02072538860103627,0,pos
FUN_008414,0,0.0,0,pos,0,0.0,0,pos
FUN_001508,0,0.0,0,pos,0,0.0,0,pos
FUN_010379,0,0.0,0,pos,0,0.0,0,pos
FUN_008925,0,0.0,0,pos,0,0.0,0,pos
FUN_010741,0,0.0,0,pos,0,0.0,0,pos
FUN_009747,0,0.0,0,pos,0,0.0,0,pos
FUN_003947,0,0.0,0,pos,0,0.0,0,pos
FUN_007412,162,0.06852791878172589,2,pos_s798_e888_s1146_e1200,6,0.0025380710659898475,0,pos
FUN_010309,84,0.009504412763068567,0,pos,0,0.0,0,pos
FUN_016270,0,0.0,0,pos,0,0.0,0,pos
FUN_000368,0,0.0,0,pos,0,0.0,0,pos
FUN_012478,0,0.0,0,pos,0,0.0,0,pos
FUN_016642,0,0.0,0,pos,0,0.0,0,pos
FUN_005402,210,0.07675438596491228,3,pos_s1086_e1146_s1188_e1224_s1698_e1764,66,0.02412280701754386,1,pos_s1698_e1764
FUN_004917,0,0.0,0,pos,0,0.0,0,pos
FUN_015343,0,0.0,0,pos,0,0.0,0,pos
FUN_008977,60,0.029940119760479042,1,pos_s1020_e1056,18,0.008982035928143712,0,pos
FUN_001962,0,0.0,0,pos,0,0.0,0,pos
FUN_006459,0,0.0,0,pos,0,0.0,0,pos
FUN_009117,12,0.005012531328320802,0,pos,0,0.0,0,pos
FUN_005861,18,0.005309734513274336,0,pos,0,0.0,0,pos
FUN_010272,0,0.0,0,pos,0,0.0,0,pos
FUN_004976,72,0.12371134020618557,2,pos_s396_e432_s456_e492,18,0.030927835051546393,0,pos
FUN_009749,0,0.0,0,pos,0,0.0,0,pos
FUN_012270,0,0.0,0,pos,0,0.0,0,pos
FUN_003743,0,0.0,0,pos,0,0.0,0,pos
FUN_006298,0,0.0,0,pos,0,0.0,0,pos
FUN_001813,0,0.0,0,pos,0,0.0,0,pos
FUN_007818,0,0.0,0,pos,0,0.0,0,pos
FUN_007439,774,0.13451511991657977,6,pos_s912_e966_s1620_e1704_s1782_e1842_s1848_e1896_s2382_e2478_s5106_e5496,480,0.08342022940563086,8,pos_s912_e966_s1638_e1704_s1782_e1812_s2382_e2460_s5130_e5196_s5208_e5244_s5256_e5370_s5376_e5406
FUN_010857,12,0.022988505747126436,0,pos,0,0.0,0,pos
FUN_004726,0,0.0,0,pos,0,0.0,0,pos
FUN_008666,0,0.0,0,pos,0,0.0,0,pos
FUN_006778,6,0.0051813471502590676,0,pos,0,0.0,0,pos
FUN_001776,0,0.0,0,pos,0,0.0,0,pos
FUN_006690,0,0.0,0,pos,0,0.0,0,pos
FUN_002854,0,0.0,0,pos,0,0.0,0,pos
FUN_015406,0,0.0,0,pos,0,0.0,0,pos
FUN_011282,0,0.0,0,pos,0,0.0,0,pos
FUN_003730,0,0.0,0,pos,0,0.0,0,pos
FUN_015302,0,0.0,0,pos,0,0.0,0,pos
FUN_002172,276,0.0847145488029466,3,pos_s1878_e1956_s2670_e2736_s3018_e3078,114,0.034990791896869246,2,pos_s1878_e1908_s2688_e2736
FUN_007577,18,0.05357142857142857,0,pos,0,0.0,0,pos
FUN_016621,0,0.0,0,pos,0,0.0,0,pos
FUN_016093,0,0.0,0,pos,0,0.0,0,pos
FUN_001620,66,0.04435483870967742,1,pos_s1200_e1254,0,0.0,0,pos
FUN_016122,0,0.0,0,pos,0,0.0,0,pos
FUN_011232,42,0.03070175438596491,1,pos_s1332_e1362,0,0.0,0,pos
FUN_002609,54,0.033707865168539325,1,pos_s1416_e1452,36,0.02247191011235955,1,pos_s1416_e1452
FUN_012113,0,0.0,0,pos,0,0.0,0,pos
FUN_010478,186,0.08908045977011494,3,pos_s192_e234_s264_e366_s1146_e1182,24,0.011494252873563218,0,pos
FUN_000410,42,0.05223880597014925,1,pos_s708_e744,0,0.0,0,pos
FUN_007376,0,0.0,0,pos,0,0.0,0,pos
FUN_005533,6,0.0078125,0,pos,0,0.0,0,pos
FUN_005178,0,0.0,0,pos,0,0.0,0,pos
FUN_010262,54,0.02535211267605634,0,pos,0,0.0,0,pos
FUN_001634,0,0.0,0,pos,0,0.0,0,pos
FUN_000140,36,0.005958291956305859,0,pos,0,0.0,0,pos
FUN_008501,0,0.0,0,pos,0,0.0,0,pos
FUN_004171,138,0.026497695852534562,2,pos_s312_e360_s4698_e4740,6,0.001152073732718894,0,pos
FUN_002908,204,0.051593323216995446,3,pos_s1518_e1560_s2136_e2178_s2196_e2274,12,0.0030349013657056147,0,pos
FUN_002947,0,0.0,0,pos,0,0.0,0,pos
FUN_006347,0,0.0,0,pos,0,0.0,0,pos
FUN_003953,0,0.0,0,pos,0,0.0,0,pos
FUN_000305,90,0.02717391304347826,2,pos_s1320_e1368_s1974_e2004,0,0.0,0,pos
FUN_016320,0,0.0,0,pos,0,0.0,0,pos
FUN_012376,0,0.0,0,pos,0,0.0,0,pos
FUN_008438,906,0.05672426746806912,13,pos_s42_e84_s1680_e1764_s3648_e3684_s3882_e3924_s4404_e4434_s6438_e6474_s9840_e9888_s10032_e10086_s10128_e10182_s12240_e12336_s13170_e13284_s15150_e15216_s15276_e15306,66,0.004132231404958678,0,pos
FUN_016644,0,0.0,0,pos,0,0.0,0,pos
FUN_007981,0,0.0,0,pos,0,0.0,0,pos
FUN_008158,0,0.0,0,pos,0,0.0,0,pos
FUN_004828,0,0.0,0,pos,0,0.0,0,pos
FUN_007960,102,0.03313840155945419,1,pos_s1770_e1842,0,0.0,0,pos
FUN_000028,168,0.015954415954415956,2,pos_s3864_e3900_s6162_e6234,36,0.003418803418803419,1,pos_s6162_e6192
FUN_007406,0,0.0,0,pos,0,0.0,0,pos
FUN_001274,0,0.0,0,pos,0,0.0,0,pos
FUN_008313,0,0.0,0,pos,0,0.0,0,pos
FUN_012331,0,0.0,0,pos,0,0.0,0,pos
FUN_006938,18,0.006535947712418301,0,pos,0,0.0,0,pos
FUN_004648,84,0.13861386138613863,2,pos_s294_e330_s510_e552,12,0.019801980198019802,0,pos
FUN_011280,132,0.026474127557160047,1,pos_s2124_e2160,0,0.0,0,pos
FUN_004818,0,0.0,0,pos,0,0.0,0,pos
FUN_004069,0,0.0,0,pos,0,0.0,0,pos
FUN_016558,0,0.0,0,pos,0,0.0,0,pos
FUN_001253,84,0.061946902654867256,1,pos_s1110_e1176,24,0.017699115044247787,0,pos
FUN_003801,0,0.0,0,pos,0,0.0,0,pos
FUN_002862,0,0.0,0,pos,0,0.0,0,pos
FUN_008782,36,0.04878048780487805,0,pos,0,0.0,0,pos
FUN_002701,198,0.13983050847457626,3,pos_s180_e210_s768_e828_s1320_e1368,24,0.01694915254237288,0,pos
FUN_011194,0,0.0,0,pos,0,0.0,0,pos
FUN_004011,60,0.02506265664160401,1,pos_s252_e306,36,0.015037593984962405,1,pos_s258_e294
FUN_015537,0,0.0,0,pos,0,0.0,0,pos
FUN_016542,0,0.0,0,pos,0,0.0,0,pos
FUN_008315,0,0.0,0,pos,0,0.0,0,pos
FUN_002812,0,0.0,0,pos,0,0.0,0,pos
FUN_012000,0,0.0,0,pos,0,0.0,0,pos
FUN_016649,0,0.0,0,pos,0,0.0,0,pos
FUN_000935,0,0.0,0,pos,0,0.0,0,pos
FUN_011161,18,0.009584664536741214,0,pos,0,0.0,0,pos
FUN_004307,0,0.0,0,pos,0,0.0,0,pos
FUN_012107,0,0.0,0,pos,0,0.0,0,pos
FUN_005048,0,0.0,0,pos,0,0.0,0,pos
FUN_016862,0,0.0,0,pos,0,0.0,0,pos
FUN_010089,0,0.0,0,pos,0,0.0,0,pos
FUN_001857,0,0.0,0,pos,0,0.0,0,pos
FUN_010255,6,0.005988023952095809,0,pos,0,0.0,0,pos
FUN_012055,0,0.0,0,pos,0,0.0,0,pos
FUN_011975,0,0.0,0,pos,0,0.0,0,pos
FUN_007987,18,0.030612244897959183,0,pos,0,0.0,0,pos
FUN_011245,0,0.0,0,pos,0,0.0,0,pos
FUN_004256,0,0.0,0,pos,0,0.0,0,pos
FUN_007793,108,0.05732484076433121,1,pos_s1260_e1368,30,0.01592356687898089,0,pos
FUN_006608,0,0.0,0,pos,0,0.0,0,pos
FUN_004306,0,0.0,0,pos,0,0.0,0,pos
FUN_006879,0,0.0,0,pos,0,0.0,0,pos
FUN_010051,0,0.0,0,pos,0,0.0,0,pos
FUN_003463,6,0.008403361344537815,0,pos,0,0.0,0,pos
FUN_000867,42,0.0220125786163522,1,pos_s1266_e1308,0,0.0,0,pos
FUN_016585,0,0.0,0,pos,0,0.0,0,pos
FUN_009963,0,0.0,0,pos,0,0.0,0,pos
FUN_003996,0,0.0,0,pos,0,0.0,0,pos
FUN_001195,0,0.0,0,pos,0,0.0,0,pos
FUN_011582,0,0.0,0,pos,0,0.0,0,pos
FUN_002316,48,0.02572347266881029,1,pos_s756_e804,0,0.0,0,pos
FUN_003486,78,0.09027777777777778,0,pos,18,0.020833333333333332,0,pos
FUN_001897,264,0.015625,4,pos_s2010_e2052_s2880_e2928_s6954_e6984_s10134_e10164,12,0.0007102272727272727,0,pos
FUN_004623,0,0.0,0,pos,0,0.0,0,pos
FUN_016713,0,0.0,0,pos,0,0.0,0,pos
FUN_015932,0,0.0,0,pos,0,0.0,0,pos
FUN_007302,0,0.0,0,pos,0,0.0,0,pos
FUN_001829,18,0.0032537960954446853,0,pos,18,0.0032537960954446853,0,pos
FUN_000288,42,0.0472972972972973,1,pos_s264_e300,0,0.0,0,pos
FUN_001973,0,0.0,0,pos,0,0.0,0,pos
FUN_002236,12,0.0025477707006369425,0,pos,0,0.0,0,pos
FUN_006498,0,0.0,0,pos,0,0.0,0,pos
FUN_015273,144,0.3157894736842105,2,pos_s162_e192_s216_e324,108,0.23684210526315788,1,pos_s216_e324
FUN_010311,0,0.0,0,pos,0,0.0,0,pos
FUN_010834,0,0.0,0,pos,0,0.0,0,pos
FUN_001888,6,0.003676470588235294,0,pos,0,0.0,0,pos
FUN_003432,96,0.052805280528052806,1,pos_s1560_e1644,24,0.013201320132013201,0,pos
FUN_012217,0,0.0,0,pos,0,0.0,0,pos
FUN_009273,240,0.15810276679841898,3,pos_s6_e48_s66_e156_s450_e498,150,0.09881422924901186,2,pos_s66_e126_s450_e492
FUN_001948,0,0.0,0,pos,0,0.0,0,pos
FUN_012336,0,0.0,0,pos,0,0.0,0,pos
FUN_015942,0,0.0,0,pos,0,0.0,0,pos
FUN_003720,0,0.0,0,pos,0,0.0,0,pos
FUN_005031,54,0.025495750708215296,1,pos_s1734_e1782,24,0.0113314447592068,0,pos
FUN_002571,12,0.006734006734006734,0,pos,0,0.0,0,pos
FUN_002342,0,0.0,0,pos,0,0.0,0,pos
FUN_012370,0,0.0,0,pos,0,0.0,0,pos
FUN_009352,42,0.1111111111111111,0,pos,0,0.0,0,pos
FUN_015918,0,0.0,0,pos,0,0.0,0,pos
FUN_009214,0,0.0,0,pos,0,0.0,0,pos
FUN_005914,0,0.0,0,pos,0,0.0,0,pos
FUN_003481,0,0.0,0,pos,0,0.0,0,pos
FUN_009263,132,0.09016393442622951,2,pos_s882_e918_s1086_e1134,6,0.004098360655737705,0,pos
FUN_016807,6,0.007575757575757576,0,pos,0,0.0,0,pos
FUN_016392,0,0.0,0,pos,0,0.0,0,pos
FUN_001528,0,0.0,0,pos,0,0.0,0,pos
FUN_012498,0,0.0,0,pos,0,0.0,0,pos
FUN_011048,0,0.0,0,pos,0,0.0,0,pos
FUN_006631,66,0.08148148148148149,0,pos,0,0.0,0,pos
FUN_007621,0,0.0,0,pos,0,0.0,0,pos
FUN_016374,0,0.0,0,pos,0,0.0,0,pos
FUN_001932,0,0.0,0,pos,0,0.0,0,pos
FUN_003503,60,0.03968253968253968,1,pos_s258_e318,0,0.0,0,pos
FUN_012373,0,0.0,0,pos,0,0.0,0,pos
FUN_008243,12,0.01015228426395939,0,pos,0,0.0,0,pos
FUN_012072,0,0.0,0,pos,0,0.0,0,pos
FUN_000824,0,0.0,0,pos,0,0.0,0,pos
FUN_002066,6,0.001869158878504673,0,pos,0,0.0,0,pos
FUN_015316,0,0.0,0,pos,0,0.0,0,pos
FUN_005733,24,0.00823045267489712,0,pos,0,0.0,0,pos
FUN_012448,0,0.0,0,pos,0,0.0,0,pos
FUN_010173,0,0.0,0,pos,0,0.0,0,pos
FUN_005135,66,0.03691275167785235,0,pos,36,0.020134228187919462,1,pos_s1722_e1758
FUN_008339,144,0.17391304347826086,2,pos_s180_e234_s360_e432,54,0.06521739130434782,1,pos_s384_e432
FUN_006350,0,0.0,0,pos,0,0.0,0,pos
FUN_009277,0,0.0,0,pos,0,0.0,0,pos
FUN_011241,0,0.0,0,pos,0,0.0,0,pos
FUN_000103,0,0.0,0,pos,0,0.0,0,pos
FUN_008795,42,0.08536585365853659,1,pos_s444_e486,0,0.0,0,pos
FUN_016789,0,0.0,0,pos,0,0.0,0,pos
FUN_009133,0,0.0,0,pos,0,0.0,0,pos
FUN_003898,18,0.007211538461538462,0,pos,12,0.004807692307692308,0,pos
FUN_016832,0,0.0,0,pos,0,0.0,0,pos
FUN_016389,0,0.0,0,pos,0,0.0,0,pos
FUN_001010,0,0.0,0,pos,0,0.0,0,pos
FUN_016369,0,0.0,0,pos,0,0.0,0,pos
FUN_012302,0,0.0,0,pos,0,0.0,0,pos
FUN_000329,0,0.0,0,pos,0,0.0,0,pos
FUN_007893,0,0.0,0,pos,0,0.0,0,pos
FUN_016410,0,0.0,0,pos,0,0.0,0,pos
FUN_010745,48,0.07207207207207207,1,pos_s162_e192,0,0.0,0,pos
FUN_008625,0,0.0,0,pos,0,0.0,0,pos
FUN_000346,0,0.0,0,pos,0,0.0,0,pos
FUN_016695,0,0.0,0,pos,0,0.0,0,pos
FUN_008166,18,0.02608695652173913,0,pos,0,0.0,0,pos
FUN_016252,0,0.0,0,pos,0,0.0,0,pos
FUN_006223,30,0.019762845849802372,1,pos_s1152_e1182,0,0.0,0,pos
FUN_003027,12,0.008620689655172414,0,pos,0,0.0,0,pos
FUN_005621,54,0.032490974729241874,1,pos_s450_e492,24,0.01444043321299639,0,pos
FUN_008455,60,0.0390625,1,pos_s0_e36,6,0.00390625,0,pos
FUN_015544,0,0.0,0,pos,0,0.0,0,pos
FUN_008108,0,0.0,0,pos,0,0.0,0,pos
FUN_001227,0,0.0,0,pos,0,0.0,0,pos
FUN_009611,138,0.11917098445595854,1,pos_s306_e420,54,0.046632124352331605,1,pos_s306_e348
FUN_002357,0,0.0,0,pos,0,0.0,0,pos
FUN_002814,0,0.0,0,pos,0,0.0,0,pos
FUN_008727,150,0.008999280057595392,2,pos_s4740_e4794_s6060_e6132,18,0.0010799136069114472,0,pos
FUN_010775,0,0.0,0,pos,0,0.0,0,pos
FUN_000383,0,0.0,0,pos,0,0.0,0,pos
FUN_012155,0,0.0,0,pos,0,0.0,0,pos
FUN_008893,30,0.013927576601671309,0,pos,0,0.0,0,pos
FUN_009915,0,0.0,0,pos,0,0.0,0,pos
FUN_006391,0,0.0,0,pos,0,0.0,0,pos
FUN_003864,0,0.0,0,pos,0,0.0,0,pos
FUN_010458,90,0.05357142857142857,2,pos_s384_e444_s450_e480,0,0.0,0,pos
FUN_001448,0,0.0,0,pos,0,0.0,0,pos
FUN_001453,0,0.0,0,pos,0,0.0,0,pos
FUN_004052,0,0.0,0,pos,0,0.0,0,pos
FUN_003025,0,0.0,0,pos,0,0.0,0,pos
FUN_003679,0,0.0,0,pos,0,0.0,0,pos
FUN_010417,96,0.06666666666666667,1,pos_s966_e1044,30,0.020833333333333332,1,pos_s1014_e1044
FUN_011190,0,0.0,0,pos,0,0.0,0,pos
FUN_003321,0,0.0,0,pos,0,0.0,0,pos
FUN_012272,0,0.0,0,pos,0,0.0,0,pos
FUN_001727,48,0.02247191011235955,0,pos,42,0.019662921348314606,0,pos
FUN_016881,0,0.0,0,pos,0,0.0,0,pos
FUN_005357,0,0.0,0,pos,0,0.0,0,pos
FUN_016248,0,0.0,0,pos,0,0.0,0,pos
FUN_011074,0,0.0,0,pos,0,0.0,0,pos
FUN_006310,30,0.012626262626262626,0,pos,0,0.0,0,pos
FUN_006168,0,0.0,0,pos,0,0.0,0,pos
FUN_009449,0,0.0,0,pos,0,0.0,0,pos
FUN_015354,0,0.0,0,pos,0,0.0,0,pos
FUN_011257,60,0.043859649122807015,1,pos_s108_e162,30,0.021929824561403508,0,pos
FUN_009995,12,0.006944444444444444,0,pos,0,0.0,0,pos
FUN_004440,0,0.0,0,pos,0,0.0,0,pos
FUN_004915,0,0.0,0,pos,0,0.0,0,pos
FUN_015277,0,0.0,0,pos,0,0.0,0,pos
FUN_010960,0,0.0,0,pos,0,0.0,0,pos
FUN_007023,348,0.10642201834862386,5,pos_s90_e162_s1080_e1140_s1146_e1176_s1734_e1854_s2202_e2232,186,0.05688073394495413,2,pos_s90_e120_s1734_e1854
FUN_015870,0,0.0,0,pos,0,0.0,0,pos
FUN_008340,0,0.0,0,pos,0,0.0,0,pos
FUN_009623,0,0.0,0,pos,0,0.0,0,pos
FUN_002413,0,0.0,0,pos,0,0.0,0,pos
FUN_004148,168,0.059322033898305086,3,pos_s432_e480_s1350_e1410_s1440_e1494,18,0.006355932203389831,0,pos
FUN_001117,0,0.0,0,pos,0,0.0,0,pos
FUN_006728,132,0.11764705882352941,1,pos_s264_e378,60,0.053475935828877004,1,pos_s294_e336
FUN_001467,96,0.07582938388625593,1,pos_s996_e1092,48,0.037914691943127965,1,pos_s1038_e1086
FUN_000246,0,0.0,0,pos,0,0.0,0,pos
FUN_007322,48,0.01642710472279261,1,pos_s366_e396,12,0.004106776180698152,0,pos
FUN_005948,0,0.0,0,pos,0,0.0,0,pos
FUN_004869,42,0.015021459227467811,1,pos_s528_e570,24,0.008583690987124463,0,pos
FUN_000556,0,0.0,0,pos,0,0.0,0,pos
FUN_006646,0,0.0,0,pos,0,0.0,0,pos
FUN_010167,0,0.0,0,pos,0,0.0,0,pos
FUN_009537,0,0.0,0,pos,0,0.0,0,pos
FUN_016694,0,0.0,0,pos,0,0.0,0,pos
FUN_011762,0,0.0,0,pos,0,0.0,0,pos
FUN_010980,0,0.0,0,pos,0,0.0,0,pos
FUN_007542,360,0.11029411764705882,6,pos_s336_e384_s1140_e1176_s1182_e1242_s2634_e2718_s2748_e2784_s2832_e2910,66,0.02022058823529412,0,pos
FUN_006706,0,0.0,0,pos,0,0.0,0,pos
FUN_010308,0,0.0,0,pos,0,0.0,0,pos
FUN_010046,330,0.03361858190709047,4,pos_s2148_e2244_s4980_e5016_s8598_e8712_s8814_e8850,132,0.013447432762836185,1,pos_s8598_e8706
FUN_011398,150,0.08710801393728224,3,pos_s204_e264_s318_e354_s378_e420,30,0.017421602787456445,1,pos_s390_e420
FUN_007029,0,0.0,0,pos,0,0.0,0,pos
FUN_007442,132,0.10891089108910891,2,pos_s618_e660_s738_e828,24,0.019801980198019802,0,pos
FUN_001523,0,0.0,0,pos,0,0.0,0,pos
FUN_006081,0,0.0,0,pos,0,0.0,0,pos
FUN_010649,78,0.059907834101382486,1,pos_s846_e906,0,0.0,0,pos
FUN_015446,0,0.0,0,pos,0,0.0,0,pos
FUN_006768,0,0.0,0,pos,0,0.0,0,pos
FUN_012360,0,0.0,0,pos,0,0.0,0,pos
FUN_016443,0,0.0,0,pos,0,0.0,0,pos
FUN_010097,0,0.0,0,pos,0,0.0,0,pos
FUN_006327,0,0.0,0,pos,0,0.0,0,pos
FUN_000237,420,0.23026315789473684,5,pos_s204_e318_s1074_e1164_s1512_e1548_s1650_e1740_s1776_e1812,204,0.1118421052631579,3,pos_s228_e288_s1074_e1128_s1674_e1740
FUN_004963,42,0.03608247422680412,1,pos_s876_e906,0,0.0,0,pos
FUN_001099,0,0.0,0,pos,0,0.0,0,pos
FUN_012484,0,0.0,0,pos,0,0.0,0,pos
FUN_000287,24,0.005108556832694764,0,pos,6,0.001277139208173691,0,pos
FUN_009948,0,0.0,0,pos,0,0.0,0,pos
FUN_001866,12,0.017094017094017096,0,pos,0,0.0,0,pos
FUN_007216,18,0.013157894736842105,0,pos,0,0.0,0,pos
FUN_009003,42,0.025925925925925925,0,pos,18,0.011111111111111112,0,pos
FUN_004408,126,0.07835820895522388,2,pos_s966_e1014_s1152_e1218,18,0.011194029850746268,0,pos
FUN_011874,0,0.0,0,pos,0,0.0,0,pos
FUN_006241,0,0.0,0,pos,0,0.0,0,pos
FUN_000475,0,0.0,0,pos,0,0.0,0,pos
FUN_010801,78,0.018950437317784258,1,pos_s2040_e2100,12,0.0029154518950437317,0,pos
FUN_011804,0,0.0,0,pos,0,0.0,0,pos
FUN_009317,0,0.0,0,pos,0,0.0,0,pos
FUN_016672,0,0.0,0,pos,0,0.0,0,pos
FUN_003069,288,0.04498594189315839,2,pos_s1110_e1314_s4368_e4416,168,0.026241799437675725,2,pos_s1128_e1254_s1266_e1308
FUN_003184,0,0.0,0,pos,0,0.0,0,pos
FUN_004105,0,0.0,0,pos,0,0.0,0,pos
FUN_010325,108,0.11538461538461539,2,pos_s198_e234_s252_e318,36,0.038461538461538464,0,pos
FUN_010219,48,0.07079646017699115,1,pos_s120_e168,0,0.0,0,pos
FUN_008911,6,0.007936507936507936,0,pos,0,0.0,0,pos
FUN_009933,36,0.030612244897959183,0,pos,0,0.0,0,pos
FUN_009852,0,0.0,0,pos,0,0.0,0,pos
FUN_004200,0,0.0,0,pos,0,0.0,0,pos
FUN_001363,0,0.0,0,pos,0,0.0,0,pos
FUN_015458,0,0.0,0,pos,0,0.0,0,pos
FUN_006145,0,0.0,0,pos,0,0.0,0,pos
FUN_011076,198,0.07517084282460136,2,pos_s630_e660_s1128_e1242,36,0.01366742596810934,1,pos_s1206_e1242
FUN_001924,144,0.04293381037567084,2,pos_s1548_e1608_s2724_e2796,6,0.0017889087656529517,0,pos
FUN_005781,0,0.0,0,pos,0,0.0,0,pos
FUN_009177,0,0.0,0,pos,0,0.0,0,pos
FUN_001475,0,0.0,0,pos,0,0.0,0,pos
FUN_002696,0,0.0,0,pos,0,0.0,0,pos
FUN_001097,78,0.010734929810074319,1,pos_s6780_e6858,0,0.0,0,pos
FUN_015849,0,0.0,0,pos,0,0.0,0,pos
FUN_008837,6,0.0049504950495049506,0,pos,0,0.0,0,pos
FUN_000839,0,0.0,0,pos,0,0.0,0,pos
FUN_000566,0,0.0,0,pos,0,0.0,0,pos
FUN_010264,0,0.0,0,pos,0,0.0,0,pos
FUN_004956,0,0.0,0,pos,0,0.0,0,pos
FUN_015896,0,0.0,0,pos,0,0.0,0,pos
FUN_008999,0,0.0,0,pos,0,0.0,0,pos
FUN_011348,0,0.0,0,pos,0,0.0,0,pos
FUN_010139,18,0.021897810218978103,0,pos,0,0.0,0,pos
FUN_000212,0,0.0,0,pos,0,0.0,0,pos
FUN_002137,66,0.0728476821192053,1,pos_s276_e324,0,0.0,0,pos
FUN_010296,108,0.08866995073891626,1,pos_s378_e450,78,0.06403940886699508,1,pos_s384_e438
FUN_008547,0,0.0,0,pos,0,0.0,0,pos
FUN_001667,0,0.0,0,pos,0,0.0,0,pos
FUN_006231,228,0.030620467365028204,2,pos_s0_e48_s732_e840,114,0.015310233682514102,1,pos_s738_e840
FUN_015717,0,0.0,0,pos,0,0.0,0,pos
FUN_007867,0,0.0,0,pos,0,0.0,0,pos
FUN_002971,0,0.0,0,pos,0,0.0,0,pos
FUN_010034,0,0.0,0,pos,0,0.0,0,pos
FUN_015943,0,0.0,0,pos,0,0.0,0,pos
FUN_009587,84,0.04430379746835443,1,pos_s288_e360,66,0.03481012658227848,1,pos_s288_e348
FUN_011411,0,0.0,0,pos,0,0.0,0,pos
FUN_006719,0,0.0,0,pos,0,0.0,0,pos
FUN_004537,156,0.11206896551724138,1,pos_s678_e720,24,0.017241379310344827,0,pos
FUN_005951,0,0.0,0,pos,0,0.0,0,pos
FUN_009758,36,0.0335195530726257,1,pos_s462_e492,0,0.0,0,pos
FUN_016238,0,0.0,0,pos,0,0.0,0,pos
FUN_000296,144,0.007259528130671506,2,pos_s5532_e5574_s17178_e17232,84,0.004234724742891712,2,pos_s5544_e5574_s17178_e17232
FUN_016717,0,0.0,0,pos,0,0.0,0,pos
FUN_008604,24,0.009852216748768473,0,pos,0,0.0,0,pos
FUN_016338,0,0.0,0,pos,0,0.0,0,pos
FUN_003313,30,0.03333333333333333,1,pos_s510_e540,0,0.0,0,pos
FUN_000819,0,0.0,0,pos,0,0.0,0,pos
FUN_011106,396,0.0465444287729196,5,pos_s324_e366_s2226_e2370_s2682_e2724_s5382_e5430_s7410_e7440,60,0.007052186177715092,0,pos
FUN_006230,102,0.09090909090909091,1,pos_s558_e618,36,0.03208556149732621,1,pos_s558_e594
FUN_015823,0,0.0,0,pos,0,0.0,0,pos
FUN_006106,0,0.0,0,pos,0,0.0,0,pos
FUN_002682,0,0.0,0,pos,0,0.0,0,pos
FUN_007966,0,0.0,0,pos,0,0.0,0,pos
FUN_007024,0,0.0,0,pos,0,0.0,0,pos
FUN_011180,84,0.12962962962962962,1,pos_s564_e624,54,0.08333333333333333,1,pos_s564_e618
FUN_007769,0,0.0,0,pos,0,0.0,0,pos
FUN_004477,0,0.0,0,pos,0,0.0,0,pos
FUN_010122,0,0.0,0,pos,0,0.0,0,pos
FUN_016505,0,0.0,0,pos,0,0.0,0,pos
FUN_016299,0,0.0,0,pos,0,0.0,0,pos
FUN_015875,0,0.0,0,pos,0,0.0,0,pos
FUN_001594,12,0.008333333333333333,0,pos,0,0.0,0,pos
FUN_007393,0,0.0,0,pos,0,0.0,0,pos
FUN_010332,0,0.0,0,pos,0,0.0,0,pos
FUN_004616,0,0.0,0,pos,0,0.0,0,pos
FUN_009986,12,0.0038535645472061657,0,pos,0,0.0,0,pos
FUN_008333,0,0.0,0,pos,0,0.0,0,pos
FUN_009431,0,0.0,0,pos,0,0.0,0,pos
FUN_001296,0,0.0,0,pos,0,0.0,0,pos
FUN_001219,60,0.011723329425556858,1,pos_s282_e342,0,0.0,0,pos
FUN_001582,0,0.0,0,pos,0,0.0,0,pos
FUN_002299,156,0.06435643564356436,1,pos_s1926_e2040,72,0.0297029702970297,1,pos_s1986_e2040
FUN_001046,0,0.0,0,pos,0,0.0,0,pos
FUN_003096,0,0.0,0,pos,0,0.0,0,pos
FUN_008374,36,0.011904761904761904,1,pos_s546_e582,0,0.0,0,pos
FUN_002287,0,0.0,0,pos,0,0.0,0,pos
FUN_004106,0,0.0,0,pos,0,0.0,0,pos
FUN_002844,0,0.0,0,pos,0,0.0,0,pos
FUN_010257,0,0.0,0,pos,0,0.0,0,pos
FUN_012292,0,0.0,0,pos,0,0.0,0,pos
FUN_010288,0,0.0,0,pos,0,0.0,0,pos
FUN_005009,0,0.0,0,pos,0,0.0,0,pos
FUN_002579,36,0.022556390977443608,1,pos_s1320_e1350,0,0.0,0,pos
FUN_006413,42,0.03056768558951965,1,pos_s1278_e1320,0,0.0,0,pos
FUN_000766,0,0.0,0,pos,0,0.0,0,pos
FUN_012138,0,0.0,0,pos,0,0.0,0,pos
FUN_008469,0,0.0,0,pos,0,0.0,0,pos
FUN_002804,0,0.0,0,pos,0,0.0,0,pos
FUN_015893,0,0.0,0,pos,0,0.0,0,pos
FUN_016537,0,0.0,0,pos,0,0.0,0,pos
FUN_007041,0,0.0,0,pos,0,0.0,0,pos
FUN_000906,0,0.0,0,pos,0,0.0,0,pos
FUN_015795,0,0.0,0,pos,0,0.0,0,pos
FUN_016510,0,0.0,0,pos,0,0.0,0,pos
FUN_010815,30,0.023474178403755867,0,pos,0,0.0,0,pos
FUN_011505,0,0.0,0,pos,0,0.0,0,pos
FUN_010847,0,0.0,0,pos,0,0.0,0,pos
FUN_009250,0,0.0,0,pos,0,0.0,0,pos
FUN_015270,0,0.0,0,pos,0,0.0,0,pos
FUN_001257,0,0.0,0,pos,0,0.0,0,pos
FUN_015806,0,0.0,0,pos,0,0.0,0,pos
FUN_004767,0,0.0,0,pos,0,0.0,0,pos
FUN_012547,0,0.0,0,pos,0,0.0,0,pos
FUN_001575,24,0.009950248756218905,0,pos,0,0.0,0,pos
FUN_004263,6,0.004464285714285714,0,pos,0,0.0,0,pos
FUN_008163,42,0.013972055888223553,1,pos_s486_e516,0,0.0,0,pos
FUN_015721,0,0.0,0,pos,0,0.0,0,pos
FUN_015552,0,0.0,0,pos,0,0.0,0,pos
FUN_006717,246,0.04095904095904096,2,pos_s1026_e1056_s1080_e1200,48,0.007992007992007992,0,pos
FUN_011258,12,0.007462686567164179,0,pos,0,0.0,0,pos
FUN_005044,114,0.04194260485651214,2,pos_s510_e558_s564_e630,54,0.019867549668874173,1,pos_s576_e624
FUN_002470,0,0.0,0,pos,0,0.0,0,pos
FUN_006612,0,0.0,0,pos,0,0.0,0,pos
FUN_006649,0,0.0,0,pos,0,0.0,0,pos
FUN_007605,6,0.007194244604316547,0,pos,0,0.0,0,pos
FUN_001263,0,0.0,0,pos,0,0.0,0,pos
FUN_002972,0,0.0,0,pos,0,0.0,0,pos
FUN_010853,6,0.002932551319648094,0,pos,0,0.0,0,pos
FUN_001373,0,0.0,0,pos,0,0.0,0,pos
FUN_005297,0,0.0,0,pos,0,0.0,0,pos
FUN_015521,0,0.0,0,pos,0,0.0,0,pos
FUN_010412,60,0.0847457627118644,0,pos,24,0.03389830508474576,0,pos
FUN_009837,12,0.015151515151515152,0,pos,0,0.0,0,pos
FUN_009784,42,0.007829977628635347,1,pos_s246_e288,0,0.0,0,pos
FUN_016640,0,0.0,0,pos,0,0.0,0,pos
FUN_006917,48,0.04395604395604396,1,pos_s180_e210,12,0.01098901098901099,0,pos
FUN_011607,0,0.0,0,pos,0,0.0,0,pos
FUN_009411,6,0.004608294930875576,0,pos,0,0.0,0,pos
FUN_001449,0,0.0,0,pos,0,0.0,0,pos
FUN_009302,30,0.007215007215007215,1,pos_s3870_e3900,0,0.0,0,pos
FUN_003959,120,0.037037037037037035,2,pos_s174_e216_s2490_e2568,6,0.001851851851851852,0,pos
FUN_009727,0,0.0,0,pos,0,0.0,0,pos
FUN_010604,0,0.0,0,pos,0,0.0,0,pos
FUN_006588,12,0.015748031496062992,0,pos,0,0.0,0,pos
FUN_005624,0,0.0,0,pos,0,0.0,0,pos
FUN_004965,24,0.026490066225165563,0,pos,0,0.0,0,pos
FUN_005810,0,0.0,0,pos,0,0.0,0,pos
FUN_011113,0,0.0,0,pos,0,0.0,0,pos
FUN_015342,0,0.0,0,pos,0,0.0,0,pos
FUN_011539,0,0.0,0,pos,0,0.0,0,pos
FUN_007032,0,0.0,0,pos,0,0.0,0,pos
FUN_015724,0,0.0,0,pos,0,0.0,0,pos
FUN_007050,156,0.034574468085106384,2,pos_s90_e126_s132_e174,0,0.0,0,pos
FUN_001759,246,0.10301507537688442,4,pos_s138_e168_s1056_e1116_s2154_e2184_s2196_e2268,114,0.04773869346733668,2,pos_s2154_e2184_s2196_e2268
FUN_001050,0,0.0,0,pos,0,0.0,0,pos
FUN_005034,0,0.0,0,pos,0,0.0,0,pos
FUN_009770,0,0.0,0,pos,0,0.0,0,pos
FUN_006625,0,0.0,0,pos,0,0.0,0,pos
FUN_001382,138,0.011186770428015564,2,pos_s564_e624_s3108_e3144,0,0.0,0,pos
FUN_002209,180,0.05639097744360902,2,pos_s2568_e2670_s2760_e2826,72,0.022556390977443608,1,pos_s2574_e2610
FUN_001168,0,0.0,0,pos,0,0.0,0,pos
FUN_001118,0,0.0,0,pos,0,0.0,0,pos
FUN_001371,48,0.015625,0,pos,0,0.0,0,pos
FUN_012286,0,0.0,0,pos,0,0.0,0,pos
FUN_011304,0,0.0,0,pos,0,0.0,0,pos
FUN_004025,0,0.0,0,pos,0,0.0,0,pos
FUN_011772,0,0.0,0,pos,0,0.0,0,pos
FUN_009193,0,0.0,0,pos,0,0.0,0,pos
FUN_012218,0,0.0,0,pos,0,0.0,0,pos
FUN_005774,0,0.0,0,pos,0,0.0,0,pos
FUN_015665,0,0.0,0,pos,0,0.0,0,pos
FUN_015494,0,0.0,0,pos,0,0.0,0,pos
FUN_010505,138,0.026436781609195402,3,pos_s2946_e2982_s3612_e3642_s4686_e4716,12,0.0022988505747126436,0,pos
FUN_016872,0,0.0,0,pos,0,0.0,0,pos
FUN_010662,0,0.0,0,pos,0,0.0,0,pos
FUN_005252,0,0.0,0,pos,0,0.0,0,pos
FUN_016349,0,0.0,0,pos,0,0.0,0,pos
FUN_008985,42,0.02857142857142857,0,pos,0,0.0,0,pos
FUN_016362,0,0.0,0,pos,0,0.0,0,pos
FUN_016239,0,0.0,0,pos,0,0.0,0,pos
FUN_006246,54,0.031578947368421054,1,pos_s936_e990,6,0.0035087719298245615,0,pos
FUN_005509,0,0.0,0,pos,0,0.0,0,pos
FUN_005249,0,0.0,0,pos,0,0.0,0,pos
FUN_003263,0,0.0,0,pos,0,0.0,0,pos
FUN_006102,0,0.0,0,pos,0,0.0,0,pos
FUN_010988,0,0.0,0,pos,0,0.0,0,pos
FUN_000851,12,0.025974025974025976,0,pos,6,0.012987012987012988,0,pos
FUN_004877,0,0.0,0,pos,0,0.0,0,pos
FUN_000850,30,0.01818181818181818,0,pos,6,0.0036363636363636364,0,pos
FUN_011035,0,0.0,0,pos,0,0.0,0,pos
FUN_004161,0,0.0,0,pos,0,0.0,0,pos
FUN_010618,0,0.0,0,pos,0,0.0,0,pos
FUN_000335,18,0.0379746835443038,0,pos,0,0.0,0,pos
FUN_003647,0,0.0,0,pos,0,0.0,0,pos
FUN_006192,0,0.0,0,pos,0,0.0,0,pos
FUN_002577,90,0.07246376811594203,1,pos_s1134_e1224,0,0.0,0,pos
FUN_001012,0,0.0,0,pos,0,0.0,0,pos
FUN_010935,30,0.015384615384615385,1,pos_s918_e948,0,0.0,0,pos
FUN_011824,0,0.0,0,pos,0,0.0,0,pos
FUN_016511,0,0.0,0,pos,0,0.0,0,pos
FUN_012296,0,0.0,0,pos,0,0.0,0,pos
FUN_010362,0,0.0,0,pos,0,0.0,0,pos
FUN_006210,0,0.0,0,pos,0,0.0,0,pos
FUN_006472,0,0.0,0,pos,0,0.0,0,pos
FUN_007184,0,0.0,0,pos,0,0.0,0,pos
FUN_000645,0,0.0,0,pos,0,0.0,0,pos
FUN_007172,228,0.2289156626506024,2,pos_s162_e276_s708_e822,228,0.2289156626506024,2,pos_s162_e276_s708_e822
FUN_002180,24,0.01932367149758454,0,pos,0,0.0,0,pos
FUN_007494,24,0.021505376344086023,0,pos,0,0.0,0,pos
FUN_005114,72,0.0625,1,pos_s936_e972,18,0.015625,0,pos
FUN_010737,0,0.0,0,pos,0,0.0,0,pos
FUN_001762,36,0.019672131147540985,1,pos_s1734_e1770,0,0.0,0,pos
FUN_015517,0,0.0,0,pos,0,0.0,0,pos
FUN_009433,0,0.0,0,pos,0,0.0,0,pos
FUN_003571,0,0.0,0,pos,0,0.0,0,pos
FUN_002764,0,0.0,0,pos,0,0.0,0,pos
FUN_003602,0,0.0,0,pos,0,0.0,0,pos
FUN_011818,0,0.0,0,pos,0,0.0,0,pos
FUN_015472,0,0.0,0,pos,0,0.0,0,pos
FUN_004292,36,0.015503875968992248,0,pos,0,0.0,0,pos
FUN_001605,42,0.10606060606060606,1,pos_s0_e42,12,0.030303030303030304,0,pos
FUN_000983,0,0.0,0,pos,0,0.0,0,pos
FUN_001089,0,0.0,0,pos,0,0.0,0,pos
FUN_009488,0,0.0,0,pos,0,0.0,0,pos
FUN_012383,6,0.004629629629629629,0,pos,0,0.0,0,pos
FUN_001427,0,0.0,0,pos,0,0.0,0,pos
FUN_004505,0,0.0,0,pos,0,0.0,0,pos
FUN_004935,0,0.0,0,pos,0,0.0,0,pos
FUN_012499,0,0.0,0,pos,0,0.0,0,pos
FUN_016749,0,0.0,0,pos,0,0.0,0,pos
FUN_009559,36,0.01775147928994083,0,pos,0,0.0,0,pos
FUN_009546,84,0.04093567251461988,2,pos_s1242_e1284_s1314_e1356,18,0.008771929824561403,0,pos
FUN_008376,6,0.0038314176245210726,0,pos,0,0.0,0,pos
FUN_002811,0,0.0,0,pos,0,0.0,0,pos
FUN_008156,72,0.03468208092485549,1,pos_s696_e762,0,0.0,0,pos
FUN_015671,0,0.0,0,pos,0,0.0,0,pos
FUN_006519,0,0.0,0,pos,0,0.0,0,pos
FUN_005667,0,0.0,0,pos,0,0.0,0,pos
FUN_008913,18,0.012048192771084338,0,pos,0,0.0,0,pos
FUN_007258,0,0.0,0,pos,0,0.0,0,pos
FUN_000233,36,0.014018691588785047,0,pos,0,0.0,0,pos
FUN_008275,6,0.018867924528301886,0,pos,0,0.0,0,pos
FUN_003853,0,0.0,0,pos,0,0.0,0,pos
FUN_000683,0,0.0,0,pos,0,0.0,0,pos
FUN_001822,0,0.0,0,pos,0,0.0,0,pos
FUN_010409,0,0.0,0,pos,0,0.0,0,pos
FUN_011956,0,0.0,0,pos,0,0.0,0,pos
FUN_000524,0,0.0,0,pos,0,0.0,0,pos
FUN_001748,0,0.0,0,pos,0,0.0,0,pos
FUN_011464,0,0.0,0,pos,0,0.0,0,pos
FUN_006464,102,0.019122609673790775,2,pos_s312_e366_s2388_e2430,24,0.0044994375703037125,0,pos
FUN_008173,0,0.0,0,pos,0,0.0,0,pos
FUN_010047,6,0.0036231884057971015,0,pos,0,0.0,0,pos
FUN_002786,0,0.0,0,pos,0,0.0,0,pos
FUN_000796,0,0.0,0,pos,0,0.0,0,pos
FUN_007408,0,0.0,0,pos,0,0.0,0,pos
FUN_000573,0,0.0,0,pos,0,0.0,0,pos
FUN_005782,0,0.0,0,pos,0,0.0,0,pos
FUN_004476,6,0.001451378809869376,0,pos,0,0.0,0,pos
FUN_010345,78,0.05508474576271186,0,pos,0,0.0,0,pos
FUN_008187,0,0.0,0,pos,0,0.0,0,pos
FUN_015435,0,0.0,0,pos,0,0.0,0,pos
FUN_005934,0,0.0,0,pos,0,0.0,0,pos
FUN_002630,0,0.0,0,pos,0,0.0,0,pos
FUN_016073,0,0.0,0,pos,0,0.0,0,pos
FUN_012552,60,0.08547008547008547,1,pos_s498_e528,0,0.0,0,pos
FUN_008396,132,0.08396946564885496,2,pos_s1056_e1134_s1224_e1272,6,0.003816793893129771,0,pos
FUN_003430,60,0.021929824561403508,1,pos_s1566_e1614,0,0.0,0,pos
FUN_015868,0,0.0,0,pos,0,0.0,0,pos
FUN_016548,0,0.0,0,pos,0,0.0,0,pos
FUN_002418,174,0.3493975903614458,2,pos_s168_e222_s252_e324,30,0.060240963855421686,0,pos
FUN_009364,0,0.0,0,pos,0,0.0,0,pos
FUN_004644,0,0.0,0,pos,0,0.0,0,pos
FUN_012125,0,0.0,0,pos,0,0.0,0,pos
FUN_012136,0,0.0,0,pos,0,0.0,0,pos
FUN_002932,30,0.0684931506849315,1,pos_s0_e30,12,0.0273972602739726,0,pos
FUN_002875,0,0.0,0,pos,0,0.0,0,pos
FUN_003897,0,0.0,0,pos,0,0.0,0,pos
FUN_011424,0,0.0,0,pos,0,0.0,0,pos
FUN_006234,0,0.0,0,pos,0,0.0,0,pos
FUN_004365,84,0.06666666666666667,2,pos_s54_e96_s1146_e1188,42,0.03333333333333333,1,pos_s1146_e1188
FUN_016774,0,0.0,0,pos,0,0.0,0,pos
FUN_007744,0,0.0,0,pos,0,0.0,0,pos
FUN_010715,18,0.01775147928994083,0,pos,0,0.0,0,pos
FUN_004520,0,0.0,0,pos,0,0.0,0,pos
FUN_005339,42,0.028,1,pos_s336_e378,0,0.0,0,pos
FUN_005864,0,0.0,0,pos,0,0.0,0,pos
FUN_000386,0,0.0,0,pos,0,0.0,0,pos
FUN_015580,0,0.0,0,pos,0,0.0,0,pos
FUN_011578,0,0.0,0,pos,0,0.0,0,pos
FUN_006449,0,0.0,0,pos,0,0.0,0,pos
FUN_006675,0,0.0,0,pos,0,0.0,0,pos
FUN_010460,0,0.0,0,pos,0,0.0,0,pos
FUN_012239,0,0.0,0,pos,0,0.0,0,pos
FUN_008493,366,0.11937377690802348,4,pos_s432_e492_s768_e870_s1296_e1404_s2850_e2946,30,0.009784735812133072,0,pos
FUN_003562,0,0.0,0,pos,0,0.0,0,pos
FUN_016396,0,0.0,0,pos,0,0.0,0,pos
FUN_011751,0,0.0,0,pos,0,0.0,0,pos
FUN_011181,24,0.06779661016949153,0,pos,0,0.0,0,pos
FUN_001674,0,0.0,0,pos,0,0.0,0,pos
FUN_002975,0,0.0,0,pos,0,0.0,0,pos
FUN_016540,144,0.10434782608695652,1,pos_s924_e1068,126,0.09130434782608696,2,pos_s924_e1020_s1038_e1068
FUN_016851,0,0.0,0,pos,0,0.0,0,pos
FUN_016499,0,0.0,0,pos,0,0.0,0,pos
FUN_004469,0,0.0,0,pos,0,0.0,0,pos
FUN_003459,18,0.016216216216216217,0,pos,0,0.0,0,pos
FUN_008180,0,0.0,0,pos,0,0.0,0,pos
FUN_015731,0,0.0,0,pos,0,0.0,0,pos
FUN_016697,0,0.0,0,pos,0,0.0,0,pos
FUN_006808,0,0.0,0,pos,0,0.0,0,pos
FUN_006614,0,0.0,0,pos,0,0.0,0,pos
FUN_010398,444,0.5068493150684932,3,pos_s138_e210_s222_e396_s444_e552,252,0.2876712328767123,4,pos_s222_e264_s276_e330_s336_e390_s516_e552
FUN_007662,0,0.0,0,pos,0,0.0,0,pos
FUN_002891,0,0.0,0,pos,0,0.0,0,pos
FUN_016615,0,0.0,0,pos,0,0.0,0,pos
FUN_008432,0,0.0,0,pos,0,0.0,0,pos
FUN_009128,0,0.0,0,pos,0,0.0,0,pos
FUN_009222,6,0.007042253521126761,0,pos,0,0.0,0,pos
FUN_011418,42,0.027888446215139442,1,pos_s138_e180,0,0.0,0,pos
FUN_006562,0,0.0,0,pos,0,0.0,0,pos
FUN_009018,48,0.016597510373443983,1,pos_s924_e972,0,0.0,0,pos
FUN_006320,42,0.008985879332477536,1,pos_s4362_e4404,0,0.0,0,pos
FUN_009523,0,0.0,0,pos,0,0.0,0,pos
FUN_011794,24,0.014084507042253521,0,pos,0,0.0,0,pos
FUN_005975,72,0.3,1,pos_s156_e222,0,0.0,0,pos
FUN_009775,18,0.005940594059405941,0,pos,0,0.0,0,pos
FUN_004369,0,0.0,0,pos,0,0.0,0,pos
FUN_016094,0,0.0,0,pos,0,0.0,0,pos
FUN_008504,0,0.0,0,pos,0,0.0,0,pos
FUN_015515,0,0.0,0,pos,0,0.0,0,pos
FUN_002845,108,0.03711340206185567,2,pos_s1164_e1206_s1374_e1440,12,0.004123711340206186,0,pos
FUN_001744,0,0.0,0,pos,0,0.0,0,pos
FUN_003425,138,0.02117863720073665,2,pos_s5172_e5226_s5958_e6024,0,0.0,0,pos
FUN_005360,36,0.010380622837370242,0,pos,24,0.006920415224913495,0,pos
FUN_010166,6,0.004878048780487805,0,pos,6,0.004878048780487805,0,pos
FUN_001189,0,0.0,0,pos,0,0.0,0,pos
FUN_011094,18,0.00911854103343465,0,pos,0,0.0,0,pos
FUN_016006,0,0.0,0,pos,0,0.0,0,pos
FUN_007452,0,0.0,0,pos,0,0.0,0,pos
FUN_001188,0,0.0,0,pos,0,0.0,0,pos
FUN_007045,0,0.0,0,pos,0,0.0,0,pos
FUN_002566,12,0.013071895424836602,0,pos,0,0.0,0,pos
FUN_009794,12,0.004319654427645789,0,pos,12,0.004319654427645789,0,pos
FUN_008511,0,0.0,0,pos,0,0.0,0,pos
FUN_003841,102,0.09239130434782608,1,pos_s1002_e1068,0,0.0,0,pos
FUN_009490,0,0.0,0,pos,0,0.0,0,pos
FUN_010348,0,0.0,0,pos,0,0.0,0,pos
FUN_000270,24,0.08163265306122448,0,pos,24,0.08163265306122448,0,pos
FUN_010920,0,0.0,0,pos,0,0.0,0,pos
FUN_006581,0,0.0,0,pos,0,0.0,0,pos
FUN_003751,0,0.0,0,pos,0,0.0,0,pos
FUN_015352,0,0.0,0,pos,0,0.0,0,pos
FUN_011461,306,0.13178294573643412,4,pos_s258_e300_s882_e990_s1152_e1194_s1206_e1272,84,0.03617571059431524,1,pos_s1212_e1242
FUN_009218,0,0.0,0,pos,0,0.0,0,pos
FUN_005318,0,0.0,0,pos,0,0.0,0,pos
FUN_010622,0,0.0,0,pos,0,0.0,0,pos
FUN_011012,42,0.038461538461538464,1,pos_s102_e144,0,0.0,0,pos
FUN_003439,174,0.04215116279069767,2,pos_s1404_e1512_s2502_e2550,0,0.0,0,pos
FUN_000484,24,0.024691358024691357,0,pos,0,0.0,0,pos
FUN_009185,0,0.0,0,pos,0,0.0,0,pos
FUN_012257,0,0.0,0,pos,0,0.0,0,pos
FUN_007076,0,0.0,0,pos,0,0.0,0,pos
FUN_001716,0,0.0,0,pos,0,0.0,0,pos
FUN_005046,0,0.0,0,pos,0,0.0,0,pos
FUN_003044,18,0.015,0,pos,0,0.0,0,pos
FUN_005602,0,0.0,0,pos,0,0.0,0,pos
FUN_003918,0,0.0,0,pos,0,0.0,0,pos
FUN_010027,0,0.0,0,pos,0,0.0,0,pos
FUN_005846,228,0.0892018779342723,2,pos_s906_e978_s1824_e1920,36,0.014084507042253521,0,pos
FUN_008523,0,0.0,0,pos,0,0.0,0,pos
FUN_009278,138,0.13218390804597702,2,pos_s30_e60_s162_e264,42,0.040229885057471264,1,pos_s210_e252
FUN_000980,6,0.002336448598130841,0,pos,0,0.0,0,pos
FUN_000087,18,0.03488372093023256,0,pos,0,0.0,0,pos
FUN_007939,0,0.0,0,pos,0,0.0,0,pos
FUN_016467,0,0.0,0,pos,0,0.0,0,pos
FUN_010476,0,0.0,0,pos,0,0.0,0,pos
FUN_015305,0,0.0,0,pos,0,0.0,0,pos
FUN_009595,0,0.0,0,pos,0,0.0,0,pos
FUN_009054,72,0.015523932729624839,1,pos_s4422_e4470,42,0.009055627425614488,1,pos_s4434_e4464
FUN_005204,12,0.011764705882352941,0,pos,0,0.0,0,pos
FUN_007557,42,0.009198423127463863,0,pos,0,0.0,0,pos
FUN_009544,0,0.0,0,pos,0,0.0,0,pos
FUN_006550,0,0.0,0,pos,0,0.0,0,pos
FUN_012163,0,0.0,0,pos,0,0.0,0,pos
FUN_002926,0,0.0,0,pos,0,0.0,0,pos
FUN_009265,6,0.0021413276231263384,0,pos,0,0.0,0,pos
FUN_011617,0,0.0,0,pos,0,0.0,0,pos
FUN_003705,66,0.02997275204359673,2,pos_s690_e720_s768_e804,0,0.0,0,pos
FUN_006107,216,0.1791044776119403,2,pos_s444_e534_s738_e780,60,0.04975124378109453,1,pos_s480_e522
FUN_004576,0,0.0,0,pos,0,0.0,0,pos
FUN_008763,300,0.14792899408284024,2,pos_s246_e474_s1692_e1746,54,0.026627218934911243,1,pos_s354_e384
FUN_011529,0,0.0,0,pos,0,0.0,0,pos
FUN_000235,150,0.01950078003120125,2,pos_s3798_e3852_s6606_e6636,24,0.0031201248049922,0,pos
FUN_005109,0,0.0,0,pos,0,0.0,0,pos
FUN_010868,78,0.03299492385786802,1,pos_s2154_e2208,30,0.012690355329949238,0,pos
FUN_011208,0,0.0,0,pos,0,0.0,0,pos
FUN_008568,84,0.058091286307053944,2,pos_s468_e498_s1092_e1128,0,0.0,0,pos
FUN_009050,36,0.012578616352201259,0,pos,0,0.0,0,pos
FUN_008537,0,0.0,0,pos,0,0.0,0,pos
FUN_005627,54,0.026627218934911243,1,pos_s1968_e2022,0,0.0,0,pos
FUN_009469,0,0.0,0,pos,0,0.0,0,pos
FUN_000292,12,0.008438818565400843,0,pos,0,0.0,0,pos
FUN_007189,0,0.0,0,pos,0,0.0,0,pos
FUN_000885,0,0.0,0,pos,0,0.0,0,pos
FUN_006144,618,0.3886792452830189,3,pos_s18_e144_s210_e552_s1416_e1506,462,0.29056603773584905,5,pos_s30_e144_s222_e270_s312_e354_s366_e534_s1452_e1500
FUN_002330,0,0.0,0,pos,0,0.0,0,pos
FUN_007065,0,0.0,0,pos,0,0.0,0,pos
FUN_007286,0,0.0,0,pos,0,0.0,0,pos
FUN_002421,0,0.0,0,pos,0,0.0,0,pos
FUN_006159,0,0.0,0,pos,0,0.0,0,pos
FUN_015766,0,0.0,0,pos,0,0.0,0,pos
FUN_012367,0,0.0,0,pos,0,0.0,0,pos
FUN_005603,0,0.0,0,pos,0,0.0,0,pos
FUN_006500,0,0.0,0,pos,0,0.0,0,pos
FUN_009769,12,0.006802721088435374,0,pos,0,0.0,0,pos
FUN_002995,0,0.0,0,pos,0,0.0,0,pos
FUN_006067,120,0.03616636528028933,1,pos_s2886_e2988,0,0.0,0,pos
FUN_000917,0,0.0,0,pos,0,0.0,0,pos
FUN_002647,6,0.005649717514124294,0,pos,0,0.0,0,pos
FUN_001537,42,0.011532125205930808,1,pos_s1080_e1110,0,0.0,0,pos
FUN_007536,0,0.0,0,pos,0,0.0,0,pos
FUN_015466,0,0.0,0,pos,0,0.0,0,pos
FUN_002307,0,0.0,0,pos,0,0.0,0,pos
FUN_010106,0,0.0,0,pos,0,0.0,0,pos
FUN_008681,0,0.0,0,pos,0,0.0,0,pos
FUN_015709,0,0.0,0,pos,0,0.0,0,pos
FUN_016463,0,0.0,0,pos,0,0.0,0,pos
FUN_003292,96,0.053691275167785234,1,pos_s1650_e1698,42,0.02348993288590604,1,pos_s1650_e1686
FUN_011197,0,0.0,0,pos,0,0.0,0,pos
FUN_005209,132,0.04435483870967742,2,pos_s570_e606_s630_e690,6,0.0020161290322580645,0,pos
FUN_007899,0,0.0,0,pos,0,0.0,0,pos
FUN_007548,84,0.043343653250773995,2,pos_s1152_e1200_s1752_e1782,0,0.0,0,pos
FUN_005501,0,0.0,0,pos,0,0.0,0,pos
FUN_002414,0,0.0,0,pos,0,0.0,0,pos
FUN_008006,294,0.1821561338289963,3,pos_s144_e192_s714_e810_s1500_e1566,138,0.08550185873605948,1,pos_s714_e810
FUN_000427,0,0.0,0,pos,0,0.0,0,pos
FUN_006376,132,0.07801418439716312,2,pos_s222_e270_s1386_e1446,0,0.0,0,pos
FUN_006937,0,0.0,0,pos,0,0.0,0,pos
FUN_010852,90,0.08620689655172414,1,pos_s708_e798,0,0.0,0,pos
FUN_000049,126,0.08108108108108109,1,pos_s0_e78,42,0.02702702702702703,1,pos_s6_e36
FUN_003345,0,0.0,0,pos,0,0.0,0,pos
FUN_016042,0,0.0,0,pos,0,0.0,0,pos
FUN_000708,0,0.0,0,pos,0,0.0,0,pos
FUN_010129,0,0.0,0,pos,0,0.0,0,pos
FUN_005704,0,0.0,0,pos,0,0.0,0,pos
FUN_003967,0,0.0,0,pos,0,0.0,0,pos
FUN_003211,0,0.0,0,pos,0,0.0,0,pos
FUN_001025,0,0.0,0,pos,0,0.0,0,pos
FUN_009765,0,0.0,0,pos,0,0.0,0,pos
FUN_016316,0,0.0,0,pos,0,0.0,0,pos
FUN_009720,120,0.08928571428571429,1,pos_s444_e564,66,0.049107142857142856,1,pos_s492_e558
FUN_011865,0,0.0,0,pos,0,0.0,0,pos
FUN_003537,0,0.0,0,pos,0,0.0,0,pos
FUN_006420,0,0.0,0,pos,0,0.0,0,pos
FUN_011442,78,0.14772727272727273,0,pos,60,0.11363636363636363,1,pos_s462_e522
FUN_005327,0,0.0,0,pos,0,0.0,0,pos
FUN_005770,0,0.0,0,pos,0,0.0,0,pos
FUN_000967,78,0.10569105691056911,1,pos_s396_e474,0,0.0,0,pos
FUN_003549,54,0.038135593220338986,1,pos_s342_e390,0,0.0,0,pos
FUN_009756,0,0.0,0,pos,0,0.0,0,pos
FUN_009754,6,0.014285714285714285,0,pos,0,0.0,0,pos
FUN_005123,0,0.0,0,pos,0,0.0,0,pos
FUN_015914,0,0.0,0,pos,0,0.0,0,pos
FUN_006817,72,0.024291497975708502,1,pos_s2844_e2910,30,0.010121457489878543,1,pos_s2862_e2892
FUN_003102,0,0.0,0,pos,0,0.0,0,pos
FUN_002869,0,0.0,0,pos,0,0.0,0,pos
FUN_009463,18,0.013215859030837005,0,pos,0,0.0,0,pos
FUN_015835,0,0.0,0,pos,0,0.0,0,pos
FUN_008093,6,0.0035842293906810036,0,pos,0,0.0,0,pos
FUN_006634,0,0.0,0,pos,0,0.0,0,pos
FUN_007176,0,0.0,0,pos,0,0.0,0,pos
FUN_012345,0,0.0,0,pos,0,0.0,0,pos
FUN_009412,0,0.0,0,pos,0,0.0,0,pos
FUN_000275,42,0.014373716632443531,0,pos,0,0.0,0,pos
FUN_001141,114,0.007983193277310924,1,pos_s13500_e13530,0,0.0,0,pos
FUN_016003,0,0.0,0,pos,0,0.0,0,pos
FUN_004496,0,0.0,0,pos,0,0.0,0,pos
FUN_016277,0,0.0,0,pos,0,0.0,0,pos
FUN_001105,0,0.0,0,pos,0,0.0,0,pos
FUN_007154,6,0.0078125,0,pos,0,0.0,0,pos
FUN_002805,0,0.0,0,pos,0,0.0,0,pos
FUN_005490,0,0.0,0,pos,0,0.0,0,pos
FUN_016432,0,0.0,0,pos,0,0.0,0,pos
FUN_005504,0,0.0,0,pos,0,0.0,0,pos
FUN_016536,12,0.0025477707006369425,0,pos,0,0.0,0,pos
FUN_001494,0,0.0,0,pos,0,0.0,0,pos
FUN_015989,0,0.0,0,pos,0,0.0,0,pos
FUN_007270,66,0.0738255033557047,1,pos_s684_e750,6,0.006711409395973154,0,pos
FUN_008603,90,0.07211538461538461,1,pos_s864_e894,0,0.0,0,pos
FUN_011822,6,0.0018181818181818182,0,pos,0,0.0,0,pos
FUN_003787,0,0.0,0,pos,0,0.0,0,pos
FUN_007935,0,0.0,0,pos,0,0.0,0,pos
FUN_007779,132,0.011410788381742738,1,pos_s3012_e3126,48,0.004149377593360996,1,pos_s3084_e3114
FUN_008638,612,0.21161825726141079,3,pos_s840_e1038_s1170_e1218_s2604_e2844,252,0.08713692946058091,2,pos_s858_e954_s2694_e2826
FUN_000716,258,0.08958333333333333,5,pos_s0_e48_s2244_e2328_s2508_e2544_s2616_e2652_s2658_e2688,60,0.020833333333333332,0,pos
FUN_001480,0,0.0,0,pos,0,0.0,0,pos
FUN_007482,0,0.0,0,pos,0,0.0,0,pos
FUN_001408,0,0.0,0,pos,0,0.0,0,pos
FUN_015265,0,0.0,0,pos,0,0.0,0,pos
FUN_003516,0,0.0,0,pos,0,0.0,0,pos
FUN_003461,312,0.06851119894598155,3,pos_s3588_e3618_s3738_e3846_s4260_e4290,48,0.010540184453227932,1,pos_s3810_e3846
FUN_006076,0,0.0,0,pos,0,0.0,0,pos
FUN_006284,0,0.0,0,pos,0,0.0,0,pos
FUN_009658,0,0.0,0,pos,0,0.0,0,pos
FUN_012253,0,0.0,0,pos,0,0.0,0,pos
FUN_010875,0,0.0,0,pos,0,0.0,0,pos
FUN_007815,0,0.0,0,pos,0,0.0,0,pos
FUN_002265,0,0.0,0,pos,0,0.0,0,pos
FUN_007008,42,0.030837004405286344,1,pos_s1242_e1272,0,0.0,0,pos
FUN_005595,0,0.0,0,pos,0,0.0,0,pos
FUN_005240,0,0.0,0,pos,0,0.0,0,pos
FUN_006071,0,0.0,0,pos,0,0.0,0,pos
FUN_007187,0,0.0,0,pos,0,0.0,0,pos
FUN_005130,0,0.0,0,pos,0,0.0,0,pos
FUN_006032,0,0.0,0,pos,0,0.0,0,pos
FUN_016738,0,0.0,0,pos,0,0.0,0,pos
FUN_010196,0,0.0,0,pos,0,0.0,0,pos
FUN_002027,6,0.005,0,pos,0,0.0,0,pos
FUN_012244,0,0.0,0,pos,0,0.0,0,pos
FUN_010026,0,0.0,0,pos,0,0.0,0,pos
FUN_007879,0,0.0,0,pos,0,0.0,0,pos
FUN_004203,0,0.0,0,pos,0,0.0,0,pos
FUN_001884,0,0.0,0,pos,0,0.0,0,pos
FUN_010048,84,0.02040816326530612,0,pos,0,0.0,0,pos
FUN_008545,0,0.0,0,pos,0,0.0,0,pos
FUN_009977,72,0.024390243902439025,1,pos_s2280_e2322,18,0.006097560975609756,0,pos
FUN_015966,0,0.0,0,pos,0,0.0,0,pos
FUN_007672,0,0.0,0,pos,0,0.0,0,pos
FUN_005620,108,0.2647058823529412,1,pos_s12_e66,18,0.04411764705882353,0,pos
FUN_007025,0,0.0,0,pos,0,0.0,0,pos
FUN_008818,78,0.1368421052631579,1,pos_s450_e528,0,0.0,0,pos
FUN_001312,0,0.0,0,pos,0,0.0,0,pos
FUN_008700,0,0.0,0,pos,0,0.0,0,pos
FUN_008292,0,0.0,0,pos,0,0.0,0,pos
FUN_004988,60,0.056818181818181816,1,pos_s978_e1038,0,0.0,0,pos
FUN_011104,156,0.06356968215158924,2,pos_s1506_e1572_s2178_e2268,108,0.044009779951100246,1,pos_s2178_e2262
FUN_010315,138,0.02911392405063291,1,pos_s612_e648,30,0.006329113924050633,0,pos
FUN_008298,0,0.0,0,pos,0,0.0,0,pos
FUN_005642,0,0.0,0,pos,0,0.0,0,pos
FUN_005355,0,0.0,0,pos,0,0.0,0,pos
FUN_007037,408,0.2905982905982906,5,pos_s258_e354_s642_e708_s732_e822_s1098_e1158_s1176_e1206,66,0.04700854700854701,0,pos
FUN_011341,12,0.034482758620689655,0,pos,0,0.0,0,pos
FUN_002438,0,0.0,0,pos,0,0.0,0,pos
FUN_016552,0,0.0,0,pos,0,0.0,0,pos
FUN_016057,0,0.0,0,pos,0,0.0,0,pos
FUN_006595,36,0.009404388714733543,1,pos_s1422_e1458,6,0.001567398119122257,0,pos
FUN_007874,108,0.08571428571428572,1,pos_s936_e1038,90,0.07142857142857142,1,pos_s936_e1026
FUN_008257,0,0.0,0,pos,0,0.0,0,pos
FUN_000778,0,0.0,0,pos,0,0.0,0,pos
FUN_011508,0,0.0,0,pos,0,0.0,0,pos
FUN_000943,0,0.0,0,pos,0,0.0,0,pos
FUN_004277,0,0.0,0,pos,0,0.0,0,pos
FUN_009348,384,0.24615384615384617,5,pos_s0_e36_s1068_e1104_s1110_e1164_s1254_e1374_s1380_e1494,132,0.08461538461538462,2,pos_s0_e36_s1410_e1446
FUN_002433,42,0.020958083832335328,1,pos_s1872_e1902,0,0.0,0,pos
FUN_002746,96,0.034334763948497854,1,pos_s2694_e2772,42,0.015021459227467811,1,pos_s2712_e2742
FUN_016785,0,0.0,0,pos,0,0.0,0,pos
FUN_005542,6,0.005681818181818182,0,pos,0,0.0,0,pos
FUN_015310,0,0.0,0,pos,0,0.0,0,pos
FUN_007320,144,0.06976744186046512,1,pos_s618_e654,48,0.023255813953488372,1,pos_s618_e648
FUN_007803,0,0.0,0,pos,0,0.0,0,pos
FUN_010389,0,0.0,0,pos,0,0.0,0,pos
FUN_002928,0,0.0,0,pos,0,0.0,0,pos
FUN_010028,0,0.0,0,pos,0,0.0,0,pos
FUN_011567,24,0.16,0,pos,0,0.0,0,pos
FUN_003219,0,0.0,0,pos,0,0.0,0,pos
FUN_016285,0,0.0,0,pos,0,0.0,0,pos
FUN_000443,0,0.0,0,pos,0,0.0,0,pos
FUN_016135,0,0.0,0,pos,0,0.0,0,pos
FUN_011983,0,0.0,0,pos,0,0.0,0,pos
FUN_002183,0,0.0,0,pos,0,0.0,0,pos
FUN_011169,30,0.078125,0,pos,0,0.0,0,pos
FUN_008154,18,0.023622047244094488,0,pos,0,0.0,0,pos
FUN_010914,342,0.4222222222222222,3,pos_s24_e138_s198_e264_s372_e468,168,0.2074074074074074,2,pos_s30_e90_s378_e468
FUN_000444,18,0.11538461538461539,0,pos,0,0.0,0,pos
FUN_003595,72,0.06741573033707865,2,pos_s564_e600_s906_e942,0,0.0,0,pos
FUN_015699,0,0.0,0,pos,0,0.0,0,pos
FUN_015827,0,0.0,0,pos,0,0.0,0,pos
FUN_011786,24,0.012012012012012012,0,pos,0,0.0,0,pos
FUN_005479,60,0.06289308176100629,1,pos_s0_e60,12,0.012578616352201259,0,pos
FUN_003197,0,0.0,0,pos,0,0.0,0,pos
FUN_010411,0,0.0,0,pos,0,0.0,0,pos
FUN_001282,12,0.0037735849056603774,0,pos,0,0.0,0,pos
FUN_003871,0,0.0,0,pos,0,0.0,0,pos
FUN_000658,0,0.0,0,pos,0,0.0,0,pos
FUN_015715,0,0.0,0,pos,0,0.0,0,pos
FUN_007783,96,0.09696969696969697,1,pos_s408_e486,0,0.0,0,pos
FUN_008293,0,0.0,0,pos,0,0.0,0,pos
FUN_000640,0,0.0,0,pos,0,0.0,0,pos
FUN_009338,0,0.0,0,pos,0,0.0,0,pos
FUN_015640,0,0.0,0,pos,0,0.0,0,pos
FUN_007851,90,0.5172413793103449,1,pos_s72_e156,0,0.0,0,pos
FUN_006671,48,0.01909307875894988,1,pos_s2400_e2436,0,0.0,0,pos
FUN_007230,42,0.03349282296650718,1,pos_s732_e774,0,0.0,0,pos
FUN_010930,36,0.02564102564102564,1,pos_s0_e36,0,0.0,0,pos
FUN_005068,72,0.0392156862745098,1,pos_s1416_e1476,0,0.0,0,pos
FUN_015737,0,0.0,0,pos,0,0.0,0,pos
FUN_011446,72,0.10344827586206896,1,pos_s354_e426,72,0.10344827586206896,1,pos_s354_e426
FUN_002488,0,0.0,0,pos,0,0.0,0,pos
FUN_015969,0,0.0,0,pos,0,0.0,0,pos
FUN_006811,0,0.0,0,pos,0,0.0,0,pos
FUN_004426,0,0.0,0,pos,0,0.0,0,pos
FUN_016102,0,0.0,0,pos,0,0.0,0,pos
FUN_001991,6,0.009900990099009901,0,pos,0,0.0,0,pos
FUN_006576,0,0.0,0,pos,0,0.0,0,pos
FUN_016512,0,0.0,0,pos,0,0.0,0,pos
FUN_009691,0,0.0,0,pos,0,0.0,0,pos
FUN_007961,222,0.06197654941373534,3,pos_s1956_e2034_s2166_e2226_s2976_e3036,30,0.008375209380234505,0,pos
FUN_007397,84,0.06086956521739131,1,pos_s0_e84,6,0.004347826086956522,0,pos
FUN_003747,0,0.0,0,pos,0,0.0,0,pos
FUN_005372,0,0.0,0,pos,0,0.0,0,pos
FUN_010790,0,0.0,0,pos,0,0.0,0,pos
FUN_002649,0,0.0,0,pos,0,0.0,0,pos
FUN_011726,0,0.0,0,pos,0,0.0,0,pos
FUN_004724,186,0.03455964325529543,3,pos_s2808_e2850_s2946_e3006_s3162_e3216,90,0.016722408026755852,1,pos_s2946_e2988
FUN_016062,0,0.0,0,pos,0,0.0,0,pos
FUN_011270,0,0.0,0,pos,0,0.0,0,pos
FUN_016818,0,0.0,0,pos,0,0.0,0,pos
FUN_002769,0,0.0,0,pos,0,0.0,0,pos
FUN_000931,0,0.0,0,pos,0,0.0,0,pos
FUN_002849,0,0.0,0,pos,0,0.0,0,pos
FUN_000742,12,0.009950248756218905,0,pos,0,0.0,0,pos
FUN_010783,108,0.17647058823529413,1,pos_s396_e504,72,0.11764705882352941,1,pos_s438_e492
FUN_003791,0,0.0,0,pos,0,0.0,0,pos
FUN_000582,0,0.0,0,pos,0,0.0,0,pos
FUN_003105,0,0.0,0,pos,0,0.0,0,pos
FUN_007680,18,0.011673151750972763,0,pos,0,0.0,0,pos
FUN_016357,0,0.0,0,pos,0,0.0,0,pos
FUN_009498,0,0.0,0,pos,0,0.0,0,pos
FUN_012501,0,0.0,0,pos,0,0.0,0,pos
FUN_003739,0,0.0,0,pos,0,0.0,0,pos
FUN_015570,0,0.0,0,pos,0,0.0,0,pos
FUN_015456,0,0.0,0,pos,0,0.0,0,pos
FUN_009457,0,0.0,0,pos,0,0.0,0,pos
FUN_011633,0,0.0,0,pos,0,0.0,0,pos
FUN_008143,108,0.011904761904761904,2,pos_s5958_e6000_s6006_e6042,0,0.0,0,pos
FUN_003239,0,0.0,0,pos,0,0.0,0,pos
FUN_009581,60,0.00946969696969697,0,pos,6,0.000946969696969697,0,pos
FUN_005059,0,0.0,0,pos,0,0.0,0,pos
FUN_001069,0,0.0,0,pos,0,0.0,0,pos
FUN_000420,96,0.03980099502487562,1,pos_s2262_e2346,30,0.012437810945273632,0,pos
FUN_002324,0,0.0,0,pos,0,0.0,0,pos
FUN_008657,0,0.0,0,pos,0,0.0,0,pos
FUN_009950,24,0.15384615384615385,0,pos,0,0.0,0,pos
FUN_000472,54,0.02459016393442623,1,pos_s702_e738,0,0.0,0,pos
FUN_010022,30,0.010482180293501049,0,pos,0,0.0,0,pos
FUN_001326,0,0.0,0,pos,0,0.0,0,pos
FUN_011816,0,0.0,0,pos,0,0.0,0,pos
FUN_008032,0,0.0,0,pos,0,0.0,0,pos
FUN_016030,0,0.0,0,pos,0,0.0,0,pos
FUN_011985,0,0.0,0,pos,0,0.0,0,pos
FUN_010811,72,0.05504587155963303,2,pos_s552_e594_s612_e642,0,0.0,0,pos
FUN_008458,0,0.0,0,pos,0,0.0,0,pos
FUN_010573,0,0.0,0,pos,0,0.0,0,pos
FUN_005886,0,0.0,0,pos,0,0.0,0,pos
FUN_004894,0,0.0,0,pos,0,0.0,0,pos
FUN_004329,0,0.0,0,pos,0,0.0,0,pos
FUN_001407,0,0.0,0,pos,0,0.0,0,pos
FUN_006437,0,0.0,0,pos,0,0.0,0,pos
FUN_009673,0,0.0,0,pos,0,0.0,0,pos
FUN_002362,0,0.0,0,pos,0,0.0,0,pos
FUN_004554,6,0.007692307692307693,0,pos,6,0.007692307692307693,0,pos
FUN_011179,168,0.04597701149425287,2,pos_s150_e180_s2928_e3048,18,0.0049261083743842365,0,pos
FUN_015282,0,0.0,0,pos,0,0.0,0,pos
FUN_016651,0,0.0,0,pos,0,0.0,0,pos
FUN_003451,0,0.0,0,pos,0,0.0,0,pos
FUN_005287,0,0.0,0,pos,0,0.0,0,pos
FUN_005747,0,0.0,0,pos,0,0.0,0,pos
FUN_011386,0,0.0,0,pos,0,0.0,0,pos
FUN_010645,0,0.0,0,pos,0,0.0,0,pos
FUN_015660,0,0.0,0,pos,0,0.0,0,pos
FUN_004260,0,0.0,0,pos,0,0.0,0,pos
FUN_007304,0,0.0,0,pos,0,0.0,0,pos
FUN_007303,0,0.0,0,pos,0,0.0,0,pos
FUN_003291,0,0.0,0,pos,0,0.0,0,pos
FUN_001202,66,0.035256410256410256,1,pos_s1482_e1548,42,0.022435897435897436,0,pos
FUN_016193,0,0.0,0,pos,0,0.0,0,pos
FUN_008528,0,0.0,0,pos,0,0.0,0,pos
FUN_001794,72,0.039473684210526314,1,pos_s1746_e1806,0,0.0,0,pos
FUN_011124,0,0.0,0,pos,0,0.0,0,pos
FUN_007901,150,0.05482456140350877,2,pos_s42_e102_s1668_e1746,0,0.0,0,pos
FUN_007125,0,0.0,0,pos,0,0.0,0,pos
FUN_007124,0,0.0,0,pos,0,0.0,0,pos
FUN_003101,0,0.0,0,pos,0,0.0,0,pos
FUN_009342,168,0.19444444444444445,2,pos_s384_e450_s588_e684,0,0.0,0,pos
FUN_009254,0,0.0,0,pos,0,0.0,0,pos
FUN_011994,0,0.0,0,pos,0,0.0,0,pos
FUN_007535,102,0.023876404494382022,2,pos_s1008_e1044_s3120_e3162,24,0.0056179775280898875,0,pos
FUN_008373,0,0.0,0,pos,0,0.0,0,pos
FUN_008358,0,0.0,0,pos,0,0.0,0,pos
FUN_008577,0,0.0,0,pos,0,0.0,0,pos
FUN_005080,0,0.0,0,pos,0,0.0,0,pos
FUN_007958,18,0.009584664536741214,0,pos,6,0.003194888178913738,0,pos
FUN_005047,0,0.0,0,pos,0,0.0,0,pos
FUN_004398,0,0.0,0,pos,0,0.0,0,pos
FUN_015677,12,0.0036900369003690036,0,pos,12,0.0036900369003690036,0,pos
FUN_001868,0,0.0,0,pos,0,0.0,0,pos
FUN_007456,0,0.0,0,pos,0,0.0,0,pos
FUN_012211,0,0.0,0,pos,0,0.0,0,pos
FUN_010666,0,0.0,0,pos,0,0.0,0,pos
FUN_015313,0,0.0,0,pos,0,0.0,0,pos
FUN_001546,0,0.0,0,pos,0,0.0,0,pos
FUN_011939,0,0.0,0,pos,0,0.0,0,pos
FUN_015468,0,0.0,0,pos,0,0.0,0,pos
FUN_006947,126,0.12,1,pos_s696_e822,54,0.05142857142857143,1,pos_s792_e822
FUN_009219,516,0.09555555555555556,7,pos_s1158_e1272_s1446_e1476_s3054_e3096_s3132_e3168_s3228_e3342_s4470_e4518_s5064_e5094,168,0.03111111111111111,2,pos_s3132_e3168_s3228_e3300
FUN_016825,0,0.0,0,pos,0,0.0,0,pos
FUN_001574,78,0.022608695652173914,1,pos_s3234_e3276,0,0.0,0,pos
FUN_005719,42,0.06542056074766354,0,pos,0,0.0,0,pos
FUN_002887,0,0.0,0,pos,0,0.0,0,pos
FUN_011058,72,0.02977667493796526,1,pos_s954_e1026,60,0.02481389578163772,1,pos_s954_e1014
FUN_000682,0,0.0,0,pos,0,0.0,0,pos
FUN_003200,12,0.004761904761904762,0,pos,0,0.0,0,pos
FUN_009274,0,0.0,0,pos,0,0.0,0,pos
FUN_005668,462,0.11015736766809728,6,pos_s0_e30_s36_e78_s618_e660_s798_e834_s2928_e2970_s3138_e3228,54,0.012875536480686695,0,pos
FUN_005557,0,0.0,0,pos,0,0.0,0,pos
FUN_004211,24,0.030303030303030304,0,pos,0,0.0,0,pos
FUN_011947,0,0.0,0,pos,0,0.0,0,pos
FUN_015358,0,0.0,0,pos,0,0.0,0,pos
FUN_004820,0,0.0,0,pos,0,0.0,0,pos
FUN_011167,0,0.0,0,pos,0,0.0,0,pos
FUN_002872,0,0.0,0,pos,0,0.0,0,pos
FUN_005263,18,0.0028544243577545195,0,pos,0,0.0,0,pos
FUN_011195,12,0.007518796992481203,0,pos,0,0.0,0,pos
FUN_003779,0,0.0,0,pos,0,0.0,0,pos
FUN_006251,150,0.023148148148148147,1,pos_s5442_e5562,120,0.018518518518518517,1,pos_s5442_e5562
FUN_001411,0,0.0,0,pos,0,0.0,0,pos
FUN_010895,0,0.0,0,pos,0,0.0,0,pos
FUN_012553,0,0.0,0,pos,0,0.0,0,pos
FUN_001590,228,0.05128205128205128,3,pos_s108_e180_s1518_e1584_s1962_e2040,54,0.012145748987854251,1,pos_s1980_e2022
FUN_005392,90,0.03937007874015748,1,pos_s1458_e1548,0,0.0,0,pos
FUN_007206,0,0.0,0,pos,0,0.0,0,pos
FUN_010594,6,0.006622516556291391,0,pos,0,0.0,0,pos
FUN_010144,0,0.0,0,pos,0,0.0,0,pos
FUN_016309,0,0.0,0,pos,0,0.0,0,pos
FUN_000205,0,0.0,0,pos,0,0.0,0,pos
FUN_010632,0,0.0,0,pos,0,0.0,0,pos
FUN_008394,0,0.0,0,pos,0,0.0,0,pos
FUN_001879,108,0.030664395229982964,1,pos_s312_e354,78,0.022146507666098807,1,pos_s312_e354
FUN_005385,24,0.012903225806451613,0,pos,0,0.0,0,pos
FUN_005492,0,0.0,0,pos,0,0.0,0,pos
FUN_005875,66,0.03642384105960265,2,pos_s12_e48_s660_e690,0,0.0,0,pos
FUN_008139,102,0.027463651050080775,1,pos_s1740_e1776,0,0.0,0,pos
FUN_004067,0,0.0,0,pos,0,0.0,0,pos
FUN_004250,0,0.0,0,pos,0,0.0,0,pos
FUN_012456,0,0.0,0,pos,0,0.0,0,pos
FUN_007508,60,0.5555555555555556,0,pos,24,0.2222222222222222,0,pos
FUN_004065,48,0.05442176870748299,1,pos_s138_e186,0,0.0,0,pos
FUN_010161,0,0.0,0,pos,0,0.0,0,pos
FUN_000920,0,0.0,0,pos,0,0.0,0,pos
FUN_005213,36,0.0111731843575419,0,pos,0,0.0,0,pos
FUN_009248,0,0.0,0,pos,0,0.0,0,pos
FUN_002771,0,0.0,0,pos,0,0.0,0,pos
FUN_005229,24,0.0121580547112462,0,pos,0,0.0,0,pos
FUN_004388,0,0.0,0,pos,0,0.0,0,pos
FUN_004146,120,0.005299417064122946,1,pos_s1110_e1200,0,0.0,0,pos
FUN_002130,318,0.02737603305785124,5,pos_s372_e444_s9024_e9084_s9090_e9156_s9444_e9492_s11172_e11208,84,0.007231404958677686,1,pos_s9048_e9084
FUN_007585,0,0.0,0,pos,0,0.0,0,pos
FUN_007780,0,0.0,0,pos,0,0.0,0,pos
FUN_009255,6,0.02564102564102564,0,pos,0,0.0,0,pos
FUN_010602,156,0.043478260869565216,2,pos_s2178_e2304_s2418_e2448,72,0.020066889632107024,1,pos_s2190_e2244
FUN_009621,0,0.0,0,pos,0,0.0,0,pos
FUN_010284,12,0.003952569169960474,0,pos,0,0.0,0,pos
FUN_010683,78,0.02040816326530612,1,pos_s918_e984,36,0.009419152276295133,1,pos_s942_e978
FUN_011597,0,0.0,0,pos,0,0.0,0,pos
FUN_000163,0,0.0,0,pos,0,0.0,0,pos
FUN_003141,0,0.0,0,pos,0,0.0,0,pos
FUN_016366,0,0.0,0,pos,0,0.0,0,pos
FUN_010501,0,0.0,0,pos,0,0.0,0,pos
FUN_006419,306,0.06455696202531645,3,pos_s234_e282_s1506_e1548_s2046_e2076,36,0.007594936708860759,0,pos
FUN_015434,0,0.0,0,pos,0,0.0,0,pos
FUN_011384,0,0.0,0,pos,0,0.0,0,pos
FUN_006775,0,0.0,0,pos,0,0.0,0,pos
FUN_004240,24,0.1111111111111111,0,pos,0,0.0,0,pos
FUN_011346,264,0.25287356321839083,2,pos_s294_e420_s444_e546,42,0.040229885057471264,0,pos
FUN_004397,0,0.0,0,pos,0,0.0,0,pos
FUN_003722,24,0.013114754098360656,0,pos,0,0.0,0,pos
FUN_003042,0,0.0,0,pos,0,0.0,0,pos
FUN_008151,0,0.0,0,pos,0,0.0,0,pos
FUN_012540,0,0.0,0,pos,0,0.0,0,pos
FUN_006108,0,0.0,0,pos,0,0.0,0,pos
FUN_008503,42,0.026717557251908396,1,pos_s1242_e1284,0,0.0,0,pos
FUN_001027,0,0.0,0,pos,0,0.0,0,pos
FUN_000629,24,0.00667779632721202,0,pos,0,0.0,0,pos
FUN_008963,0,0.0,0,pos,0,0.0,0,pos
FUN_000878,0,0.0,0,pos,0,0.0,0,pos
FUN_006086,0,0.0,0,pos,0,0.0,0,pos
FUN_007887,0,0.0,0,pos,0,0.0,0,pos
FUN_006570,72,0.05128205128205128,1,pos_s252_e324,0,0.0,0,pos
FUN_001793,24,0.01038961038961039,0,pos,0,0.0,0,pos
FUN_003437,12,0.015384615384615385,0,pos,0,0.0,0,pos
FUN_011488,0,0.0,0,pos,0,0.0,0,pos
FUN_003810,6,0.006578947368421052,0,pos,0,0.0,0,pos
FUN_010158,6,0.005681818181818182,0,pos,0,0.0,0,pos
FUN_003091,24,0.05128205128205128,0,pos,0,0.0,0,pos
FUN_015250,0,0.0,0,pos,0,0.0,0,pos
FUN_008915,6,0.005681818181818182,0,pos,0,0.0,0,pos
FUN_009262,6,0.009174311926605505,0,pos,0,0.0,0,pos
FUN_010030,84,0.11570247933884298,1,pos_s132_e174,18,0.024793388429752067,0,pos
FUN_005202,0,0.0,0,pos,0,0.0,0,pos
FUN_006767,30,0.013123359580052493,1,pos_s1770_e1800,0,0.0,0,pos
FUN_009077,0,0.0,0,pos,0,0.0,0,pos
FUN_004422,114,0.05621301775147929,2,pos_s132_e174_s312_e354,0,0.0,0,pos
FUN_010636,192,0.20125786163522014,2,pos_s0_e36_s198_e312,132,0.13836477987421383,3,pos_s0_e36_s216_e246_s252_e312
FUN_012509,90,0.06818181818181818,1,pos_s378_e456,0,0.0,0,pos
FUN_010951,0,0.0,0,pos,0,0.0,0,pos
FUN_004100,36,0.011342155009451797,1,pos_s3000_e3030,0,0.0,0,pos
FUN_006888,0,0.0,0,pos,0,0.0,0,pos
FUN_009088,0,0.0,0,pos,0,0.0,0,pos
FUN_001216,0,0.0,0,pos,0,0.0,0,pos
FUN_007447,0,0.0,0,pos,0,0.0,0,pos
FUN_009127,288,0.08304498269896193,3,pos_s180_e228_s2676_e2790_s3180_e3294,168,0.04844290657439446,2,pos_s2688_e2790_s3192_e3252
FUN_004415,0,0.0,0,pos,0,0.0,0,pos
FUN_012199,0,0.0,0,pos,0,0.0,0,pos
FUN_012410,0,0.0,0,pos,0,0.0,0,pos
FUN_008098,0,0.0,0,pos,0,0.0,0,pos
FUN_009436,84,0.07909604519774012,1,pos_s696_e738,0,0.0,0,pos
FUN_016590,0,0.0,0,pos,0,0.0,0,pos
FUN_004613,0,0.0,0,pos,0,0.0,0,pos
FUN_009761,150,0.1937984496124031,2,pos_s318_e360_s408_e438,30,0.03875968992248062,0,pos
FUN_010937,0,0.0,0,pos,0,0.0,0,pos
FUN_002410,84,0.029850746268656716,2,pos_s2316_e2358_s2388_e2418,0,0.0,0,pos
FUN_015581,0,0.0,0,pos,0,0.0,0,pos
FUN_004544,30,0.04,0,pos,0,0.0,0,pos
FUN_015508,0,0.0,0,pos,0,0.0,0,pos
FUN_015321,0,0.0,0,pos,0,0.0,0,pos
FUN_011513,0,0.0,0,pos,0,0.0,0,pos
FUN_004207,0,0.0,0,pos,0,0.0,0,pos
FUN_002518,0,0.0,0,pos,0,0.0,0,pos
FUN_011001,66,0.16923076923076924,0,pos,24,0.06153846153846154,0,pos
FUN_009817,0,0.0,0,pos,0,0.0,0,pos
FUN_012342,0,0.0,0,pos,0,0.0,0,pos
FUN_011962,0,0.0,0,pos,0,0.0,0,pos
FUN_000969,0,0.0,0,pos,0,0.0,0,pos
FUN_007619,0,0.0,0,pos,0,0.0,0,pos
FUN_009367,12,0.006134969325153374,0,pos,0,0.0,0,pos
FUN_006133,0,0.0,0,pos,0,0.0,0,pos
FUN_006177,126,0.0670926517571885,3,pos_s72_e102_s222_e252_s738_e774,12,0.006389776357827476,0,pos
FUN_005598,0,0.0,0,pos,0,0.0,0,pos
FUN_008334,0,0.0,0,pos,0,0.0,0,pos
FUN_012165,0,0.0,0,pos,0,0.0,0,pos
FUN_005437,6,0.005291005291005291,0,pos,0,0.0,0,pos
FUN_002783,0,0.0,0,pos,0,0.0,0,pos
FUN_002774,6,0.006289308176100629,0,pos,0,0.0,0,pos
FUN_010111,96,0.037914691943127965,1,pos_s234_e264,0,0.0,0,pos
FUN_010440,0,0.0,0,pos,0,0.0,0,pos
FUN_002713,0,0.0,0,pos,0,0.0,0,pos
FUN_004085,24,0.013937282229965157,0,pos,0,0.0,0,pos
FUN_004199,42,0.06422018348623854,1,pos_s588_e630,42,0.06422018348623854,1,pos_s588_e630
FUN_005086,18,0.023622047244094488,0,pos,0,0.0,0,pos
FUN_000464,90,0.09146341463414634,1,pos_s48_e132,18,0.018292682926829267,0,pos
FUN_003157,0,0.0,0,pos,0,0.0,0,pos
FUN_008895,0,0.0,0,pos,0,0.0,0,pos
FUN_004169,0,0.0,0,pos,0,0.0,0,pos
FUN_012147,0,0.0,0,pos,0,0.0,0,pos
FUN_007748,0,0.0,0,pos,0,0.0,0,pos
FUN_009923,0,0.0,0,pos,0,0.0,0,pos
FUN_006157,0,0.0,0,pos,0,0.0,0,pos
FUN_009346,0,0.0,0,pos,0,0.0,0,pos
FUN_003773,0,0.0,0,pos,0,0.0,0,pos
FUN_007158,0,0.0,0,pos,0,0.0,0,pos
FUN_005493,0,0.0,0,pos,0,0.0,0,pos
FUN_003629,0,0.0,0,pos,0,0.0,0,pos
FUN_008692,0,0.0,0,pos,0,0.0,0,pos
FUN_004560,0,0.0,0,pos,0,0.0,0,pos
FUN_008306,0,0.0,0,pos,0,0.0,0,pos
FUN_001664,0,0.0,0,pos,0,0.0,0,pos
FUN_008778,174,0.14009661835748793,2,pos_s486_e528_s636_e714,60,0.04830917874396135,1,pos_s636_e696
FUN_016485,0,0.0,0,pos,0,0.0,0,pos
FUN_006818,54,0.046632124352331605,1,pos_s834_e888,48,0.04145077720207254,1,pos_s834_e876
FUN_000993,0,0.0,0,pos,0,0.0,0,pos
FUN_010370,60,0.05319148936170213,1,pos_s660_e708,30,0.026595744680851064,0,pos
FUN_005305,0,0.0,0,pos,0,0.0,0,pos
FUN_007782,0,0.0,0,pos,0,0.0,0,pos
FUN_002763,0,0.0,0,pos,0,0.0,0,pos
FUN_010200,84,0.008827238335435058,1,pos_s9336_e9378,0,0.0,0,pos
FUN_016793,0,0.0,0,pos,0,0.0,0,pos
FUN_009752,0,0.0,0,pos,0,0.0,0,pos
FUN_004104,0,0.0,0,pos,0,0.0,0,pos
FUN_001732,0,0.0,0,pos,0,0.0,0,pos
FUN_000820,132,0.14012738853503184,3,pos_s312_e348_s402_e432_s732_e768,24,0.025477707006369428,0,pos
FUN_004341,30,0.022222222222222223,0,pos,0,0.0,0,pos
FUN_000514,312,0.030696576151121605,4,pos_s666_e702_s4554_e4596_s9012_e9126_s9642_e9690,18,0.0017709563164108619,0,pos
FUN_010691,0,0.0,0,pos,0,0.0,0,pos
FUN_008449,6,0.0136986301369863,0,pos,0,0.0,0,pos
FUN_000821,132,0.09282700421940929,1,pos_s1080_e1182,0,0.0,0,pos
FUN_010684,0,0.0,0,pos,0,0.0,0,pos
FUN_011557,0,0.0,0,pos,0,0.0,0,pos
FUN_006796,0,0.0,0,pos,0,0.0,0,pos
FUN_008567,192,0.10191082802547771,2,pos_s0_e72_s1416_e1488,96,0.050955414012738856,1,pos_s0_e72
FUN_002639,0,0.0,0,pos,0,0.0,0,pos
FUN_010050,0,0.0,0,pos,0,0.0,0,pos
FUN_008047,18,0.028846153846153848,0,pos,0,0.0,0,pos
FUN_008838,474,0.10807113543091655,6,pos_s450_e564_s606_e726_s756_e792_s804_e900_s2394_e2430_s3642_e3702,126,0.028727770177838577,1,pos_s804_e900
FUN_000632,0,0.0,0,pos,0,0.0,0,pos
FUN_010248,0,0.0,0,pos,0,0.0,0,pos
FUN_007144,0,0.0,0,pos,0,0.0,0,pos
FUN_011287,90,0.0097911227154047,1,pos_s1992_e2076,0,0.0,0,pos
FUN_011484,0,0.0,0,pos,0,0.0,0,pos
FUN_004583,54,0.16666666666666666,1,pos_s0_e54,0,0.0,0,pos
FUN_003226,0,0.0,0,pos,0,0.0,0,pos
FUN_008691,0,0.0,0,pos,0,0.0,0,pos
FUN_012535,0,0.0,0,pos,0,0.0,0,pos
FUN_007481,96,0.10526315789473684,1,pos_s48_e132,0,0.0,0,pos
FUN_003489,180,0.18633540372670807,2,pos_s216_e270_s276_e324,72,0.07453416149068323,1,pos_s222_e270
FUN_001041,18,0.003931847968545216,0,pos,0,0.0,0,pos
FUN_008063,0,0.0,0,pos,0,0.0,0,pos
FUN_002655,0,0.0,0,pos,0,0.0,0,pos
FUN_003487,18,0.01675977653631285,0,pos,0,0.0,0,pos
FUN_002224,0,0.0,0,pos,0,0.0,0,pos
FUN_005120,0,0.0,0,pos,0,0.0,0,pos
FUN_006098,42,0.04516129032258064,1,pos_s204_e246,0,0.0,0,pos
FUN_008939,108,0.04411764705882353,1,pos_s96_e168,6,0.0024509803921568627,0,pos
FUN_007574,0,0.0,0,pos,0,0.0,0,pos
FUN_006344,0,0.0,0,pos,0,0.0,0,pos
FUN_006683,0,0.0,0,pos,0,0.0,0,pos
FUN_000953,0,0.0,0,pos,0,0.0,0,pos
FUN_015257,0,0.0,0,pos,0,0.0,0,pos
FUN_001468,114,0.10326086956521739,1,pos_s36_e150,54,0.04891304347826087,1,pos_s90_e144
FUN_008400,60,0.1,1,pos_s0_e60,60,0.1,1,pos_s0_e60
FUN_002453,0,0.0,0,pos,0,0.0,0,pos
FUN_011235,0,0.0,0,pos,0,0.0,0,pos
FUN_011152,54,0.013452914798206279,1,pos_s3000_e3042,0,0.0,0,pos
FUN_016456,0,0.0,0,pos,0,0.0,0,pos
FUN_007049,0,0.0,0,pos,0,0.0,0,pos
FUN_009361,0,0.0,0,pos,0,0.0,0,pos
FUN_011476,0,0.0,0,pos,0,0.0,0,pos
FUN_006364,336,0.18421052631578946,5,pos_s486_e558_s786_e822_s828_e900_s912_e942_s1674_e1734,132,0.07236842105263158,3,pos_s786_e822_s828_e882_s1698_e1734
FUN_010819,270,0.11842105263157894,4,pos_s18_e78_s468_e516_s1368_e1434_s2058_e2130,48,0.021052631578947368,0,pos
FUN_011757,0,0.0,0,pos,0,0.0,0,pos
FUN_005179,0,0.0,0,pos,0,0.0,0,pos
FUN_005266,0,0.0,0,pos,0,0.0,0,pos
FUN_009172,726,0.14631197097944376,8,pos_s372_e552_s1440_e1554_s1560_e1734_s2244_e2298_s2322_e2358_s4044_e4074_s4080_e4140_s4146_e4182,402,0.08101571946795647,4,pos_s372_e408_s426_e468_s1440_e1554_s1572_e1734
FUN_011782,0,0.0,0,pos,0,0.0,0,pos
FUN_003233,144,0.0221606648199446,2,pos_s1872_e1914_s5328_e5376,0,0.0,0,pos
FUN_010724,18,0.014218009478672985,0,pos,0,0.0,0,pos
FUN_007841,168,0.1278538812785388,3,pos_s402_e450_s810_e858_s1002_e1032,0,0.0,0,pos
FUN_011327,132,0.19298245614035087,2,pos_s24_e54_s72_e138,18,0.02631578947368421,0,pos
FUN_000153,0,0.0,0,pos,0,0.0,0,pos
FUN_003032,0,0.0,0,pos,0,0.0,0,pos
FUN_016022,0,0.0,0,pos,0,0.0,0,pos
FUN_001558,120,0.05221932114882506,1,pos_s600_e696,0,0.0,0,pos
FUN_002484,0,0.0,0,pos,0,0.0,0,pos
FUN_001756,0,0.0,0,pos,0,0.0,0,pos
FUN_009285,0,0.0,0,pos,0,0.0,0,pos
FUN_010218,24,0.0213903743315508,0,pos,0,0.0,0,pos
FUN_015769,0,0.0,0,pos,0,0.0,0,pos
FUN_002551,0,0.0,0,pos,0,0.0,0,pos
FUN_012390,0,0.0,0,pos,0,0.0,0,pos
FUN_016619,0,0.0,0,pos,0,0.0,0,pos
FUN_010004,0,0.0,0,pos,0,0.0,0,pos
FUN_011253,222,0.10249307479224377,3,pos_s120_e210_s360_e426_s540_e582,102,0.04709141274238227,1,pos_s366_e426
FUN_008670,0,0.0,0,pos,0,0.0,0,pos
FUN_000512,0,0.0,0,pos,0,0.0,0,pos
FUN_000339,96,0.04060913705583756,2,pos_s774_e822_s828_e876,0,0.0,0,pos
FUN_004352,30,0.045871559633027525,1,pos_s414_e444,0,0.0,0,pos
FUN_006741,0,0.0,0,pos,0,0.0,0,pos
FUN_005731,0,0.0,0,pos,0,0.0,0,pos
FUN_005330,0,0.0,0,pos,0,0.0,0,pos
FUN_002644,0,0.0,0,pos,0,0.0,0,pos
FUN_011838,0,0.0,0,pos,0,0.0,0,pos
FUN_001786,0,0.0,0,pos,0,0.0,0,pos
FUN_003968,30,0.008710801393728223,1,pos_s1200_e1230,0,0.0,0,pos
FUN_016359,0,0.0,0,pos,0,0.0,0,pos
FUN_010947,24,0.01694915254237288,0,pos,12,0.00847457627118644,0,pos
FUN_001180,72,0.01812688821752266,1,pos_s3000_e3042,0,0.0,0,pos
FUN_004132,0,0.0,0,pos,0,0.0,0,pos
FUN_010559,0,0.0,0,pos,0,0.0,0,pos
FUN_011362,0,0.0,0,pos,0,0.0,0,pos
FUN_010899,0,0.0,0,pos,0,0.0,0,pos
FUN_000295,0,0.0,0,pos,0,0.0,0,pos
FUN_009066,36,0.03821656050955414,1,pos_s354_e390,0,0.0,0,pos
FUN_009924,0,0.0,0,pos,0,0.0,0,pos
FUN_009972,294,0.1526479750778816,3,pos_s246_e330_s672_e726_s1098_e1170,60,0.03115264797507788,0,pos
FUN_006909,0,0.0,0,pos,0,0.0,0,pos
FUN_006535,0,0.0,0,pos,0,0.0,0,pos
FUN_008007,96,0.04664723032069971,2,pos_s396_e450_s2010_e2046,0,0.0,0,pos
FUN_008980,126,0.07473309608540925,1,pos_s732_e852,102,0.060498220640569395,1,pos_s756_e852
FUN_006734,0,0.0,0,pos,0,0.0,0,pos
FUN_007193,444,0.3020408163265306,5,pos_s18_e96_s198_e240_s246_e312_s336_e516_s600_e630,204,0.13877551020408163,2,pos_s198_e228_s336_e468
FUN_010042,0,0.0,0,pos,0,0.0,0,pos
FUN_009681,0,0.0,0,pos,0,0.0,0,pos
FUN_004512,0,0.0,0,pos,0,0.0,0,pos
FUN_012001,0,0.0,0,pos,0,0.0,0,pos
FUN_011177,12,0.015384615384615385,0,pos,0,0.0,0,pos
FUN_002263,0,0.0,0,pos,0,0.0,0,pos
FUN_003684,0,0.0,0,pos,0,0.0,0,pos
FUN_012274,0,0.0,0,pos,0,0.0,0,pos
FUN_002545,0,0.0,0,pos,0,0.0,0,pos
FUN_011787,0,0.0,0,pos,0,0.0,0,pos
FUN_009499,6,0.0035460992907801418,0,pos,6,0.0035460992907801418,0,pos
FUN_006274,0,0.0,0,pos,0,0.0,0,pos
FUN_015856,0,0.0,0,pos,0,0.0,0,pos
FUN_008649,0,0.0,0,pos,0,0.0,0,pos
FUN_005872,90,0.060240963855421686,0,pos,84,0.05622489959839357,1,pos_s1404_e1482
FUN_008959,306,0.13315926892950392,4,pos_s240_e282_s678_e714_s828_e876_s1044_e1164,126,0.05483028720626632,2,pos_s828_e870_s1068_e1116
FUN_005498,156,0.056768558951965066,1,pos_s2322_e2412,126,0.04585152838427948,1,pos_s2322_e2412
FUN_004812,480,0.15655577299412915,5,pos_s876_e936_s1104_e1146_s1272_e1392_s1464_e1584_s1590_e1680,222,0.07240704500978473,2,pos_s1278_e1392_s1518_e1578
FUN_010582,18,0.09090909090909091,0,pos,0,0.0,0,pos
FUN_002831,60,0.060240963855421686,1,pos_s654_e690,6,0.006024096385542169,0,pos
FUN_004271,0,0.0,0,pos,0,0.0,0,pos
FUN_009670,0,0.0,0,pos,0,0.0,0,pos
FUN_003210,198,0.08870967741935484,3,pos_s1092_e1134_s1164_e1218_s2034_e2088,42,0.01881720430107527,1,pos_s1170_e1200
FUN_007009,0,0.0,0,pos,0,0.0,0,pos
FUN_001704,0,0.0,0,pos,0,0.0,0,pos
FUN_003117,0,0.0,0,pos,0,0.0,0,pos
FUN_005958,0,0.0,0,pos,0,0.0,0,pos
FUN_006452,0,0.0,0,pos,0,0.0,0,pos
FUN_011026,30,0.026595744680851064,0,pos,0,0.0,0,pos
FUN_004206,96,0.06274509803921569,1,pos_s1008_e1092,42,0.027450980392156862,1,pos_s1008_e1050
FUN_010231,36,0.024,1,pos_s1428_e1464,18,0.012,0,pos
FUN_012387,0,0.0,0,pos,0,0.0,0,pos
FUN_005478,0,0.0,0,pos,0,0.0,0,pos
FUN_000560,42,0.06086956521739131,0,pos,0,0.0,0,pos
FUN_011343,150,0.16129032258064516,2,pos_s282_e378_s474_e522,48,0.05161290322580645,1,pos_s318_e366
FUN_005888,0,0.0,0,pos,0,0.0,0,pos
FUN_009453,0,0.0,0,pos,0,0.0,0,pos
FUN_005954,6,0.006329113924050633,0,pos,0,0.0,0,pos
FUN_005546,0,0.0,0,pos,0,0.0,0,pos
FUN_009208,0,0.0,0,pos,0,0.0,0,pos
FUN_005418,0,0.0,0,pos,0,0.0,0,pos
FUN_016302,0,0.0,0,pos,0,0.0,0,pos
FUN_005239,0,0.0,0,pos,0,0.0,0,pos
FUN_015351,0,0.0,0,pos,0,0.0,0,pos
FUN_010169,30,0.11363636363636363,0,pos,0,0.0,0,pos
FUN_000996,24,0.04597701149425287,0,pos,24,0.04597701149425287,0,pos
FUN_009184,0,0.0,0,pos,0,0.0,0,pos
FUN_005850,6,0.011494252873563218,0,pos,0,0.0,0,pos
FUN_009778,132,0.04059040590405904,2,pos_s492_e576_s708_e750,60,0.01845018450184502,1,pos_s534_e570
FUN_002615,0,0.0,0,pos,0,0.0,0,pos
FUN_015678,0,0.0,0,pos,0,0.0,0,pos
FUN_004247,0,0.0,0,pos,0,0.0,0,pos
FUN_009059,0,0.0,0,pos,0,0.0,0,pos
FUN_005893,0,0.0,0,pos,0,0.0,0,pos
FUN_008747,0,0.0,0,pos,0,0.0,0,pos
FUN_004810,0,0.0,0,pos,0,0.0,0,pos
FUN_009237,252,0.19090909090909092,4,pos_s42_e90_s684_e762_s936_e990_s1092_e1134,42,0.031818181818181815,0,pos
FUN_001612,0,0.0,0,pos,0,0.0,0,pos
FUN_004622,0,0.0,0,pos,0,0.0,0,pos
FUN_015526,102,0.059027777777777776,1,pos_s1590_e1680,6,0.003472222222222222,0,pos
FUN_004842,108,0.01859504132231405,1,pos_s1854_e1920,102,0.01756198347107438,1,pos_s1854_e1920
FUN_016532,0,0.0,0,pos,0,0.0,0,pos
FUN_001267,0,0.0,0,pos,0,0.0,0,pos
FUN_000965,0,0.0,0,pos,0,0.0,0,pos
FUN_000719,0,0.0,0,pos,0,0.0,0,pos
FUN_011394,0,0.0,0,pos,0,0.0,0,pos
FUN_000193,0,0.0,0,pos,0,0.0,0,pos
FUN_009900,54,0.04864864864864865,0,pos,0,0.0,0,pos
FUN_007152,0,0.0,0,pos,0,0.0,0,pos
FUN_001680,0,0.0,0,pos,0,0.0,0,pos
FUN_007861,0,0.0,0,pos,0,0.0,0,pos
FUN_002934,0,0.0,0,pos,0,0.0,0,pos
FUN_001200,0,0.0,0,pos,0,0.0,0,pos
FUN_005671,0,0.0,0,pos,0,0.0,0,pos
FUN_001495,36,0.06521739130434782,1,pos_s42_e78,0,0.0,0,pos
FUN_010052,144,0.048484848484848485,2,pos_s2802_e2880_s2886_e2952,84,0.028282828282828285,2,pos_s2844_e2880_s2886_e2934
FUN_000611,0,0.0,0,pos,0,0.0,0,pos
FUN_001446,0,0.0,0,pos,0,0.0,0,pos
FUN_009455,0,0.0,0,pos,0,0.0,0,pos
FUN_003911,162,0.04954128440366973,2,pos_s522_e558_s1812_e1872,12,0.003669724770642202,0,pos
FUN_010892,0,0.0,0,pos,0,0.0,0,pos
FUN_001904,12,0.017699115044247787,0,pos,0,0.0,0,pos
FUN_011312,0,0.0,0,pos,0,0.0,0,pos
FUN_015944,0,0.0,0,pos,0,0.0,0,pos
FUN_000875,78,0.056768558951965066,1,pos_s552_e630,18,0.013100436681222707,0,pos
FUN_006010,6,0.0036101083032490976,0,pos,0,0.0,0,pos
FUN_006621,0,0.0,0,pos,0,0.0,0,pos
FUN_011468,30,0.044642857142857144,0,pos,0,0.0,0,pos
FUN_016350,0,0.0,0,pos,0,0.0,0,pos
FUN_008800,0,0.0,0,pos,0,0.0,0,pos
FUN_008903,0,0.0,0,pos,0,0.0,0,pos
FUN_009104,96,0.015209125475285171,2,pos_s4506_e4542_s4590_e4620,0,0.0,0,pos
FUN_005284,0,0.0,0,pos,0,0.0,0,pos
FUN_009833,6,0.0038910505836575876,0,pos,0,0.0,0,pos
FUN_008883,66,0.06547619047619048,1,pos_s600_e660,0,0.0,0,pos
FUN_010397,0,0.0,0,pos,0,0.0,0,pos
FUN_002206,48,0.021108179419525065,0,pos,12,0.005277044854881266,0,pos
FUN_003884,18,0.011627906976744186,0,pos,0,0.0,0,pos
FUN_008290,0,0.0,0,pos,0,0.0,0,pos
FUN_010943,0,0.0,0,pos,0,0.0,0,pos
FUN_009405,0,0.0,0,pos,0,0.0,0,pos
FUN_016178,0,0.0,0,pos,0,0.0,0,pos
FUN_005275,120,0.14388489208633093,1,pos_s474_e558,18,0.02158273381294964,0,pos
FUN_011766,0,0.0,0,pos,0,0.0,0,pos
FUN_005571,12,0.015625,0,pos,12,0.015625,0,pos
FUN_006657,306,0.04806786050895382,2,pos_s270_e378_s2148_e2298,162,0.02544769085768143,3,pos_s348_e378_s2172_e2238_s2250_e2292
FUN_001835,0,0.0,0,pos,0,0.0,0,pos
FUN_000234,0,0.0,0,pos,0,0.0,0,pos
FUN_008561,0,0.0,0,pos,0,0.0,0,pos
FUN_012434,6,0.001841620626151013,0,pos,0,0.0,0,pos
FUN_003072,0,0.0,0,pos,0,0.0,0,pos
FUN_012506,6,0.007874015748031496,0,pos,0,0.0,0,pos
FUN_015412,0,0.0,0,pos,0,0.0,0,pos
FUN_004323,120,0.09345794392523364,1,pos_s0_e120,84,0.06542056074766354,1,pos_s66_e120
FUN_006281,0,0.0,0,pos,0,0.0,0,pos
FUN_015745,0,0.0,0,pos,0,0.0,0,pos
FUN_016685,0,0.0,0,pos,0,0.0,0,pos
FUN_002797,42,0.01804123711340206,0,pos,6,0.002577319587628866,0,pos
FUN_004488,0,0.0,0,pos,0,0.0,0,pos
FUN_004998,12,0.014388489208633094,0,pos,0,0.0,0,pos
FUN_008199,0,0.0,0,pos,0,0.0,0,pos
FUN_008189,0,0.0,0,pos,0,0.0,0,pos
FUN_005900,0,0.0,0,pos,0,0.0,0,pos
FUN_005358,228,0.18719211822660098,2,pos_s456_e558_s606_e720,168,0.13793103448275862,2,pos_s516_e558_s606_e720
FUN_001158,0,0.0,0,pos,0,0.0,0,pos
FUN_003891,228,0.055964653902798235,2,pos_s858_e900_s2640_e2682,12,0.0029455081001472753,0,pos
FUN_001549,96,0.18181818181818182,2,pos_s54_e102_s120_e168,66,0.125,1,pos_s120_e168
FUN_001804,0,0.0,0,pos,0,0.0,0,pos
FUN_006423,72,0.01692524682651622,1,pos_s774_e840,12,0.0028208744710860366,0,pos
FUN_009883,0,0.0,0,pos,0,0.0,0,pos
FUN_011716,0,0.0,0,pos,0,0.0,0,pos
FUN_004073,18,0.00625,0,pos,0,0.0,0,pos
FUN_009297,0,0.0,0,pos,0,0.0,0,pos
FUN_015796,0,0.0,0,pos,0,0.0,0,pos
FUN_006033,18,0.017142857142857144,0,pos,0,0.0,0,pos
FUN_016599,0,0.0,0,pos,0,0.0,0,pos
FUN_009075,0,0.0,0,pos,0,0.0,0,pos
FUN_016527,0,0.0,0,pos,0,0.0,0,pos
FUN_005826,0,0.0,0,pos,0,0.0,0,pos
FUN_008195,0,0.0,0,pos,0,0.0,0,pos
FUN_005852,552,0.09674027339642481,7,pos_s90_e120_s540_e600_s642_e726_s1236_e1326_s3084_e3168_s4560_e4626_s5106_e5214,156,0.027339642481598318,2,pos_s4572_e4608_s5118_e5214
FUN_012123,0,0.0,0,pos,0,0.0,0,pos
FUN_007881,0,0.0,0,pos,0,0.0,0,pos
FUN_008107,30,0.029069767441860465,0,pos,12,0.011627906976744186,0,pos
FUN_004551,60,0.10526315789473684,1,pos_s408_e456,0,0.0,0,pos
FUN_008502,0,0.0,0,pos,0,0.0,0,pos
FUN_005978,0,0.0,0,pos,0,0.0,0,pos
FUN_012391,0,0.0,0,pos,0,0.0,0,pos
FUN_016313,0,0.0,0,pos,0,0.0,0,pos
FUN_001837,102,0.060498220640569395,1,pos_s936_e996,36,0.021352313167259787,1,pos_s936_e972
FUN_009369,0,0.0,0,pos,0,0.0,0,pos
FUN_009303,0,0.0,0,pos,0,0.0,0,pos
FUN_007266,0,0.0,0,pos,0,0.0,0,pos
FUN_009451,60,0.19230769230769232,1,pos_s30_e90,0,0.0,0,pos
FUN_004863,84,0.0603448275862069,2,pos_s798_e834_s846_e882,6,0.004310344827586207,0,pos
FUN_001429,0,0.0,0,pos,0,0.0,0,pos
FUN_008470,66,0.06432748538011696,1,pos_s0_e60,36,0.03508771929824561,1,pos_s0_e30
FUN_012288,0,0.0,0,pos,0,0.0,0,pos
FUN_004916,0,0.0,0,pos,0,0.0,0,pos
FUN_012157,0,0.0,0,pos,0,0.0,0,pos
FUN_009979,0,0.0,0,pos,0,0.0,0,pos
FUN_012131,0,0.0,0,pos,0,0.0,0,pos
FUN_009343,0,0.0,0,pos,0,0.0,0,pos
FUN_015562,0,0.0,0,pos,0,0.0,0,pos
FUN_016213,0,0.0,0,pos,0,0.0,0,pos
FUN_015593,0,0.0,0,pos,0,0.0,0,pos
FUN_003347,30,0.06172839506172839,1,pos_s168_e198,0,0.0,0,pos
FUN_004303,0,0.0,0,pos,0,0.0,0,pos
FUN_005154,0,0.0,0,pos,0,0.0,0,pos
FUN_016541,0,0.0,0,pos,0,0.0,0,pos
FUN_009268,72,0.05333333333333334,1,pos_s1074_e1134,60,0.044444444444444446,1,pos_s1074_e1128
FUN_005672,0,0.0,0,pos,0,0.0,0,pos
FUN_002832,0,0.0,0,pos,0,0.0,0,pos
FUN_001892,0,0.0,0,pos,0,0.0,0,pos
FUN_000731,126,0.05454545454545454,1,pos_s90_e210,48,0.02077922077922078,1,pos_s144_e180
FUN_015941,0,0.0,0,pos,0,0.0,0,pos
FUN_015268,0,0.0,0,pos,0,0.0,0,pos
FUN_000702,96,0.04776119402985075,1,pos_s438_e522,0,0.0,0,pos
FUN_001492,0,0.0,0,pos,0,0.0,0,pos
FUN_002801,0,0.0,0,pos,0,0.0,0,pos
FUN_015962,0,0.0,0,pos,0,0.0,0,pos
FUN_005035,0,0.0,0,pos,0,0.0,0,pos
FUN_012250,0,0.0,0,pos,0,0.0,0,pos
FUN_010952,0,0.0,0,pos,0,0.0,0,pos
FUN_009443,96,0.10062893081761007,1,pos_s762_e804,84,0.0880503144654088,1,pos_s774_e804
FUN_005065,0,0.0,0,pos,0,0.0,0,pos
FUN_005885,36,0.046153846153846156,1,pos_s546_e576,0,0.0,0,pos
FUN_001258,126,0.11797752808988764,1,pos_s282_e390,78,0.07303370786516854,1,pos_s312_e390
FUN_002800,0,0.0,0,pos,0,0.0,0,pos
FUN_001165,0,0.0,0,pos,0,0.0,0,pos
FUN_008955,0,0.0,0,pos,0,0.0,0,pos
FUN_016174,0,0.0,0,pos,0,0.0,0,pos
FUN_012443,0,0.0,0,pos,0,0.0,0,pos
FUN_004507,0,0.0,0,pos,0,0.0,0,pos
FUN_002900,144,0.1340782122905028,2,pos_s276_e342_s822_e864,0,0.0,0,pos
FUN_005099,228,0.12140575079872204,3,pos_s444_e540_s612_e672_s1518_e1566,30,0.01597444089456869,0,pos
FUN_006781,12,0.01092896174863388,0,pos,0,0.0,0,pos
FUN_005761,0,0.0,0,pos,0,0.0,0,pos
FUN_002248,0,0.0,0,pos,0,0.0,0,pos
FUN_000100,0,0.0,0,pos,0,0.0,0,pos
FUN_003952,36,0.021739130434782608,1,pos_s1446_e1476,0,0.0,0,pos
FUN_011589,0,0.0,0,pos,0,0.0,0,pos
FUN_000727,216,0.06394316163410302,4,pos_s42_e78_s138_e168_s1980_e2052_s2118_e2148,66,0.019538188277087035,1,pos_s1992_e2034
FUN_004119,0,0.0,0,pos,0,0.0,0,pos
FUN_005749,0,0.0,0,pos,0,0.0,0,pos
FUN_007246,6,0.005714285714285714,0,pos,0,0.0,0,pos
FUN_003322,96,0.06896551724137931,1,pos_s1026_e1080,0,0.0,0,pos
FUN_007002,0,0.0,0,pos,0,0.0,0,pos
FUN_007883,0,0.0,0,pos,0,0.0,0,pos
FUN_010560,36,0.04,1,pos_s726_e756,0,0.0,0,pos
FUN_015793,0,0.0,0,pos,0,0.0,0,pos
FUN_015573,0,0.0,0,pos,0,0.0,0,pos
FUN_002954,0,0.0,0,pos,0,0.0,0,pos
FUN_009322,0,0.0,0,pos,0,0.0,0,pos
FUN_004784,12,0.009478672985781991,0,pos,0,0.0,0,pos
FUN_010316,252,0.0625,3,pos_s3420_e3582_s3888_e3930_s3936_e3972,90,0.022321428571428572,1,pos_s3534_e3582
FUN_002925,0,0.0,0,pos,0,0.0,0,pos
FUN_004354,0,0.0,0,pos,0,0.0,0,pos
FUN_001217,90,0.08287292817679558,1,pos_s228_e318,54,0.049723756906077346,1,pos_s234_e288
FUN_008775,0,0.0,0,pos,0,0.0,0,pos
FUN_016765,0,0.0,0,pos,0,0.0,0,pos
FUN_000701,0,0.0,0,pos,0,0.0,0,pos
FUN_000247,114,0.2235294117647059,1,pos_s150_e264,114,0.2235294117647059,1,pos_s150_e264
FUN_010390,0,0.0,0,pos,0,0.0,0,pos
FUN_004131,0,0.0,0,pos,0,0.0,0,pos
FUN_002944,0,0.0,0,pos,0,0.0,0,pos
FUN_002036,0,0.0,0,pos,0,0.0,0,pos
FUN_005153,0,0.0,0,pos,0,0.0,0,pos
FUN_011316,0,0.0,0,pos,0,0.0,0,pos
FUN_010601,108,0.04176334106728538,1,pos_s756_e846,18,0.0069605568445475635,0,pos
FUN_007636,0,0.0,0,pos,0,0.0,0,pos
FUN_010126,0,0.0,0,pos,0,0.0,0,pos
FUN_015511,0,0.0,0,pos,0,0.0,0,pos
FUN_007468,0,0.0,0,pos,0,0.0,0,pos
FUN_015306,0,0.0,0,pos,0,0.0,0,pos
FUN_001521,0,0.0,0,pos,0,0.0,0,pos
FUN_010710,0,0.0,0,pos,0,0.0,0,pos
FUN_006296,0,0.0,0,pos,0,0.0,0,pos
FUN_003257,0,0.0,0,pos,0,0.0,0,pos
FUN_011790,0,0.0,0,pos,0,0.0,0,pos
FUN_010010,0,0.0,0,pos,0,0.0,0,pos
FUN_003066,30,0.04672897196261682,1,pos_s396_e426,0,0.0,0,pos
FUN_007195,120,0.0488997555012225,1,pos_s1278_e1386,108,0.044009779951100246,1,pos_s1278_e1386
FUN_000741,0,0.0,0,pos,0,0.0,0,pos
FUN_007602,36,0.030303030303030304,0,pos,0,0.0,0,pos
FUN_006845,0,0.0,0,pos,0,0.0,0,pos
FUN_004607,6,0.0024691358024691358,0,pos,6,0.0024691358024691358,0,pos
FUN_001954,0,0.0,0,pos,0,0.0,0,pos
FUN_010472,96,0.0149812734082397,2,pos_s4068_e4104_s4116_e4176,0,0.0,0,pos
FUN_004224,96,0.48484848484848486,1,pos_s90_e126,6,0.030303030303030304,0,pos
FUN_016554,0,0.0,0,pos,0,0.0,0,pos
FUN_007274,120,0.15503875968992248,1,pos_s186_e300,54,0.06976744186046512,1,pos_s246_e288
FUN_010016,0,0.0,0,pos,0,0.0,0,pos
FUN_010917,0,0.0,0,pos,0,0.0,0,pos
FUN_000692,0,0.0,0,pos,0,0.0,0,pos
FUN_002084,0,0.0,0,pos,0,0.0,0,pos
FUN_011085,0,0.0,0,pos,0,0.0,0,pos
FUN_005510,84,0.04929577464788732,1,pos_s918_e972,42,0.02464788732394366,1,pos_s942_e972
FUN_011062,0,0.0,0,pos,0,0.0,0,pos
FUN_000303,0,0.0,0,pos,0,0.0,0,pos
FUN_009025,138,0.2072072072072072,2,pos_s54_e90_s540_e618,0,0.0,0,pos
FUN_010514,0,0.0,0,pos,0,0.0,0,pos
FUN_012411,0,0.0,0,pos,0,0.0,0,pos
FUN_006789,210,0.15625,3,pos_s36_e114_s192_e264_s360_e402,78,0.05803571428571429,1,pos_s66_e114
FUN_006471,0,0.0,0,pos,0,0.0,0,pos
FUN_007326,0,0.0,0,pos,0,0.0,0,pos
FUN_000530,216,0.10682492581602374,3,pos_s1260_e1320_s1770_e1848_s1884_e1920,54,0.026706231454005934,0,pos
FUN_008463,192,0.03085824493731919,2,pos_s1218_e1308_s1452_e1524,84,0.013500482160077145,2,pos_s1278_e1308_s1452_e1506
FUN_000056,12,0.007518796992481203,0,pos,0,0.0,0,pos
FUN_005910,0,0.0,0,pos,0,0.0,0,pos
FUN_002109,0,0.0,0,pos,0,0.0,0,pos
FUN_002114,0,0.0,0,pos,0,0.0,0,pos
FUN_010079,6,0.0049504950495049506,0,pos,0,0.0,0,pos
FUN_005845,18,0.0379746835443038,0,pos,0,0.0,0,pos
FUN_015906,0,0.0,0,pos,0,0.0,0,pos
FUN_011204,0,0.0,0,pos,0,0.0,0,pos
FUN_006169,186,0.09037900874635568,1,pos_s1638_e1752,108,0.052478134110787174,1,pos_s1638_e1722
FUN_004798,30,0.006720430107526882,0,pos,18,0.004032258064516129,0,pos
FUN_001151,0,0.0,0,pos,0,0.0,0,pos
FUN_005324,0,0.0,0,pos,0,0.0,0,pos
FUN_000795,0,0.0,0,pos,0,0.0,0,pos
FUN_002686,0,0.0,0,pos,0,0.0,0,pos
FUN_008973,0,0.0,0,pos,0,0.0,0,pos
FUN_003724,0,0.0,0,pos,0,0.0,0,pos
FUN_005236,0,0.0,0,pos,0,0.0,0,pos
FUN_011182,138,0.047520661157024795,1,pos_s1734_e1872,60,0.02066115702479339,2,pos_s1752_e1782_s1788_e1818
FUN_016403,0,0.0,0,pos,0,0.0,0,pos
FUN_008725,66,0.14864864864864866,1,pos_s0_e30,18,0.04054054054054054,0,pos
FUN_008126,6,0.0030211480362537764,0,pos,0,0.0,0,pos
FUN_002629,36,0.011764705882352941,1,pos_s1074_e1104,0,0.0,0,pos
FUN_001587,0,0.0,0,pos,0,0.0,0,pos
FUN_006986,24,0.011494252873563218,0,pos,0,0.0,0,pos
FUN_006383,282,0.0914396887159533,3,pos_s1878_e1956_s2028_e2118_s2346_e2436,132,0.042801556420233464,2,pos_s1878_e1932_s2358_e2436
FUN_010423,0,0.0,0,pos,0,0.0,0,pos
FUN_006525,0,0.0,0,pos,0,0.0,0,pos
FUN_001832,300,0.06234413965087282,3,pos_s456_e486_s492_e522_s4482_e4692,138,0.028678304239401497,1,pos_s4500_e4638
FUN_010448,0,0.0,0,pos,0,0.0,0,pos
FUN_010993,0,0.0,0,pos,0,0.0,0,pos
FUN_002057,306,0.03774981495188749,2,pos_s132_e276_s2904_e3018,168,0.02072538860103627,1,pos_s144_e276
FUN_007014,0,0.0,0,pos,0,0.0,0,pos
FUN_012278,0,0.0,0,pos,0,0.0,0,pos
FUN_003123,0,0.0,0,pos,0,0.0,0,pos
FUN_003180,0,0.0,0,pos,0,0.0,0,pos
FUN_006353,18,0.01060070671378092,0,pos,0,0.0,0,pos
FUN_009527,0,0.0,0,pos,0,0.0,0,pos
FUN_004293,42,0.020833333333333332,0,pos,6,0.002976190476190476,0,pos
FUN_010157,0,0.0,0,pos,0,0.0,0,pos
FUN_004598,18,0.010033444816053512,0,pos,18,0.010033444816053512,0,pos
FUN_002331,30,0.011737089201877934,0,pos,0,0.0,0,pos
FUN_010252,0,0.0,0,pos,0,0.0,0,pos
FUN_011300,0,0.0,0,pos,0,0.0,0,pos
FUN_008123,0,0.0,0,pos,0,0.0,0,pos
FUN_008249,84,0.45161290322580644,0,pos,54,0.2903225806451613,1,pos_s102_e156
FUN_003829,0,0.0,0,pos,0,0.0,0,pos
FUN_000183,66,0.016591251885369532,1,pos_s1842_e1896,0,0.0,0,pos
FUN_011091,0,0.0,0,pos,0,0.0,0,pos
FUN_010995,12,0.004524886877828055,0,pos,0,0.0,0,pos
FUN_006129,234,0.10263157894736842,2,pos_s420_e492_s1086_e1176,96,0.042105263157894736,1,pos_s1086_e1170
FUN_007123,18,0.009584664536741214,0,pos,0,0.0,0,pos
FUN_009840,0,0.0,0,pos,0,0.0,0,pos
FUN_016262,0,0.0,0,pos,0,0.0,0,pos
FUN_000773,0,0.0,0,pos,0,0.0,0,pos
FUN_005141,0,0.0,0,pos,0,0.0,0,pos
FUN_004356,0,0.0,0,pos,0,0.0,0,pos
FUN_016327,0,0.0,0,pos,0,0.0,0,pos
FUN_004287,0,0.0,0,pos,0,0.0,0,pos
FUN_016823,0,0.0,0,pos,0,0.0,0,pos
FUN_005626,0,0.0,0,pos,0,0.0,0,pos
FUN_015976,0,0.0,0,pos,0,0.0,0,pos
FUN_015533,114,0.0389344262295082,1,pos_s786_e900,114,0.0389344262295082,1,pos_s786_e900
FUN_009037,0,0.0,0,pos,0,0.0,0,pos
FUN_002598,0,0.0,0,pos,0,0.0,0,pos
FUN_003075,0,0.0,0,pos,0,0.0,0,pos
FUN_000779,210,0.062388591800356503,1,pos_s1374_e1572,102,0.030303030303030304,2,pos_s1416_e1446_s1452_e1524
FUN_007927,0,0.0,0,pos,0,0.0,0,pos
FUN_012542,0,0.0,0,pos,0,0.0,0,pos
FUN_005754,0,0.0,0,pos,0,0.0,0,pos
FUN_011127,0,0.0,0,pos,0,0.0,0,pos
FUN_008690,0,0.0,0,pos,0,0.0,0,pos
FUN_016010,0,0.0,0,pos,0,0.0,0,pos
FUN_006729,126,0.0525,2,pos_s1368_e1398_s2004_e2046,30,0.0125,0,pos
FUN_003717,0,0.0,0,pos,0,0.0,0,pos
FUN_006557,0,0.0,0,pos,0,0.0,0,pos
FUN_006687,0,0.0,0,pos,0,0.0,0,pos
FUN_007594,0,0.0,0,pos,0,0.0,0,pos
FUN_002266,192,0.05653710247349823,2,pos_s666_e732_s2646_e2760,144,0.04240282685512368,3,pos_s672_e732_s2646_e2700_s2712_e2742
FUN_010415,36,0.03571428571428571,0,pos,6,0.005952380952380952,0,pos
FUN_001981,228,0.2992125984251969,3,pos_s36_e120_s150_e192_s438_e540,12,0.015748031496062992,0,pos
FUN_001550,42,0.06666666666666667,0,pos,0,0.0,0,pos
FUN_015772,0,0.0,0,pos,0,0.0,0,pos
FUN_006363,102,0.1827956989247312,2,pos_s222_e258_s414_e444,18,0.03225806451612903,0,pos
FUN_015513,0,0.0,0,pos,0,0.0,0,pos
FUN_012008,6,0.027777777777777776,0,pos,0,0.0,0,pos
FUN_004057,0,0.0,0,pos,0,0.0,0,pos
FUN_016064,0,0.0,0,pos,0,0.0,0,pos
FUN_006132,0,0.0,0,pos,0,0.0,0,pos
FUN_004223,108,0.06844106463878327,1,pos_s1476_e1542,6,0.0038022813688212928,0,pos
FUN_000739,0,0.0,0,pos,0,0.0,0,pos
FUN_005574,0,0.0,0,pos,0,0.0,0,pos
FUN_008853,0,0.0,0,pos,0,0.0,0,pos
FUN_006822,60,0.23255813953488372,1,pos_s84_e144,0,0.0,0,pos
FUN_007418,0,0.0,0,pos,0,0.0,0,pos
FUN_001007,30,0.006775067750677507,1,pos_s3150_e3180,0,0.0,0,pos
FUN_010063,0,0.0,0,pos,0,0.0,0,pos
FUN_012490,0,0.0,0,pos,0,0.0,0,pos
FUN_005963,0,0.0,0,pos,0,0.0,0,pos
FUN_003304,0,0.0,0,pos,0,0.0,0,pos
FUN_008926,60,0.04950495049504951,1,pos_s684_e744,0,0.0,0,pos
FUN_007647,0,0.0,0,pos,0,0.0,0,pos
FUN_016489,0,0.0,0,pos,0,0.0,0,pos
FUN_003741,0,0.0,0,pos,0,0.0,0,pos
FUN_011378,12,0.004366812227074236,0,pos,0,0.0,0,pos
FUN_006875,126,0.10880829015544041,2,pos_s654_e690_s972_e1002,0,0.0,0,pos
FUN_007511,0,0.0,0,pos,0,0.0,0,pos
FUN_002625,0,0.0,0,pos,0,0.0,0,pos
FUN_010856,0,0.0,0,pos,0,0.0,0,pos
FUN_003172,0,0.0,0,pos,0,0.0,0,pos
FUN_009531,90,0.03303964757709251,2,pos_s1698_e1734_s1758_e1800,0,0.0,0,pos
FUN_008337,0,0.0,0,pos,0,0.0,0,pos
FUN_015949,0,0.0,0,pos,0,0.0,0,pos
FUN_005007,84,0.020989505247376312,1,pos_s1080_e1146,0,0.0,0,pos
FUN_008212,12,0.003257328990228013,0,pos,0,0.0,0,pos
FUN_003659,0,0.0,0,pos,0,0.0,0,pos
FUN_003645,0,0.0,0,pos,0,0.0,0,pos
FUN_005507,0,0.0,0,pos,0,0.0,0,pos
FUN_003492,78,0.06280193236714976,0,pos,48,0.03864734299516908,1,pos_s1176_e1206
FUN_007354,96,0.003128666405944466,1,pos_s17424_e17520,0,0.0,0,pos
FUN_016518,0,0.0,0,pos,0,0.0,0,pos
FUN_015877,0,0.0,0,pos,0,0.0,0,pos
FUN_004438,0,0.0,0,pos,0,0.0,0,pos
FUN_007849,42,0.02631578947368421,1,pos_s6_e48,24,0.015037593984962405,0,pos
FUN_015761,0,0.0,0,pos,0,0.0,0,pos
FUN_001778,0,0.0,0,pos,0,0.0,0,pos
FUN_009563,288,0.12903225806451613,5,pos_s252_e312_s336_e366_s384_e426_s480_e522_s2058_e2172,6,0.002688172043010753,0,pos
FUN_015620,0,0.0,0,pos,0,0.0,0,pos
FUN_006008,30,0.01278772378516624,1,pos_s60_e90,0,0.0,0,pos
FUN_004109,0,0.0,0,pos,0,0.0,0,pos
FUN_011942,0,0.0,0,pos,0,0.0,0,pos
FUN_010107,0,0.0,0,pos,0,0.0,0,pos
FUN_010860,0,0.0,0,pos,0,0.0,0,pos
FUN_009545,0,0.0,0,pos,0,0.0,0,pos
FUN_003636,0,0.0,0,pos,0,0.0,0,pos
FUN_015804,0,0.0,0,pos,0,0.0,0,pos
FUN_010300,408,0.10194902548725637,5,pos_s516_e552_s1224_e1266_s2334_e2448_s2568_e2634_s2640_e2754,216,0.053973013493253376,2,pos_s2376_e2442_s2640_e2754
FUN_016370,0,0.0,0,pos,0,0.0,0,pos
FUN_008609,0,0.0,0,pos,0,0.0,0,pos
FUN_008989,468,0.11271676300578035,6,pos_s1032_e1068_s1914_e2010_s2160_e2202_s3444_e3480_s3648_e3684_s3720_e3756,60,0.014450867052023121,1,pos_s1920_e1956
FUN_008543,0,0.0,0,pos,0,0.0,0,pos
FUN_002548,54,0.07964601769911504,1,pos_s222_e276,0,0.0,0,pos
FUN_005256,72,0.014492753623188406,1,pos_s288_e342,0,0.0,0,pos
FUN_004795,138,0.08550185873605948,1,pos_s1254_e1326,30,0.01858736059479554,1,pos_s1278_e1308
FUN_004847,0,0.0,0,pos,0,0.0,0,pos
FUN_001877,84,0.10071942446043165,1,pos_s198_e282,0,0.0,0,pos
FUN_007341,552,0.32857142857142857,5,pos_s150_e300_s852_e924_s1128_e1176_s1266_e1302_s1338_e1554,96,0.05714285714285714,1,pos_s192_e246
FUN_012173,0,0.0,0,pos,0,0.0,0,pos
FUN_003024,0,0.0,0,pos,0,0.0,0,pos
FUN_003650,0,0.0,0,pos,0,0.0,0,pos
FUN_007717,174,0.06157112526539278,2,pos_s570_e600_s1332_e1440,18,0.006369426751592357,0,pos
FUN_007918,0,0.0,0,pos,0,0.0,0,pos
FUN_010551,0,0.0,0,pos,0,0.0,0,pos
FUN_001774,6,0.006756756756756757,0,pos,0,0.0,0,pos
FUN_008099,72,0.10810810810810811,2,pos_s108_e150_s348_e378,0,0.0,0,pos
FUN_015788,0,0.0,0,pos,0,0.0,0,pos
FUN_016261,0,0.0,0,pos,0,0.0,0,pos
FUN_005750,0,0.0,0,pos,0,0.0,0,pos
FUN_009378,0,0.0,0,pos,0,0.0,0,pos
FUN_007959,0,0.0,0,pos,0,0.0,0,pos
FUN_010615,198,0.1064516129032258,2,pos_s528_e612_s1104_e1170,90,0.04838709677419355,1,pos_s528_e612
FUN_004094,0,0.0,0,pos,0,0.0,0,pos
FUN_004082,0,0.0,0,pos,0,0.0,0,pos
FUN_002978,54,0.01764705882352941,1,pos_s2604_e2652,12,0.00392156862745098,0,pos
FUN_000504,6,0.004329004329004329,0,pos,0,0.0,0,pos
FUN_002294,18,0.014705882352941176,0,pos,6,0.004901960784313725,0,pos
FUN_006339,0,0.0,0,pos,0,0.0,0,pos
FUN_006302,0,0.0,0,pos,0,0.0,0,pos
FUN_015525,0,0.0,0,pos,0,0.0,0,pos
FUN_002271,0,0.0,0,pos,0,0.0,0,pos
FUN_003189,0,0.0,0,pos,0,0.0,0,pos
FUN_005073,0,0.0,0,pos,0,0.0,0,pos
FUN_011456,0,0.0,0,pos,0,0.0,0,pos
FUN_008854,0,0.0,0,pos,0,0.0,0,pos
FUN_011531,0,0.0,0,pos,0,0.0,0,pos
FUN_007367,42,0.02880658436213992,0,pos,0,0.0,0,pos
FUN_006648,0,0.0,0,pos,0,0.0,0,pos
FUN_006432,0,0.0,0,pos,0,0.0,0,pos
FUN_005867,0,0.0,0,pos,0,0.0,0,pos
FUN_001478,0,0.0,0,pos,0,0.0,0,pos
FUN_007248,0,0.0,0,pos,0,0.0,0,pos
FUN_004617,108,0.11842105263157894,2,pos_s660_e696_s702_e774,12,0.013157894736842105,0,pos
FUN_007888,0,0.0,0,pos,0,0.0,0,pos
FUN_003048,36,0.06666666666666667,0,pos,0,0.0,0,pos
FUN_004428,246,0.08855291576673865,3,pos_s852_e948_s1008_e1062_s1308_e1356,6,0.0021598272138228943,0,pos
FUN_009755,138,0.11794871794871795,2,pos_s120_e156_s162_e234,6,0.005128205128205128,0,pos
FUN_006549,0,0.0,0,pos,0,0.0,0,pos
FUN_001750,0,0.0,0,pos,0,0.0,0,pos
FUN_006451,36,0.032432432432432434,1,pos_s186_e216,18,0.016216216216216217,0,pos
FUN_009710,0,0.0,0,pos,0,0.0,0,pos
FUN_005889,0,0.0,0,pos,0,0.0,0,pos
FUN_000494,0,0.0,0,pos,0,0.0,0,pos
FUN_001773,0,0.0,0,pos,0,0.0,0,pos
FUN_005943,0,0.0,0,pos,0,0.0,0,pos
FUN_006951,0,0.0,0,pos,0,0.0,0,pos
FUN_002529,0,0.0,0,pos,0,0.0,0,pos
FUN_000268,0,0.0,0,pos,0,0.0,0,pos
FUN_010375,0,0.0,0,pos,0,0.0,0,pos
FUN_011868,0,0.0,0,pos,0,0.0,0,pos
FUN_005988,0,0.0,0,pos,0,0.0,0,pos
FUN_009047,186,0.6739130434782609,2,pos_s0_e72_s84_e132,84,0.30434782608695654,2,pos_s0_e30_s84_e120
FUN_002758,0,0.0,0,pos,0,0.0,0,pos
FUN_001504,0,0.0,0,pos,0,0.0,0,pos
FUN_002216,0,0.0,0,pos,0,0.0,0,pos
FUN_009661,0,0.0,0,pos,0,0.0,0,pos
FUN_011785,0,0.0,0,pos,0,0.0,0,pos
FUN_011744,0,0.0,0,pos,0,0.0,0,pos
FUN_004418,0,0.0,0,pos,0,0.0,0,pos
FUN_002411,0,0.0,0,pos,0,0.0,0,pos
FUN_003008,0,0.0,0,pos,0,0.0,0,pos
FUN_001688,0,0.0,0,pos,0,0.0,0,pos
FUN_010044,0,0.0,0,pos,0,0.0,0,pos
FUN_010581,36,0.020202020202020204,1,pos_s546_e576,6,0.003367003367003367,0,pos
FUN_003204,12,0.01834862385321101,0,pos,0,0.0,0,pos
FUN_015479,0,0.0,0,pos,0,0.0,0,pos
FUN_007664,0,0.0,0,pos,0,0.0,0,pos
FUN_008864,186,0.04512372634643377,3,pos_s1938_e1974_s1992_e2028_s2394_e2448,18,0.004366812227074236,0,pos
FUN_001182,0,0.0,0,pos,0,0.0,0,pos
FUN_010494,0,0.0,0,pos,0,0.0,0,pos
FUN_012445,0,0.0,0,pos,0,0.0,0,pos
FUN_006396,0,0.0,0,pos,0,0.0,0,pos
FUN_004464,144,0.026755852842809364,3,pos_s810_e846_s852_e900_s960_e996,0,0.0,0,pos
FUN_000633,0,0.0,0,pos,0,0.0,0,pos
FUN_002693,84,0.06796116504854369,0,pos,0,0.0,0,pos
FUN_005847,48,0.032520325203252036,1,pos_s102_e144,0,0.0,0,pos
FUN_010701,0,0.0,0,pos,0,0.0,0,pos
FUN_006601,0,0.0,0,pos,0,0.0,0,pos
FUN_016259,0,0.0,0,pos,0,0.0,0,pos
FUN_010621,558,0.13229018492176386,6,pos_s966_e1020_s1476_e1560_s1590_e1656_s2748_e2820_s3408_e3522_s3786_e3888,306,0.07254623044096728,3,pos_s1476_e1554_s3408_e3522_s3804_e3882
FUN_003364,42,0.027777777777777776,1,pos_s654_e696,0,0.0,0,pos
FUN_009535,0,0.0,0,pos,0,0.0,0,pos
FUN_002724,0,0.0,0,pos,0,0.0,0,pos
FUN_004722,6,0.009174311926605505,0,pos,0,0.0,0,pos
FUN_016276,0,0.0,0,pos,0,0.0,0,pos
FUN_002890,0,0.0,0,pos,0,0.0,0,pos
FUN_000644,0,0.0,0,pos,0,0.0,0,pos
FUN_015259,0,0.0,0,pos,0,0.0,0,pos
FUN_006141,0,0.0,0,pos,0,0.0,0,pos
FUN_009604,60,0.013908205841446454,1,pos_s2694_e2754,0,0.0,0,pos
FUN_005464,0,0.0,0,pos,0,0.0,0,pos
FUN_004118,0,0.0,0,pos,0,0.0,0,pos
FUN_010260,0,0.0,0,pos,0,0.0,0,pos
FUN_006427,0,0.0,0,pos,0,0.0,0,pos
FUN_006450,48,0.009456264775413711,1,pos_s1716_e1752,0,0.0,0,pos
FUN_016470,114,0.11176470588235295,1,pos_s204_e318,6,0.0058823529411764705,0,pos
FUN_003482,138,0.03739837398373984,2,pos_s108_e156_s1860_e1902,0,0.0,0,pos
FUN_010120,30,0.07936507936507936,0,pos,0,0.0,0,pos
FUN_003578,0,0.0,0,pos,0,0.0,0,pos
FUN_001183,84,0.050359712230215826,1,pos_s528_e612,0,0.0,0,pos
FUN_003932,60,0.03816793893129771,1,pos_s804_e840,6,0.003816793893129771,0,pos
FUN_012238,0,0.0,0,pos,0,0.0,0,pos
FUN_000050,0,0.0,0,pos,0,0.0,0,pos
FUN_016245,0,0.0,0,pos,0,0.0,0,pos
FUN_001564,0,0.0,0,pos,0,0.0,0,pos
FUN_007552,0,0.0,0,pos,0,0.0,0,pos
FUN_015748,0,0.0,0,pos,0,0.0,0,pos
FUN_000412,0,0.0,0,pos,0,0.0,0,pos
FUN_001028,0,0.0,0,pos,0,0.0,0,pos
FUN_008149,96,0.14814814814814814,2,pos_s0_e54_s576_e618,36,0.05555555555555555,1,pos_s6_e42
FUN_015471,0,0.0,0,pos,0,0.0,0,pos
FUN_009782,0,0.0,0,pos,0,0.0,0,pos
FUN_011500,0,0.0,0,pos,0,0.0,0,pos
FUN_015609,0,0.0,0,pos,0,0.0,0,pos
FUN_002121,0,0.0,0,pos,0,0.0,0,pos
FUN_002311,0,0.0,0,pos,0,0.0,0,pos
FUN_004514,174,0.5,2,pos_s6_e66_s102_e216,108,0.3103448275862069,2,pos_s102_e132_s138_e216
FUN_010317,0,0.0,0,pos,0,0.0,0,pos
FUN_004938,306,0.1191588785046729,3,pos_s750_e912_s1908_e1968_s2034_e2088,114,0.04439252336448598,1,pos_s750_e858
FUN_011498,0,0.0,0,pos,0,0.0,0,pos
FUN_012007,0,0.0,0,pos,0,0.0,0,pos
FUN_015952,0,0.0,0,pos,0,0.0,0,pos
FUN_004930,0,0.0,0,pos,0,0.0,0,pos
FUN_005577,0,0.0,0,pos,0,0.0,0,pos
FUN_005996,42,0.13725490196078433,0,pos,6,0.0196078431372549,0,pos
FUN_006047,138,0.02569832402234637,2,pos_s552_e600_s3918_e3948,0,0.0,0,pos
FUN_008354,0,0.0,0,pos,0,0.0,0,pos
FUN_003818,0,0.0,0,pos,0,0.0,0,pos
FUN_005371,102,0.11038961038961038,2,pos_s0_e36_s342_e408,0,0.0,0,pos
FUN_011490,0,0.0,0,pos,0,0.0,0,pos
FUN_016363,0,0.0,0,pos,0,0.0,0,pos
FUN_012430,0,0.0,0,pos,0,0.0,0,pos
FUN_002997,0,0.0,0,pos,0,0.0,0,pos
FUN_001155,0,0.0,0,pos,0,0.0,0,pos
FUN_007646,66,0.046610169491525424,1,pos_s516_e582,0,0.0,0,pos
FUN_009539,0,0.0,0,pos,0,0.0,0,pos
FUN_016477,0,0.0,0,pos,0,0.0,0,pos
FUN_008921,0,0.0,0,pos,0,0.0,0,pos
FUN_011444,36,0.14634146341463414,1,pos_s150_e186,0,0.0,0,pos
FUN_012433,0,0.0,0,pos,0,0.0,0,pos
FUN_001035,60,0.007942811755361398,1,pos_s690_e726,12,0.0015885623510722795,0,pos
FUN_003819,0,0.0,0,pos,0,0.0,0,pos
FUN_006565,0,0.0,0,pos,0,0.0,0,pos
FUN_016228,0,0.0,0,pos,0,0.0,0,pos
FUN_008570,12,0.009216589861751152,0,pos,0,0.0,0,pos
FUN_009562,0,0.0,0,pos,0,0.0,0,pos
FUN_008627,0,0.0,0,pos,0,0.0,0,pos
FUN_010032,0,0.0,0,pos,0,0.0,0,pos
FUN_001499,0,0.0,0,pos,0,0.0,0,pos
FUN_006247,0,0.0,0,pos,0,0.0,0,pos
FUN_015368,0,0.0,0,pos,0,0.0,0,pos
FUN_003540,6,0.003367003367003367,0,pos,0,0.0,0,pos
FUN_007288,0,0.0,0,pos,0,0.0,0,pos
FUN_015276,0,0.0,0,pos,0,0.0,0,pos
FUN_006397,0,0.0,0,pos,0,0.0,0,pos
FUN_015956,0,0.0,0,pos,0,0.0,0,pos
FUN_009622,60,0.014104372355430184,1,pos_s3450_e3486,0,0.0,0,pos
FUN_005315,12,0.004024144869215292,0,pos,0,0.0,0,pos
FUN_006174,0,0.0,0,pos,0,0.0,0,pos
FUN_016029,0,0.0,0,pos,0,0.0,0,pos
FUN_010990,0,0.0,0,pos,0,0.0,0,pos
FUN_004789,0,0.0,0,pos,0,0.0,0,pos
FUN_003301,66,0.03900709219858156,1,pos_s450_e516,54,0.031914893617021274,1,pos_s462_e516
FUN_006485,0,0.0,0,pos,0,0.0,0,pos
FUN_016427,0,0.0,0,pos,0,0.0,0,pos
FUN_007537,600,0.23809523809523808,7,pos_s954_e1032_s1272_e1398_s1536_e1656_s1686_e1728_s1734_e1764_s2046_e2082_s2370_e2400,192,0.0761904761904762,3,pos_s990_e1026_s1284_e1326_s1536_e1596
FUN_007811,360,0.22988505747126436,3,pos_s390_e426_s954_e1134_s1158_e1272,264,0.1685823754789272,3,pos_s954_e1020_s1026_e1134_s1194_e1272
FUN_010496,0,0.0,0,pos,0,0.0,0,pos
FUN_008635,0,0.0,0,pos,0,0.0,0,pos
FUN_016383,0,0.0,0,pos,0,0.0,0,pos
FUN_006809,0,0.0,0,pos,0,0.0,0,pos
FUN_000862,282,0.091796875,3,pos_s318_e426_s540_e624_s1350_e1428,78,0.025390625,2,pos_s324_e372_s384_e414
FUN_011892,0,0.0,0,pos,0,0.0,0,pos
FUN_009459,6,0.03571428571428571,0,pos,0,0.0,0,pos
FUN_008551,0,0.0,0,pos,0,0.0,0,pos
FUN_004443,0,0.0,0,pos,0,0.0,0,pos
FUN_008821,12,0.007220216606498195,0,pos,0,0.0,0,pos
FUN_004021,42,0.0137524557956778,0,pos,12,0.003929273084479371,0,pos
FUN_004884,0,0.0,0,pos,0,0.0,0,pos
FUN_001963,0,0.0,0,pos,0,0.0,0,pos
FUN_010570,0,0.0,0,pos,0,0.0,0,pos
FUN_009083,66,0.13924050632911392,0,pos,0,0.0,0,pos
FUN_006436,174,0.4084507042253521,1,pos_s126_e240,6,0.014084507042253521,0,pos
FUN_012006,0,0.0,0,pos,0,0.0,0,pos
FUN_000033,0,0.0,0,pos,0,0.0,0,pos
FUN_003005,0,0.0,0,pos,0,0.0,0,pos
FUN_003825,0,0.0,0,pos,0,0.0,0,pos
FUN_005519,0,0.0,0,pos,0,0.0,0,pos
FUN_016395,0,0.0,0,pos,0,0.0,0,pos
FUN_005583,6,0.008333333333333333,0,pos,6,0.008333333333333333,0,pos
FUN_010083,324,0.08307692307692308,4,pos_s900_e972_s978_e1044_s1182_e1296_s1800_e1836,162,0.04153846153846154,3,pos_s1002_e1038_s1182_e1254_s1800_e1836
FUN_015586,0,0.0,0,pos,0,0.0,0,pos
FUN_015685,0,0.0,0,pos,0,0.0,0,pos
FUN_002390,0,0.0,0,pos,0,0.0,0,pos
FUN_010175,6,0.0035211267605633804,0,pos,0,0.0,0,pos
FUN_000073,18,0.02631578947368421,0,pos,0,0.0,0,pos
FUN_002819,0,0.0,0,pos,0,0.0,0,pos
FUN_009362,0,0.0,0,pos,0,0.0,0,pos
FUN_004689,108,0.1111111111111111,1,pos_s288_e336,0,0.0,0,pos
FUN_000772,0,0.0,0,pos,0,0.0,0,pos
FUN_010060,0,0.0,0,pos,0,0.0,0,pos
FUN_016325,0,0.0,0,pos,0,0.0,0,pos
FUN_006765,96,0.025,2,pos_s402_e450_s2328_e2376,42,0.0109375,1,pos_s2328_e2370
FUN_003985,114,0.031932773109243695,1,pos_s942_e1038,36,0.010084033613445379,1,pos_s942_e978
FUN_002347,120,0.07604562737642585,1,pos_s666_e720,66,0.04182509505703422,1,pos_s666_e696
FUN_012215,0,0.0,0,pos,0,0.0,0,pos
FUN_016154,72,0.03183023872679045,1,pos_s348_e390,42,0.01856763925729443,1,pos_s354_e390
FUN_011483,0,0.0,0,pos,0,0.0,0,pos
FUN_003566,0,0.0,0,pos,0,0.0,0,pos
FUN_011354,66,0.06470588235294118,1,pos_s12_e60,0,0.0,0,pos
FUN_009160,6,0.010416666666666666,0,pos,0,0.0,0,pos
FUN_010351,0,0.0,0,pos,0,0.0,0,pos
FUN_008845,0,0.0,0,pos,0,0.0,0,pos
FUN_006493,0,0.0,0,pos,0,0.0,0,pos
FUN_016725,0,0.0,0,pos,0,0.0,0,pos
FUN_009373,0,0.0,0,pos,0,0.0,0,pos
FUN_007061,108,0.037815126050420166,1,pos_s1788_e1878,60,0.02100840336134454,1,pos_s1788_e1836
FUN_007370,0,0.0,0,pos,0,0.0,0,pos
FUN_008072,18,0.014634146341463415,0,pos,0,0.0,0,pos
FUN_003356,0,0.0,0,pos,0,0.0,0,pos
FUN_010605,48,0.013333333333333334,0,pos,0,0.0,0,pos
FUN_008367,0,0.0,0,pos,0,0.0,0,pos
FUN_006075,0,0.0,0,pos,0,0.0,0,pos
FUN_000096,228,0.055232558139534885,2,pos_s2010_e2118_s3960_e4014,0,0.0,0,pos
FUN_006087,0,0.0,0,pos,0,0.0,0,pos
FUN_008361,18,0.04285714285714286,0,pos,0,0.0,0,pos
FUN_009568,168,0.12903225806451613,1,pos_s36_e204,36,0.027649769585253458,0,pos
FUN_002920,0,0.0,0,pos,0,0.0,0,pos
FUN_006639,0,0.0,0,pos,0,0.0,0,pos
FUN_015901,0,0.0,0,pos,0,0.0,0,pos
FUN_001017,348,0.04911092294665537,3,pos_s918_e1032_s1044_e1098_s1512_e1662,72,0.010160880609652836,2,pos_s918_e948_s966_e1002
FUN_015327,0,0.0,0,pos,0,0.0,0,pos
FUN_002915,0,0.0,0,pos,0,0.0,0,pos
FUN_010380,150,0.09259259259259259,1,pos_s1386_e1518,102,0.06296296296296296,1,pos_s1428_e1518
FUN_000838,0,0.0,0,pos,0,0.0,0,pos
FUN_000277,6,0.0035211267605633804,0,pos,0,0.0,0,pos
FUN_003814,0,0.0,0,pos,0,0.0,0,pos
FUN_004677,0,0.0,0,pos,0,0.0,0,pos
FUN_008935,54,0.10465116279069768,1,pos_s246_e276,0,0.0,0,pos
FUN_016406,0,0.0,0,pos,0,0.0,0,pos
FUN_000042,0,0.0,0,pos,0,0.0,0,pos
FUN_011263,0,0.0,0,pos,0,0.0,0,pos
FUN_010258,84,0.046822742474916385,1,pos_s36_e96,0,0.0,0,pos
FUN_003440,12,0.008298755186721992,0,pos,0,0.0,0,pos
FUN_002532,0,0.0,0,pos,0,0.0,0,pos
FUN_007985,6,0.006289308176100629,0,pos,0,0.0,0,pos
FUN_007687,0,0.0,0,pos,0,0.0,0,pos
FUN_016101,0,0.0,0,pos,0,0.0,0,pos
FUN_001471,42,0.026923076923076925,1,pos_s402_e444,0,0.0,0,pos
FUN_000709,0,0.0,0,pos,0,0.0,0,pos
FUN_002669,0,0.0,0,pos,0,0.0,0,pos
FUN_000184,0,0.0,0,pos,0,0.0,0,pos
FUN_005151,0,0.0,0,pos,0,0.0,0,pos
FUN_000676,0,0.0,0,pos,0,0.0,0,pos
FUN_011996,0,0.0,0,pos,0,0.0,0,pos
FUN_008218,0,0.0,0,pos,0,0.0,0,pos
FUN_010945,0,0.0,0,pos,0,0.0,0,pos
FUN_015308,0,0.0,0,pos,0,0.0,0,pos
FUN_012174,0,0.0,0,pos,0,0.0,0,pos
FUN_015635,0,0.0,0,pos,0,0.0,0,pos
FUN_005778,0,0.0,0,pos,0,0.0,0,pos
FUN_012068,0,0.0,0,pos,0,0.0,0,pos
FUN_005117,0,0.0,0,pos,0,0.0,0,pos
FUN_003188,0,0.0,0,pos,0,0.0,0,pos
FUN_003902,0,0.0,0,pos,0,0.0,0,pos
FUN_012142,0,0.0,0,pos,0,0.0,0,pos
FUN_006520,0,0.0,0,pos,0,0.0,0,pos
FUN_004062,0,0.0,0,pos,0,0.0,0,pos
FUN_006442,48,0.03463203463203463,1,pos_s660_e690,0,0.0,0,pos
FUN_008533,0,0.0,0,pos,0,0.0,0,pos
FUN_004394,0,0.0,0,pos,0,0.0,0,pos
FUN_007277,24,0.01486988847583643,0,pos,0,0.0,0,pos
FUN_006329,0,0.0,0,pos,0,0.0,0,pos
FUN_002537,0,0.0,0,pos,0,0.0,0,pos
FUN_015251,0,0.0,0,pos,0,0.0,0,pos
FUN_003079,36,0.016216216216216217,1,pos_s522_e558,0,0.0,0,pos
FUN_004900,18,0.003054989816700611,0,pos,0,0.0,0,pos
FUN_004831,0,0.0,0,pos,0,0.0,0,pos
FUN_010576,90,0.2054794520547945,1,pos_s312_e390,0,0.0,0,pos
FUN_003716,60,0.06451612903225806,1,pos_s0_e48,6,0.0064516129032258064,0,pos
FUN_006213,0,0.0,0,pos,0,0.0,0,pos
FUN_001341,0,0.0,0,pos,0,0.0,0,pos
FUN_011724,0,0.0,0,pos,0,0.0,0,pos
FUN_016148,0,0.0,0,pos,0,0.0,0,pos
FUN_008997,18,0.016304347826086956,0,pos,6,0.005434782608695652,0,pos
FUN_006563,42,0.026515151515151516,0,pos,0,0.0,0,pos
FUN_008526,0,0.0,0,pos,0,0.0,0,pos
FUN_002952,0,0.0,0,pos,0,0.0,0,pos
FUN_008046,0,0.0,0,pos,0,0.0,0,pos
FUN_015655,0,0.0,0,pos,0,0.0,0,pos
FUN_008228,126,0.031914893617021274,2,pos_s780_e840_s3180_e3234,24,0.0060790273556231,0,pos
FUN_009414,0,0.0,0,pos,0,0.0,0,pos
FUN_008137,0,0.0,0,pos,0,0.0,0,pos
FUN_005660,12,0.00625,0,pos,0,0.0,0,pos
FUN_007196,0,0.0,0,pos,0,0.0,0,pos
FUN_005790,42,0.02631578947368421,1,pos_s426_e462,6,0.0037593984962406013,0,pos
FUN_000924,0,0.0,0,pos,0,0.0,0,pos
FUN_001423,0,0.0,0,pos,0,0.0,0,pos
FUN_001237,0,0.0,0,pos,0,0.0,0,pos
FUN_001019,150,0.036390101892285295,2,pos_s822_e918_s1830_e1872,0,0.0,0,pos
FUN_008365,0,0.0,0,pos,0,0.0,0,pos
FUN_000350,66,0.14666666666666667,0,pos,0,0.0,0,pos
FUN_005549,0,0.0,0,pos,0,0.0,0,pos
FUN_003127,18,0.016042780748663103,0,pos,0,0.0,0,pos
FUN_012325,0,0.0,0,pos,0,0.0,0,pos
FUN_006599,66,0.06285714285714286,1,pos_s54_e120,0,0.0,0,pos
FUN_009561,0,0.0,0,pos,0,0.0,0,pos
FUN_008024,12,0.005952380952380952,0,pos,0,0.0,0,pos
FUN_005808,0,0.0,0,pos,0,0.0,0,pos
FUN_004977,0,0.0,0,pos,0,0.0,0,pos
FUN_000154,0,0.0,0,pos,0,0.0,0,pos
FUN_005874,0,0.0,0,pos,0,0.0,0,pos
FUN_000769,0,0.0,0,pos,0,0.0,0,pos
FUN_009139,690,0.09795570698466781,8,pos_s3084_e3186_s3504_e3534_s3768_e3798_s3834_e3948_s3966_e4122_s5724_e5838_s6384_e6414_s6528_e6558,426,0.06047700170357751,6,pos_s3120_e3186_s3834_e3948_s4038_e4068_s4080_e4122_s5736_e5814_s6528_e6558
FUN_003499,0,0.0,0,pos,0,0.0,0,pos
FUN_008317,0,0.0,0,pos,0,0.0,0,pos
FUN_015992,0,0.0,0,pos,0,0.0,0,pos
FUN_001645,12,0.020833333333333332,0,pos,0,0.0,0,pos
FUN_007257,0,0.0,0,pos,0,0.0,0,pos
FUN_015852,0,0.0,0,pos,0,0.0,0,pos
FUN_001204,0,0.0,0,pos,0,0.0,0,pos
FUN_001283,0,0.0,0,pos,0,0.0,0,pos
FUN_002616,42,0.02280130293159609,1,pos_s390_e432,0,0.0,0,pos
FUN_004201,0,0.0,0,pos,0,0.0,0,pos
FUN_003058,108,0.0694980694980695,2,pos_s1158_e1188_s1194_e1272,18,0.011583011583011582,0,pos
FUN_008283,0,0.0,0,pos,0,0.0,0,pos
FUN_012316,0,0.0,0,pos,0,0.0,0,pos
FUN_005631,12,0.015151515151515152,0,pos,0,0.0,0,pos
FUN_001255,0,0.0,0,pos,0,0.0,0,pos
FUN_004912,0,0.0,0,pos,0,0.0,0,pos
FUN_012310,0,0.0,0,pos,0,0.0,0,pos
FUN_000910,6,0.005917159763313609,0,pos,6,0.005917159763313609,0,pos
FUN_003541,0,0.0,0,pos,0,0.0,0,pos
FUN_009245,54,0.05172413793103448,1,pos_s384_e438,54,0.05172413793103448,1,pos_s384_e438
FUN_005538,90,0.0641025641025641,1,pos_s1086_e1140,6,0.004273504273504274,0,pos
FUN_003097,0,0.0,0,pos,0,0.0,0,pos
FUN_009674,0,0.0,0,pos,0,0.0,0,pos
FUN_015706,0,0.0,0,pos,0,0.0,0,pos
FUN_008742,0,0.0,0,pos,0,0.0,0,pos
FUN_000501,12,0.004975124378109453,0,pos,0,0.0,0,pos
FUN_002288,18,0.01507537688442211,0,pos,0,0.0,0,pos
FUN_009162,0,0.0,0,pos,0,0.0,0,pos
FUN_007753,0,0.0,0,pos,0,0.0,0,pos
FUN_005659,0,0.0,0,pos,0,0.0,0,pos
FUN_004777,0,0.0,0,pos,0,0.0,0,pos
FUN_003817,18,0.02857142857142857,0,pos,0,0.0,0,pos
FUN_005748,0,0.0,0,pos,0,0.0,0,pos
FUN_008886,0,0.0,0,pos,0,0.0,0,pos
FUN_005051,0,0.0,0,pos,0,0.0,0,pos
FUN_008132,0,0.0,0,pos,0,0.0,0,pos
FUN_010436,0,0.0,0,pos,0,0.0,0,pos
FUN_003579,0,0.0,0,pos,0,0.0,0,pos
FUN_009552,0,0.0,0,pos,0,0.0,0,pos
FUN_006147,0,0.0,0,pos,0,0.0,0,pos
FUN_006866,0,0.0,0,pos,0,0.0,0,pos
FUN_003964,0,0.0,0,pos,0,0.0,0,pos
FUN_005164,0,0.0,0,pos,0,0.0,0,pos
FUN_002662,0,0.0,0,pos,0,0.0,0,pos
FUN_007629,0,0.0,0,pos,0,0.0,0,pos
FUN_004676,0,0.0,0,pos,0,0.0,0,pos
FUN_002177,108,0.10465116279069768,1,pos_s468_e576,60,0.05813953488372093,1,pos_s468_e522
FUN_005916,0,0.0,0,pos,0,0.0,0,pos
FUN_004819,6,0.007874015748031496,0,pos,0,0.0,0,pos
FUN_009603,0,0.0,0,pos,0,0.0,0,pos
FUN_001690,0,0.0,0,pos,0,0.0,0,pos
FUN_003856,432,0.12478336221837089,2,pos_s246_e498_s750_e912,258,0.07452339688041594,3,pos_s306_e438_s444_e498_s840_e888
FUN_004666,0,0.0,0,pos,0,0.0,0,pos
FUN_012110,0,0.0,0,pos,0,0.0,0,pos
FUN_006940,0,0.0,0,pos,0,0.0,0,pos
FUN_002129,0,0.0,0,pos,0,0.0,0,pos
FUN_004638,0,0.0,0,pos,0,0.0,0,pos
FUN_000445,0,0.0,0,pos,0,0.0,0,pos
FUN_016336,0,0.0,0,pos,0,0.0,0,pos
FUN_004871,0,0.0,0,pos,0,0.0,0,pos
FUN_011524,0,0.0,0,pos,0,0.0,0,pos
FUN_011146,90,0.12096774193548387,2,pos_s564_e594_s642_e684,42,0.056451612903225805,1,pos_s642_e684
FUN_010583,0,0.0,0,pos,0,0.0,0,pos
FUN_006036,0,0.0,0,pos,0,0.0,0,pos
FUN_000520,0,0.0,0,pos,0,0.0,0,pos
FUN_011820,0,0.0,0,pos,0,0.0,0,pos
FUN_010382,0,0.0,0,pos,0,0.0,0,pos
FUN_002380,150,0.19083969465648856,1,pos_s198_e312,54,0.06870229007633588,1,pos_s204_e240
FUN_006921,0,0.0,0,pos,0,0.0,0,pos
FUN_011166,0,0.0,0,pos,0,0.0,0,pos
FUN_011940,0,0.0,0,pos,0,0.0,0,pos
FUN_001856,0,0.0,0,pos,0,0.0,0,pos
FUN_004010,0,0.0,0,pos,0,0.0,0,pos
FUN_010154,0,0.0,0,pos,0,0.0,0,pos
FUN_006990,54,0.02903225806451613,1,pos_s402_e444,0,0.0,0,pos
FUN_002028,0,0.0,0,pos,0,0.0,0,pos
FUN_007035,12,0.01680672268907563,0,pos,12,0.01680672268907563,0,pos
FUN_005544,0,0.0,0,pos,0,0.0,0,pos
FUN_010624,0,0.0,0,pos,0,0.0,0,pos
FUN_001203,6,0.008264462809917356,0,pos,6,0.008264462809917356,0,pos
FUN_011437,222,0.1581196581196581,2,pos_s774_e804_s1224_e1362,120,0.08547008547008547,1,pos_s1224_e1338
FUN_001852,0,0.0,0,pos,0,0.0,0,pos
FUN_008822,96,0.1523809523809524,2,pos_s312_e372_s498_e534,0,0.0,0,pos
FUN_007693,0,0.0,0,pos,0,0.0,0,pos
FUN_010708,48,0.041025641025641026,1,pos_s30_e78,0,0.0,0,pos
FUN_011132,60,0.1724137931034483,1,pos_s192_e234,6,0.017241379310344827,0,pos
FUN_006510,144,0.020134228187919462,2,pos_s3336_e3366_s3804_e3846,0,0.0,0,pos
FUN_008397,0,0.0,0,pos,0,0.0,0,pos
FUN_011093,66,0.03942652329749104,0,pos,24,0.014336917562724014,0,pos
FUN_011315,756,0.2903225806451613,9,pos_s114_e252_s366_e396_s636_e684_s798_e858_s1080_e1194_s1392_e1464_s2034_e2082_s2178_e2292_s2400_e2484,414,0.15898617511520738,3,pos_s120_e252_s1080_e1194_s2196_e2292
FUN_006060,24,0.13793103448275862,0,pos,6,0.034482758620689655,0,pos
FUN_009136,30,0.01730103806228374,1,pos_s498_e528,0,0.0,0,pos
FUN_015369,0,0.0,0,pos,0,0.0,0,pos
FUN_000813,0,0.0,0,pos,0,0.0,0,pos
FUN_010249,0,0.0,0,pos,0,0.0,0,pos
FUN_005743,0,0.0,0,pos,0,0.0,0,pos
FUN_003766,0,0.0,0,pos,0,0.0,0,pos
FUN_009857,0,0.0,0,pos,0,0.0,0,pos
FUN_003805,0,0.0,0,pos,0,0.0,0,pos
FUN_010940,324,0.072,2,pos_s2010_e2046_s3360_e3474,0,0.0,0,pos
FUN_006995,0,0.0,0,pos,0,0.0,0,pos
FUN_016296,0,0.0,0,pos,0,0.0,0,pos
FUN_007526,24,0.024242424242424242,0,pos,0,0.0,0,pos
FUN_011734,0,0.0,0,pos,0,0.0,0,pos
FUN_007852,84,0.07216494845360824,1,pos_s258_e342,0,0.0,0,pos
FUN_001536,0,0.0,0,pos,0,0.0,0,pos
FUN_010646,0,0.0,0,pos,0,0.0,0,pos
FUN_015808,0,0.0,0,pos,0,0.0,0,pos
FUN_004053,6,0.0029850746268656717,0,pos,0,0.0,0,pos
FUN_016800,6,0.0030864197530864196,0,pos,6,0.0030864197530864196,0,pos
FUN_016721,0,0.0,0,pos,0,0.0,0,pos
FUN_007813,12,0.04081632653061224,0,pos,0,0.0,0,pos
FUN_009730,96,0.07017543859649122,2,pos_s720_e750_s1194_e1254,12,0.008771929824561403,0,pos
FUN_006080,18,0.004893964110929853,0,pos,0,0.0,0,pos
FUN_010631,0,0.0,0,pos,0,0.0,0,pos
FUN_010283,0,0.0,0,pos,0,0.0,0,pos
FUN_002113,24,0.005641748942172073,0,pos,0,0.0,0,pos
FUN_005857,0,0.0,0,pos,0,0.0,0,pos
FUN_001354,0,0.0,0,pos,0,0.0,0,pos
FUN_015629,0,0.0,0,pos,0,0.0,0,pos
FUN_009022,6,0.0015060240963855422,0,pos,0,0.0,0,pos
FUN_006314,0,0.0,0,pos,0,0.0,0,pos
FUN_008621,0,0.0,0,pos,0,0.0,0,pos
FUN_003546,384,0.1292929292929293,5,pos_s564_e642_s696_e780_s786_e846_s2112_e2160_s2484_e2556,198,0.06666666666666667,2,pos_s570_e642_s2484_e2556
FUN_004227,90,0.16129032258064516,1,pos_s390_e480,0,0.0,0,pos
FUN_006280,0,0.0,0,pos,0,0.0,0,pos
FUN_004235,0,0.0,0,pos,0,0.0,0,pos
FUN_010253,0,0.0,0,pos,0,0.0,0,pos
FUN_004675,0,0.0,0,pos,0,0.0,0,pos
FUN_010487,126,0.0726643598615917,1,pos_s1290_e1380,0,0.0,0,pos
FUN_008230,114,0.06031746031746032,1,pos_s1044_e1158,0,0.0,0,pos
FUN_001580,0,0.0,0,pos,0,0.0,0,pos
FUN_001123,6,0.038461538461538464,0,pos,0,0.0,0,pos
FUN_006637,0,0.0,0,pos,0,0.0,0,pos
FUN_012092,0,0.0,0,pos,0,0.0,0,pos
FUN_006398,6,0.005434782608695652,0,pos,0,0.0,0,pos
FUN_011168,102,0.08018867924528301,1,pos_s1002_e1086,72,0.05660377358490566,1,pos_s1014_e1086
FUN_010061,0,0.0,0,pos,0,0.0,0,pos
FUN_003561,54,0.10112359550561797,1,pos_s168_e222,6,0.011235955056179775,0,pos
FUN_004433,0,0.0,0,pos,0,0.0,0,pos
FUN_000928,0,0.0,0,pos,0,0.0,0,pos
FUN_003467,168,0.1308411214953271,2,pos_s600_e672_s720_e774,54,0.04205607476635514,1,pos_s618_e666
FUN_005757,156,0.042833607907743,1,pos_s618_e762,90,0.02471169686985173,2,pos_s618_e654_s690_e732
FUN_008780,0,0.0,0,pos,0,0.0,0,pos
FUN_000765,54,0.05172413793103448,1,pos_s108_e162,0,0.0,0,pos
FUN_004387,0,0.0,0,pos,0,0.0,0,pos
FUN_010135,0,0.0,0,pos,0,0.0,0,pos
FUN_006762,282,0.02867602196461257,1,pos_s7770_e8004,162,0.01647345942647956,2,pos_s7788_e7890_s7920_e7968
FUN_006467,0,0.0,0,pos,0,0.0,0,pos
FUN_016646,0,0.0,0,pos,0,0.0,0,pos
FUN_006497,0,0.0,0,pos,0,0.0,0,pos
FUN_010065,564,0.12550066755674233,7,pos_s636_e672_s690_e738_s2724_e2802_s2808_e2838_s3186_e3348_s3450_e3480_s3486_e3522,78,0.017356475300400534,2,pos_s2736_e2766_s3204_e3234
FUN_010230,0,0.0,0,pos,0,0.0,0,pos
FUN_000894,228,0.0057082770016523956,3,pos_s28506_e28566_s34866_e34896_s37986_e38046,0,0.0,0,pos
FUN_003660,0,0.0,0,pos,0,0.0,0,pos
FUN_009679,0,0.0,0,pos,0,0.0,0,pos
FUN_016439,0,0.0,0,pos,0,0.0,0,pos
FUN_002378,0,0.0,0,pos,0,0.0,0,pos
FUN_000364,0,0.0,0,pos,0,0.0,0,pos
FUN_004845,0,0.0,0,pos,0,0.0,0,pos
FUN_006012,0,0.0,0,pos,0,0.0,0,pos
FUN_006647,0,0.0,0,pos,0,0.0,0,pos
FUN_004641,30,0.08928571428571429,1,pos_s12_e42,30,0.08928571428571429,1,pos_s12_e42
FUN_012419,0,0.0,0,pos,0,0.0,0,pos
FUN_007347,0,0.0,0,pos,0,0.0,0,pos
FUN_005243,0,0.0,0,pos,0,0.0,0,pos
FUN_001452,0,0.0,0,pos,0,0.0,0,pos
FUN_009816,48,0.010596026490066225,1,pos_s3552_e3582,0,0.0,0,pos
FUN_001138,138,0.01471529110684581,1,pos_s624_e738,60,0.006397952655150352,1,pos_s672_e708
FUN_016804,0,0.0,0,pos,0,0.0,0,pos
FUN_016419,0,0.0,0,pos,0,0.0,0,pos
FUN_008940,0,0.0,0,pos,0,0.0,0,pos
FUN_010197,12,0.03508771929824561,0,pos,6,0.017543859649122806,0,pos
FUN_008419,0,0.0,0,pos,0,0.0,0,pos
FUN_016577,0,0.0,0,pos,0,0.0,0,pos
FUN_015572,0,0.0,0,pos,0,0.0,0,pos
FUN_000381,0,0.0,0,pos,0,0.0,0,pos
FUN_002742,48,0.10526315789473684,1,pos_s408_e444,0,0.0,0,pos
FUN_016727,0,0.0,0,pos,0,0.0,0,pos
FUN_011705,0,0.0,0,pos,0,0.0,0,pos
FUN_001233,0,0.0,0,pos,0,0.0,0,pos
FUN_012330,0,0.0,0,pos,0,0.0,0,pos
FUN_012406,0,0.0,0,pos,0,0.0,0,pos
FUN_008192,0,0.0,0,pos,0,0.0,0,pos
FUN_007845,0,0.0,0,pos,0,0.0,0,pos
FUN_003863,0,0.0,0,pos,0,0.0,0,pos
FUN_001873,0,0.0,0,pos,0,0.0,0,pos
FUN_010889,18,0.005136986301369863,0,pos,0,0.0,0,pos
FUN_000174,0,0.0,0,pos,0,0.0,0,pos
FUN_005532,6,0.002840909090909091,0,pos,0,0.0,0,pos
FUN_003828,0,0.0,0,pos,0,0.0,0,pos
FUN_008075,42,0.05263157894736842,1,pos_s486_e522,0,0.0,0,pos
FUN_004150,0,0.0,0,pos,0,0.0,0,pos
FUN_008160,102,0.050746268656716415,1,pos_s840_e942,36,0.01791044776119403,1,pos_s870_e900
FUN_008909,0,0.0,0,pos,0,0.0,0,pos
FUN_001668,36,0.01643835616438356,0,pos,0,0.0,0,pos
FUN_001641,24,0.02127659574468085,0,pos,0,0.0,0,pos
FUN_016247,0,0.0,0,pos,0,0.0,0,pos
FUN_009009,0,0.0,0,pos,0,0.0,0,pos
FUN_010808,0,0.0,0,pos,0,0.0,0,pos
FUN_004327,12,0.012578616352201259,0,pos,0,0.0,0,pos
FUN_010497,0,0.0,0,pos,0,0.0,0,pos
FUN_011937,0,0.0,0,pos,0,0.0,0,pos
FUN_008010,84,0.05204460966542751,2,pos_s1380_e1428_s1434_e1470,0,0.0,0,pos
FUN_005895,222,0.01867743563856638,4,pos_s8310_e8340_s10122_e10158_s10164_e10236_s11172_e11208,102,0.008581524482584554,2,pos_s10122_e10152_s10164_e10236
FUN_002792,0,0.0,0,pos,0,0.0,0,pos
FUN_007096,0,0.0,0,pos,0,0.0,0,pos
FUN_003983,48,0.016736401673640166,1,pos_s1422_e1458,6,0.0020920502092050207,0,pos
FUN_016317,0,0.0,0,pos,0,0.0,0,pos
FUN_005152,0,0.0,0,pos,0,0.0,0,pos
FUN_005955,0,0.0,0,pos,0,0.0,0,pos
FUN_006313,0,0.0,0,pos,0,0.0,0,pos
FUN_005985,0,0.0,0,pos,0,0.0,0,pos
FUN_006388,0,0.0,0,pos,0,0.0,0,pos
FUN_006095,48,0.08,1,pos_s528_e576,0,0.0,0,pos
FUN_016586,0,0.0,0,pos,0,0.0,0,pos
FUN_009165,12,0.007692307692307693,0,pos,0,0.0,0,pos
FUN_004868,0,0.0,0,pos,0,0.0,0,pos
FUN_004456,0,0.0,0,pos,0,0.0,0,pos
FUN_008422,0,0.0,0,pos,0,0.0,0,pos
FUN_006181,180,0.013181019332161687,2,pos_s4176_e4242_s5520_e5580,12,0.0008787346221441124,0,pos
FUN_002512,24,0.02564102564102564,0,pos,0,0.0,0,pos
FUN_004023,0,0.0,0,pos,0,0.0,0,pos
FUN_015371,0,0.0,0,pos,0,0.0,0,pos
FUN_011363,138,0.04627766599597585,1,pos_s498_e570,6,0.002012072434607646,0,pos
FUN_004887,0,0.0,0,pos,0,0.0,0,pos
FUN_009006,0,0.0,0,pos,0,0.0,0,pos
FUN_016008,0,0.0,0,pos,0,0.0,0,pos
FUN_009072,0,0.0,0,pos,0,0.0,0,pos
FUN_006672,0,0.0,0,pos,0,0.0,0,pos
FUN_003522,0,0.0,0,pos,0,0.0,0,pos
FUN_002007,0,0.0,0,pos,0,0.0,0,pos
FUN_001234,0,0.0,0,pos,0,0.0,0,pos
FUN_016625,0,0.0,0,pos,0,0.0,0,pos
FUN_003260,0,0.0,0,pos,0,0.0,0,pos
FUN_000006,0,0.0,0,pos,0,0.0,0,pos
FUN_016784,0,0.0,0,pos,0,0.0,0,pos
FUN_003450,48,0.020833333333333332,1,pos_s1302_e1344,0,0.0,0,pos
FUN_015873,0,0.0,0,pos,0,0.0,0,pos
FUN_012095,0,0.0,0,pos,0,0.0,0,pos
FUN_002960,30,0.018656716417910446,0,pos,0,0.0,0,pos
FUN_003349,0,0.0,0,pos,0,0.0,0,pos
FUN_015779,0,0.0,0,pos,0,0.0,0,pos
FUN_007831,162,0.16463414634146342,2,pos_s276_e384_s528_e558,102,0.10365853658536585,1,pos_s282_e384
FUN_005837,12,0.00847457627118644,0,pos,0,0.0,0,pos
FUN_007824,60,0.04878048780487805,0,pos,0,0.0,0,pos
FUN_008248,0,0.0,0,pos,0,0.0,0,pos
FUN_003391,0,0.0,0,pos,0,0.0,0,pos
FUN_000585,0,0.0,0,pos,0,0.0,0,pos
FUN_003737,300,0.23809523809523808,3,pos_s210_e246_s468_e582_s924_e1044,114,0.09047619047619047,1,pos_s468_e582
FUN_002601,96,0.04289544235924933,1,pos_s1854_e1932,0,0.0,0,pos
FUN_007540,6,0.001567398119122257,0,pos,0,0.0,0,pos
FUN_007973,0,0.0,0,pos,0,0.0,0,pos
FUN_004980,90,0.06147540983606557,1,pos_s192_e258,0,0.0,0,pos
FUN_005474,54,0.020224719101123594,1,pos_s120_e156,0,0.0,0,pos
FUN_001989,0,0.0,0,pos,0,0.0,0,pos
FUN_002716,0,0.0,0,pos,0,0.0,0,pos
FUN_000487,0,0.0,0,pos,0,0.0,0,pos
FUN_006831,0,0.0,0,pos,0,0.0,0,pos
FUN_016753,0,0.0,0,pos,0,0.0,0,pos
FUN_001628,12,0.0038022813688212928,0,pos,0,0.0,0,pos
FUN_008067,48,0.010282776349614395,0,pos,0,0.0,0,pos
FUN_015503,12,0.00847457627118644,0,pos,0,0.0,0,pos
FUN_008040,12,0.005633802816901409,0,pos,0,0.0,0,pos
FUN_007885,12,0.005763688760806916,0,pos,0,0.0,0,pos
FUN_007875,0,0.0,0,pos,0,0.0,0,pos
FUN_003527,36,0.015665796344647518,0,pos,0,0.0,0,pos
FUN_007706,0,0.0,0,pos,0,0.0,0,pos
FUN_009454,120,0.2127659574468085,1,pos_s144_e222,12,0.02127659574468085,0,pos
FUN_010377,0,0.0,0,pos,0,0.0,0,pos
FUN_007821,36,0.007782101167315175,0,pos,0,0.0,0,pos
FUN_007118,36,0.028169014084507043,1,pos_s810_e846,0,0.0,0,pos
FUN_016339,120,0.015026296018031555,1,pos_s5082_e5154,114,0.014274981217129978,1,pos_s5082_e5154
FUN_001890,0,0.0,0,pos,0,0.0,0,pos
FUN_011305,42,0.010432190760059613,1,pos_s492_e534,30,0.007451564828614009,0,pos
FUN_008056,6,0.004219409282700422,0,pos,0,0.0,0,pos
FUN_006629,12,0.024390243902439025,0,pos,0,0.0,0,pos
FUN_015324,0,0.0,0,pos,0,0.0,0,pos
FUN_000054,0,0.0,0,pos,0,0.0,0,pos
FUN_011475,0,0.0,0,pos,0,0.0,0,pos
FUN_002921,18,0.02112676056338028,0,pos,0,0.0,0,pos
FUN_008028,0,0.0,0,pos,0,0.0,0,pos
FUN_004905,156,0.09027777777777778,1,pos_s750_e870,114,0.06597222222222222,1,pos_s756_e870
FUN_007492,0,0.0,0,pos,0,0.0,0,pos
FUN_009464,0,0.0,0,pos,0,0.0,0,pos
FUN_001383,108,0.05750798722044728,1,pos_s492_e600,30,0.01597444089456869,0,pos
FUN_009478,60,0.09615384615384616,1,pos_s264_e324,18,0.028846153846153848,0,pos
FUN_016734,0,0.0,0,pos,0,0.0,0,pos
FUN_007965,0,0.0,0,pos,0,0.0,0,pos
FUN_007142,0,0.0,0,pos,0,0.0,0,pos
FUN_002816,0,0.0,0,pos,0,0.0,0,pos
FUN_002103,120,0.18691588785046728,1,pos_s534_e630,42,0.06542056074766354,1,pos_s576_e618
FUN_016257,0,0.0,0,pos,0,0.0,0,pos
FUN_012194,0,0.0,0,pos,0,0.0,0,pos
FUN_000130,0,0.0,0,pos,0,0.0,0,pos
FUN_011065,0,0.0,0,pos,0,0.0,0,pos
FUN_008379,0,0.0,0,pos,0,0.0,0,pos
FUN_007840,0,0.0,0,pos,0,0.0,0,pos
FUN_002963,0,0.0,0,pos,0,0.0,0,pos
FUN_009446,78,0.5,1,pos_s0_e78,36,0.23076923076923078,0,pos
FUN_002974,0,0.0,0,pos,0,0.0,0,pos
FUN_005927,0,0.0,0,pos,0,0.0,0,pos
FUN_006512,0,0.0,0,pos,0,0.0,0,pos
FUN_012295,0,0.0,0,pos,0,0.0,0,pos
FUN_011783,0,0.0,0,pos,0,0.0,0,pos
FUN_003232,0,0.0,0,pos,0,0.0,0,pos
FUN_012398,0,0.0,0,pos,0,0.0,0,pos
FUN_010310,456,0.038559107052257735,4,pos_s876_e942_s6810_e6864_s7542_e7578_s7626_e7656,66,0.005580923389142567,1,pos_s6810_e6864
FUN_007491,0,0.0,0,pos,0,0.0,0,pos
FUN_005380,0,0.0,0,pos,0,0.0,0,pos
FUN_001618,0,0.0,0,pos,0,0.0,0,pos
FUN_015577,0,0.0,0,pos,0,0.0,0,pos
FUN_003698,0,0.0,0,pos,0,0.0,0,pos
FUN_003131,0,0.0,0,pos,0,0.0,0,pos
FUN_001707,0,0.0,0,pos,0,0.0,0,pos
FUN_016375,0,0.0,0,pos,0,0.0,0,pos
FUN_006249,84,0.017994858611825194,2,pos_s2484_e2514_s3258_e3294,36,0.007712082262210797,1,pos_s3258_e3294
FUN_010961,24,0.011834319526627219,0,pos,0,0.0,0,pos
FUN_009908,78,0.02981651376146789,1,pos_s1872_e1920,30,0.011467889908256881,1,pos_s1890_e1920
FUN_002456,0,0.0,0,pos,0,0.0,0,pos
FUN_011187,0,0.0,0,pos,0,0.0,0,pos
FUN_011128,12,0.022727272727272728,0,pos,0,0.0,0,pos
FUN_002261,0,0.0,0,pos,0,0.0,0,pos
FUN_007603,150,0.25,2,pos_s354_e456_s498_e540,90,0.15,1,pos_s360_e402
FUN_005726,0,0.0,0,pos,0,0.0,0,pos
FUN_004843,0,0.0,0,pos,0,0.0,0,pos
FUN_016608,0,0.0,0,pos,0,0.0,0,pos
FUN_008206,0,0.0,0,pos,0,0.0,0,pos
FUN_015642,0,0.0,0,pos,0,0.0,0,pos
FUN_001360,0,0.0,0,pos,0,0.0,0,pos
FUN_012554,0,0.0,0,pos,0,0.0,0,pos
FUN_006138,54,0.02710843373493976,1,pos_s1944_e1974,0,0.0,0,pos
FUN_011271,0,0.0,0,pos,0,0.0,0,pos
FUN_016153,0,0.0,0,pos,0,0.0,0,pos
FUN_011974,0,0.0,0,pos,0,0.0,0,pos
FUN_001785,0,0.0,0,pos,0,0.0,0,pos
FUN_005452,0,0.0,0,pos,0,0.0,0,pos
FUN_004539,0,0.0,0,pos,0,0.0,0,pos
FUN_015246,0,0.0,0,pos,0,0.0,0,pos
FUN_001272,18,0.022556390977443608,0,pos,0,0.0,0,pos
FUN_003900,0,0.0,0,pos,0,0.0,0,pos
FUN_003551,306,0.34459459459459457,3,pos_s132_e216_s252_e366_s462_e546,132,0.14864864864864866,1,pos_s252_e366
FUN_009427,0,0.0,0,pos,0,0.0,0,pos
FUN_009292,0,0.0,0,pos,0,0.0,0,pos
FUN_001405,24,0.007407407407407408,0,pos,0,0.0,0,pos
FUN_009465,12,0.0125,0,pos,0,0.0,0,pos
FUN_003592,0,0.0,0,pos,0,0.0,0,pos
FUN_000889,0,0.0,0,pos,0,0.0,0,pos
FUN_011289,0,0.0,0,pos,0,0.0,0,pos
FUN_001098,0,0.0,0,pos,0,0.0,0,pos
FUN_002533,0,0.0,0,pos,0,0.0,0,pos
FUN_010999,12,0.006920415224913495,0,pos,0,0.0,0,pos
FUN_003707,0,0.0,0,pos,0,0.0,0,pos
FUN_010136,0,0.0,0,pos,0,0.0,0,pos
FUN_010151,6,0.0070921985815602835,0,pos,0,0.0,0,pos
FUN_005030,0,0.0,0,pos,0,0.0,0,pos
FUN_002002,0,0.0,0,pos,0,0.0,0,pos
FUN_011134,0,0.0,0,pos,0,0.0,0,pos
FUN_016692,0,0.0,0,pos,0,0.0,0,pos
FUN_010854,0,0.0,0,pos,0,0.0,0,pos
FUN_009606,0,0.0,0,pos,0,0.0,0,pos
FUN_007796,0,0.0,0,pos,0,0.0,0,pos
FUN_009635,0,0.0,0,pos,0,0.0,0,pos
FUN_008482,960,0.32989690721649484,6,pos_s378_e408_s588_e654_s834_e1170_s1224_e1446_s1656_e1770_s1854_e2010,624,0.21443298969072164,6,pos_s588_e654_s834_e1104_s1230_e1320_s1410_e1446_s1656_e1692_s1854_e1902
FUN_002393,66,0.03691275167785235,1,pos_s480_e516,24,0.013422818791946308,0,pos
FUN_007091,0,0.0,0,pos,0,0.0,0,pos
FUN_009694,0,0.0,0,pos,0,0.0,0,pos
FUN_011791,0,0.0,0,pos,0,0.0,0,pos
FUN_009567,0,0.0,0,pos,0,0.0,0,pos
FUN_005833,0,0.0,0,pos,0,0.0,0,pos
FUN_000191,0,0.0,0,pos,0,0.0,0,pos
FUN_016447,0,0.0,0,pos,0,0.0,0,pos
FUN_000870,90,0.15625,1,pos_s168_e258,36,0.0625,0,pos
FUN_007866,0,0.0,0,pos,0,0.0,0,pos
FUN_016086,0,0.0,0,pos,0,0.0,0,pos
FUN_004682,0,0.0,0,pos,0,0.0,0,pos
FUN_002136,18,0.022388059701492536,0,pos,0,0.0,0,pos
FUN_006966,0,0.0,0,pos,0,0.0,0,pos
FUN_011365,54,0.032846715328467155,1,pos_s1542_e1596,0,0.0,0,pos
FUN_012386,0,0.0,0,pos,0,0.0,0,pos
FUN_006919,72,0.03821656050955414,1,pos_s1404_e1452,18,0.009554140127388535,0,pos
FUN_003199,0,0.0,0,pos,0,0.0,0,pos
FUN_016088,0,0.0,0,pos,0,0.0,0,pos
FUN_002723,66,0.03741496598639456,1,pos_s1350_e1380,6,0.003401360544217687,0,pos
FUN_001906,0,0.0,0,pos,0,0.0,0,pos
FUN_005255,0,0.0,0,pos,0,0.0,0,pos
FUN_001140,0,0.0,0,pos,0,0.0,0,pos
FUN_011409,0,0.0,0,pos,0,0.0,0,pos
FUN_007404,0,0.0,0,pos,0,0.0,0,pos
FUN_004027,0,0.0,0,pos,0,0.0,0,pos
FUN_004761,0,0.0,0,pos,0,0.0,0,pos
FUN_003289,0,0.0,0,pos,0,0.0,0,pos
FUN_010223,18,0.019736842105263157,0,pos,0,0.0,0,pos
FUN_006014,0,0.0,0,pos,0,0.0,0,pos
FUN_000371,0,0.0,0,pos,0,0.0,0,pos
FUN_010045,156,0.09386281588447654,2,pos_s1068_e1146_s1314_e1392,48,0.02888086642599278,1,pos_s1350_e1392
FUN_001473,0,0.0,0,pos,0,0.0,0,pos
FUN_005734,192,0.10457516339869281,3,pos_s690_e726_s840_e894_s1722_e1824,30,0.016339869281045753,1,pos_s690_e720
FUN_011347,156,0.28888888888888886,3,pos_s144_e180_s306_e354_s498_e528,0,0.0,0,pos
FUN_003034,0,0.0,0,pos,0,0.0,0,pos
FUN_008088,0,0.0,0,pos,0,0.0,0,pos
FUN_010849,0,0.0,0,pos,0,0.0,0,pos
FUN_005056,18,0.028846153846153848,0,pos,0,0.0,0,pos
FUN_007674,150,0.22522522522522523,1,pos_s12_e84,24,0.036036036036036036,0,pos
FUN_016635,0,0.0,0,pos,0,0.0,0,pos
FUN_006416,0,0.0,0,pos,0,0.0,0,pos
FUN_009628,12,0.02666666666666667,0,pos,0,0.0,0,pos
FUN_004358,42,0.024390243902439025,1,pos_s1002_e1038,0,0.0,0,pos
FUN_003933,0,0.0,0,pos,0,0.0,0,pos
FUN_003868,0,0.0,0,pos,0,0.0,0,pos
FUN_000808,0,0.0,0,pos,0,0.0,0,pos
FUN_006746,0,0.0,0,pos,0,0.0,0,pos
FUN_006226,24,0.013289036544850499,0,pos,0,0.0,0,pos
FUN_007178,0,0.0,0,pos,0,0.0,0,pos
FUN_007673,0,0.0,0,pos,0,0.0,0,pos
FUN_011330,0,0.0,0,pos,0,0.0,0,pos
FUN_005162,0,0.0,0,pos,0,0.0,0,pos
FUN_015957,0,0.0,0,pos,0,0.0,0,pos
FUN_001199,6,0.01694915254237288,0,pos,6,0.01694915254237288,0,pos
FUN_002733,0,0.0,0,pos,0,0.0,0,pos
FUN_005362,0,0.0,0,pos,0,0.0,0,pos
FUN_009722,6,0.008130081300813009,0,pos,0,0.0,0,pos
FUN_000874,0,0.0,0,pos,0,0.0,0,pos
FUN_011402,0,0.0,0,pos,0,0.0,0,pos
FUN_015836,0,0.0,0,pos,0,0.0,0,pos
FUN_011038,0,0.0,0,pos,0,0.0,0,pos
FUN_000963,0,0.0,0,pos,0,0.0,0,pos
FUN_006815,30,0.016339869281045753,1,pos_s510_e540,30,0.016339869281045753,1,pos_s510_e540
FUN_011417,36,0.008915304606240713,0,pos,0,0.0,0,pos
FUN_002593,0,0.0,0,pos,0,0.0,0,pos
FUN_002363,0,0.0,0,pos,0,0.0,0,pos
FUN_003039,0,0.0,0,pos,0,0.0,0,pos
FUN_007435,540,0.1490066225165563,9,pos_s276_e342_s1206_e1290_s1296_e1344_s1686_e1716_s1752_e1782_s1878_e1938_s2124_e2178_s2316_e2358_s2460_e2496,102,0.028145695364238412,1,pos_s1206_e1290
FUN_000406,42,0.09090909090909091,0,pos,0,0.0,0,pos
FUN_009873,372,0.09077598828696926,5,pos_s1116_e1188_s2520_e2562_s2754_e2868_s2874_e2940_s2976_e3012,66,0.016105417276720352,1,pos_s2826_e2856
FUN_001096,0,0.0,0,pos,0,0.0,0,pos
FUN_007722,0,0.0,0,pos,0,0.0,0,pos
FUN_005815,0,0.0,0,pos,0,0.0,0,pos
FUN_005562,84,0.112,1,pos_s480_e564,42,0.056,1,pos_s486_e528
FUN_009538,0,0.0,0,pos,0,0.0,0,pos
FUN_000385,102,0.056856187290969896,2,pos_s1020_e1050_s1470_e1536,0,0.0,0,pos
FUN_008597,0,0.0,0,pos,0,0.0,0,pos
FUN_000365,0,0.0,0,pos,0,0.0,0,pos
FUN_005033,0,0.0,0,pos,0,0.0,0,pos
FUN_011374,18,0.004893964110929853,0,pos,0,0.0,0,pos
FUN_000806,0,0.0,0,pos,0,0.0,0,pos
FUN_001858,0,0.0,0,pos,0,0.0,0,pos
FUN_000086,150,0.06578947368421052,3,pos_s222_e252_s690_e756_s762_e810,90,0.039473684210526314,2,pos_s222_e252_s690_e750
FUN_007254,0,0.0,0,pos,0,0.0,0,pos
FUN_004126,24,0.011049723756906077,0,pos,0,0.0,0,pos
FUN_009718,24,0.014234875444839857,0,pos,0,0.0,0,pos
FUN_001080,0,0.0,0,pos,0,0.0,0,pos
FUN_016124,0,0.0,0,pos,0,0.0,0,pos
FUN_002778,0,0.0,0,pos,0,0.0,0,pos
FUN_007307,0,0.0,0,pos,0,0.0,0,pos
FUN_000186,0,0.0,0,pos,0,0.0,0,pos
FUN_001771,0,0.0,0,pos,0,0.0,0,pos
FUN_011866,0,0.0,0,pos,0,0.0,0,pos
FUN_008014,114,0.008347978910369069,1,pos_s5166_e5280,114,0.008347978910369069,1,pos_s5166_e5280
FUN_005500,0,0.0,0,pos,0,0.0,0,pos
FUN_006553,0,0.0,0,pos,0,0.0,0,pos
FUN_009387,0,0.0,0,pos,0,0.0,0,pos
FUN_004032,156,0.12807881773399016,1,pos_s1062_e1200,78,0.06403940886699508,1,pos_s1152_e1188
FUN_016243,0,0.0,0,pos,0,0.0,0,pos
FUN_006250,0,0.0,0,pos,0,0.0,0,pos
FUN_003558,0,0.0,0,pos,0,0.0,0,pos
FUN_004599,0,0.0,0,pos,0,0.0,0,pos
FUN_002709,0,0.0,0,pos,0,0.0,0,pos
FUN_000624,18,0.02027027027027027,0,pos,0,0.0,0,pos
FUN_015467,114,0.09743589743589744,1,pos_s648_e762,114,0.09743589743589744,1,pos_s648_e762
FUN_016496,0,0.0,0,pos,0,0.0,0,pos
FUN_007459,78,0.03903903903903904,0,pos,0,0.0,0,pos
FUN_005676,18,0.005628517823639775,0,pos,0,0.0,0,pos
FUN_010216,0,0.0,0,pos,0,0.0,0,pos
FUN_006606,0,0.0,0,pos,0,0.0,0,pos
FUN_004046,0,0.0,0,pos,0,0.0,0,pos
FUN_006969,0,0.0,0,pos,0,0.0,0,pos
FUN_000714,0,0.0,0,pos,0,0.0,0,pos
FUN_016011,0,0.0,0,pos,0,0.0,0,pos
FUN_007554,0,0.0,0,pos,0,0.0,0,pos
FUN_015275,0,0.0,0,pos,0,0.0,0,pos
FUN_002314,6,0.0012004801920768306,0,pos,0,0.0,0,pos
FUN_004081,0,0.0,0,pos,0,0.0,0,pos
FUN_006182,0,0.0,0,pos,0,0.0,0,pos
FUN_009256,0,0.0,0,pos,0,0.0,0,pos
FUN_007391,54,0.02631578947368421,1,pos_s2010_e2046,12,0.005847953216374269,0,pos
FUN_005717,0,0.0,0,pos,0,0.0,0,pos
FUN_000145,0,0.0,0,pos,0,0.0,0,pos
FUN_006537,0,0.0,0,pos,0,0.0,0,pos
FUN_011436,162,0.0451505016722408,2,pos_s384_e414_s528_e600,24,0.006688963210702341,0,pos
FUN_009039,0,0.0,0,pos,0,0.0,0,pos
FUN_011412,0,0.0,0,pos,0,0.0,0,pos
FUN_003752,18,0.02,0,pos,0,0.0,0,pos
FUN_016561,0,0.0,0,pos,0,0.0,0,pos
FUN_007529,456,0.18491484184914841,6,pos_s0_e48_s1128_e1176_s1188_e1254_s1332_e1392_s1698_e1788_s2328_e2436,78,0.031630170316301706,1,pos_s1362_e1392
FUN_000120,0,0.0,0,pos,0,0.0,0,pos
FUN_016744,0,0.0,0,pos,0,0.0,0,pos
FUN_007984,216,0.1411764705882353,3,pos_s0_e36_s546_e618_s1266_e1362,66,0.043137254901960784,1,pos_s1302_e1362
FUN_004532,0,0.0,0,pos,0,0.0,0,pos
FUN_004529,0,0.0,0,pos,0,0.0,0,pos
FUN_008380,0,0.0,0,pos,0,0.0,0,pos
FUN_016438,0,0.0,0,pos,0,0.0,0,pos
FUN_015480,0,0.0,0,pos,0,0.0,0,pos
FUN_000758,0,0.0,0,pos,0,0.0,0,pos
FUN_000679,0,0.0,0,pos,0,0.0,0,pos
FUN_010647,402,0.14955357142857142,3,pos_s0_e66_s744_e858_s864_e1032,300,0.11160714285714286,3,pos_s36_e66_s744_e858_s864_e990
FUN_007854,0,0.0,0,pos,0,0.0,0,pos
FUN_004569,42,0.013944223107569721,1,pos_s1422_e1458,6,0.00199203187250996,0,pos
FUN_005081,276,0.13897280966767372,2,pos_s918_e1032_s1236_e1332,150,0.0755287009063444,2,pos_s924_e1032_s1272_e1302
FUN_007797,0,0.0,0,pos,0,0.0,0,pos
FUN_010142,0,0.0,0,pos,0,0.0,0,pos
FUN_016431,0,0.0,0,pos,0,0.0,0,pos
FUN_008620,36,0.041379310344827586,1,pos_s264_e300,0,0.0,0,pos
FUN_000602,0,0.0,0,pos,0,0.0,0,pos
FUN_016837,0,0.0,0,pos,0,0.0,0,pos
FUN_001795,108,0.022727272727272728,1,pos_s4332_e4368,0,0.0,0,pos
FUN_007785,0,0.0,0,pos,0,0.0,0,pos
FUN_008781,6,0.004545454545454545,0,pos,0,0.0,0,pos
FUN_010788,12,0.0031201248049922,0,pos,0,0.0,0,pos
FUN_015614,0,0.0,0,pos,0,0.0,0,pos
FUN_015809,0,0.0,0,pos,0,0.0,0,pos
FUN_009366,0,0.0,0,pos,0,0.0,0,pos
FUN_005601,78,0.018207282913165267,2,pos_s6_e48_s1536_e1572,0,0.0,0,pos
FUN_015325,0,0.0,0,pos,0,0.0,0,pos
FUN_000572,0,0.0,0,pos,0,0.0,0,pos
FUN_016289,0,0.0,0,pos,0,0.0,0,pos
FUN_007102,0,0.0,0,pos,0,0.0,0,pos
FUN_002016,6,0.0051813471502590676,0,pos,0,0.0,0,pos
FUN_011830,0,0.0,0,pos,0,0.0,0,pos
FUN_010549,0,0.0,0,pos,0,0.0,0,pos
FUN_003153,54,0.020689655172413793,1,pos_s534_e564,0,0.0,0,pos
FUN_011427,228,0.04853128991060025,1,pos_s1926_e2142,156,0.033205619412515965,1,pos_s1962_e2118
FUN_006617,0,0.0,0,pos,0,0.0,0,pos
FUN_011370,0,0.0,0,pos,0,0.0,0,pos
FUN_005374,0,0.0,0,pos,0,0.0,0,pos
FUN_001867,6,0.005025125628140704,0,pos,0,0.0,0,pos
FUN_010806,0,0.0,0,pos,0,0.0,0,pos
FUN_012075,0,0.0,0,pos,0,0.0,0,pos
FUN_003832,0,0.0,0,pos,0,0.0,0,pos
FUN_010012,0,0.0,0,pos,0,0.0,0,pos
FUN_005528,0,0.0,0,pos,0,0.0,0,pos
FUN_012467,0,0.0,0,pos,0,0.0,0,pos
FUN_012485,0,0.0,0,pos,0,0.0,0,pos
FUN_000823,0,0.0,0,pos,0,0.0,0,pos
FUN_004770,12,0.004347826086956522,0,pos,0,0.0,0,pos
FUN_007606,0,0.0,0,pos,0,0.0,0,pos
FUN_009258,6,0.0033003300330033004,0,pos,0,0.0,0,pos
FUN_004816,0,0.0,0,pos,0,0.0,0,pos
FUN_009870,0,0.0,0,pos,0,0.0,0,pos
FUN_004621,0,0.0,0,pos,0,0.0,0,pos
FUN_016602,0,0.0,0,pos,0,0.0,0,pos
FUN_004153,0,0.0,0,pos,0,0.0,0,pos
FUN_005536,0,0.0,0,pos,0,0.0,0,pos
FUN_015680,0,0.0,0,pos,0,0.0,0,pos
FUN_008856,258,0.2670807453416149,3,pos_s0_e30_s504_e552_s744_e876,72,0.07453416149068323,0,pos
FUN_004593,0,0.0,0,pos,0,0.0,0,pos
FUN_010117,96,0.017758046614872364,1,pos_s1548_e1608,24,0.004439511653718091,0,pos
FUN_002198,0,0.0,0,pos,0,0.0,0,pos
FUN_006001,0,0.0,0,pos,0,0.0,0,pos
FUN_000529,0,0.0,0,pos,0,0.0,0,pos
FUN_003576,0,0.0,0,pos,0,0.0,0,pos
FUN_006176,0,0.0,0,pos,0,0.0,0,pos
FUN_010625,12,0.010810810810810811,0,pos,0,0.0,0,pos
FUN_008792,0,0.0,0,pos,0,0.0,0,pos
FUN_003449,0,0.0,0,pos,0,0.0,0,pos
FUN_007295,0,0.0,0,pos,0,0.0,0,pos
FUN_010799,0,0.0,0,pos,0,0.0,0,pos
FUN_001308,18,0.03125,0,pos,0,0.0,0,pos
FUN_016324,0,0.0,0,pos,0,0.0,0,pos
FUN_002859,0,0.0,0,pos,0,0.0,0,pos
FUN_015322,0,0.0,0,pos,0,0.0,0,pos
FUN_001212,0,0.0,0,pos,0,0.0,0,pos
FUN_001984,0,0.0,0,pos,0,0.0,0,pos
FUN_010040,0,0.0,0,pos,0,0.0,0,pos
FUN_000450,54,0.013254786450662739,1,pos_s1278_e1308,0,0.0,0,pos
FUN_007465,0,0.0,0,pos,0,0.0,0,pos
FUN_012209,0,0.0,0,pos,0,0.0,0,pos
FUN_008200,18,0.01948051948051948,0,pos,0,0.0,0,pos
FUN_002554,0,0.0,0,pos,0,0.0,0,pos
FUN_004586,42,0.056910569105691054,1,pos_s24_e66,42,0.056910569105691054,1,pos_s24_e66
FUN_015462,0,0.0,0,pos,0,0.0,0,pos
FUN_002298,0,0.0,0,pos,0,0.0,0,pos
FUN_015838,0,0.0,0,pos,0,0.0,0,pos
FUN_015729,0,0.0,0,pos,0,0.0,0,pos
FUN_015638,0,0.0,0,pos,0,0.0,0,pos
FUN_006006,36,0.02040816326530612,1,pos_s1422_e1452,0,0.0,0,pos
FUN_004627,0,0.0,0,pos,0,0.0,0,pos
FUN_002865,18,0.005905511811023622,0,pos,0,0.0,0,pos
FUN_003132,36,0.2,0,pos,0,0.0,0,pos
FUN_005887,0,0.0,0,pos,0,0.0,0,pos
FUN_006833,6,0.002512562814070352,0,pos,0,0.0,0,pos
FUN_005816,12,0.00404040404040404,0,pos,0,0.0,0,pos
FUN_007150,72,0.3,1,pos_s18_e90,12,0.05,0,pos
FUN_008447,0,0.0,0,pos,0,0.0,0,pos
FUN_001514,0,0.0,0,pos,0,0.0,0,pos
FUN_012560,0,0.0,0,pos,0,0.0,0,pos
FUN_010298,444,0.06560283687943262,7,pos_s330_e384_s876_e912_s1752_e1788_s1830_e1896_s5598_e5664_s5868_e5946_s5952_e6018,150,0.022163120567375887,3,pos_s342_e378_s1830_e1872_s5598_e5640
FUN_016762,0,0.0,0,pos,0,0.0,0,pos
FUN_012208,54,0.15254237288135594,1,pos_s216_e270,0,0.0,0,pos
FUN_009942,0,0.0,0,pos,0,0.0,0,pos
FUN_007331,0,0.0,0,pos,0,0.0,0,pos
FUN_010227,48,0.013961605584642234,1,pos_s402_e432,0,0.0,0,pos
FUN_005658,0,0.0,0,pos,0,0.0,0,pos
FUN_009734,0,0.0,0,pos,0,0.0,0,pos
FUN_012064,0,0.0,0,pos,0,0.0,0,pos
FUN_011095,366,0.04397981254506128,6,pos_s2346_e2376_s2910_e3012_s5346_e5400_s5898_e5940_s7578_e7626_s7638_e7674,108,0.012977649603460706,1,pos_s2934_e3012
FUN_004089,0,0.0,0,pos,0,0.0,0,pos
FUN_005987,324,0.015037593984962405,4,pos_s882_e936_s1446_e1524_s13566_e13620_s15168_e15210,66,0.003063213589529379,1,pos_s13572_e13602
FUN_003388,0,0.0,0,pos,0,0.0,0,pos
FUN_003084,36,0.018691588785046728,1,pos_s1146_e1182,0,0.0,0,pos
FUN_011242,66,0.0718954248366013,1,pos_s750_e816,0,0.0,0,pos
FUN_010543,36,0.35294117647058826,1,pos_s48_e84,0,0.0,0,pos
FUN_009520,0,0.0,0,pos,0,0.0,0,pos
FUN_008743,0,0.0,0,pos,0,0.0,0,pos
FUN_009585,0,0.0,0,pos,0,0.0,0,pos
FUN_011234,0,0.0,0,pos,0,0.0,0,pos
FUN_006533,30,0.02857142857142857,1,pos_s0_e30,0,0.0,0,pos
FUN_009729,0,0.0,0,pos,0,0.0,0,pos
FUN_011408,0,0.0,0,pos,0,0.0,0,pos
FUN_009877,72,0.0502092050209205,2,pos_s228_e270_s282_e312,0,0.0,0,pos
FUN_007348,0,0.0,0,pos,0,0.0,0,pos
FUN_015922,0,0.0,0,pos,0,0.0,0,pos
FUN_009272,0,0.0,0,pos,0,0.0,0,pos
FUN_016290,0,0.0,0,pos,0,0.0,0,pos
FUN_005908,0,0.0,0,pos,0,0.0,0,pos
FUN_001438,0,0.0,0,pos,0,0.0,0,pos
FUN_010302,24,0.08888888888888889,0,pos,6,0.022222222222222223,0,pos
FUN_007924,606,0.02930934416715032,8,pos_s2022_e2052_s13302_e13350_s13362_e13392_s14232_e14298_s15300_e15402_s16728_e16764_s16860_e16974_s17982_e18072,198,0.009576320371445153,2,pos_s15306_e15336_s16860_e16974
FUN_005526,0,0.0,0,pos,0,0.0,0,pos
FUN_010335,42,0.02880658436213992,0,pos,0,0.0,0,pos
FUN_007719,18,0.009708737864077669,0,pos,0,0.0,0,pos
FUN_008071,18,0.02586206896551724,0,pos,0,0.0,0,pos
FUN_011000,0,0.0,0,pos,0,0.0,0,pos
FUN_008644,0,0.0,0,pos,0,0.0,0,pos
FUN_006958,0,0.0,0,pos,0,0.0,0,pos
FUN_012380,0,0.0,0,pos,0,0.0,0,pos
FUN_016197,0,0.0,0,pos,0,0.0,0,pos
FUN_003969,138,0.16546762589928057,1,pos_s312_e426,66,0.07913669064748201,1,pos_s378_e426
FUN_011295,180,0.05474452554744526,3,pos_s2622_e2652_s2724_e2754_s2898_e2934,6,0.0018248175182481751,0,pos
FUN_004971,0,0.0,0,pos,0,0.0,0,pos
FUN_012182,0,0.0,0,pos,0,0.0,0,pos
FUN_002980,24,0.01646090534979424,0,pos,0,0.0,0,pos
FUN_004007,54,0.32142857142857145,0,pos,6,0.03571428571428571,0,pos
FUN_010932,0,0.0,0,pos,0,0.0,0,pos
FUN_000696,0,0.0,0,pos,0,0.0,0,pos
FUN_006527,0,0.0,0,pos,0,0.0,0,pos
FUN_016333,0,0.0,0,pos,0,0.0,0,pos
FUN_000728,168,0.24347826086956523,1,pos_s138_e234,12,0.017391304347826087,0,pos
FUN_012275,0,0.0,0,pos,0,0.0,0,pos
FUN_010116,0,0.0,0,pos,0,0.0,0,pos
FUN_004745,24,0.0065252854812398045,0,pos,0,0.0,0,pos
FUN_003100,60,0.04504504504504504,1,pos_s576_e636,0,0.0,0,pos
FUN_009142,0,0.0,0,pos,0,0.0,0,pos
FUN_012175,0,0.0,0,pos,0,0.0,0,pos
FUN_003672,0,0.0,0,pos,0,0.0,0,pos
FUN_011608,0,0.0,0,pos,0,0.0,0,pos
FUN_004951,288,0.0900562851782364,4,pos_s342_e444_s528_e558_s564_e654_s2616_e2670,162,0.05065666041275797,2,pos_s348_e396_s564_e654
FUN_001163,0,0.0,0,pos,0,0.0,0,pos
FUN_002430,6,0.00211864406779661,0,pos,0,0.0,0,pos
FUN_006187,0,0.0,0,pos,0,0.0,0,pos
FUN_004002,0,0.0,0,pos,0,0.0,0,pos
FUN_009086,0,0.0,0,pos,0,0.0,0,pos
FUN_002348,0,0.0,0,pos,0,0.0,0,pos
FUN_008784,114,0.1557377049180328,2,pos_s288_e336_s348_e390,30,0.040983606557377046,0,pos
FUN_016146,0,0.0,0,pos,0,0.0,0,pos
FUN_011356,0,0.0,0,pos,0,0.0,0,pos
FUN_016877,0,0.0,0,pos,0,0.0,0,pos
FUN_008217,48,0.031746031746031744,1,pos_s30_e78,0,0.0,0,pos
FUN_009589,0,0.0,0,pos,0,0.0,0,pos
FUN_001260,42,0.026515151515151516,0,pos,0,0.0,0,pos
FUN_011206,0,0.0,0,pos,0,0.0,0,pos
FUN_001741,18,0.023255813953488372,0,pos,0,0.0,0,pos
FUN_011243,48,0.021798365122615803,1,pos_s2082_e2130,0,0.0,0,pos
FUN_011954,0,0.0,0,pos,0,0.0,0,pos
FUN_003533,198,0.04336399474375821,2,pos_s3282_e3336_s3726_e3780,0,0.0,0,pos
FUN_007330,0,0.0,0,pos,0,0.0,0,pos
FUN_015812,0,0.0,0,pos,0,0.0,0,pos
FUN_004941,6,0.007518796992481203,0,pos,0,0.0,0,pos
FUN_009363,168,0.15135135135135136,1,pos_s594_e720,54,0.04864864864864865,1,pos_s660_e714
FUN_010306,0,0.0,0,pos,0,0.0,0,pos
FUN_009935,0,0.0,0,pos,0,0.0,0,pos
FUN_008222,0,0.0,0,pos,0,0.0,0,pos
FUN_001626,0,0.0,0,pos,0,0.0,0,pos
FUN_011033,0,0.0,0,pos,0,0.0,0,pos
FUN_000005,12,0.011904761904761904,0,pos,0,0.0,0,pos
FUN_015449,0,0.0,0,pos,0,0.0,0,pos
FUN_011732,0,0.0,0,pos,0,0.0,0,pos
FUN_006847,228,0.08962264150943396,2,pos_s2082_e2130_s2352_e2478,114,0.04481132075471698,1,pos_s2352_e2460
FUN_008364,0,0.0,0,pos,0,0.0,0,pos
FUN_007801,162,0.04035874439461883,4,pos_s222_e252_s1104_e1152_s1386_e1428_s1446_e1482,24,0.005979073243647235,0,pos
FUN_000950,0,0.0,0,pos,0,0.0,0,pos
FUN_008115,0,0.0,0,pos,0,0.0,0,pos
FUN_006394,0,0.0,0,pos,0,0.0,0,pos
FUN_011796,0,0.0,0,pos,0,0.0,0,pos
FUN_003966,0,0.0,0,pos,0,0.0,0,pos
FUN_011552,60,0.2777777777777778,1,pos_s0_e60,60,0.2777777777777778,1,pos_s0_e60
FUN_008832,138,0.028606965174129355,2,pos_s3798_e3840_s4230_e4260,18,0.0037313432835820895,0,pos
FUN_005947,0,0.0,0,pos,0,0.0,0,pos
FUN_003560,0,0.0,0,pos,0,0.0,0,pos
FUN_011107,0,0.0,0,pos,0,0.0,0,pos
FUN_015522,0,0.0,0,pos,0,0.0,0,pos
FUN_003462,0,0.0,0,pos,0,0.0,0,pos
FUN_002775,0,0.0,0,pos,0,0.0,0,pos
FUN_001976,0,0.0,0,pos,0,0.0,0,pos
FUN_010217,0,0.0,0,pos,0,0.0,0,pos
FUN_016655,0,0.0,0,pos,0,0.0,0,pos
FUN_000160,90,0.04120879120879121,1,pos_s0_e90,6,0.0027472527472527475,0,pos
FUN_003851,0,0.0,0,pos,0,0.0,0,pos
FUN_016693,0,0.0,0,pos,0,0.0,0,pos
FUN_010971,30,0.009487666034155597,0,pos,30,0.009487666034155597,0,pos
FUN_007921,0,0.0,0,pos,0,0.0,0,pos
FUN_002270,0,0.0,0,pos,0,0.0,0,pos
FUN_012437,0,0.0,0,pos,0,0.0,0,pos
FUN_006457,54,0.05113636363636364,1,pos_s366_e396,0,0.0,0,pos
FUN_002501,12,0.008620689655172414,0,pos,12,0.008620689655172414,0,pos
FUN_009887,6,0.006944444444444444,0,pos,0,0.0,0,pos
FUN_006786,72,0.021897810218978103,1,pos_s1668_e1704,0,0.0,0,pos
FUN_002983,0,0.0,0,pos,0,0.0,0,pos
FUN_007593,0,0.0,0,pos,0,0.0,0,pos
FUN_001592,0,0.0,0,pos,0,0.0,0,pos
FUN_002048,30,0.010615711252653927,0,pos,0,0.0,0,pos
FUN_006207,54,0.02601156069364162,1,pos_s354_e402,0,0.0,0,pos
FUN_010566,0,0.0,0,pos,0,0.0,0,pos
FUN_015958,0,0.0,0,pos,0,0.0,0,pos
FUN_004246,0,0.0,0,pos,0,0.0,0,pos
FUN_000405,0,0.0,0,pos,0,0.0,0,pos
FUN_012341,0,0.0,0,pos,0,0.0,0,pos
FUN_004332,12,0.011363636363636364,0,pos,0,0.0,0,pos
FUN_000129,18,0.025210084033613446,0,pos,18,0.025210084033613446,0,pos
FUN_010414,42,0.016867469879518072,1,pos_s1578_e1608,6,0.0024096385542168677,0,pos
FUN_011238,0,0.0,0,pos,0,0.0,0,pos
FUN_005485,84,0.07954545454545454,1,pos_s726_e810,42,0.03977272727272727,0,pos
FUN_007020,12,0.008368200836820083,0,pos,0,0.0,0,pos
FUN_007971,18,0.022058823529411766,0,pos,6,0.007352941176470588,0,pos
FUN_007738,60,0.030303030303030304,1,pos_s396_e456,0,0.0,0,pos
FUN_004300,0,0.0,0,pos,0,0.0,0,pos
FUN_008738,0,0.0,0,pos,0,0.0,0,pos
FUN_009359,0,0.0,0,pos,0,0.0,0,pos
FUN_009894,0,0.0,0,pos,0,0.0,0,pos
FUN_007898,24,0.023952095808383235,0,pos,0,0.0,0,pos
FUN_008699,6,0.005813953488372093,0,pos,0,0.0,0,pos
FUN_006552,0,0.0,0,pos,0,0.0,0,pos
FUN_000678,0,0.0,0,pos,0,0.0,0,pos
FUN_016110,0,0.0,0,pos,0,0.0,0,pos
FUN_005907,0,0.0,0,pos,0,0.0,0,pos
FUN_001998,96,0.0380952380952381,2,pos_s894_e960_s2454_e2484,6,0.002380952380952381,0,pos
FUN_006184,120,0.39215686274509803,1,pos_s0_e102,60,0.19607843137254902,1,pos_s24_e84
FUN_012452,66,0.10091743119266056,0,pos,66,0.10091743119266056,0,pos
FUN_004124,0,0.0,0,pos,0,0.0,0,pos
FUN_007613,0,0.0,0,pos,0,0.0,0,pos
FUN_009069,0,0.0,0,pos,0,0.0,0,pos
FUN_010172,0,0.0,0,pos,0,0.0,0,pos
FUN_009179,0,0.0,0,pos,0,0.0,0,pos
FUN_008684,132,0.0419047619047619,1,pos_s1914_e2022,36,0.011428571428571429,1,pos_s1926_e1956
FUN_015965,0,0.0,0,pos,0,0.0,0,pos
FUN_004620,120,0.12422360248447205,2,pos_s132_e204_s216_e246,0,0.0,0,pos
FUN_015746,0,0.0,0,pos,0,0.0,0,pos
FUN_001238,0,0.0,0,pos,0,0.0,0,pos
FUN_005187,66,0.05851063829787234,1,pos_s588_e624,0,0.0,0,pos
FUN_011260,0,0.0,0,pos,0,0.0,0,pos
FUN_000099,72,0.010978956999085087,1,pos_s5316_e5364,0,0.0,0,pos
FUN_002673,90,0.049342105263157895,1,pos_s672_e714,0,0.0,0,pos
FUN_007460,0,0.0,0,pos,0,0.0,0,pos
FUN_015294,0,0.0,0,pos,0,0.0,0,pos
FUN_008221,0,0.0,0,pos,0,0.0,0,pos
FUN_010003,0,0.0,0,pos,0,0.0,0,pos
FUN_011059,0,0.0,0,pos,0,0.0,0,pos
FUN_009467,0,0.0,0,pos,0,0.0,0,pos
FUN_006802,0,0.0,0,pos,0,0.0,0,pos
FUN_003303,0,0.0,0,pos,0,0.0,0,pos
FUN_000431,0,0.0,0,pos,0,0.0,0,pos
FUN_000659,6,0.0013986013986013986,0,pos,0,0.0,0,pos
FUN_011776,0,0.0,0,pos,0,0.0,0,pos
FUN_008971,0,0.0,0,pos,0,0.0,0,pos
FUN_009095,0,0.0,0,pos,0,0.0,0,pos
FUN_004344,66,0.018092105263157895,2,pos_s2070_e2100_s3570_e3606,0,0.0,0,pos
FUN_010763,0,0.0,0,pos,0,0.0,0,pos
FUN_009350,0,0.0,0,pos,0,0.0,0,pos
FUN_012013,0,0.0,0,pos,0,0.0,0,pos
FUN_003057,6,0.0070921985815602835,0,pos,0,0.0,0,pos
FUN_003543,114,0.06884057971014493,1,pos_s1158_e1272,90,0.05434782608695652,1,pos_s1164_e1248
FUN_003418,0,0.0,0,pos,0,0.0,0,pos
FUN_005899,0,0.0,0,pos,0,0.0,0,pos
FUN_004136,0,0.0,0,pos,0,0.0,0,pos
FUN_011632,0,0.0,0,pos,0,0.0,0,pos
FUN_000999,0,0.0,0,pos,0,0.0,0,pos
FUN_003279,0,0.0,0,pos,0,0.0,0,pos
FUN_000449,0,0.0,0,pos,0,0.0,0,pos
FUN_015899,0,0.0,0,pos,0,0.0,0,pos
FUN_009723,0,0.0,0,pos,0,0.0,0,pos
FUN_010090,0,0.0,0,pos,0,0.0,0,pos
FUN_004165,0,0.0,0,pos,0,0.0,0,pos
FUN_001654,0,0.0,0,pos,0,0.0,0,pos
FUN_010675,0,0.0,0,pos,0,0.0,0,pos
FUN_015767,0,0.0,0,pos,0,0.0,0,pos
FUN_000304,0,0.0,0,pos,0,0.0,0,pos
FUN_004446,0,0.0,0,pos,0,0.0,0,pos
FUN_006695,222,0.04061470911086718,2,pos_s4392_e4476_s4596_e4650,48,0.008781558726673985,0,pos
FUN_005925,0,0.0,0,pos,0,0.0,0,pos
FUN_003196,0,0.0,0,pos,0,0.0,0,pos
FUN_002157,0,0.0,0,pos,0,0.0,0,pos
FUN_016752,0,0.0,0,pos,0,0.0,0,pos
FUN_005483,12,0.017094017094017096,0,pos,0,0.0,0,pos
FUN_008462,30,0.01488095238095238,0,pos,0,0.0,0,pos
FUN_000677,0,0.0,0,pos,0,0.0,0,pos
FUN_016469,0,0.0,0,pos,0,0.0,0,pos
FUN_009049,324,0.22131147540983606,4,pos_s0_e108_s246_e336_s726_e822_s1152_e1182,228,0.1557377049180328,3,pos_s0_e60_s258_e306_s726_e822
FUN_010194,0,0.0,0,pos,0,0.0,0,pos
FUN_011382,138,0.08614232209737828,1,pos_s0_e138,114,0.07116104868913857,1,pos_s12_e102
FUN_010503,18,0.0057361376673040155,0,pos,0,0.0,0,pos
FUN_000604,0,0.0,0,pos,0,0.0,0,pos
FUN_009615,30,0.1282051282051282,1,pos_s0_e30,0,0.0,0,pos
FUN_002402,66,0.09401709401709402,0,pos,18,0.02564102564102564,0,pos
FUN_005207,0,0.0,0,pos,0,0.0,0,pos
FUN_007289,0,0.0,0,pos,0,0.0,0,pos
FUN_008899,102,0.03074141048824593,2,pos_s222_e270_s1062_e1110,0,0.0,0,pos
FUN_003548,0,0.0,0,pos,0,0.0,0,pos
FUN_002461,0,0.0,0,pos,0,0.0,0,pos
FUN_005265,0,0.0,0,pos,0,0.0,0,pos
FUN_003062,0,0.0,0,pos,0,0.0,0,pos
FUN_007044,0,0.0,0,pos,0,0.0,0,pos
FUN_004435,0,0.0,0,pos,0,0.0,0,pos
FUN_005775,42,0.01871657754010695,1,pos_s1134_e1176,0,0.0,0,pos
FUN_006073,162,0.12796208530805686,1,pos_s66_e228,150,0.11848341232227488,2,pos_s66_e162_s174_e228
FUN_010642,0,0.0,0,pos,0,0.0,0,pos
FUN_000812,0,0.0,0,pos,0,0.0,0,pos
FUN_010762,0,0.0,0,pos,0,0.0,0,pos
FUN_008405,36,0.023529411764705882,0,pos,0,0.0,0,pos
FUN_001004,24,0.0071174377224199285,0,pos,0,0.0,0,pos
FUN_007808,0,0.0,0,pos,0,0.0,0,pos
FUN_009600,198,0.14864864864864866,2,pos_s102_e150_s930_e1050,66,0.04954954954954955,1,pos_s930_e984
FUN_000768,0,0.0,0,pos,0,0.0,0,pos
FUN_007026,0,0.0,0,pos,0,0.0,0,pos
FUN_010352,0,0.0,0,pos,0,0.0,0,pos
FUN_011587,0,0.0,0,pos,0,0.0,0,pos
FUN_007238,0,0.0,0,pos,0,0.0,0,pos
FUN_004589,408,0.05624483043837883,4,pos_s2652_e2718_s4332_e4368_s4554_e4722_s6282_e6396,246,0.03391232423490488,3,pos_s4332_e4368_s4590_e4620_s6282_e6396
FUN_003772,84,0.12844036697247707,2,pos_s96_e126_s318_e372,0,0.0,0,pos
FUN_005411,0,0.0,0,pos,0,0.0,0,pos
FUN_001461,0,0.0,0,pos,0,0.0,0,pos
FUN_010150,6,0.006896551724137931,0,pos,0,0.0,0,pos
FUN_008234,0,0.0,0,pos,0,0.0,0,pos
FUN_008874,54,0.004477611940298508,0,pos,0,0.0,0,pos
FUN_015465,0,0.0,0,pos,0,0.0,0,pos
FUN_016126,0,0.0,0,pos,0,0.0,0,pos
FUN_001194,0,0.0,0,pos,0,0.0,0,pos
FUN_016860,0,0.0,0,pos,0,0.0,0,pos
FUN_002075,0,0.0,0,pos,0,0.0,0,pos
FUN_000694,0,0.0,0,pos,0,0.0,0,pos
FUN_011836,0,0.0,0,pos,0,0.0,0,pos
FUN_001823,12,0.004807692307692308,0,pos,0,0.0,0,pos
FUN_015264,0,0.0,0,pos,0,0.0,0,pos
FUN_008760,0,0.0,0,pos,0,0.0,0,pos
FUN_004848,0,0.0,0,pos,0,0.0,0,pos
FUN_006000,0,0.0,0,pos,0,0.0,0,pos
FUN_002250,0,0.0,0,pos,0,0.0,0,pos
FUN_011183,6,0.009523809523809525,0,pos,0,0.0,0,pos
FUN_016691,0,0.0,0,pos,0,0.0,0,pos
FUN_000671,6,0.0022727272727272726,0,pos,0,0.0,0,pos
FUN_007290,102,0.056105610561056105,2,pos_s1254_e1290_s1560_e1602,18,0.009900990099009901,0,pos
FUN_000391,0,0.0,0,pos,0,0.0,0,pos
FUN_003035,0,0.0,0,pos,0,0.0,0,pos
FUN_011701,36,0.057692307692307696,1,pos_s0_e36,18,0.028846153846153848,0,pos
FUN_002123,12,0.004555808656036446,0,pos,0,0.0,0,pos
FUN_006134,18,0.005597014925373134,0,pos,0,0.0,0,pos
FUN_001129,66,0.015341701534170154,1,pos_s3786_e3816,6,0.001394700139470014,0,pos
FUN_016498,0,0.0,0,pos,0,0.0,0,pos
FUN_006771,0,0.0,0,pos,0,0.0,0,pos
FUN_005400,0,0.0,0,pos,0,0.0,0,pos
FUN_011729,0,0.0,0,pos,0,0.0,0,pos
FUN_008051,0,0.0,0,pos,0,0.0,0,pos
FUN_012314,0,0.0,0,pos,0,0.0,0,pos
FUN_008324,0,0.0,0,pos,0,0.0,0,pos
FUN_005591,48,0.0625,1,pos_s504_e540,0,0.0,0,pos
FUN_006028,0,0.0,0,pos,0,0.0,0,pos
FUN_001946,0,0.0,0,pos,0,0.0,0,pos
FUN_004225,0,0.0,0,pos,0,0.0,0,pos
FUN_005190,30,0.011494252873563218,1,pos_s1266_e1296,0,0.0,0,pos
FUN_008665,0,0.0,0,pos,0,0.0,0,pos
FUN_007297,0,0.0,0,pos,0,0.0,0,pos
FUN_011519,0,0.0,0,pos,0,0.0,0,pos
FUN_010039,234,0.10483870967741936,3,pos_s582_e618_s1122_e1206_s1320_e1362,24,0.010752688172043012,0,pos
FUN_004392,0,0.0,0,pos,0,0.0,0,pos
FUN_009925,0,0.0,0,pos,0,0.0,0,pos
FUN_005274,138,0.011454183266932271,2,pos_s4302_e4344_s7758_e7806,30,0.00249003984063745,0,pos
FUN_015797,0,0.0,0,pos,0,0.0,0,pos
FUN_008431,0,0.0,0,pos,0,0.0,0,pos
FUN_015477,0,0.0,0,pos,0,0.0,0,pos
FUN_016218,0,0.0,0,pos,0,0.0,0,pos
FUN_005237,0,0.0,0,pos,0,0.0,0,pos
FUN_005376,186,0.07276995305164319,2,pos_s1962_e2052_s2118_e2154,96,0.03755868544600939,2,pos_s2010_e2052_s2124_e2154
FUN_000286,156,0.22413793103448276,2,pos_s6_e72_s78_e162,66,0.09482758620689655,1,pos_s102_e138
FUN_006984,0,0.0,0,pos,0,0.0,0,pos
FUN_008103,0,0.0,0,pos,0,0.0,0,pos
FUN_009502,60,0.07751937984496124,1,pos_s594_e636,18,0.023255813953488372,0,pos
FUN_005258,30,0.014925373134328358,0,pos,0,0.0,0,pos
FUN_001436,0,0.0,0,pos,0,0.0,0,pos
FUN_007336,0,0.0,0,pos,0,0.0,0,pos
FUN_000630,0,0.0,0,pos,0,0.0,0,pos
FUN_004291,0,0.0,0,pos,0,0.0,0,pos
FUN_008013,0,0.0,0,pos,0,0.0,0,pos
FUN_006331,42,0.1590909090909091,1,pos_s180_e216,0,0.0,0,pos
FUN_009741,6,0.007352941176470588,0,pos,0,0.0,0,pos
FUN_008375,0,0.0,0,pos,0,0.0,0,pos
FUN_006792,0,0.0,0,pos,0,0.0,0,pos
FUN_006050,0,0.0,0,pos,0,0.0,0,pos
FUN_010445,1230,0.176268271711092,13,pos_s3060_e3198_s3234_e3264_s3270_e3348_s3420_e3606_s3696_e3810_s3930_e4044_s4356_e4470_s4554_e4656_s5160_e5244_s5646_e5742_s5808_e5844_s6528_e6558_s6564_e6642,444,0.06362854686156492,4,pos_s3570_e3606_s3936_e4044_s4602_e4656_s5652_e5742
FUN_010376,0,0.0,0,pos,0,0.0,0,pos
FUN_007233,0,0.0,0,pos,0,0.0,0,pos
FUN_007950,6,0.007142857142857143,0,pos,0,0.0,0,pos
FUN_004769,0,0.0,0,pos,0,0.0,0,pos
FUN_016803,0,0.0,0,pos,0,0.0,0,pos
FUN_001251,0,0.0,0,pos,0,0.0,0,pos
FUN_003357,42,0.056,1,pos_s426_e468,0,0.0,0,pos
FUN_007843,0,0.0,0,pos,0,0.0,0,pos
FUN_005834,6,0.001658374792703151,0,pos,0,0.0,0,pos
FUN_015915,0,0.0,0,pos,0,0.0,0,pos
FUN_005608,0,0.0,0,pos,0,0.0,0,pos
FUN_010814,0,0.0,0,pos,0,0.0,0,pos
FUN_006408,0,0.0,0,pos,0,0.0,0,pos
FUN_005050,6,0.007575757575757576,0,pos,6,0.007575757575757576,0,pos
FUN_011336,12,0.011494252873563218,0,pos,0,0.0,0,pos
FUN_005650,0,0.0,0,pos,0,0.0,0,pos
FUN_009637,114,0.06785714285714285,2,pos_s594_e660_s1044_e1086,24,0.014285714285714285,0,pos
FUN_001321,300,0.11363636363636363,3,pos_s660_e840_s1410_e1440_s1464_e1500,186,0.07045454545454545,1,pos_s672_e840
FUN_003269,0,0.0,0,pos,0,0.0,0,pos
FUN_005203,96,0.05860805860805861,1,pos_s912_e948,0,0.0,0,pos
FUN_008387,18,0.012552301255230125,0,pos,0,0.0,0,pos
FUN_002549,48,0.015873015873015872,1,pos_s2274_e2316,0,0.0,0,pos
FUN_000818,0,0.0,0,pos,0,0.0,0,pos
FUN_008272,24,0.0064516129032258064,0,pos,0,0.0,0,pos
FUN_006912,48,0.016913319238900635,1,pos_s828_e876,0,0.0,0,pos
FUN_004578,102,0.02442528735632184,1,pos_s504_e564,0,0.0,0,pos
FUN_007292,0,0.0,0,pos,0,0.0,0,pos
FUN_006701,48,0.0038095238095238095,0,pos,0,0.0,0,pos
FUN_016589,0,0.0,0,pos,0,0.0,0,pos
FUN_002521,42,0.028225806451612902,0,pos,0,0.0,0,pos
FUN_003641,0,0.0,0,pos,0,0.0,0,pos
FUN_011272,66,0.13580246913580246,1,pos_s144_e204,0,0.0,0,pos
FUN_012093,0,0.0,0,pos,0,0.0,0,pos
FUN_015564,0,0.0,0,pos,0,0.0,0,pos
FUN_006880,96,0.07729468599033816,2,pos_s84_e138_s180_e210,6,0.004830917874396135,0,pos
FUN_004997,0,0.0,0,pos,0,0.0,0,pos
FUN_008353,48,0.041025641025641026,1,pos_s672_e714,0,0.0,0,pos
FUN_011740,0,0.0,0,pos,0,0.0,0,pos
FUN_005049,0,0.0,0,pos,0,0.0,0,pos
FUN_008674,84,0.05223880597014925,0,pos,0,0.0,0,pos
FUN_011141,6,0.021739130434782608,0,pos,0,0.0,0,pos
FUN_008044,66,0.024719101123595506,1,pos_s1278_e1344,48,0.017977528089887642,1,pos_s1296_e1344
FUN_015670,0,0.0,0,pos,0,0.0,0,pos
FUN_011831,78,0.02127659574468085,1,pos_s1830_e1872,18,0.004909983633387889,0,pos
FUN_005634,300,0.03843197540353574,3,pos_s3750_e3816_s6300_e6360_s7692_e7776,54,0.006917755572636433,0,pos
FUN_001702,0,0.0,0,pos,0,0.0,0,pos
FUN_006013,0,0.0,0,pos,0,0.0,0,pos
FUN_005964,0,0.0,0,pos,0,0.0,0,pos
FUN_003622,24,0.00936768149882904,0,pos,0,0.0,0,pos
FUN_009596,210,0.07,3,pos_s762_e810_s1410_e1524_s2082_e2112,102,0.034,1,pos_s1428_e1488
FUN_015365,0,0.0,0,pos,0,0.0,0,pos
FUN_003648,0,0.0,0,pos,0,0.0,0,pos
FUN_007496,30,0.015625,0,pos,0,0.0,0,pos
FUN_011586,0,0.0,0,pos,0,0.0,0,pos
FUN_009200,90,0.018726591760299626,1,pos_s2058_e2130,0,0.0,0,pos
FUN_010363,48,0.024464831804281346,0,pos,0,0.0,0,pos
FUN_008964,0,0.0,0,pos,0,0.0,0,pos
FUN_005811,18,0.006787330316742082,0,pos,0,0.0,0,pos
FUN_011273,0,0.0,0,pos,0,0.0,0,pos
FUN_003584,0,0.0,0,pos,0,0.0,0,pos
FUN_002046,0,0.0,0,pos,0,0.0,0,pos
FUN_012085,0,0.0,0,pos,0,0.0,0,pos
FUN_016773,0,0.0,0,pos,0,0.0,0,pos
FUN_009158,42,0.07446808510638298,0,pos,6,0.010638297872340425,0,pos
FUN_002670,12,0.00847457627118644,0,pos,0,0.0,0,pos
FUN_000243,0,0.0,0,pos,0,0.0,0,pos
FUN_003577,0,0.0,0,pos,0,0.0,0,pos
FUN_010029,0,0.0,0,pos,0,0.0,0,pos
FUN_008825,264,0.061452513966480445,3,pos_s354_e390_s2694_e2730_s3816_e3936,0,0.0,0,pos
FUN_015786,0,0.0,0,pos,0,0.0,0,pos
FUN_015768,0,0.0,0,pos,0,0.0,0,pos
FUN_001094,0,0.0,0,pos,0,0.0,0,pos
FUN_005422,0,0.0,0,pos,0,0.0,0,pos
FUN_015811,0,0.0,0,pos,0,0.0,0,pos
FUN_005522,48,0.01951219512195122,1,pos_s1458_e1506,12,0.004878048780487805,0,pos
FUN_002019,0,0.0,0,pos,0,0.0,0,pos
FUN_006185,18,0.013761467889908258,0,pos,0,0.0,0,pos
FUN_004698,294,0.026572668112798264,2,pos_s8358_e8436_s10494_e10608,78,0.0070498915401301515,1,pos_s10494_e10572
FUN_007179,0,0.0,0,pos,0,0.0,0,pos
FUN_007925,0,0.0,0,pos,0,0.0,0,pos
FUN_005756,12,0.0025906735751295338,0,pos,12,0.0025906735751295338,0,pos
FUN_015516,0,0.0,0,pos,0,0.0,0,pos
FUN_001722,60,0.0196078431372549,1,pos_s1236_e1284,0,0.0,0,pos
FUN_001529,0,0.0,0,pos,0,0.0,0,pos
FUN_009134,0,0.0,0,pos,0,0.0,0,pos
FUN_001437,0,0.0,0,pos,0,0.0,0,pos
FUN_010653,0,0.0,0,pos,0,0.0,0,pos
FUN_003179,54,0.017013232514177693,1,pos_s276_e318,0,0.0,0,pos
FUN_009333,0,0.0,0,pos,0,0.0,0,pos
FUN_006222,162,0.09642857142857143,1,pos_s306_e396,0,0.0,0,pos
FUN_000328,0,0.0,0,pos,0,0.0,0,pos
FUN_007231,0,0.0,0,pos,0,0.0,0,pos
FUN_015364,0,0.0,0,pos,0,0.0,0,pos
FUN_016520,0,0.0,0,pos,0,0.0,0,pos
FUN_002345,0,0.0,0,pos,0,0.0,0,pos
FUN_011283,162,0.06835443037974684,2,pos_s822_e852_s1344_e1440,90,0.0379746835443038,1,pos_s1380_e1440
FUN_002498,0,0.0,0,pos,0,0.0,0,pos
FUN_011027,144,0.0433996383363472,1,pos_s3252_e3312,0,0.0,0,pos
FUN_002588,120,0.13986013986013987,1,pos_s96_e216,54,0.06293706293706294,1,pos_s150_e186
FUN_001531,0,0.0,0,pos,0,0.0,0,pos
FUN_000481,6,0.0010277492291880781,0,pos,0,0.0,0,pos
FUN_009124,30,0.03731343283582089,0,pos,0,0.0,0,pos
FUN_007568,0,0.0,0,pos,0,0.0,0,pos
FUN_003022,0,0.0,0,pos,0,0.0,0,pos
FUN_016358,0,0.0,0,pos,0,0.0,0,pos
FUN_002881,0,0.0,0,pos,0,0.0,0,pos
FUN_008660,24,0.0149812734082397,0,pos,0,0.0,0,pos
FUN_005364,12,0.0058997050147492625,0,pos,0,0.0,0,pos
FUN_011854,0,0.0,0,pos,0,0.0,0,pos
FUN_011096,30,0.012953367875647668,0,pos,0,0.0,0,pos
FUN_010521,0,0.0,0,pos,0,0.0,0,pos
FUN_007742,42,0.024822695035460994,1,pos_s1626_e1668,0,0.0,0,pos
FUN_004852,0,0.0,0,pos,0,0.0,0,pos
FUN_015366,0,0.0,0,pos,0,0.0,0,pos
FUN_001394,66,0.048034934497816595,1,pos_s132_e174,0,0.0,0,pos
FUN_015733,0,0.0,0,pos,0,0.0,0,pos
FUN_010851,0,0.0,0,pos,0,0.0,0,pos
FUN_011952,0,0.0,0,pos,0,0.0,0,pos
FUN_000040,0,0.0,0,pos,0,0.0,0,pos
FUN_006892,78,0.037900874635568516,1,pos_s606_e678,60,0.029154518950437316,1,pos_s612_e672
FUN_007623,114,0.047619047619047616,1,pos_s1890_e2004,108,0.045112781954887216,1,pos_s1896_e2004
FUN_005578,102,0.06390977443609022,2,pos_s396_e444_s1320_e1374,0,0.0,0,pos
FUN_001332,0,0.0,0,pos,0,0.0,0,pos
FUN_016472,0,0.0,0,pos,0,0.0,0,pos
FUN_004142,72,0.0916030534351145,1,pos_s504_e546,42,0.05343511450381679,1,pos_s504_e534
FUN_003596,42,0.03626943005181347,1,pos_s588_e624,0,0.0,0,pos
FUN_005439,0,0.0,0,pos,0,0.0,0,pos
FUN_002749,0,0.0,0,pos,0,0.0,0,pos
FUN_015262,0,0.0,0,pos,0,0.0,0,pos
FUN_009649,54,0.14754098360655737,1,pos_s246_e282,30,0.08196721311475409,1,pos_s252_e282
FUN_008914,36,0.046875,1,pos_s204_e240,0,0.0,0,pos
FUN_006051,0,0.0,0,pos,0,0.0,0,pos
FUN_005714,156,0.06824146981627296,2,pos_s618_e678_s1596_e1632,66,0.028871391076115485,1,pos_s618_e666
FUN_010124,0,0.0,0,pos,0,0.0,0,pos
FUN_006333,12,0.010416666666666666,0,pos,0,0.0,0,pos
FUN_003274,0,0.0,0,pos,0,0.0,0,pos
FUN_015632,0,0.0,0,pos,0,0.0,0,pos
FUN_000563,42,0.009174311926605505,1,pos_s4350_e4380,0,0.0,0,pos
FUN_003929,0,0.0,0,pos,0,0.0,0,pos
FUN_010881,324,0.25961538461538464,3,pos_s420_e528_s792_e876_s906_e1002,138,0.11057692307692307,2,pos_s792_e846_s972_e1002
FUN_001476,36,0.01662049861495845,1,pos_s324_e360,6,0.002770083102493075,0,pos
FUN_005102,0,0.0,0,pos,0,0.0,0,pos
FUN_010739,0,0.0,0,pos,0,0.0,0,pos
FUN_006031,0,0.0,0,pos,0,0.0,0,pos
FUN_005673,24,0.01238390092879257,0,pos,24,0.01238390092879257,0,pos
FUN_009008,0,0.0,0,pos,0,0.0,0,pos
FUN_004948,6,0.004273504273504274,0,pos,0,0.0,0,pos
FUN_005628,0,0.0,0,pos,0,0.0,0,pos
FUN_002596,0,0.0,0,pos,0,0.0,0,pos
FUN_009776,0,0.0,0,pos,0,0.0,0,pos
FUN_000764,0,0.0,0,pos,0,0.0,0,pos
FUN_004152,0,0.0,0,pos,0,0.0,0,pos
FUN_004367,0,0.0,0,pos,0,0.0,0,pos
FUN_009650,0,0.0,0,pos,0,0.0,0,pos
FUN_010931,12,0.01,0,pos,0,0.0,0,pos
FUN_011268,0,0.0,0,pos,0,0.0,0,pos
FUN_016618,0,0.0,0,pos,0,0.0,0,pos
FUN_010205,132,0.12222222222222222,1,pos_s672_e774,126,0.11666666666666667,1,pos_s672_e768
FUN_005891,0,0.0,0,pos,0,0.0,0,pos
FUN_016458,0,0.0,0,pos,0,0.0,0,pos
FUN_004822,54,0.047619047619047616,0,pos,12,0.010582010582010581,0,pos
FUN_009280,138,0.2169811320754717,0,pos,18,0.02830188679245283,0,pos
FUN_015929,0,0.0,0,pos,0,0.0,0,pos
FUN_003306,0,0.0,0,pos,0,0.0,0,pos
FUN_009697,0,0.0,0,pos,0,0.0,0,pos
FUN_008381,0,0.0,0,pos,0,0.0,0,pos
FUN_001109,0,0.0,0,pos,0,0.0,0,pos
FUN_002770,138,0.05021834061135371,2,pos_s2370_e2406_s2412_e2514,96,0.034934497816593885,1,pos_s2424_e2496
FUN_010320,0,0.0,0,pos,0,0.0,0,pos
FUN_003122,6,0.00392156862745098,0,pos,0,0.0,0,pos
FUN_004072,0,0.0,0,pos,0,0.0,0,pos
FUN_010510,90,0.01875,1,pos_s4506_e4578,0,0.0,0,pos
FUN_002836,12,0.005376344086021506,0,pos,0,0.0,0,pos
FUN_002466,0,0.0,0,pos,0,0.0,0,pos
FUN_008799,222,0.2868217054263566,3,pos_s450_e564_s618_e660_s702_e732,78,0.10077519379844961,1,pos_s456_e516
FUN_005142,0,0.0,0,pos,0,0.0,0,pos
FUN_003744,12,0.009259259259259259,0,pos,0,0.0,0,pos
FUN_001093,204,0.19883040935672514,3,pos_s342_e378_s474_e528_s552_e636,60,0.05847953216374269,1,pos_s576_e630
FUN_005729,0,0.0,0,pos,0,0.0,0,pos
FUN_006414,0,0.0,0,pos,0,0.0,0,pos
FUN_016760,0,0.0,0,pos,0,0.0,0,pos
FUN_007723,0,0.0,0,pos,0,0.0,0,pos
FUN_008164,204,0.2764227642276423,2,pos_s114_e186_s570_e654,54,0.07317073170731707,1,pos_s570_e612
FUN_004475,12,0.010256410256410256,0,pos,0,0.0,0,pos
FUN_004715,0,0.0,0,pos,0,0.0,0,pos
FUN_003995,0,0.0,0,pos,0,0.0,0,pos
FUN_008794,150,0.0708215297450425,3,pos_s132_e162_s468_e528_s1962_e2016,54,0.025495750708215296,1,pos_s1968_e2010
FUN_004876,156,0.01147396293027361,1,pos_s3270_e3312,0,0.0,0,pos
FUN_008697,0,0.0,0,pos,0,0.0,0,pos
FUN_011467,0,0.0,0,pos,0,0.0,0,pos
FUN_009269,18,0.08108108108108109,0,pos,0,0.0,0,pos
FUN_007159,42,0.0330188679245283,1,pos_s912_e942,0,0.0,0,pos
FUN_006891,0,0.0,0,pos,0,0.0,0,pos
FUN_004849,18,0.02608695652173913,0,pos,6,0.008695652173913044,0,pos
FUN_001670,96,0.05673758865248227,1,pos_s1446_e1542,12,0.0070921985815602835,0,pos
FUN_010160,0,0.0,0,pos,0,0.0,0,pos
FUN_002941,0,0.0,0,pos,0,0.0,0,pos
FUN_007448,204,0.068,2,pos_s2376_e2442_s2580_e2676,42,0.014,0,pos
FUN_015846,0,0.0,0,pos,0,0.0,0,pos
FUN_004040,0,0.0,0,pos,0,0.0,0,pos
FUN_006295,6,0.01694915254237288,0,pos,0,0.0,0,pos
FUN_003778,30,0.02242152466367713,1,pos_s1290_e1320,0,0.0,0,pos
FUN_000987,0,0.0,0,pos,0,0.0,0,pos
FUN_016012,0,0.0,0,pos,0,0.0,0,pos
FUN_003925,150,0.06510416666666667,2,pos_s168_e246_s252_e288,60,0.026041666666666668,1,pos_s252_e288
FUN_008428,0,0.0,0,pos,0,0.0,0,pos
FUN_007120,0,0.0,0,pos,0,0.0,0,pos
FUN_016335,0,0.0,0,pos,0,0.0,0,pos
FUN_003934,30,0.018315018315018316,0,pos,0,0.0,0,pos
FUN_002583,18,0.010830324909747292,0,pos,0,0.0,0,pos
FUN_009500,72,0.03761755485893417,2,pos_s1116_e1146_s1176_e1206,0,0.0,0,pos
FUN_002753,0,0.0,0,pos,0,0.0,0,pos
FUN_005042,0,0.0,0,pos,0,0.0,0,pos
FUN_005802,0,0.0,0,pos,0,0.0,0,pos
FUN_006799,0,0.0,0,pos,0,0.0,0,pos
FUN_011499,0,0.0,0,pos,0,0.0,0,pos
FUN_003171,12,0.005115089514066497,0,pos,0,0.0,0,pos
FUN_015425,0,0.0,0,pos,0,0.0,0,pos
FUN_015599,0,0.0,0,pos,0,0.0,0,pos
FUN_011538,0,0.0,0,pos,0,0.0,0,pos
FUN_006584,60,0.046948356807511735,1,pos_s300_e360,0,0.0,0,pos
FUN_001933,48,0.058823529411764705,1,pos_s354_e384,0,0.0,0,pos
FUN_003793,0,0.0,0,pos,0,0.0,0,pos
FUN_004788,0,0.0,0,pos,0,0.0,0,pos
FUN_007117,0,0.0,0,pos,0,0.0,0,pos
FUN_008226,24,0.0625,0,pos,12,0.03125,0,pos
FUN_006065,0,0.0,0,pos,0,0.0,0,pos
FUN_010118,102,0.14049586776859505,1,pos_s672_e708,30,0.04132231404958678,0,pos
FUN_007128,252,0.10144927536231885,2,pos_s882_e996_s1044_e1134,114,0.04589371980676329,1,pos_s888_e990
FUN_011592,0,0.0,0,pos,0,0.0,0,pos
FUN_016601,0,0.0,0,pos,0,0.0,0,pos
FUN_002095,0,0.0,0,pos,0,0.0,0,pos
FUN_016097,0,0.0,0,pos,0,0.0,0,pos
FUN_004311,0,0.0,0,pos,0,0.0,0,pos
FUN_016434,0,0.0,0,pos,0,0.0,0,pos
FUN_006594,120,0.03868471953578337,2,pos_s1578_e1614_s2976_e3042,6,0.0019342359767891683,0,pos
FUN_008322,30,0.05102040816326531,0,pos,6,0.01020408163265306,0,pos
FUN_000298,0,0.0,0,pos,0,0.0,0,pos
FUN_001472,0,0.0,0,pos,0,0.0,0,pos
FUN_003580,0,0.0,0,pos,0,0.0,0,pos
FUN_015505,0,0.0,0,pos,0,0.0,0,pos
FUN_002777,78,0.026476578411405296,2,pos_s288_e318_s1092_e1140,18,0.006109979633401222,0,pos
FUN_008193,0,0.0,0,pos,0,0.0,0,pos
FUN_005294,90,0.06818181818181818,1,pos_s324_e414,78,0.05909090909090909,1,pos_s324_e402
FUN_008031,12,0.0029411764705882353,0,pos,0,0.0,0,pos
FUN_002460,0,0.0,0,pos,0,0.0,0,pos
FUN_006772,0,0.0,0,pos,0,0.0,0,pos
FUN_016594,0,0.0,0,pos,0,0.0,0,pos
FUN_009916,0,0.0,0,pos,0,0.0,0,pos
FUN_002827,0,0.0,0,pos,0,0.0,0,pos
FUN_005290,0,0.0,0,pos,0,0.0,0,pos
FUN_000460,72,0.06153846153846154,1,pos_s1050_e1110,0,0.0,0,pos
FUN_004003,0,0.0,0,pos,0,0.0,0,pos
FUN_012529,0,0.0,0,pos,0,0.0,0,pos
FUN_004665,0,0.0,0,pos,0,0.0,0,pos
FUN_005166,0,0.0,0,pos,0,0.0,0,pos
FUN_010536,0,0.0,0,pos,0,0.0,0,pos
FUN_003736,0,0.0,0,pos,0,0.0,0,pos
FUN_008987,0,0.0,0,pos,0,0.0,0,pos
FUN_012502,0,0.0,0,pos,0,0.0,0,pos
FUN_000085,30,0.02100840336134454,1,pos_s1380_e1410,0,0.0,0,pos
FUN_011615,0,0.0,0,pos,0,0.0,0,pos
FUN_009349,0,0.0,0,pos,0,0.0,0,pos
FUN_001036,0,0.0,0,pos,0,0.0,0,pos
FUN_001381,0,0.0,0,pos,0,0.0,0,pos
FUN_006446,36,0.0234375,0,pos,12,0.0078125,0,pos
FUN_011957,0,0.0,0,pos,0,0.0,0,pos
FUN_015551,0,0.0,0,pos,0,0.0,0,pos
FUN_000357,0,0.0,0,pos,0,0.0,0,pos
FUN_016214,0,0.0,0,pos,0,0.0,0,pos
FUN_001542,0,0.0,0,pos,0,0.0,0,pos
FUN_011527,0,0.0,0,pos,0,0.0,0,pos
FUN_003401,0,0.0,0,pos,0,0.0,0,pos
FUN_008805,102,0.03761061946902655,1,pos_s408_e480,24,0.008849557522123894,0,pos
FUN_008614,0,0.0,0,pos,0,0.0,0,pos
FUN_006217,246,0.012796504369538077,3,pos_s14796_e14898_s15564_e15618_s16188_e16218,60,0.003121098626716604,0,pos
FUN_008301,0,0.0,0,pos,0,0.0,0,pos
FUN_007168,12,0.008928571428571428,0,pos,0,0.0,0,pos
FUN_006955,0,0.0,0,pos,0,0.0,0,pos
FUN_010183,0,0.0,0,pos,0,0.0,0,pos
FUN_007177,0,0.0,0,pos,0,0.0,0,pos
FUN_004656,0,0.0,0,pos,0,0.0,0,pos
FUN_002419,24,0.03669724770642202,0,pos,24,0.03669724770642202,0,pos
FUN_009943,0,0.0,0,pos,0,0.0,0,pos
FUN_008406,348,0.021609538002980627,4,pos_s9966_e10032_s10110_e10170_s11436_e11484_s11550_e11652,78,0.004843517138599106,1,pos_s9972_e10032
FUN_012438,0,0.0,0,pos,0,0.0,0,pos
FUN_016098,0,0.0,0,pos,0,0.0,0,pos
FUN_011963,0,0.0,0,pos,0,0.0,0,pos
FUN_006167,84,0.13333333333333333,1,pos_s564_e624,0,0.0,0,pos
FUN_009408,0,0.0,0,pos,0,0.0,0,pos
FUN_012307,0,0.0,0,pos,0,0.0,0,pos
FUN_012377,0,0.0,0,pos,0,0.0,0,pos
FUN_011422,6,0.0009823182711198428,0,pos,0,0.0,0,pos
FUN_015682,0,0.0,0,pos,0,0.0,0,pos
FUN_010295,264,0.33587786259541985,3,pos_s102_e162_s216_e306_s342_e372,24,0.030534351145038167,0,pos
FUN_003169,42,0.026923076923076925,0,pos,0,0.0,0,pos
FUN_007483,108,0.07377049180327869,2,pos_s0_e54_s168_e222,48,0.03278688524590164,1,pos_s174_e222
FUN_000044,60,0.07194244604316546,1,pos_s264_e324,6,0.007194244604316547,0,pos
FUN_000972,0,0.0,0,pos,0,0.0,0,pos
FUN_001496,0,0.0,0,pos,0,0.0,0,pos
FUN_006337,0,0.0,0,pos,0,0.0,0,pos
FUN_002098,0,0.0,0,pos,0,0.0,0,pos
FUN_007931,30,0.016778523489932886,1,pos_s1014_e1044,0,0.0,0,pos
FUN_009450,0,0.0,0,pos,0,0.0,0,pos
FUN_010592,96,0.11764705882352941,2,pos_s684_e744_s762_e798,0,0.0,0,pos
FUN_004114,0,0.0,0,pos,0,0.0,0,pos
FUN_001964,0,0.0,0,pos,0,0.0,0,pos
FUN_008656,0,0.0,0,pos,0,0.0,0,pos
FUN_007087,0,0.0,0,pos,0,0.0,0,pos
FUN_003348,0,0.0,0,pos,0,0.0,0,pos
FUN_007203,0,0.0,0,pos,0,0.0,0,pos
FUN_012356,504,0.1377049180327869,6,pos_s660_e756_s846_e882_s900_e1008_s1050_e1188_s1212_e1260_s1290_e1326,240,0.06557377049180328,2,pos_s660_e756_s1104_e1188
FUN_007392,144,0.05660377358490566,3,pos_s1476_e1524_s1530_e1572_s2358_e2412,24,0.009433962264150943,0,pos
FUN_015994,0,0.0,0,pos,0,0.0,0,pos
FUN_016424,0,0.0,0,pos,0,0.0,0,pos
FUN_002318,0,0.0,0,pos,0,0.0,0,pos
FUN_009647,378,0.037410926365795724,6,pos_s852_e882_s888_e918_s3150_e3234_s5862_e5928_s6078_e6120_s7770_e7854,48,0.004750593824228029,0,pos
FUN_002481,0,0.0,0,pos,0,0.0,0,pos
FUN_016461,0,0.0,0,pos,0,0.0,0,pos
FUN_012018,0,0.0,0,pos,0,0.0,0,pos
FUN_012474,0,0.0,0,pos,0,0.0,0,pos
FUN_002613,18,0.007832898172323759,0,pos,0,0.0,0,pos
FUN_005438,0,0.0,0,pos,0,0.0,0,pos
FUN_009203,162,0.05895196506550218,2,pos_s1050_e1092_s2298_e2340,0,0.0,0,pos
FUN_015561,0,0.0,0,pos,0,0.0,0,pos
FUN_001410,384,0.08030112923462986,5,pos_s30_e66_s960_e1062_s1098_e1176_s1182_e1218_s1650_e1752,96,0.020075282308657464,1,pos_s1110_e1140
FUN_015487,0,0.0,0,pos,0,0.0,0,pos
FUN_001020,0,0.0,0,pos,0,0.0,0,pos
FUN_009556,66,0.05851063829787234,1,pos_s684_e750,0,0.0,0,pos
FUN_011353,114,0.020879120879120878,1,pos_s2376_e2454,12,0.002197802197802198,0,pos
FUN_003880,0,0.0,0,pos,0,0.0,0,pos
FUN_016329,0,0.0,0,pos,0,0.0,0,pos
FUN_008170,6,0.0032679738562091504,0,pos,0,0.0,0,pos
FUN_006163,0,0.0,0,pos,0,0.0,0,pos
FUN_011200,66,0.02669902912621359,1,pos_s2022_e2064,42,0.01699029126213592,1,pos_s2034_e2064
FUN_008828,0,0.0,0,pos,0,0.0,0,pos
FUN_005959,0,0.0,0,pos,0,0.0,0,pos
FUN_016036,0,0.0,0,pos,0,0.0,0,pos
FUN_006578,18,0.022727272727272728,0,pos,18,0.022727272727272728,0,pos
FUN_001029,120,0.13157894736842105,1,pos_s264_e342,24,0.02631578947368421,0,pos
FUN_008961,0,0.0,0,pos,0,0.0,0,pos
FUN_003183,0,0.0,0,pos,0,0.0,0,pos
FUN_015688,0,0.0,0,pos,0,0.0,0,pos
FUN_002227,24,0.011661807580174927,0,pos,0,0.0,0,pos
FUN_015851,0,0.0,0,pos,0,0.0,0,pos
FUN_001625,30,0.018726591760299626,1,pos_s1122_e1152,6,0.003745318352059925,0,pos
FUN_006651,0,0.0,0,pos,0,0.0,0,pos
FUN_009004,246,0.25308641975308643,4,pos_s54_e108_s150_e204_s324_e390_s786_e840,66,0.06790123456790123,1,pos_s150_e192
FUN_011285,0,0.0,0,pos,0,0.0,0,pos
FUN_007273,24,0.029197080291970802,0,pos,0,0.0,0,pos
FUN_001700,0,0.0,0,pos,0,0.0,0,pos
FUN_004695,0,0.0,0,pos,0,0.0,0,pos
FUN_002004,0,0.0,0,pos,0,0.0,0,pos
FUN_002581,0,0.0,0,pos,0,0.0,0,pos
FUN_001988,0,0.0,0,pos,0,0.0,0,pos
FUN_011628,0,0.0,0,pos,0,0.0,0,pos
FUN_007421,258,0.10669975186104218,2,pos_s438_e600_s894_e990,96,0.03970223325062035,2,pos_s558_e594_s894_e948
FUN_008642,0,0.0,0,pos,0,0.0,0,pos
FUN_003963,126,0.05236907730673317,2,pos_s1884_e1914_s2040_e2106,18,0.007481296758104738,0,pos
FUN_005623,0,0.0,0,pos,0,0.0,0,pos
FUN_003726,90,0.10273972602739725,1,pos_s600_e690,0,0.0,0,pos
FUN_002897,0,0.0,0,pos,0,0.0,0,pos
FUN_015549,0,0.0,0,pos,0,0.0,0,pos
FUN_003092,0,0.0,0,pos,0,0.0,0,pos
FUN_015408,0,0.0,0,pos,0,0.0,0,pos
FUN_016525,0,0.0,0,pos,0,0.0,0,pos
FUN_003395,0,0.0,0,pos,0,0.0,0,pos
FUN_003327,0,0.0,0,pos,0,0.0,0,pos
FUN_016399,0,0.0,0,pos,0,0.0,0,pos
FUN_000488,0,0.0,0,pos,0,0.0,0,pos
FUN_011307,0,0.0,0,pos,0,0.0,0,pos
FUN_010676,0,0.0,0,pos,0,0.0,0,pos
FUN_003621,0,0.0,0,pos,0,0.0,0,pos
FUN_002441,0,0.0,0,pos,0,0.0,0,pos
FUN_009143,0,0.0,0,pos,0,0.0,0,pos
FUN_012457,0,0.0,0,pos,0,0.0,0,pos
FUN_001810,0,0.0,0,pos,0,0.0,0,pos
FUN_011837,0,0.0,0,pos,0,0.0,0,pos
FUN_002514,426,0.25448028673835127,2,pos_s816_e1158_s1254_e1338,234,0.13978494623655913,3,pos_s828_e888_s1044_e1158_s1308_e1338
FUN_008906,24,0.004987531172069825,0,pos,0,0.0,0,pos
FUN_005224,0,0.0,0,pos,0,0.0,0,pos
FUN_009115,36,0.018575851393188854,1,pos_s1002_e1038,0,0.0,0,pos
FUN_006015,30,0.15151515151515152,1,pos_s0_e30,24,0.12121212121212122,0,pos
FUN_001404,0,0.0,0,pos,0,0.0,0,pos
FUN_005032,0,0.0,0,pos,0,0.0,0,pos
FUN_015919,0,0.0,0,pos,0,0.0,0,pos
FUN_010678,318,0.12296983758700696,4,pos_s498_e564_s576_e606_s1050_e1158_s2148_e2208,84,0.03248259860788863,1,pos_s1104_e1158
FUN_010800,0,0.0,0,pos,0,0.0,0,pos
FUN_009583,0,0.0,0,pos,0,0.0,0,pos
FUN_001723,48,0.025806451612903226,1,pos_s1794_e1836,0,0.0,0,pos
FUN_001923,0,0.0,0,pos,0,0.0,0,pos
FUN_008159,0,0.0,0,pos,0,0.0,0,pos
FUN_004276,0,0.0,0,pos,0,0.0,0,pos
FUN_010056,0,0.0,0,pos,0,0.0,0,pos
FUN_004515,0,0.0,0,pos,0,0.0,0,pos
FUN_001402,30,0.031055900621118012,1,pos_s324_e354,6,0.006211180124223602,0,pos
FUN_015328,0,0.0,0,pos,0,0.0,0,pos
FUN_015895,0,0.0,0,pos,0,0.0,0,pos
FUN_003613,0,0.0,0,pos,0,0.0,0,pos
FUN_008774,72,0.024844720496894408,1,pos_s516_e558,0,0.0,0,pos
FUN_003009,0,0.0,0,pos,0,0.0,0,pos
FUN_005735,48,0.031746031746031744,1,pos_s510_e540,0,0.0,0,pos
FUN_004050,0,0.0,0,pos,0,0.0,0,pos
FUN_015496,0,0.0,0,pos,0,0.0,0,pos
FUN_001087,0,0.0,0,pos,0,0.0,0,pos
FUN_004074,90,0.06521739130434782,1,pos_s90_e138,0,0.0,0,pos
FUN_015299,0,0.0,0,pos,0,0.0,0,pos
FUN_010198,0,0.0,0,pos,0,0.0,0,pos
FUN_011888,0,0.0,0,pos,0,0.0,0,pos
FUN_006406,0,0.0,0,pos,0,0.0,0,pos
FUN_002689,0,0.0,0,pos,0,0.0,0,pos
FUN_016195,0,0.0,0,pos,0,0.0,0,pos
FUN_004055,0,0.0,0,pos,0,0.0,0,pos
FUN_002789,12,0.0136986301369863,0,pos,0,0.0,0,pos
FUN_006204,0,0.0,0,pos,0,0.0,0,pos
FUN_000876,36,0.011583011583011582,0,pos,0,0.0,0,pos
FUN_004090,0,0.0,0,pos,0,0.0,0,pos
FUN_010145,0,0.0,0,pos,0,0.0,0,pos
FUN_009726,6,0.012658227848101266,0,pos,0,0.0,0,pos
FUN_007891,0,0.0,0,pos,0,0.0,0,pos
FUN_012319,0,0.0,0,pos,0,0.0,0,pos
FUN_015697,0,0.0,0,pos,0,0.0,0,pos
FUN_000048,336,0.22857142857142856,4,pos_s480_e588_s768_e882_s888_e930_s936_e972,120,0.08163265306122448,1,pos_s786_e882
FUN_011069,336,0.17445482866043613,4,pos_s1386_e1416_s1566_e1596_s1602_e1710_s1752_e1830,138,0.07165109034267912,2,pos_s1602_e1692_s1782_e1812
FUN_010251,1122,0.08102253032928942,12,pos_s408_e438_s1158_e1320_s1716_e1758_s1848_e1878_s2622_e2652_s8526_e8616_s8940_e9042_s9186_e9426_s9780_e9840_s10092_e10164_s11100_e11130_s13638_e13710,432,0.03119584055459272,5,pos_s1176_e1314_s8574_e8610_s9228_e9384_s9798_e9840_s13638_e13686
FUN_015380,0,0.0,0,pos,0,0.0,0,pos
FUN_006037,204,0.21935483870967742,2,pos_s420_e450_s510_e672,144,0.15483870967741936,1,pos_s516_e660
FUN_012413,0,0.0,0,pos,0,0.0,0,pos
FUN_016488,0,0.0,0,pos,0,0.0,0,pos
FUN_010334,90,0.0625,1,pos_s300_e354,0,0.0,0,pos
FUN_016831,0,0.0,0,pos,0,0.0,0,pos
FUN_001615,0,0.0,0,pos,0,0.0,0,pos
FUN_005656,0,0.0,0,pos,0,0.0,0,pos
FUN_009468,12,0.021505376344086023,0,pos,0,0.0,0,pos
FUN_001679,0,0.0,0,pos,0,0.0,0,pos
FUN_006504,0,0.0,0,pos,0,0.0,0,pos
FUN_004701,180,0.24793388429752067,2,pos_s12_e126_s258_e318,108,0.1487603305785124,1,pos_s12_e114
FUN_011698,0,0.0,0,pos,0,0.0,0,pos
FUN_001401,0,0.0,0,pos,0,0.0,0,pos
FUN_001524,0,0.0,0,pos,0,0.0,0,pos
FUN_002254,30,0.021645021645021644,1,pos_s930_e960,0,0.0,0,pos
FUN_007499,234,0.03959390862944162,2,pos_s420_e450_s2550_e2622,42,0.007106598984771574,1,pos_s2556_e2592
FUN_000362,0,0.0,0,pos,0,0.0,0,pos
FUN_009122,0,0.0,0,pos,0,0.0,0,pos
FUN_010888,72,0.06091370558375635,1,pos_s642_e678,0,0.0,0,pos
FUN_009108,12,0.011764705882352941,0,pos,0,0.0,0,pos
FUN_001378,0,0.0,0,pos,0,0.0,0,pos
FUN_009000,0,0.0,0,pos,0,0.0,0,pos
FUN_006753,0,0.0,0,pos,0,0.0,0,pos
FUN_011932,0,0.0,0,pos,0,0.0,0,pos
FUN_002747,78,0.19117647058823528,1,pos_s258_e336,0,0.0,0,pos
FUN_008245,0,0.0,0,pos,0,0.0,0,pos
FUN_005919,816,0.4857142857142857,7,pos_s24_e222_s372_e432_s456_e492_s570_e618_s954_e1056_s1314_e1452_s1458_e1590,420,0.25,6,pos_s42_e156_s162_e204_s954_e1014_s1338_e1416_s1494_e1548_s1554_e1590
FUN_016055,0,0.0,0,pos,0,0.0,0,pos
FUN_011451,0,0.0,0,pos,0,0.0,0,pos
FUN_006469,0,0.0,0,pos,0,0.0,0,pos
FUN_005189,0,0.0,0,pos,0,0.0,0,pos
FUN_000605,0,0.0,0,pos,0,0.0,0,pos
FUN_016235,0,0.0,0,pos,0,0.0,0,pos
FUN_011320,0,0.0,0,pos,0,0.0,0,pos
FUN_005541,0,0.0,0,pos,0,0.0,0,pos
FUN_011401,0,0.0,0,pos,0,0.0,0,pos
FUN_006172,0,0.0,0,pos,0,0.0,0,pos
FUN_004716,66,0.028645833333333332,1,pos_s426_e468,48,0.020833333333333332,0,pos
FUN_002407,0,0.0,0,pos,0,0.0,0,pos
FUN_005336,0,0.0,0,pos,0,0.0,0,pos
FUN_002189,0,0.0,0,pos,0,0.0,0,pos
FUN_016770,0,0.0,0,pos,0,0.0,0,pos
FUN_016778,0,0.0,0,pos,0,0.0,0,pos
FUN_012313,0,0.0,0,pos,0,0.0,0,pos
FUN_002539,210,0.012764405543398978,2,pos_s5826_e5922_s15378_e15492,132,0.008023340627279359,1,pos_s15378_e15492
FUN_006643,0,0.0,0,pos,0,0.0,0,pos
FUN_010748,0,0.0,0,pos,0,0.0,0,pos
FUN_012114,0,0.0,0,pos,0,0.0,0,pos
FUN_006889,54,0.125,1,pos_s324_e378,30,0.06944444444444445,1,pos_s348_e378
FUN_008957,30,0.07246376811594203,1,pos_s264_e294,0,0.0,0,pos
FUN_015476,0,0.0,0,pos,0,0.0,0,pos
FUN_011884,0,0.0,0,pos,0,0.0,0,pos
FUN_007106,0,0.0,0,pos,0,0.0,0,pos
FUN_000805,0,0.0,0,pos,0,0.0,0,pos
FUN_015274,0,0.0,0,pos,0,0.0,0,pos
FUN_003753,0,0.0,0,pos,0,0.0,0,pos
FUN_011873,0,0.0,0,pos,0,0.0,0,pos
FUN_001428,126,0.1024390243902439,3,pos_s18_e54_s102_e144_s996_e1038,48,0.03902439024390244,1,pos_s1002_e1038
FUN_010772,12,0.025,0,pos,0,0.0,0,pos
FUN_000239,0,0.0,0,pos,0,0.0,0,pos
FUN_007877,360,0.11695906432748537,4,pos_s1338_e1416_s2100_e2184_s2376_e2454_s2526_e2604,108,0.03508771929824561,1,pos_s2376_e2454
FUN_005638,48,0.021621621621621623,1,pos_s2064_e2094,0,0.0,0,pos
FUN_009664,0,0.0,0,pos,0,0.0,0,pos
FUN_011972,0,0.0,0,pos,0,0.0,0,pos
FUN_001284,0,0.0,0,pos,0,0.0,0,pos
FUN_008705,0,0.0,0,pos,0,0.0,0,pos
FUN_003797,102,0.029616724738675958,2,pos_s60_e90_s114_e150,0,0.0,0,pos
FUN_009620,0,0.0,0,pos,0,0.0,0,pos
FUN_008922,6,0.0022675736961451248,0,pos,0,0.0,0,pos
FUN_016401,6,0.009523809523809525,0,pos,0,0.0,0,pos
FUN_003468,0,0.0,0,pos,0,0.0,0,pos
FUN_012415,0,0.0,0,pos,0,0.0,0,pos
FUN_007351,0,0.0,0,pos,0,0.0,0,pos
FUN_000625,0,0.0,0,pos,0,0.0,0,pos
FUN_004194,144,0.08421052631578947,1,pos_s1080_e1158,54,0.031578947368421054,1,pos_s1080_e1122
FUN_010564,0,0.0,0,pos,0,0.0,0,pos
FUN_008602,12,0.015748031496062992,0,pos,0,0.0,0,pos
FUN_015938,0,0.0,0,pos,0,0.0,0,pos
FUN_004324,0,0.0,0,pos,0,0.0,0,pos
FUN_006379,0,0.0,0,pos,0,0.0,0,pos
FUN_007747,0,0.0,0,pos,0,0.0,0,pos
FUN_004866,0,0.0,0,pos,0,0.0,0,pos
FUN_004054,42,0.1,1,pos_s204_e234,30,0.07142857142857142,1,pos_s204_e234
FUN_006154,0,0.0,0,pos,0,0.0,0,pos
FUN_007848,156,0.04340567612687813,4,pos_s1710_e1764_s1770_e1806_s2040_e2070_s2382_e2412,0,0.0,0,pos
FUN_005807,0,0.0,0,pos,0,0.0,0,pos
FUN_001030,0,0.0,0,pos,0,0.0,0,pos
FUN_012487,324,0.16216216216216217,5,pos_s1104_e1146_s1284_e1332_s1512_e1584_s1722_e1758_s1770_e1842,48,0.024024024024024024,1,pos_s1302_e1332
FUN_009917,0,0.0,0,pos,0,0.0,0,pos
FUN_004662,246,0.3942307692307692,3,pos_s252_e312_s348_e486_s492_e534,186,0.2980769230769231,2,pos_s258_e306_s354_e486
FUN_008991,0,0.0,0,pos,0,0.0,0,pos
FUN_000690,0,0.0,0,pos,0,0.0,0,pos
FUN_007405,0,0.0,0,pos,0,0.0,0,pos
FUN_000952,0,0.0,0,pos,0,0.0,0,pos
FUN_016260,0,0.0,0,pos,0,0.0,0,pos
FUN_006212,0,0.0,0,pos,0,0.0,0,pos
FUN_004361,0,0.0,0,pos,0,0.0,0,pos
FUN_006074,0,0.0,0,pos,0,0.0,0,pos
FUN_010757,0,0.0,0,pos,0,0.0,0,pos
FUN_002434,0,0.0,0,pos,0,0.0,0,pos
FUN_007281,288,0.17142857142857143,4,pos_s210_e294_s342_e384_s408_e456_s918_e960,48,0.02857142857142857,1,pos_s408_e456
FUN_016645,0,0.0,0,pos,0,0.0,0,pos
FUN_000127,0,0.0,0,pos,0,0.0,0,pos
FUN_000997,0,0.0,0,pos,0,0.0,0,pos
FUN_005416,0,0.0,0,pos,0,0.0,0,pos
FUN_003804,0,0.0,0,pos,0,0.0,0,pos
FUN_006620,18,0.012711864406779662,0,pos,0,0.0,0,pos
FUN_009853,0,0.0,0,pos,0,0.0,0,pos
FUN_006179,108,0.03278688524590164,1,pos_s1236_e1266,6,0.0018214936247723133,0,pos
FUN_008037,0,0.0,0,pos,0,0.0,0,pos
FUN_004439,144,0.014035087719298246,1,pos_s9936_e10044,48,0.004678362573099415,1,pos_s10002_e10038
FUN_004717,0,0.0,0,pos,0,0.0,0,pos
FUN_002712,0,0.0,0,pos,0,0.0,0,pos
FUN_000133,0,0.0,0,pos,0,0.0,0,pos
FUN_001302,0,0.0,0,pos,0,0.0,0,pos
FUN_008802,204,0.4594594594594595,2,pos_s72_e120_s126_e186,6,0.013513513513513514,0,pos
FUN_001215,0,0.0,0,pos,0,0.0,0,pos
FUN_004711,0,0.0,0,pos,0,0.0,0,pos
FUN_001562,0,0.0,0,pos,0,0.0,0,pos
FUN_007135,0,0.0,0,pos,0,0.0,0,pos
FUN_006514,84,0.0748663101604278,1,pos_s462_e522,18,0.016042780748663103,0,pos
FUN_002146,0,0.0,0,pos,0,0.0,0,pos
FUN_000594,0,0.0,0,pos,0,0.0,0,pos
FUN_016748,0,0.0,0,pos,0,0.0,0,pos
FUN_010978,0,0.0,0,pos,0,0.0,0,pos
FUN_002565,144,0.2376237623762376,2,pos_s114_e204_s210_e264,54,0.0891089108910891,1,pos_s132_e162
FUN_009381,0,0.0,0,pos,0,0.0,0,pos
FUN_004907,18,0.003393665158371041,0,pos,0,0.0,0,pos
FUN_006306,0,0.0,0,pos,0,0.0,0,pos
FUN_010446,96,0.020752269779507133,1,pos_s3156_e3252,54,0.011673151750972763,1,pos_s3186_e3216
FUN_002274,0,0.0,0,pos,0,0.0,0,pos
FUN_010057,0,0.0,0,pos,0,0.0,0,pos
FUN_016361,0,0.0,0,pos,0,0.0,0,pos
FUN_008276,60,0.022026431718061675,1,pos_s414_e474,6,0.0022026431718061676,0,pos
FUN_008557,66,0.023809523809523808,1,pos_s1860_e1914,36,0.012987012987012988,1,pos_s1866_e1902
FUN_007101,0,0.0,0,pos,0,0.0,0,pos
FUN_007948,0,0.0,0,pos,0,0.0,0,pos
FUN_003431,0,0.0,0,pos,0,0.0,0,pos
FUN_008891,78,0.025096525096525095,2,pos_s1752_e1794_s2418_e2448,6,0.0019305019305019305,0,pos
FUN_006215,18,0.016666666666666666,0,pos,0,0.0,0,pos
FUN_015667,0,0.0,0,pos,0,0.0,0,pos
FUN_011851,0,0.0,0,pos,0,0.0,0,pos
FUN_010957,66,0.024229074889867842,1,pos_s480_e540,0,0.0,0,pos
FUN_016578,0,0.0,0,pos,0,0.0,0,pos
FUN_011871,0,0.0,0,pos,0,0.0,0,pos
FUN_006150,0,0.0,0,pos,0,0.0,0,pos
FUN_005635,0,0.0,0,pos,0,0.0,0,pos
FUN_009759,6,0.0038910505836575876,0,pos,0,0.0,0,pos
FUN_010330,192,0.15920398009950248,3,pos_s162_e270_s930_e984_s990_e1020,0,0.0,0,pos
FUN_009116,72,0.012060301507537688,1,pos_s5052_e5100,12,0.0020100502512562816,0,pos
FUN_006220,0,0.0,0,pos,0,0.0,0,pos
FUN_012444,0,0.0,0,pos,0,0.0,0,pos
FUN_016084,0,0.0,0,pos,0,0.0,0,pos
FUN_007978,0,0.0,0,pos,0,0.0,0,pos
FUN_005901,0,0.0,0,pos,0,0.0,0,pos
FUN_011298,294,0.12596401028277635,3,pos_s1398_e1440_s1458_e1548_s2100_e2262,198,0.08483290488431877,2,pos_s1458_e1494_s2106_e2244
FUN_010637,0,0.0,0,pos,0,0.0,0,pos
FUN_011489,0,0.0,0,pos,0,0.0,0,pos
FUN_006530,0,0.0,0,pos,0,0.0,0,pos
FUN_005630,6,0.008695652173913044,0,pos,0,0.0,0,pos
FUN_011487,0,0.0,0,pos,0,0.0,0,pos
FUN_001941,0,0.0,0,pos,0,0.0,0,pos
FUN_009921,0,0.0,0,pos,0,0.0,0,pos
FUN_004731,0,0.0,0,pos,0,0.0,0,pos
FUN_003550,60,0.039525691699604744,1,pos_s1260_e1290,0,0.0,0,pos
FUN_005310,0,0.0,0,pos,0,0.0,0,pos
FUN_000919,0,0.0,0,pos,0,0.0,0,pos
FUN_011572,0,0.0,0,pos,0,0.0,0,pos
FUN_009790,0,0.0,0,pos,0,0.0,0,pos
FUN_008789,36,0.05504587155963303,1,pos_s504_e540,12,0.01834862385321101,0,pos
FUN_007691,12,0.013333333333333334,0,pos,0,0.0,0,pos
FUN_004312,6,0.012658227848101266,0,pos,6,0.012658227848101266,0,pos
FUN_016684,0,0.0,0,pos,0,0.0,0,pos
FUN_010246,0,0.0,0,pos,0,0.0,0,pos
FUN_016597,0,0.0,0,pos,0,0.0,0,pos
FUN_009709,24,0.029850746268656716,0,pos,0,0.0,0,pos
FUN_016824,0,0.0,0,pos,0,0.0,0,pos
FUN_005792,0,0.0,0,pos,0,0.0,0,pos
FUN_003845,36,0.005434782608695652,0,pos,0,0.0,0,pos
FUN_002428,48,0.0446927374301676,1,pos_s396_e432,0,0.0,0,pos
FUN_008751,0,0.0,0,pos,0,0.0,0,pos
FUN_009044,72,0.03015075376884422,0,pos,30,0.01256281407035176,0,pos
FUN_004178,48,0.031007751937984496,1,pos_s1086_e1116,0,0.0,0,pos
FUN_015683,0,0.0,0,pos,0,0.0,0,pos
FUN_008318,0,0.0,0,pos,0,0.0,0,pos
FUN_002061,42,0.04895104895104895,1,pos_s732_e774,0,0.0,0,pos
FUN_006460,0,0.0,0,pos,0,0.0,0,pos
FUN_001695,0,0.0,0,pos,0,0.0,0,pos
FUN_005349,0,0.0,0,pos,0,0.0,0,pos
FUN_004970,144,0.09836065573770492,2,pos_s846_e888_s1350_e1428,36,0.02459016393442623,1,pos_s846_e882
FUN_010832,240,0.0690846286701209,4,pos_s1758_e1806_s2268_e2298_s2328_e2358_s2430_e2526,132,0.037996545768566495,2,pos_s2328_e2358_s2430_e2520
FUN_008388,0,0.0,0,pos,0,0.0,0,pos
FUN_015618,0,0.0,0,pos,0,0.0,0,pos
FUN_005803,0,0.0,0,pos,0,0.0,0,pos
FUN_000462,0,0.0,0,pos,0,0.0,0,pos
FUN_002335,0,0.0,0,pos,0,0.0,0,pos
FUN_006492,0,0.0,0,pos,0,0.0,0,pos
FUN_000403,12,0.010526315789473684,0,pos,0,0.0,0,pos
FUN_002023,0,0.0,0,pos,0,0.0,0,pos
FUN_007344,120,0.5882352941176471,2,pos_s0_e48_s72_e114,6,0.029411764705882353,0,pos
FUN_002244,0,0.0,0,pos,0,0.0,0,pos
FUN_007441,6,0.003205128205128205,0,pos,0,0.0,0,pos
FUN_005984,0,0.0,0,pos,0,0.0,0,pos
FUN_012473,0,0.0,0,pos,0,0.0,0,pos
FUN_005343,6,0.005025125628140704,0,pos,0,0.0,0,pos
FUN_012101,0,0.0,0,pos,0,0.0,0,pos
FUN_015661,0,0.0,0,pos,0,0.0,0,pos
FUN_009401,0,0.0,0,pos,0,0.0,0,pos
FUN_009178,0,0.0,0,pos,0,0.0,0,pos
FUN_009573,0,0.0,0,pos,0,0.0,0,pos
FUN_016282,0,0.0,0,pos,0,0.0,0,pos
FUN_004339,48,0.03065134099616858,1,pos_s1014_e1062,6,0.0038314176245210726,0,pos
FUN_005089,36,0.06521739130434782,0,pos,6,0.010869565217391304,0,pos
FUN_009763,120,0.08968609865470852,1,pos_s30_e150,102,0.07623318385650224,1,pos_s48_e150
FUN_010668,0,0.0,0,pos,0,0.0,0,pos
FUN_010035,0,0.0,0,pos,0,0.0,0,pos
FUN_001735,0,0.0,0,pos,0,0.0,0,pos
FUN_000767,192,0.0706401766004415,2,pos_s828_e918_s1068_e1170,54,0.019867549668874173,1,pos_s1116_e1170
FUN_016769,0,0.0,0,pos,0,0.0,0,pos
FUN_007773,0,0.0,0,pos,0,0.0,0,pos
FUN_016269,6,0.007692307692307693,0,pos,0,0.0,0,pos
FUN_011125,414,0.1954674220963173,5,pos_s0_e96_s210_e282_s678_e756_s828_e894_s1038_e1092,120,0.056657223796033995,2,pos_s240_e282_s858_e888
FUN_006604,54,0.045,1,pos_s882_e912,0,0.0,0,pos
FUN_015346,0,0.0,0,pos,0,0.0,0,pos
FUN_004518,0,0.0,0,pos,0,0.0,0,pos
FUN_003692,0,0.0,0,pos,0,0.0,0,pos
FUN_003930,0,0.0,0,pos,0,0.0,0,pos
FUN_003894,0,0.0,0,pos,0,0.0,0,pos
FUN_004390,0,0.0,0,pos,0,0.0,0,pos
FUN_007262,90,0.14018691588785046,2,pos_s138_e198_s558_e588,6,0.009345794392523364,0,pos
FUN_009426,120,0.425531914893617,1,pos_s42_e156,90,0.3191489361702128,1,pos_s48_e126
FUN_001893,6,0.02127659574468085,0,pos,0,0.0,0,pos
FUN_009982,0,0.0,0,pos,0,0.0,0,pos
FUN_004686,0,0.0,0,pos,0,0.0,0,pos
FUN_010282,0,0.0,0,pos,0,0.0,0,pos
FUN_011017,0,0.0,0,pos,0,0.0,0,pos
FUN_011585,0,0.0,0,pos,0,0.0,0,pos
FUN_010278,78,0.05220883534136546,1,pos_s606_e678,36,0.024096385542168676,1,pos_s618_e654
FUN_009922,18,0.05084745762711865,0,pos,0,0.0,0,pos
FUN_010890,0,0.0,0,pos,0,0.0,0,pos
FUN_012234,0,0.0,0,pos,0,0.0,0,pos
FUN_001779,0,0.0,0,pos,0,0.0,0,pos
FUN_009199,6,0.004219409282700422,0,pos,0,0.0,0,pos
FUN_008894,0,0.0,0,pos,0,0.0,0,pos
FUN_003729,0,0.0,0,pos,0,0.0,0,pos
FUN_004238,0,0.0,0,pos,0,0.0,0,pos
FUN_011733,0,0.0,0,pos,0,0.0,0,pos
FUN_004967,114,0.03925619834710744,2,pos_s1248_e1326_s1890_e1926,6,0.002066115702479339,0,pos
FUN_006282,0,0.0,0,pos,0,0.0,0,pos
FUN_008177,60,0.019193857965451054,0,pos,0,0.0,0,pos
FUN_004008,0,0.0,0,pos,0,0.0,0,pos
FUN_000151,204,0.0297723292469352,3,pos_s2754_e2808_s3672_e3756_s5490_e5544,42,0.006129597197898424,1,pos_s5496_e5538
FUN_007934,36,0.024291497975708502,1,pos_s972_e1008,0,0.0,0,pos
FUN_010168,114,0.06666666666666667,2,pos_s1128_e1206_s1626_e1656,66,0.03859649122807018,1,pos_s1140_e1206
FUN_004523,0,0.0,0,pos,0,0.0,0,pos
FUN_016163,0,0.0,0,pos,0,0.0,0,pos
FUN_001040,0,0.0,0,pos,0,0.0,0,pos
FUN_016507,0,0.0,0,pos,0,0.0,0,pos
FUN_011833,0,0.0,0,pos,0,0.0,0,pos
FUN_002222,0,0.0,0,pos,0,0.0,0,pos
FUN_016074,0,0.0,0,pos,0,0.0,0,pos
FUN_011031,12,0.012048192771084338,0,pos,0,0.0,0,pos
FUN_016412,0,0.0,0,pos,0,0.0,0,pos
FUN_010949,0,0.0,0,pos,0,0.0,0,pos
FUN_003908,0,0.0,0,pos,0,0.0,0,pos
FUN_012344,0,0.0,0,pos,0,0.0,0,pos
FUN_000071,6,0.002028397565922921,0,pos,0,0.0,0,pos
FUN_015997,0,0.0,0,pos,0,0.0,0,pos
FUN_008525,0,0.0,0,pos,0,0.0,0,pos
FUN_008804,0,0.0,0,pos,0,0.0,0,pos
FUN_000300,30,0.01718213058419244,0,pos,0,0.0,0,pos
FUN_007830,0,0.0,0,pos,0,0.0,0,pos
FUN_000083,270,0.023746701846965697,2,pos_s2760_e2790_s4176_e4278,6,0.0005277044854881266,0,pos
FUN_008181,0,0.0,0,pos,0,0.0,0,pos
FUN_008722,6,0.006329113924050633,0,pos,0,0.0,0,pos
FUN_009374,150,0.1984126984126984,2,pos_s54_e162_s348_e390,108,0.14285714285714285,1,pos_s54_e162
FUN_009140,24,0.021739130434782608,0,pos,24,0.021739130434782608,0,pos
FUN_003033,12,0.008032128514056224,0,pos,0,0.0,0,pos
FUN_006011,0,0.0,0,pos,0,0.0,0,pos
FUN_005882,0,0.0,0,pos,0,0.0,0,pos
FUN_006730,132,0.46808510638297873,1,pos_s132_e222,24,0.0851063829787234,0,pos
FUN_001340,0,0.0,0,pos,0,0.0,0,pos
FUN_003421,12,0.0106951871657754,0,pos,0,0.0,0,pos
FUN_006110,12,0.02564102564102564,0,pos,6,0.01282051282051282,0,pos
FUN_000101,0,0.0,0,pos,0,0.0,0,pos
FUN_016268,0,0.0,0,pos,0,0.0,0,pos
FUN_006707,0,0.0,0,pos,0,0.0,0,pos
FUN_003585,0,0.0,0,pos,0,0.0,0,pos
FUN_002907,6,0.007936507936507936,0,pos,0,0.0,0,pos
FUN_001710,24,0.07407407407407407,0,pos,0,0.0,0,pos
FUN_005625,0,0.0,0,pos,0,0.0,0,pos
FUN_011160,0,0.0,0,pos,0,0.0,0,pos
FUN_006287,0,0.0,0,pos,0,0.0,0,pos
FUN_007250,18,0.012448132780082987,0,pos,0,0.0,0,pos
FUN_016240,0,0.0,0,pos,0,0.0,0,pos
FUN_002454,0,0.0,0,pos,0,0.0,0,pos
FUN_002992,0,0.0,0,pos,0,0.0,0,pos
FUN_000052,0,0.0,0,pos,0,0.0,0,pos
FUN_005679,0,0.0,0,pos,0,0.0,0,pos
FUN_005029,0,0.0,0,pos,0,0.0,0,pos
FUN_006301,0,0.0,0,pos,0,0.0,0,pos
FUN_001925,0,0.0,0,pos,0,0.0,0,pos
FUN_015348,0,0.0,0,pos,0,0.0,0,pos
FUN_000216,0,0.0,0,pos,0,0.0,0,pos
FUN_011371,210,0.12280701754385964,3,pos_s1452_e1500_s1554_e1608_s1614_e1644,36,0.021052631578947368,1,pos_s1554_e1590
FUN_003683,54,0.03125,1,pos_s390_e444,0,0.0,0,pos
FUN_011342,114,0.5757575757575758,1,pos_s36_e120,78,0.3939393939393939,1,pos_s36_e102
FUN_005158,0,0.0,0,pos,0,0.0,0,pos
FUN_010626,0,0.0,0,pos,0,0.0,0,pos
FUN_001882,0,0.0,0,pos,0,0.0,0,pos
FUN_004479,0,0.0,0,pos,0,0.0,0,pos
FUN_009904,48,0.021739130434782608,0,pos,0,0.0,0,pos
FUN_010333,0,0.0,0,pos,0,0.0,0,pos
FUN_016118,0,0.0,0,pos,0,0.0,0,pos
FUN_004233,0,0.0,0,pos,0,0.0,0,pos
FUN_000150,0,0.0,0,pos,0,0.0,0,pos
FUN_015935,0,0.0,0,pos,0,0.0,0,pos
FUN_004549,102,0.05519480519480519,1,pos_s1392_e1494,102,0.05519480519480519,1,pos_s1392_e1494
FUN_004960,108,0.17307692307692307,1,pos_s0_e108,108,0.17307692307692307,1,pos_s0_e108
FUN_010084,24,0.020618556701030927,0,pos,0,0.0,0,pos
FUN_009920,0,0.0,0,pos,0,0.0,0,pos
FUN_016841,0,0.0,0,pos,0,0.0,0,pos
FUN_011945,0,0.0,0,pos,0,0.0,0,pos
FUN_002572,102,0.02891156462585034,1,pos_s1308_e1410,102,0.02891156462585034,1,pos_s1308_e1410
FUN_005410,6,0.002136752136752137,0,pos,0,0.0,0,pos
FUN_008941,12,0.007462686567164179,0,pos,0,0.0,0,pos
FUN_011151,0,0.0,0,pos,0,0.0,0,pos
FUN_011196,12,0.007067137809187279,0,pos,12,0.007067137809187279,0,pos
FUN_009089,42,0.02046783625730994,0,pos,0,0.0,0,pos
FUN_007941,0,0.0,0,pos,0,0.0,0,pos
FUN_001538,0,0.0,0,pos,0,0.0,0,pos
FUN_007488,0,0.0,0,pos,0,0.0,0,pos
FUN_001791,0,0.0,0,pos,0,0.0,0,pos
FUN_012269,0,0.0,0,pos,0,0.0,0,pos
FUN_006434,0,0.0,0,pos,0,0.0,0,pos
FUN_009847,102,0.03346456692913386,1,pos_s852_e918,48,0.015748031496062992,1,pos_s858_e906
FUN_004117,0,0.0,0,pos,0,0.0,0,pos
FUN_003568,0,0.0,0,pos,0,0.0,0,pos
FUN_008641,0,0.0,0,pos,0,0.0,0,pos
FUN_015927,0,0.0,0,pos,0,0.0,0,pos
FUN_009135,288,0.13043478260869565,3,pos_s108_e144_s1146_e1260_s1446_e1524,150,0.06793478260869565,3,pos_s108_e144_s1146_e1176_s1464_e1500
FUN_004437,0,0.0,0,pos,0,0.0,0,pos
FUN_002895,0,0.0,0,pos,0,0.0,0,pos
FUN_011754,0,0.0,0,pos,0,0.0,0,pos
FUN_009821,0,0.0,0,pos,0,0.0,0,pos
FUN_008869,0,0.0,0,pos,0,0.0,0,pos
FUN_002308,42,0.06796116504854369,1,pos_s78_e120,0,0.0,0,pos
FUN_002051,36,0.05263157894736842,1,pos_s426_e456,0,0.0,0,pos
FUN_005531,72,0.01764705882352941,1,pos_s1764_e1794,0,0.0,0,pos
FUN_011030,0,0.0,0,pos,0,0.0,0,pos
FUN_008209,24,0.018867924528301886,0,pos,0,0.0,0,pos
FUN_001635,0,0.0,0,pos,0,0.0,0,pos
FUN_015497,0,0.0,0,pos,0,0.0,0,pos
FUN_016494,0,0.0,0,pos,0,0.0,0,pos
FUN_002874,0,0.0,0,pos,0,0.0,0,pos
FUN_000985,288,0.147239263803681,4,pos_s978_e1068_s1080_e1164_s1386_e1416_s1740_e1788,12,0.006134969325153374,0,pos
FUN_005132,0,0.0,0,pos,0,0.0,0,pos
FUN_010190,0,0.0,0,pos,0,0.0,0,pos
FUN_011101,0,0.0,0,pos,0,0.0,0,pos
FUN_003336,0,0.0,0,pos,0,0.0,0,pos
FUN_004384,0,0.0,0,pos,0,0.0,0,pos
FUN_008054,132,0.3142857142857143,1,pos_s210_e324,6,0.014285714285714285,0,pos
FUN_011750,0,0.0,0,pos,0,0.0,0,pos
FUN_005228,18,0.011235955056179775,0,pos,0,0.0,0,pos
FUN_011613,0,0.0,0,pos,0,0.0,0,pos
FUN_012017,0,0.0,0,pos,0,0.0,0,pos
FUN_006854,30,0.014164305949008499,0,pos,0,0.0,0,pos
FUN_004973,12,0.003875968992248062,0,pos,0,0.0,0,pos
FUN_006664,0,0.0,0,pos,0,0.0,0,pos
FUN_001353,0,0.0,0,pos,0,0.0,0,pos
FUN_005932,6,0.01098901098901099,0,pos,0,0.0,0,pos
FUN_016404,0,0.0,0,pos,0,0.0,0,pos
FUN_016460,0,0.0,0,pos,0,0.0,0,pos
FUN_012280,0,0.0,0,pos,0,0.0,0,pos
FUN_008721,0,0.0,0,pos,0,0.0,0,pos
FUN_001676,72,0.03934426229508197,1,pos_s0_e72,24,0.013114754098360656,0,pos
FUN_012465,0,0.0,0,pos,0,0.0,0,pos
FUN_002685,96,0.05947955390334572,2,pos_s168_e222_s552_e594,0,0.0,0,pos
FUN_003311,180,0.12244897959183673,2,pos_s0_e84_s540_e612,54,0.036734693877551024,0,pos
FUN_008016,0,0.0,0,pos,0,0.0,0,pos
FUN_008111,0,0.0,0,pos,0,0.0,0,pos
FUN_007735,0,0.0,0,pos,0,0.0,0,pos
FUN_015750,0,0.0,0,pos,0,0.0,0,pos
FUN_004503,0,0.0,0,pos,0,0.0,0,pos
FUN_002054,12,0.013333333333333334,0,pos,12,0.013333333333333334,0,pos
FUN_000647,0,0.0,0,pos,0,0.0,0,pos
FUN_000402,0,0.0,0,pos,0,0.0,0,pos
FUN_007170,156,0.044673539518900345,1,pos_s780_e906,72,0.020618556701030927,1,pos_s852_e900
FUN_004012,18,0.006024096385542169,0,pos,0,0.0,0,pos
FUN_009551,0,0.0,0,pos,0,0.0,0,pos
FUN_008713,66,0.059782608695652176,0,pos,0,0.0,0,pos
FUN_012512,0,0.0,0,pos,0,0.0,0,pos
FUN_003567,54,0.05454545454545454,1,pos_s372_e426,12,0.012121212121212121,0,pos
FUN_007413,66,0.02029520295202952,1,pos_s2244_e2286,30,0.00922509225092251,1,pos_s2244_e2274
FUN_007081,0,0.0,0,pos,0,0.0,0,pos
FUN_001775,0,0.0,0,pos,0,0.0,0,pos
FUN_006359,12,0.005194805194805195,0,pos,0,0.0,0,pos
FUN_003586,0,0.0,0,pos,0,0.0,0,pos
FUN_006996,90,0.06382978723404255,1,pos_s84_e174,24,0.01702127659574468,0,pos
FUN_004860,0,0.0,0,pos,0,0.0,0,pos
FUN_010532,30,0.005208333333333333,0,pos,0,0.0,0,pos
FUN_007642,0,0.0,0,pos,0,0.0,0,pos
FUN_009270,0,0.0,0,pos,0,0.0,0,pos
FUN_008819,42,0.059322033898305086,1,pos_s612_e654,0,0.0,0,pos
FUN_002867,0,0.0,0,pos,0,0.0,0,pos
FUN_003243,0,0.0,0,pos,0,0.0,0,pos
FUN_007311,0,0.0,0,pos,0,0.0,0,pos
FUN_003644,0,0.0,0,pos,0,0.0,0,pos
FUN_004764,102,0.02972027972027972,1,pos_s1548_e1620,0,0.0,0,pos
FUN_001922,0,0.0,0,pos,0,0.0,0,pos
FUN_010685,0,0.0,0,pos,0,0.0,0,pos
FUN_001920,0,0.0,0,pos,0,0.0,0,pos
FUN_004362,0,0.0,0,pos,0,0.0,0,pos
FUN_003261,0,0.0,0,pos,0,0.0,0,pos
FUN_002381,6,0.001976284584980237,0,pos,0,0.0,0,pos
FUN_001048,0,0.0,0,pos,0,0.0,0,pos
FUN_005361,48,0.025078369905956112,1,pos_s1740_e1776,0,0.0,0,pos
FUN_012504,0,0.0,0,pos,0,0.0,0,pos
FUN_001630,0,0.0,0,pos,0,0.0,0,pos
FUN_016119,0,0.0,0,pos,0,0.0,0,pos
FUN_009724,0,0.0,0,pos,0,0.0,0,pos
FUN_016637,0,0.0,0,pos,0,0.0,0,pos
FUN_011388,0,0.0,0,pos,0,0.0,0,pos
FUN_008803,0,0.0,0,pos,0,0.0,0,pos
FUN_016795,0,0.0,0,pos,0,0.0,0,pos
FUN_000693,78,0.05394190871369295,1,pos_s942_e984,0,0.0,0,pos
FUN_006020,0,0.0,0,pos,0,0.0,0,pos
FUN_001503,0,0.0,0,pos,0,0.0,0,pos
FUN_009845,48,0.04419889502762431,1,pos_s714_e762,0,0.0,0,pos
FUN_008219,0,0.0,0,pos,0,0.0,0,pos
FUN_006899,0,0.0,0,pos,0,0.0,0,pos
FUN_009989,126,0.06645569620253164,2,pos_s708_e744_s984_e1020,12,0.006329113924050633,0,pos
FUN_016342,0,0.0,0,pos,0,0.0,0,pos
FUN_016598,0,0.0,0,pos,0,0.0,0,pos
FUN_010561,0,0.0,0,pos,0,0.0,0,pos
FUN_004120,0,0.0,0,pos,0,0.0,0,pos
FUN_005610,0,0.0,0,pos,0,0.0,0,pos
FUN_005600,30,0.010822510822510822,1,pos_s1458_e1488,0,0.0,0,pos
FUN_004645,0,0.0,0,pos,0,0.0,0,pos
FUN_009356,282,0.39166666666666666,6,pos_s234_e264_s276_e318_s324_e360_s534_e582_s588_e618_s654_e714,24,0.03333333333333333,0,pos
FUN_002034,264,0.18565400843881857,2,pos_s828_e954_s1092_e1200,222,0.15611814345991562,2,pos_s828_e954_s1098_e1194
FUN_004929,0,0.0,0,pos,0,0.0,0,pos
FUN_001083,42,0.0673076923076923,1,pos_s324_e366,0,0.0,0,pos
FUN_004975,0,0.0,0,pos,0,0.0,0,pos
FUN_010244,30,0.02242152466367713,0,pos,0,0.0,0,pos
FUN_007929,6,0.0035087719298245615,0,pos,0,0.0,0,pos
FUN_010224,0,0.0,0,pos,0,0.0,0,pos
FUN_015818,0,0.0,0,pos,0,0.0,0,pos
FUN_011047,0,0.0,0,pos,0,0.0,0,pos
FUN_009323,36,0.056074766355140186,1,pos_s0_e36,0,0.0,0,pos
FUN_007186,0,0.0,0,pos,0,0.0,0,pos
FUN_004783,0,0.0,0,pos,0,0.0,0,pos
FUN_003000,66,0.2391304347826087,1,pos_s180_e246,0,0.0,0,pos
FUN_000082,0,0.0,0,pos,0,0.0,0,pos
FUN_010924,186,0.22142857142857142,1,pos_s540_e576,114,0.1357142857142857,2,pos_s690_e738_s762_e822
FUN_002500,144,0.08362369337979095,3,pos_s330_e366_s390_e420_s1482_e1524,42,0.024390243902439025,1,pos_s1482_e1524
FUN_016875,90,0.02717391304347826,2,pos_s2130_e2172_s2190_e2238,6,0.0018115942028985507,0,pos
FUN_007657,0,0.0,0,pos,0,0.0,0,pos
FUN_009818,0,0.0,0,pos,0,0.0,0,pos
FUN_000155,54,0.02368421052631579,0,pos,0,0.0,0,pos
FUN_016766,0,0.0,0,pos,0,0.0,0,pos
FUN_003460,276,0.04627766599597585,4,pos_s3324_e3438_s4404_e4452_s5358_e5406_s5886_e5934,120,0.02012072434607646,1,pos_s3366_e3438
FUN_001172,48,0.03319502074688797,1,pos_s174_e222,24,0.016597510373443983,0,pos
FUN_007870,390,0.15476190476190477,5,pos_s210_e240_s336_e366_s882_e942_s1500_e1602_s2172_e2274,72,0.02857142857142857,0,pos
FUN_006484,0,0.0,0,pos,0,0.0,0,pos
FUN_002580,0,0.0,0,pos,0,0.0,0,pos
FUN_010864,0,0.0,0,pos,0,0.0,0,pos
FUN_006292,0,0.0,0,pos,0,0.0,0,pos
FUN_000161,0,0.0,0,pos,0,0.0,0,pos
FUN_009682,0,0.0,0,pos,0,0.0,0,pos
FUN_008811,0,0.0,0,pos,0,0.0,0,pos
FUN_010055,132,0.0912863070539419,1,pos_s1110_e1218,60,0.04149377593360996,1,pos_s1134_e1182
FUN_002317,0,0.0,0,pos,0,0.0,0,pos
FUN_008796,0,0.0,0,pos,0,0.0,0,pos
FUN_004805,48,0.009184845005740528,1,pos_s918_e960,6,0.001148105625717566,0,pos
FUN_000051,0,0.0,0,pos,0,0.0,0,pos
FUN_006356,0,0.0,0,pos,0,0.0,0,pos
FUN_011875,0,0.0,0,pos,0,0.0,0,pos
FUN_000025,0,0.0,0,pos,0,0.0,0,pos
FUN_004522,0,0.0,0,pos,0,0.0,0,pos
FUN_002301,102,0.011363636363636364,2,pos_s6204_e6240_s8898_e8946,6,0.0006684491978609625,0,pos
FUN_001943,0,0.0,0,pos,0,0.0,0,pos
FUN_016310,0,0.0,0,pos,0,0.0,0,pos
FUN_005596,54,0.036885245901639344,1,pos_s792_e828,0,0.0,0,pos
FUN_008038,24,0.008791208791208791,0,pos,0,0.0,0,pos
FUN_010778,24,0.047058823529411764,0,pos,0,0.0,0,pos
FUN_011070,24,0.03225806451612903,0,pos,6,0.008064516129032258,0,pos
FUN_000325,216,0.06569343065693431,2,pos_s1692_e1770_s2106_e2238,156,0.04744525547445255,2,pos_s1692_e1770_s2166_e2202
FUN_010558,0,0.0,0,pos,0,0.0,0,pos
FUN_001153,102,0.06746031746031746,2,pos_s486_e546_s552_e594,0,0.0,0,pos
FUN_003229,0,0.0,0,pos,0,0.0,0,pos
FUN_000423,0,0.0,0,pos,0,0.0,0,pos
FUN_016364,0,0.0,0,pos,0,0.0,0,pos
FUN_010110,0,0.0,0,pos,0,0.0,0,pos
FUN_006654,0,0.0,0,pos,0,0.0,0,pos
FUN_011240,0,0.0,0,pos,0,0.0,0,pos
FUN_002648,6,0.002347417840375587,0,pos,0,0.0,0,pos
FUN_016120,0,0.0,0,pos,0,0.0,0,pos
FUN_007847,60,0.03663003663003663,1,pos_s462_e522,6,0.003663003663003663,0,pos
FUN_002446,6,0.0020325203252032522,0,pos,0,0.0,0,pos
FUN_011944,0,0.0,0,pos,0,0.0,0,pos
FUN_003892,18,0.028037383177570093,0,pos,0,0.0,0,pos
FUN_007527,0,0.0,0,pos,0,0.0,0,pos
FUN_006049,54,0.16363636363636364,1,pos_s0_e54,6,0.01818181818181818,0,pos
FUN_015384,0,0.0,0,pos,0,0.0,0,pos
FUN_015331,0,0.0,0,pos,0,0.0,0,pos
FUN_011006,192,0.07142857142857142,1,pos_s216_e318,30,0.011160714285714286,1,pos_s234_e264
FUN_004921,36,0.25,1,pos_s0_e36,0,0.0,0,pos
FUN_007394,24,0.0392156862745098,0,pos,0,0.0,0,pos
FUN_012366,0,0.0,0,pos,0,0.0,0,pos
FUN_001197,0,0.0,0,pos,0,0.0,0,pos
FUN_004683,126,0.022702702702702703,2,pos_s1182_e1230_s5028_e5076,12,0.002162162162162162,0,pos
FUN_008788,0,0.0,0,pos,0,0.0,0,pos
FUN_004340,234,0.08333333333333333,3,pos_s162_e192_s426_e498_s1338_e1404,0,0.0,0,pos
FUN_011389,0,0.0,0,pos,0,0.0,0,pos
FUN_016026,0,0.0,0,pos,0,0.0,0,pos
FUN_009991,96,0.06694560669456066,1,pos_s48_e144,0,0.0,0,pos
FUN_002791,60,0.08333333333333333,1,pos_s300_e360,6,0.008333333333333333,0,pos
FUN_006502,0,0.0,0,pos,0,0.0,0,pos
FUN_000091,0,0.0,0,pos,0,0.0,0,pos
FUN_010795,0,0.0,0,pos,0,0.0,0,pos
FUN_001490,0,0.0,0,pos,0,0.0,0,pos
FUN_006180,0,0.0,0,pos,0,0.0,0,pos
FUN_000761,0,0.0,0,pos,0,0.0,0,pos
FUN_002351,84,0.020895522388059702,2,pos_s954_e990_s3492_e3528,0,0.0,0,pos
FUN_001622,0,0.0,0,pos,0,0.0,0,pos
FUN_011201,12,0.016260162601626018,0,pos,6,0.008130081300813009,0,pos
FUN_016013,0,0.0,0,pos,0,0.0,0,pos
FUN_003970,0,0.0,0,pos,0,0.0,0,pos
FUN_008900,6,0.004201680672268907,0,pos,0,0.0,0,pos
FUN_004313,0,0.0,0,pos,0,0.0,0,pos
FUN_007804,198,0.0967741935483871,4,pos_s834_e888_s912_e942_s1572_e1602_s1932_e1986,30,0.01466275659824047,0,pos
FUN_003521,0,0.0,0,pos,0,0.0,0,pos
FUN_006334,66,0.05945945945945946,1,pos_s204_e270,48,0.043243243243243246,1,pos_s222_e270
FUN_005301,0,0.0,0,pos,0,0.0,0,pos
FUN_009644,78,0.07222222222222222,1,pos_s606_e672,18,0.016666666666666666,0,pos
FUN_003416,42,0.017326732673267328,0,pos,0,0.0,0,pos
FUN_009477,0,0.0,0,pos,0,0.0,0,pos
FUN_015675,0,0.0,0,pos,0,0.0,0,pos
FUN_003168,0,0.0,0,pos,0,0.0,0,pos
FUN_007834,174,0.04227405247813411,2,pos_s1728_e1770_s1884_e1926,36,0.008746355685131196,1,pos_s1734_e1770
FUN_002144,0,0.0,0,pos,0,0.0,0,pos
FUN_003950,0,0.0,0,pos,0,0.0,0,pos
FUN_009304,0,0.0,0,pos,0,0.0,0,pos
FUN_004295,318,0.039819684447783624,2,pos_s5154_e5244_s6366_e6534,96,0.012021036814425245,1,pos_s6414_e6498
FUN_015296,0,0.0,0,pos,0,0.0,0,pos
FUN_010171,114,0.059748427672955975,1,pos_s0_e114,90,0.04716981132075472,1,pos_s0_e90
FUN_004195,0,0.0,0,pos,0,0.0,0,pos
FUN_000852,0,0.0,0,pos,0,0.0,0,pos
FUN_011088,6,0.0045662100456621,0,pos,0,0.0,0,pos
FUN_007957,0,0.0,0,pos,0,0.0,0,pos
FUN_012059,0,0.0,0,pos,0,0.0,0,pos
FUN_016038,0,0.0,0,pos,0,0.0,0,pos
FUN_000451,186,0.05595667870036101,3,pos_s774_e822_s882_e942_s1164_e1230,42,0.01263537906137184,0,pos
FUN_001124,108,0.782608695652174,0,pos,84,0.6086956521739131,0,pos
FUN_016853,0,0.0,0,pos,0,0.0,0,pos
FUN_001730,0,0.0,0,pos,0,0.0,0,pos
FUN_015923,30,0.03164556962025317,1,pos_s786_e816,6,0.006329113924050633,0,pos
FUN_016575,0,0.0,0,pos,0,0.0,0,pos
FUN_005898,0,0.0,0,pos,0,0.0,0,pos
FUN_009983,0,0.0,0,pos,0,0.0,0,pos
FUN_006645,0,0.0,0,pos,0,0.0,0,pos
FUN_015662,0,0.0,0,pos,0,0.0,0,pos
FUN_010711,0,0.0,0,pos,0,0.0,0,pos
FUN_007464,0,0.0,0,pos,0,0.0,0,pos
FUN_009306,0,0.0,0,pos,0,0.0,0,pos
FUN_008096,78,0.014959723820483314,1,pos_s1698_e1770,0,0.0,0,pos
FUN_006988,0,0.0,0,pos,0,0.0,0,pos
FUN_008256,0,0.0,0,pos,0,0.0,0,pos
FUN_010457,60,0.0392156862745098,1,pos_s12_e48,0,0.0,0,pos
FUN_009382,0,0.0,0,pos,0,0.0,0,pos
FUN_003652,18,0.015306122448979591,0,pos,0,0.0,0,pos
FUN_012476,0,0.0,0,pos,0,0.0,0,pos
FUN_006692,12,0.010471204188481676,0,pos,0,0.0,0,pos
FUN_000301,114,0.03171953255425709,2,pos_s960_e990_s1062_e1146,12,0.00333889816360601,0,pos
FUN_001913,138,0.03820598006644518,1,pos_s0_e84,30,0.008305647840531562,1,pos_s54_e84
FUN_005084,0,0.0,0,pos,0,0.0,0,pos
FUN_004212,6,0.0015313935681470138,0,pos,0,0.0,0,pos
FUN_010347,0,0.0,0,pos,0,0.0,0,pos
FUN_008647,0,0.0,0,pos,0,0.0,0,pos
FUN_008268,0,0.0,0,pos,0,0.0,0,pos
FUN_008589,66,0.0291005291005291,1,pos_s1374_e1440,6,0.0026455026455026454,0,pos
FUN_009805,0,0.0,0,pos,0,0.0,0,pos
FUN_016453,0,0.0,0,pos,0,0.0,0,pos
FUN_001318,54,0.07258064516129033,0,pos,24,0.03225806451612903,0,pos
FUN_009586,186,0.060546875,2,pos_s354_e450_s2712_e2748,0,0.0,0,pos
FUN_005389,0,0.0,0,pos,0,0.0,0,pos
FUN_008416,0,0.0,0,pos,0,0.0,0,pos
FUN_000718,0,0.0,0,pos,0,0.0,0,pos
FUN_011770,0,0.0,0,pos,0,0.0,0,pos
FUN_009927,0,0.0,0,pos,0,0.0,0,pos
FUN_006024,120,0.06230529595015576,1,pos_s408_e528,42,0.021806853582554516,1,pos_s450_e492
FUN_000477,0,0.0,0,pos,0,0.0,0,pos
FUN_012241,0,0.0,0,pos,0,0.0,0,pos
FUN_005933,0,0.0,0,pos,0,0.0,0,pos
FUN_007798,0,0.0,0,pos,0,0.0,0,pos
FUN_009891,0,0.0,0,pos,0,0.0,0,pos
FUN_007306,12,0.0027100271002710027,0,pos,0,0.0,0,pos
FUN_010516,180,0.29411764705882354,2,pos_s126_e156_s174_e270,54,0.08823529411764706,1,pos_s204_e258
FUN_011580,0,0.0,0,pos,0,0.0,0,pos
FUN_016402,0,0.0,0,pos,0,0.0,0,pos
FUN_003404,132,0.16296296296296298,2,pos_s90_e168_s210_e264,72,0.08888888888888889,1,pos_s96_e168
FUN_008215,0,0.0,0,pos,0,0.0,0,pos
FUN_000190,0,0.0,0,pos,0,0.0,0,pos
FUN_000187,0,0.0,0,pos,0,0.0,0,pos
FUN_007601,6,0.003289473684210526,0,pos,0,0.0,0,pos
FUN_003182,0,0.0,0,pos,0,0.0,0,pos
FUN_008485,0,0.0,0,pos,0,0.0,0,pos
FUN_005832,240,0.09456264775413711,4,pos_s930_e966_s1008_e1044_s1740_e1776_s2388_e2466,72,0.028368794326241134,1,pos_s2388_e2442
FUN_004945,6,0.0196078431372549,0,pos,0,0.0,0,pos
FUN_005016,0,0.0,0,pos,0,0.0,0,pos
FUN_001207,54,0.011435832274459974,1,pos_s1218_e1248,0,0.0,0,pos
FUN_008529,54,0.012295081967213115,1,pos_s2280_e2334,0,0.0,0,pos
FUN_003639,0,0.0,0,pos,0,0.0,0,pos
