geneid,KaKs_bases,KaKs_r,n_blocks,pos_info,KaKs_bases2,KaKs_r2,n_blocks2,pos_info2
FUN_000172,0,0.0,0,pos,0,0.0,0,pos
FUN_009320,0,0.0,0,pos,0,0.0,0,pos
FUN_008428,0,0.0,0,pos,0,0.0,0,pos
FUN_006181,264,0.019332161687170474,2,pos_s10368_e10422_s11388_e11460,18,0.0013181019332161687,0,pos
FUN_016440,0,0.0,0,pos,0,0.0,0,pos
FUN_001920,0,0.0,0,pos,0,0.0,0,pos
FUN_004243,18,0.0045871559633027525,0,pos,0,0.0,0,pos
FUN_003960,0,0.0,0,pos,0,0.0,0,pos
FUN_004139,0,0.0,0,pos,0,0.0,0,pos
FUN_004149,0,0.0,0,pos,0,0.0,0,pos
FUN_016858,0,0.0,0,pos,0,0.0,0,pos
FUN_010318,0,0.0,0,pos,0,0.0,0,pos
FUN_015797,0,0.0,0,pos,0,0.0,0,pos
FUN_004187,0,0.0,0,pos,0,0.0,0,pos
FUN_002814,0,0.0,0,pos,0,0.0,0,pos
FUN_006618,0,0.0,0,pos,0,0.0,0,pos
FUN_002221,24,0.017699115044247787,0,pos,18,0.01327433628318584,0,pos
FUN_005215,0,0.0,0,pos,0,0.0,0,pos
FUN_015279,0,0.0,0,pos,0,0.0,0,pos
FUN_002234,0,0.0,0,pos,0,0.0,0,pos
FUN_005642,0,0.0,0,pos,0,0.0,0,pos
FUN_010426,0,0.0,0,pos,0,0.0,0,pos
FUN_000159,0,0.0,0,pos,0,0.0,0,pos
FUN_007064,0,0.0,0,pos,0,0.0,0,pos
FUN_007844,12,0.0025,0,pos,6,0.00125,0,pos
FUN_010044,0,0.0,0,pos,0,0.0,0,pos
FUN_011097,0,0.0,0,pos,0,0.0,0,pos
FUN_003380,0,0.0,0,pos,0,0.0,0,pos
FUN_005038,0,0.0,0,pos,0,0.0,0,pos
FUN_001549,0,0.0,0,pos,0,0.0,0,pos
FUN_004059,0,0.0,0,pos,0,0.0,0,pos
FUN_006504,0,0.0,0,pos,0,0.0,0,pos
FUN_005736,0,0.0,0,pos,0,0.0,0,pos
FUN_016798,0,0.0,0,pos,0,0.0,0,pos
FUN_011999,0,0.0,0,pos,0,0.0,0,pos
FUN_016116,282,0.06275033377837116,3,pos_s300_e420_s3588_e3642_s3672_e3702,48,0.010680907877169559,1,pos_s3600_e3642
FUN_012375,0,0.0,0,pos,0,0.0,0,pos
FUN_003403,54,0.05142857142857143,1,pos_s780_e834,0,0.0,0,pos
FUN_011847,0,0.0,0,pos,0,0.0,0,pos
FUN_004603,0,0.0,0,pos,0,0.0,0,pos
FUN_010491,252,0.03577512776831346,3,pos_s1944_e1974_s2022_e2058_s4230_e4278,60,0.008517887563884156,1,pos_s4230_e4272
FUN_002361,36,0.046875,1,pos_s330_e360,0,0.0,0,pos
FUN_009051,0,0.0,0,pos,0,0.0,0,pos
FUN_001453,0,0.0,0,pos,0,0.0,0,pos
FUN_011300,0,0.0,0,pos,0,0.0,0,pos
FUN_010585,0,0.0,0,pos,0,0.0,0,pos
FUN_015511,0,0.0,0,pos,0,0.0,0,pos
FUN_001227,0,0.0,0,pos,0,0.0,0,pos
FUN_002165,78,0.05220883534136546,2,pos_s324_e366_s744_e780,0,0.0,0,pos
FUN_001592,0,0.0,0,pos,0,0.0,0,pos
FUN_012483,0,0.0,0,pos,0,0.0,0,pos
FUN_007988,0,0.0,0,pos,0,0.0,0,pos
FUN_008872,12,0.014814814814814815,0,pos,0,0.0,0,pos
FUN_007917,0,0.0,0,pos,0,0.0,0,pos
FUN_009947,54,0.05625,1,pos_s708_e738,0,0.0,0,pos
FUN_005164,0,0.0,0,pos,0,0.0,0,pos
FUN_003152,36,0.04878048780487805,1,pos_s318_e354,6,0.008130081300813009,0,pos
FUN_002091,0,0.0,0,pos,0,0.0,0,pos
FUN_012374,0,0.0,0,pos,0,0.0,0,pos
FUN_009323,0,0.0,0,pos,0,0.0,0,pos
FUN_004390,0,0.0,0,pos,0,0.0,0,pos
FUN_002425,0,0.0,0,pos,0,0.0,0,pos
FUN_006723,90,0.02895752895752896,1,pos_s2136_e2208,0,0.0,0,pos
FUN_005463,90,0.07281553398058252,2,pos_s378_e408_s1026_e1074,42,0.03398058252427184,1,pos_s378_e408
FUN_009244,0,0.0,0,pos,0,0.0,0,pos
FUN_009041,0,0.0,0,pos,0,0.0,0,pos
FUN_005528,0,0.0,0,pos,0,0.0,0,pos
FUN_002111,0,0.0,0,pos,0,0.0,0,pos
FUN_001666,0,0.0,0,pos,0,0.0,0,pos
FUN_002730,0,0.0,0,pos,0,0.0,0,pos
FUN_012008,0,0.0,0,pos,0,0.0,0,pos
FUN_007887,0,0.0,0,pos,0,0.0,0,pos
FUN_008039,0,0.0,0,pos,0,0.0,0,pos
FUN_010997,0,0.0,0,pos,0,0.0,0,pos
FUN_000957,0,0.0,0,pos,0,0.0,0,pos
FUN_006746,0,0.0,0,pos,0,0.0,0,pos
FUN_011485,24,0.07272727272727272,0,pos,0,0.0,0,pos
FUN_010841,174,0.09830508474576272,3,pos_s1308_e1338_s1404_e1434_s1572_e1662,36,0.020338983050847456,0,pos
FUN_011933,0,0.0,0,pos,0,0.0,0,pos
FUN_006630,0,0.0,0,pos,0,0.0,0,pos
FUN_004438,0,0.0,0,pos,0,0.0,0,pos
FUN_010090,0,0.0,0,pos,0,0.0,0,pos
FUN_001940,18,0.011673151750972763,0,pos,12,0.007782101167315175,0,pos
FUN_006753,0,0.0,0,pos,0,0.0,0,pos
FUN_005312,0,0.0,0,pos,0,0.0,0,pos
FUN_012454,0,0.0,0,pos,0,0.0,0,pos
FUN_006871,0,0.0,0,pos,0,0.0,0,pos
FUN_015248,0,0.0,0,pos,0,0.0,0,pos
FUN_003476,72,0.04411764705882353,1,pos_s1110_e1146,24,0.014705882352941176,0,pos
FUN_010838,108,0.04128440366972477,1,pos_s1710_e1788,66,0.02522935779816514,1,pos_s1710_e1776
FUN_008217,18,0.011904761904761904,0,pos,0,0.0,0,pos
FUN_005972,30,0.1,0,pos,0,0.0,0,pos
FUN_005874,0,0.0,0,pos,0,0.0,0,pos
FUN_007705,234,0.027738264580369845,2,pos_s5964_e6078_s6984_e7068,108,0.012802275960170697,1,pos_s6012_e6078
FUN_000228,30,0.01529051987767584,0,pos,0,0.0,0,pos
FUN_009075,0,0.0,0,pos,0,0.0,0,pos
FUN_008712,114,0.0581039755351682,2,pos_s234_e288_s300_e342,0,0.0,0,pos
FUN_008778,186,0.1497584541062802,3,pos_s636_e678_s708_e750_s1170_e1212,18,0.014492753623188406,0,pos
FUN_012457,0,0.0,0,pos,0,0.0,0,pos
FUN_004546,66,0.016975308641975308,1,pos_s1920_e1986,0,0.0,0,pos
FUN_006638,0,0.0,0,pos,0,0.0,0,pos
FUN_008930,108,0.0782608695652174,2,pos_s132_e168_s186_e252,6,0.004347826086956522,0,pos
FUN_010452,0,0.0,0,pos,0,0.0,0,pos
FUN_001082,0,0.0,0,pos,0,0.0,0,pos
FUN_010502,0,0.0,0,pos,0,0.0,0,pos
FUN_009370,54,0.046153846153846156,1,pos_s1104_e1134,12,0.010256410256410256,0,pos
FUN_009841,0,0.0,0,pos,0,0.0,0,pos
FUN_001735,0,0.0,0,pos,0,0.0,0,pos
FUN_016835,0,0.0,0,pos,0,0.0,0,pos
FUN_001865,36,0.014598540145985401,1,pos_s132_e162,0,0.0,0,pos
FUN_006805,18,0.017543859649122806,0,pos,0,0.0,0,pos
FUN_005045,0,0.0,0,pos,0,0.0,0,pos
FUN_007909,0,0.0,0,pos,0,0.0,0,pos
FUN_015857,0,0.0,0,pos,0,0.0,0,pos
FUN_016748,0,0.0,0,pos,0,0.0,0,pos
FUN_005042,0,0.0,0,pos,0,0.0,0,pos
FUN_007017,0,0.0,0,pos,0,0.0,0,pos
FUN_005768,0,0.0,0,pos,0,0.0,0,pos
FUN_015575,102,0.03648068669527897,1,pos_s516_e618,24,0.008583690987124463,0,pos
FUN_005467,0,0.0,0,pos,0,0.0,0,pos
FUN_003721,0,0.0,0,pos,0,0.0,0,pos
FUN_001147,0,0.0,0,pos,0,0.0,0,pos
FUN_006139,0,0.0,0,pos,0,0.0,0,pos
FUN_008007,60,0.029154518950437316,0,pos,48,0.023323615160349854,0,pos
FUN_011135,0,0.0,0,pos,0,0.0,0,pos
FUN_011697,0,0.0,0,pos,0,0.0,0,pos
FUN_003955,96,0.018411967779056387,2,pos_s2250_e2286_s5172_e5202,12,0.0023014959723820483,0,pos
FUN_006113,120,0.05730659025787966,1,pos_s1140_e1254,72,0.034383954154727794,2,pos_s1146_e1188_s1212_e1242
FUN_002524,0,0.0,0,pos,0,0.0,0,pos
FUN_007853,66,0.03985507246376811,1,pos_s0_e66,12,0.007246376811594203,0,pos
FUN_005740,0,0.0,0,pos,0,0.0,0,pos
FUN_002584,0,0.0,0,pos,0,0.0,0,pos
FUN_007802,0,0.0,0,pos,0,0.0,0,pos
FUN_001630,0,0.0,0,pos,0,0.0,0,pos
FUN_001225,0,0.0,0,pos,0,0.0,0,pos
FUN_003480,114,0.026685393258426966,2,pos_s3918_e3978_s4074_e4110,66,0.01544943820224719,1,pos_s3930_e3978
FUN_011099,36,0.02830188679245283,1,pos_s948_e984,0,0.0,0,pos
FUN_000573,0,0.0,0,pos,0,0.0,0,pos
FUN_011615,0,0.0,0,pos,0,0.0,0,pos
FUN_015472,0,0.0,0,pos,0,0.0,0,pos
FUN_000817,24,0.029850746268656716,0,pos,12,0.014925373134328358,0,pos
FUN_001880,0,0.0,0,pos,0,0.0,0,pos
FUN_000630,0,0.0,0,pos,0,0.0,0,pos
FUN_000704,0,0.0,0,pos,0,0.0,0,pos
FUN_003247,0,0.0,0,pos,0,0.0,0,pos
FUN_008723,18,0.05454545454545454,0,pos,0,0.0,0,pos
FUN_006082,0,0.0,0,pos,0,0.0,0,pos
FUN_012213,0,0.0,0,pos,0,0.0,0,pos
FUN_012126,0,0.0,0,pos,0,0.0,0,pos
FUN_004214,0,0.0,0,pos,0,0.0,0,pos
FUN_007450,36,0.015915119363395226,0,pos,6,0.002652519893899204,0,pos
FUN_005630,0,0.0,0,pos,0,0.0,0,pos
FUN_000290,6,0.0024813895781637717,0,pos,0,0.0,0,pos
FUN_005365,0,0.0,0,pos,0,0.0,0,pos
FUN_011578,0,0.0,0,pos,0,0.0,0,pos
FUN_003743,0,0.0,0,pos,0,0.0,0,pos
FUN_004491,30,0.013850415512465374,0,pos,0,0.0,0,pos
FUN_004148,48,0.01694915254237288,1,pos_s108_e156,0,0.0,0,pos
FUN_015380,0,0.0,0,pos,0,0.0,0,pos
FUN_011389,114,0.5135135135135135,2,pos_s0_e30_s72_e144,24,0.10810810810810811,0,pos
FUN_003880,0,0.0,0,pos,0,0.0,0,pos
FUN_003452,0,0.0,0,pos,0,0.0,0,pos
FUN_004301,66,0.008921330089213302,1,pos_s3048_e3096,0,0.0,0,pos
FUN_006978,0,0.0,0,pos,0,0.0,0,pos
FUN_010380,138,0.08518518518518518,2,pos_s1428_e1494_s1506_e1548,66,0.040740740740740744,1,pos_s1506_e1548
FUN_001105,0,0.0,0,pos,0,0.0,0,pos
FUN_008368,0,0.0,0,pos,0,0.0,0,pos
FUN_011247,0,0.0,0,pos,0,0.0,0,pos
FUN_010051,0,0.0,0,pos,0,0.0,0,pos
FUN_000407,36,0.017964071856287425,1,pos_s666_e702,0,0.0,0,pos
FUN_016173,0,0.0,0,pos,0,0.0,0,pos
FUN_011363,24,0.008048289738430584,0,pos,0,0.0,0,pos
FUN_002543,0,0.0,0,pos,0,0.0,0,pos
FUN_000593,144,0.06629834254143646,1,pos_s1374_e1482,6,0.0027624309392265192,0,pos
FUN_001119,0,0.0,0,pos,0,0.0,0,pos
FUN_001143,0,0.0,0,pos,0,0.0,0,pos
FUN_002224,0,0.0,0,pos,0,0.0,0,pos
FUN_009965,0,0.0,0,pos,0,0.0,0,pos
FUN_006849,462,0.3422222222222222,4,pos_s0_e48_s114_e336_s390_e450_s456_e534,276,0.20444444444444446,3,pos_s114_e276_s420_e450_s456_e510
FUN_006706,0,0.0,0,pos,0,0.0,0,pos
FUN_003400,18,0.004552352048558422,0,pos,0,0.0,0,pos
FUN_004311,0,0.0,0,pos,0,0.0,0,pos
FUN_005801,0,0.0,0,pos,0,0.0,0,pos
FUN_009766,0,0.0,0,pos,0,0.0,0,pos
FUN_009312,312,0.15615615615615616,3,pos_s546_e660_s846_e882_s1494_e1602,168,0.08408408408408409,2,pos_s546_e660_s1494_e1542
FUN_005781,0,0.0,0,pos,0,0.0,0,pos
FUN_006844,0,0.0,0,pos,0,0.0,0,pos
FUN_011607,0,0.0,0,pos,0,0.0,0,pos
FUN_004300,0,0.0,0,pos,0,0.0,0,pos
FUN_006244,0,0.0,0,pos,0,0.0,0,pos
FUN_008915,54,0.05113636363636364,0,pos,12,0.011363636363636364,0,pos
FUN_002856,0,0.0,0,pos,0,0.0,0,pos
FUN_012445,0,0.0,0,pos,0,0.0,0,pos
FUN_002791,0,0.0,0,pos,0,0.0,0,pos
FUN_009295,120,0.06968641114982578,1,pos_s342_e438,72,0.041811846689895474,1,pos_s348_e420
FUN_016404,0,0.0,0,pos,0,0.0,0,pos
FUN_010622,0,0.0,0,pos,0,0.0,0,pos
FUN_008632,0,0.0,0,pos,0,0.0,0,pos
FUN_006586,0,0.0,0,pos,0,0.0,0,pos
FUN_010168,0,0.0,0,pos,0,0.0,0,pos
FUN_002362,0,0.0,0,pos,0,0.0,0,pos
FUN_009350,0,0.0,0,pos,0,0.0,0,pos
FUN_000253,0,0.0,0,pos,0,0.0,0,pos
FUN_008103,0,0.0,0,pos,0,0.0,0,pos
FUN_001359,18,0.11538461538461539,0,pos,6,0.038461538461538464,0,pos
FUN_010869,0,0.0,0,pos,0,0.0,0,pos
FUN_001690,0,0.0,0,pos,0,0.0,0,pos
FUN_006359,24,0.01038961038961039,0,pos,6,0.0025974025974025974,0,pos
FUN_005501,0,0.0,0,pos,0,0.0,0,pos
FUN_015822,0,0.0,0,pos,0,0.0,0,pos
FUN_012235,0,0.0,0,pos,0,0.0,0,pos
FUN_008626,0,0.0,0,pos,0,0.0,0,pos
FUN_008117,0,0.0,0,pos,0,0.0,0,pos
FUN_005622,0,0.0,0,pos,0,0.0,0,pos
FUN_009916,0,0.0,0,pos,0,0.0,0,pos
FUN_005009,0,0.0,0,pos,0,0.0,0,pos
FUN_012250,0,0.0,0,pos,0,0.0,0,pos
FUN_015950,0,0.0,0,pos,0,0.0,0,pos
FUN_005799,0,0.0,0,pos,0,0.0,0,pos
FUN_012548,0,0.0,0,pos,0,0.0,0,pos
FUN_000949,24,0.010810810810810811,0,pos,0,0.0,0,pos
FUN_004638,0,0.0,0,pos,0,0.0,0,pos
FUN_002528,108,0.12162162162162163,1,pos_s240_e306,12,0.013513513513513514,0,pos
FUN_009085,0,0.0,0,pos,0,0.0,0,pos
FUN_006775,0,0.0,0,pos,0,0.0,0,pos
FUN_004178,0,0.0,0,pos,0,0.0,0,pos
FUN_003545,72,0.022857142857142857,2,pos_s546_e576_s732_e768,0,0.0,0,pos
FUN_016429,0,0.0,0,pos,0,0.0,0,pos
FUN_007379,12,0.0020855057351407717,0,pos,0,0.0,0,pos
FUN_003847,222,0.14682539682539683,3,pos_s804_e858_s876_e912_s1146_e1236,90,0.05952380952380952,2,pos_s822_e858_s1188_e1224
FUN_001027,0,0.0,0,pos,0,0.0,0,pos
FUN_000111,0,0.0,0,pos,0,0.0,0,pos
FUN_011022,0,0.0,0,pos,0,0.0,0,pos
FUN_015746,0,0.0,0,pos,0,0.0,0,pos
FUN_009034,354,0.22868217054263565,4,pos_s174_e282_s1080_e1146_s1200_e1254_s1272_e1356,84,0.05426356589147287,2,pos_s222_e264_s1272_e1302
FUN_009747,0,0.0,0,pos,0,0.0,0,pos
FUN_011490,0,0.0,0,pos,0,0.0,0,pos
FUN_005395,132,0.03313253012048193,2,pos_s1998_e2028_s3612_e3690,78,0.01957831325301205,2,pos_s1998_e2028_s3636_e3684
FUN_003077,42,0.01098901098901099,1,pos_s3600_e3636,0,0.0,0,pos
FUN_006188,48,0.030303030303030304,0,pos,18,0.011363636363636364,0,pos
FUN_003739,0,0.0,0,pos,0,0.0,0,pos
FUN_001139,0,0.0,0,pos,0,0.0,0,pos
FUN_004809,18,0.04477611940298507,0,pos,0,0.0,0,pos
FUN_000870,0,0.0,0,pos,0,0.0,0,pos
FUN_015684,0,0.0,0,pos,0,0.0,0,pos
FUN_001973,36,0.08823529411764706,1,pos_s324_e354,0,0.0,0,pos
FUN_002726,0,0.0,0,pos,0,0.0,0,pos
FUN_003882,0,0.0,0,pos,0,0.0,0,pos
FUN_005402,270,0.09868421052631579,4,pos_s174_e240_s270_e300_s1650_e1686_s1704_e1812,30,0.010964912280701754,0,pos
FUN_009134,6,0.009708737864077669,0,pos,0,0.0,0,pos
FUN_006481,0,0.0,0,pos,0,0.0,0,pos
FUN_004294,150,0.10245901639344263,2,pos_s372_e486_s1128_e1164,6,0.004098360655737705,0,pos
FUN_008127,0,0.0,0,pos,0,0.0,0,pos
FUN_007101,0,0.0,0,pos,0,0.0,0,pos
FUN_007832,6,0.009708737864077669,0,pos,0,0.0,0,pos
FUN_008002,48,0.024024024024024024,1,pos_s1662_e1710,0,0.0,0,pos
FUN_010574,0,0.0,0,pos,0,0.0,0,pos
FUN_003765,12,0.008620689655172414,0,pos,0,0.0,0,pos
FUN_010781,0,0.0,0,pos,0,0.0,0,pos
FUN_016043,0,0.0,0,pos,0,0.0,0,pos
FUN_006965,0,0.0,0,pos,0,0.0,0,pos
FUN_007613,0,0.0,0,pos,0,0.0,0,pos
FUN_011094,0,0.0,0,pos,0,0.0,0,pos
FUN_001751,366,0.07953063885267275,4,pos_s3396_e3432_s3438_e3498_s3900_e4074_s4218_e4284,228,0.04954367666232073,3,pos_s3450_e3486_s3936_e4074_s4236_e4278
FUN_010550,0,0.0,0,pos,0,0.0,0,pos
FUN_011470,0,0.0,0,pos,0,0.0,0,pos
FUN_006820,102,0.01810436634717785,1,pos_s4698_e4794,78,0.013844515441959531,1,pos_s4698_e4746
FUN_006923,0,0.0,0,pos,0,0.0,0,pos
FUN_005368,0,0.0,0,pos,0,0.0,0,pos
FUN_016860,0,0.0,0,pos,0,0.0,0,pos
FUN_016422,0,0.0,0,pos,0,0.0,0,pos
FUN_016478,0,0.0,0,pos,0,0.0,0,pos
FUN_004558,0,0.0,0,pos,0,0.0,0,pos
FUN_000454,0,0.0,0,pos,0,0.0,0,pos
FUN_003555,0,0.0,0,pos,0,0.0,0,pos
FUN_010305,306,0.38636363636363635,2,pos_s126_e222_s312_e366,36,0.045454545454545456,0,pos
FUN_010678,90,0.03480278422273782,1,pos_s498_e564,0,0.0,0,pos
FUN_009184,0,0.0,0,pos,0,0.0,0,pos
FUN_012065,0,0.0,0,pos,0,0.0,0,pos
FUN_009658,0,0.0,0,pos,0,0.0,0,pos
FUN_016012,0,0.0,0,pos,0,0.0,0,pos
FUN_007653,0,0.0,0,pos,0,0.0,0,pos
FUN_005604,102,0.17,2,pos_s282_e336_s546_e594,60,0.1,1,pos_s282_e324
FUN_015432,0,0.0,0,pos,0,0.0,0,pos
FUN_015941,0,0.0,0,pos,0,0.0,0,pos
FUN_000127,0,0.0,0,pos,0,0.0,0,pos
FUN_010641,348,0.3625,4,pos_s6_e42_s234_e342_s582_e696_s822_e894,198,0.20625,2,pos_s234_e330_s606_e696
FUN_001534,6,0.0016778523489932886,0,pos,0,0.0,0,pos
FUN_007445,336,0.1723076923076923,4,pos_s726_e768_s954_e1026_s1710_e1824_s1866_e1914,126,0.06461538461538462,1,pos_s1710_e1824
FUN_007721,0,0.0,0,pos,0,0.0,0,pos
FUN_000339,0,0.0,0,pos,0,0.0,0,pos
FUN_008473,0,0.0,0,pos,0,0.0,0,pos
FUN_002863,0,0.0,0,pos,0,0.0,0,pos
FUN_007706,36,0.061224489795918366,1,pos_s534_e570,0,0.0,0,pos
FUN_004477,0,0.0,0,pos,0,0.0,0,pos
FUN_000651,0,0.0,0,pos,0,0.0,0,pos
FUN_003897,66,0.04526748971193416,1,pos_s108_e156,0,0.0,0,pos
FUN_016248,0,0.0,0,pos,0,0.0,0,pos
FUN_016256,0,0.0,0,pos,0,0.0,0,pos
FUN_003929,0,0.0,0,pos,0,0.0,0,pos
FUN_006953,0,0.0,0,pos,0,0.0,0,pos
FUN_011451,0,0.0,0,pos,0,0.0,0,pos
FUN_006058,66,0.21153846153846154,0,pos,30,0.09615384615384616,0,pos
FUN_016458,0,0.0,0,pos,0,0.0,0,pos
FUN_009165,156,0.1,2,pos_s630_e738_s942_e990,60,0.038461538461538464,2,pos_s672_e702_s942_e972
FUN_001977,0,0.0,0,pos,0,0.0,0,pos
FUN_002949,78,0.02524271844660194,1,pos_s1308_e1338,6,0.001941747572815534,0,pos
FUN_008912,66,0.6875,1,pos_s0_e48,12,0.125,0,pos
FUN_003113,72,0.15,1,pos_s324_e396,72,0.15,1,pos_s324_e396
FUN_004327,0,0.0,0,pos,0,0.0,0,pos
FUN_010034,0,0.0,0,pos,0,0.0,0,pos
FUN_001979,0,0.0,0,pos,0,0.0,0,pos
FUN_003763,12,0.0035026269702276708,0,pos,0,0.0,0,pos
FUN_009850,0,0.0,0,pos,0,0.0,0,pos
FUN_004184,36,0.02575107296137339,0,pos,0,0.0,0,pos
FUN_004330,0,0.0,0,pos,0,0.0,0,pos
FUN_015561,0,0.0,0,pos,0,0.0,0,pos
FUN_003711,0,0.0,0,pos,0,0.0,0,pos
FUN_005954,0,0.0,0,pos,0,0.0,0,pos
FUN_012542,0,0.0,0,pos,0,0.0,0,pos
FUN_016769,0,0.0,0,pos,0,0.0,0,pos
FUN_011289,0,0.0,0,pos,0,0.0,0,pos
FUN_000017,0,0.0,0,pos,0,0.0,0,pos
FUN_007350,180,0.031982942430703626,3,pos_s1302_e1350_s1356_e1386_s3234_e3282,66,0.011727078891257996,1,pos_s1302_e1350
FUN_008896,42,0.03167420814479638,0,pos,0,0.0,0,pos
FUN_002025,198,0.04647887323943662,2,pos_s2760_e2856_s3048_e3120,0,0.0,0,pos
FUN_005941,0,0.0,0,pos,0,0.0,0,pos
FUN_007693,0,0.0,0,pos,0,0.0,0,pos
FUN_003458,222,0.08466819221967964,3,pos_s1008_e1092_s1224_e1320_s1764_e1806,108,0.041189931350114416,1,pos_s1260_e1320
FUN_015286,0,0.0,0,pos,0,0.0,0,pos
FUN_007241,24,0.009478672985781991,0,pos,0,0.0,0,pos
FUN_011163,18,0.007444168734491315,0,pos,6,0.0024813895781637717,0,pos
FUN_001447,0,0.0,0,pos,0,0.0,0,pos
FUN_002446,0,0.0,0,pos,0,0.0,0,pos
FUN_016650,0,0.0,0,pos,0,0.0,0,pos
FUN_002417,12,0.009174311926605505,0,pos,0,0.0,0,pos
FUN_001279,0,0.0,0,pos,0,0.0,0,pos
FUN_001911,6,0.0045045045045045045,0,pos,0,0.0,0,pos
FUN_012350,0,0.0,0,pos,0,0.0,0,pos
FUN_001657,66,0.0073041168658698535,1,pos_s7806_e7848,12,0.0013280212483399733,0,pos
FUN_008084,0,0.0,0,pos,0,0.0,0,pos
FUN_000559,126,0.0375,1,pos_s1758_e1866,12,0.0035714285714285713,0,pos
FUN_008963,0,0.0,0,pos,0,0.0,0,pos
FUN_001486,0,0.0,0,pos,0,0.0,0,pos
FUN_009604,36,0.008344923504867872,1,pos_s2232_e2268,0,0.0,0,pos
FUN_001316,0,0.0,0,pos,0,0.0,0,pos
FUN_011033,0,0.0,0,pos,0,0.0,0,pos
FUN_000457,0,0.0,0,pos,0,0.0,0,pos
FUN_010323,0,0.0,0,pos,0,0.0,0,pos
FUN_012151,0,0.0,0,pos,0,0.0,0,pos
FUN_015804,0,0.0,0,pos,0,0.0,0,pos
FUN_002131,0,0.0,0,pos,0,0.0,0,pos
FUN_005975,0,0.0,0,pos,0,0.0,0,pos
FUN_002148,0,0.0,0,pos,0,0.0,0,pos
FUN_007016,132,0.06984126984126984,1,pos_s1152_e1254,0,0.0,0,pos
FUN_015959,0,0.0,0,pos,0,0.0,0,pos
FUN_002428,138,0.12849162011173185,2,pos_s96_e126_s138_e228,0,0.0,0,pos
FUN_010085,12,0.012658227848101266,0,pos,0,0.0,0,pos
FUN_001785,0,0.0,0,pos,0,0.0,0,pos
FUN_012228,0,0.0,0,pos,0,0.0,0,pos
FUN_011506,0,0.0,0,pos,0,0.0,0,pos
FUN_003046,0,0.0,0,pos,0,0.0,0,pos
FUN_001384,0,0.0,0,pos,0,0.0,0,pos
FUN_006514,120,0.10695187165775401,2,pos_s462_e522_s750_e780,12,0.0106951871657754,0,pos
FUN_011136,0,0.0,0,pos,0,0.0,0,pos
FUN_004666,0,0.0,0,pos,0,0.0,0,pos
FUN_016371,0,0.0,0,pos,0,0.0,0,pos
FUN_003946,0,0.0,0,pos,0,0.0,0,pos
FUN_000394,24,0.025974025974025976,0,pos,0,0.0,0,pos
FUN_007191,0,0.0,0,pos,0,0.0,0,pos
FUN_009060,6,0.002242152466367713,0,pos,0,0.0,0,pos
FUN_004829,60,0.0034590107229332413,1,pos_s16146_e16200,0,0.0,0,pos
FUN_000726,6,0.004347826086956522,0,pos,0,0.0,0,pos
FUN_003270,36,0.011152416356877323,1,pos_s2802_e2838,6,0.0018587360594795538,0,pos
FUN_002912,0,0.0,0,pos,0,0.0,0,pos
FUN_016532,0,0.0,0,pos,0,0.0,0,pos
FUN_008284,0,0.0,0,pos,0,0.0,0,pos
FUN_015454,0,0.0,0,pos,0,0.0,0,pos
FUN_011009,36,0.0594059405940594,0,pos,18,0.0297029702970297,0,pos
FUN_004406,0,0.0,0,pos,0,0.0,0,pos
FUN_003883,0,0.0,0,pos,0,0.0,0,pos
FUN_003822,0,0.0,0,pos,0,0.0,0,pos
FUN_007587,0,0.0,0,pos,0,0.0,0,pos
FUN_005973,0,0.0,0,pos,0,0.0,0,pos
FUN_002867,48,0.02962962962962963,1,pos_s1062_e1110,36,0.022222222222222223,1,pos_s1062_e1098
FUN_003235,0,0.0,0,pos,0,0.0,0,pos
FUN_010755,0,0.0,0,pos,0,0.0,0,pos
FUN_016004,0,0.0,0,pos,0,0.0,0,pos
FUN_006294,0,0.0,0,pos,0,0.0,0,pos
FUN_005379,0,0.0,0,pos,0,0.0,0,pos
FUN_005460,0,0.0,0,pos,0,0.0,0,pos
FUN_016023,0,0.0,0,pos,0,0.0,0,pos
FUN_016161,0,0.0,0,pos,0,0.0,0,pos
FUN_003736,0,0.0,0,pos,0,0.0,0,pos
FUN_011531,0,0.0,0,pos,0,0.0,0,pos
FUN_012261,0,0.0,0,pos,0,0.0,0,pos
FUN_015986,12,0.01639344262295082,0,pos,12,0.01639344262295082,0,pos
FUN_010026,0,0.0,0,pos,0,0.0,0,pos
FUN_001106,0,0.0,0,pos,0,0.0,0,pos
FUN_012172,0,0.0,0,pos,0,0.0,0,pos
FUN_001982,162,0.01684341859014348,2,pos_s36_e108_s7104_e7158,90,0.009357454772301934,1,pos_s7110_e7158
FUN_010242,0,0.0,0,pos,0,0.0,0,pos
FUN_016795,0,0.0,0,pos,0,0.0,0,pos
FUN_016223,0,0.0,0,pos,0,0.0,0,pos
FUN_006853,66,0.027160493827160494,1,pos_s1836_e1866,0,0.0,0,pos
FUN_010518,0,0.0,0,pos,0,0.0,0,pos
FUN_010750,0,0.0,0,pos,0,0.0,0,pos
FUN_000561,0,0.0,0,pos,0,0.0,0,pos
FUN_002941,0,0.0,0,pos,0,0.0,0,pos
FUN_001262,0,0.0,0,pos,0,0.0,0,pos
FUN_005364,0,0.0,0,pos,0,0.0,0,pos
FUN_010746,0,0.0,0,pos,0,0.0,0,pos
FUN_002278,0,0.0,0,pos,0,0.0,0,pos
FUN_015651,0,0.0,0,pos,0,0.0,0,pos
FUN_011180,30,0.046296296296296294,0,pos,6,0.009259259259259259,0,pos
FUN_011514,0,0.0,0,pos,0,0.0,0,pos
FUN_008548,66,0.016034985422740525,1,pos_s4014_e4080,0,0.0,0,pos
FUN_015980,0,0.0,0,pos,0,0.0,0,pos
FUN_010536,0,0.0,0,pos,0,0.0,0,pos
FUN_004125,36,0.023715415019762844,0,pos,0,0.0,0,pos
FUN_006554,54,0.043478260869565216,1,pos_s0_e54,0,0.0,0,pos
FUN_016545,0,0.0,0,pos,0,0.0,0,pos
FUN_009550,0,0.0,0,pos,0,0.0,0,pos
FUN_004929,0,0.0,0,pos,0,0.0,0,pos
FUN_007695,0,0.0,0,pos,0,0.0,0,pos
FUN_010636,228,0.2389937106918239,4,pos_s0_e36_s198_e312_s330_e366_s528_e558,138,0.14465408805031446,3,pos_s0_e36_s210_e246_s252_e312
FUN_001220,0,0.0,0,pos,0,0.0,0,pos
FUN_008101,0,0.0,0,pos,0,0.0,0,pos
FUN_015862,0,0.0,0,pos,0,0.0,0,pos
FUN_015662,0,0.0,0,pos,0,0.0,0,pos
FUN_003431,0,0.0,0,pos,0,0.0,0,pos
FUN_015890,0,0.0,0,pos,0,0.0,0,pos
FUN_007792,0,0.0,0,pos,0,0.0,0,pos
FUN_004489,0,0.0,0,pos,0,0.0,0,pos
FUN_001609,0,0.0,0,pos,0,0.0,0,pos
FUN_006875,90,0.07772020725388601,1,pos_s972_e1002,0,0.0,0,pos
FUN_012496,6,0.004784688995215311,0,pos,0,0.0,0,pos
FUN_006496,210,0.06118881118881119,4,pos_s1356_e1392_s1542_e1572_s2592_e2658_s2670_e2700,66,0.019230769230769232,1,pos_s2592_e2658
FUN_000834,0,0.0,0,pos,0,0.0,0,pos
FUN_004504,0,0.0,0,pos,0,0.0,0,pos
FUN_010327,0,0.0,0,pos,0,0.0,0,pos
FUN_010188,0,0.0,0,pos,0,0.0,0,pos
FUN_016240,0,0.0,0,pos,0,0.0,0,pos
FUN_004845,0,0.0,0,pos,0,0.0,0,pos
FUN_006981,0,0.0,0,pos,0,0.0,0,pos
FUN_015406,0,0.0,0,pos,0,0.0,0,pos
FUN_010625,6,0.005405405405405406,0,pos,0,0.0,0,pos
FUN_009125,0,0.0,0,pos,0,0.0,0,pos
FUN_008928,0,0.0,0,pos,0,0.0,0,pos
FUN_006108,0,0.0,0,pos,0,0.0,0,pos
FUN_003170,90,0.18518518518518517,0,pos,0,0.0,0,pos
FUN_011492,54,0.06164383561643835,1,pos_s588_e642,0,0.0,0,pos
FUN_002319,0,0.0,0,pos,0,0.0,0,pos
FUN_015453,0,0.0,0,pos,0,0.0,0,pos
FUN_010749,0,0.0,0,pos,0,0.0,0,pos
FUN_009083,180,0.379746835443038,3,pos_s210_e294_s306_e354_s396_e444,60,0.12658227848101267,0,pos
FUN_008780,0,0.0,0,pos,0,0.0,0,pos
FUN_012200,0,0.0,0,pos,0,0.0,0,pos
FUN_011395,162,0.06398104265402843,2,pos_s300_e366_s2034_e2100,108,0.04265402843601896,1,pos_s312_e366
FUN_010456,132,0.0842911877394636,1,pos_s480_e516,54,0.034482758620689655,1,pos_s480_e510
FUN_003568,0,0.0,0,pos,0,0.0,0,pos
FUN_016300,0,0.0,0,pos,0,0.0,0,pos
FUN_006590,0,0.0,0,pos,0,0.0,0,pos
FUN_005251,0,0.0,0,pos,0,0.0,0,pos
FUN_004302,0,0.0,0,pos,0,0.0,0,pos
FUN_003469,0,0.0,0,pos,0,0.0,0,pos
FUN_003604,0,0.0,0,pos,0,0.0,0,pos
FUN_011441,36,0.03896103896103896,1,pos_s204_e240,0,0.0,0,pos
FUN_015536,0,0.0,0,pos,0,0.0,0,pos
FUN_016228,0,0.0,0,pos,0,0.0,0,pos
FUN_009208,0,0.0,0,pos,0,0.0,0,pos
FUN_011609,0,0.0,0,pos,0,0.0,0,pos
FUN_005118,174,0.0361145703611457,1,pos_s4344_e4452,90,0.0186799501867995,1,pos_s4362_e4452
FUN_010901,0,0.0,0,pos,0,0.0,0,pos
FUN_009433,0,0.0,0,pos,0,0.0,0,pos
FUN_016875,0,0.0,0,pos,0,0.0,0,pos
FUN_015400,0,0.0,0,pos,0,0.0,0,pos
FUN_007339,0,0.0,0,pos,0,0.0,0,pos
FUN_001377,90,0.056179775280898875,1,pos_s1506_e1596,90,0.056179775280898875,1,pos_s1506_e1596
FUN_006887,0,0.0,0,pos,0,0.0,0,pos
FUN_012176,0,0.0,0,pos,0,0.0,0,pos
FUN_005831,0,0.0,0,pos,0,0.0,0,pos
FUN_000072,0,0.0,0,pos,0,0.0,0,pos
FUN_001450,0,0.0,0,pos,0,0.0,0,pos
FUN_008527,48,0.03980099502487562,1,pos_s270_e318,48,0.03980099502487562,1,pos_s270_e318
FUN_009046,0,0.0,0,pos,0,0.0,0,pos
FUN_004253,0,0.0,0,pos,0,0.0,0,pos
FUN_000650,0,0.0,0,pos,0,0.0,0,pos
FUN_005236,0,0.0,0,pos,0,0.0,0,pos
FUN_004967,0,0.0,0,pos,0,0.0,0,pos
FUN_009214,0,0.0,0,pos,0,0.0,0,pos
FUN_005516,0,0.0,0,pos,0,0.0,0,pos
FUN_003712,0,0.0,0,pos,0,0.0,0,pos
FUN_005995,54,0.01882845188284519,1,pos_s42_e90,0,0.0,0,pos
FUN_003762,6,0.005917159763313609,0,pos,6,0.005917159763313609,0,pos
FUN_015813,0,0.0,0,pos,0,0.0,0,pos
FUN_003603,6,0.017241379310344827,0,pos,0,0.0,0,pos
FUN_007715,36,0.05084745762711865,1,pos_s438_e474,18,0.025423728813559324,0,pos
FUN_000425,0,0.0,0,pos,0,0.0,0,pos
FUN_005481,0,0.0,0,pos,0,0.0,0,pos
FUN_005617,42,0.050724637681159424,0,pos,42,0.050724637681159424,0,pos
FUN_003219,0,0.0,0,pos,0,0.0,0,pos
FUN_007842,0,0.0,0,pos,0,0.0,0,pos
FUN_010570,0,0.0,0,pos,0,0.0,0,pos
FUN_007447,0,0.0,0,pos,0,0.0,0,pos
FUN_016401,0,0.0,0,pos,0,0.0,0,pos
FUN_006285,0,0.0,0,pos,0,0.0,0,pos
FUN_008661,0,0.0,0,pos,0,0.0,0,pos
FUN_011142,0,0.0,0,pos,0,0.0,0,pos
FUN_001261,6,0.004807692307692308,0,pos,0,0.0,0,pos
FUN_009524,18,0.007317073170731708,0,pos,0,0.0,0,pos
FUN_004670,0,0.0,0,pos,0,0.0,0,pos
FUN_004860,0,0.0,0,pos,0,0.0,0,pos
FUN_012078,0,0.0,0,pos,0,0.0,0,pos
FUN_006457,48,0.045454545454545456,1,pos_s324_e372,0,0.0,0,pos
FUN_002108,90,0.040214477211796246,2,pos_s1548_e1584_s1596_e1632,6,0.002680965147453083,0,pos
FUN_001611,0,0.0,0,pos,0,0.0,0,pos
FUN_000231,102,0.68,1,pos_s0_e102,102,0.68,1,pos_s0_e102
FUN_016106,0,0.0,0,pos,0,0.0,0,pos
FUN_015634,0,0.0,0,pos,0,0.0,0,pos
FUN_010987,0,0.0,0,pos,0,0.0,0,pos
FUN_002781,6,0.008849557522123894,0,pos,0,0.0,0,pos
FUN_007443,30,0.013368983957219251,0,pos,6,0.00267379679144385,0,pos
FUN_006687,0,0.0,0,pos,0,0.0,0,pos
FUN_006309,6,0.0026954177897574125,0,pos,0,0.0,0,pos
FUN_016032,0,0.0,0,pos,0,0.0,0,pos
FUN_010733,0,0.0,0,pos,0,0.0,0,pos
FUN_001036,0,0.0,0,pos,0,0.0,0,pos
FUN_016375,0,0.0,0,pos,0,0.0,0,pos
FUN_015643,0,0.0,0,pos,0,0.0,0,pos
FUN_002266,0,0.0,0,pos,0,0.0,0,pos
FUN_001793,0,0.0,0,pos,0,0.0,0,pos
FUN_002666,0,0.0,0,pos,0,0.0,0,pos
FUN_016137,78,0.024163568773234202,1,pos_s1002_e1080,48,0.01486988847583643,1,pos_s1032_e1080
FUN_002689,30,0.03125,1,pos_s918_e948,0,0.0,0,pos
FUN_009081,0,0.0,0,pos,0,0.0,0,pos
FUN_016766,0,0.0,0,pos,0,0.0,0,pos
FUN_010333,0,0.0,0,pos,0,0.0,0,pos
FUN_015877,0,0.0,0,pos,0,0.0,0,pos
FUN_015906,0,0.0,0,pos,0,0.0,0,pos
FUN_008349,0,0.0,0,pos,0,0.0,0,pos
FUN_003441,6,0.004524886877828055,0,pos,0,0.0,0,pos
FUN_000649,0,0.0,0,pos,0,0.0,0,pos
FUN_004502,36,0.00683371298405467,0,pos,0,0.0,0,pos
FUN_003652,0,0.0,0,pos,0,0.0,0,pos
FUN_005226,0,0.0,0,pos,0,0.0,0,pos
FUN_001634,12,0.023255813953488372,0,pos,0,0.0,0,pos
FUN_001907,30,0.024630541871921183,1,pos_s414_e444,0,0.0,0,pos
FUN_000625,0,0.0,0,pos,0,0.0,0,pos
FUN_002660,348,0.0849194729136164,4,pos_s2694_e2796_s3852_e3918_s3924_e3954_s3984_e4092,132,0.032210834553440704,2,pos_s2694_e2736_s3984_e4068
FUN_000050,0,0.0,0,pos,0,0.0,0,pos
FUN_008793,0,0.0,0,pos,0,0.0,0,pos
FUN_016286,0,0.0,0,pos,0,0.0,0,pos
FUN_016867,0,0.0,0,pos,0,0.0,0,pos
FUN_005389,0,0.0,0,pos,0,0.0,0,pos
FUN_002196,12,0.009302325581395349,0,pos,12,0.009302325581395349,0,pos
FUN_009383,0,0.0,0,pos,0,0.0,0,pos
FUN_008199,0,0.0,0,pos,0,0.0,0,pos
FUN_003972,0,0.0,0,pos,0,0.0,0,pos
FUN_004524,0,0.0,0,pos,0,0.0,0,pos
FUN_008815,0,0.0,0,pos,0,0.0,0,pos
FUN_011715,0,0.0,0,pos,0,0.0,0,pos
FUN_003533,174,0.03810775295663601,1,pos_s744_e798,54,0.011826544021024968,1,pos_s744_e798
FUN_011535,0,0.0,0,pos,0,0.0,0,pos
FUN_003127,0,0.0,0,pos,0,0.0,0,pos
FUN_000718,0,0.0,0,pos,0,0.0,0,pos
FUN_005486,24,0.01092896174863388,0,pos,6,0.00273224043715847,0,pos
FUN_011538,0,0.0,0,pos,0,0.0,0,pos
FUN_009437,0,0.0,0,pos,0,0.0,0,pos
FUN_002777,0,0.0,0,pos,0,0.0,0,pos
FUN_004986,24,0.042105263157894736,0,pos,0,0.0,0,pos
FUN_011157,24,0.01951219512195122,0,pos,0,0.0,0,pos
FUN_007373,0,0.0,0,pos,0,0.0,0,pos
FUN_004814,192,0.05351170568561873,3,pos_s906_e978_s1266_e1302_s1320_e1350,42,0.011705685618729096,0,pos
FUN_001033,0,0.0,0,pos,0,0.0,0,pos
FUN_005594,0,0.0,0,pos,0,0.0,0,pos
FUN_015909,0,0.0,0,pos,0,0.0,0,pos
FUN_002086,0,0.0,0,pos,0,0.0,0,pos
FUN_012475,0,0.0,0,pos,0,0.0,0,pos
FUN_005670,0,0.0,0,pos,0,0.0,0,pos
FUN_005280,0,0.0,0,pos,0,0.0,0,pos
FUN_006161,0,0.0,0,pos,0,0.0,0,pos
FUN_008572,0,0.0,0,pos,0,0.0,0,pos
FUN_002799,0,0.0,0,pos,0,0.0,0,pos
FUN_012207,0,0.0,0,pos,0,0.0,0,pos
FUN_007639,24,0.025157232704402517,0,pos,18,0.018867924528301886,0,pos
FUN_006098,0,0.0,0,pos,0,0.0,0,pos
FUN_004969,0,0.0,0,pos,0,0.0,0,pos
FUN_009607,0,0.0,0,pos,0,0.0,0,pos
FUN_003607,0,0.0,0,pos,0,0.0,0,pos
FUN_002604,0,0.0,0,pos,0,0.0,0,pos
FUN_009108,0,0.0,0,pos,0,0.0,0,pos
FUN_000352,0,0.0,0,pos,0,0.0,0,pos
FUN_000184,0,0.0,0,pos,0,0.0,0,pos
FUN_006451,0,0.0,0,pos,0,0.0,0,pos
FUN_000633,0,0.0,0,pos,0,0.0,0,pos
FUN_004004,0,0.0,0,pos,0,0.0,0,pos
FUN_001962,0,0.0,0,pos,0,0.0,0,pos
FUN_006089,0,0.0,0,pos,0,0.0,0,pos
FUN_006409,0,0.0,0,pos,0,0.0,0,pos
FUN_000292,0,0.0,0,pos,0,0.0,0,pos
FUN_016260,0,0.0,0,pos,0,0.0,0,pos
FUN_003997,0,0.0,0,pos,0,0.0,0,pos
FUN_002179,390,0.6074766355140186,7,pos_s12_e54_s114_e216_s228_e282_s354_e396_s408_e468_s486_e516_s546_e594,186,0.2897196261682243,4,pos_s24_e54_s114_e150_s354_e396_s408_e468
FUN_010011,0,0.0,0,pos,0,0.0,0,pos
FUN_004981,0,0.0,0,pos,0,0.0,0,pos
FUN_007819,48,0.08080808080808081,0,pos,48,0.08080808080808081,0,pos
FUN_007140,0,0.0,0,pos,0,0.0,0,pos
FUN_000389,0,0.0,0,pos,0,0.0,0,pos
FUN_006567,0,0.0,0,pos,0,0.0,0,pos
FUN_001465,0,0.0,0,pos,0,0.0,0,pos
FUN_015628,0,0.0,0,pos,0,0.0,0,pos
FUN_002494,0,0.0,0,pos,0,0.0,0,pos
FUN_005111,180,0.11857707509881422,2,pos_s198_e234_s432_e498,90,0.05928853754940711,1,pos_s438_e468
FUN_016756,0,0.0,0,pos,0,0.0,0,pos
FUN_010249,0,0.0,0,pos,0,0.0,0,pos
FUN_009951,0,0.0,0,pos,0,0.0,0,pos
FUN_001327,0,0.0,0,pos,0,0.0,0,pos
FUN_006467,0,0.0,0,pos,0,0.0,0,pos
FUN_009764,0,0.0,0,pos,0,0.0,0,pos
FUN_015403,0,0.0,0,pos,0,0.0,0,pos
FUN_015978,0,0.0,0,pos,0,0.0,0,pos
FUN_009439,54,0.07563025210084033,1,pos_s36_e78,0,0.0,0,pos
FUN_009279,0,0.0,0,pos,0,0.0,0,pos
FUN_000824,0,0.0,0,pos,0,0.0,0,pos
FUN_010330,114,0.0945273631840796,1,pos_s714_e822,30,0.024875621890547265,1,pos_s768_e798
FUN_000431,96,0.1032258064516129,1,pos_s750_e840,90,0.0967741935483871,1,pos_s750_e840
FUN_000366,0,0.0,0,pos,0,0.0,0,pos
FUN_010020,0,0.0,0,pos,0,0.0,0,pos
FUN_008890,42,0.01818181818181818,0,pos,0,0.0,0,pos
FUN_009526,0,0.0,0,pos,0,0.0,0,pos
FUN_012229,0,0.0,0,pos,0,0.0,0,pos
FUN_016719,0,0.0,0,pos,0,0.0,0,pos
FUN_010714,0,0.0,0,pos,0,0.0,0,pos
FUN_002888,0,0.0,0,pos,0,0.0,0,pos
FUN_009325,0,0.0,0,pos,0,0.0,0,pos
FUN_011266,48,0.016,1,pos_s234_e282,0,0.0,0,pos
FUN_008219,0,0.0,0,pos,0,0.0,0,pos
FUN_011987,60,0.04048582995951417,1,pos_s972_e1032,0,0.0,0,pos
FUN_010048,84,0.02040816326530612,1,pos_s1500_e1548,12,0.0029154518950437317,0,pos
FUN_008836,24,0.013888888888888888,0,pos,0,0.0,0,pos
FUN_007858,24,0.017241379310344827,0,pos,0,0.0,0,pos
FUN_003074,0,0.0,0,pos,0,0.0,0,pos
FUN_006752,6,0.002173913043478261,0,pos,0,0.0,0,pos
FUN_003419,0,0.0,0,pos,0,0.0,0,pos
FUN_006624,0,0.0,0,pos,0,0.0,0,pos
FUN_011309,0,0.0,0,pos,0,0.0,0,pos
FUN_008648,18,0.025210084033613446,0,pos,0,0.0,0,pos
FUN_011475,0,0.0,0,pos,0,0.0,0,pos
FUN_003166,0,0.0,0,pos,0,0.0,0,pos
FUN_000376,0,0.0,0,pos,0,0.0,0,pos
FUN_007179,0,0.0,0,pos,0,0.0,0,pos
FUN_001064,54,0.018404907975460124,1,pos_s690_e720,18,0.006134969325153374,0,pos
FUN_015530,0,0.0,0,pos,0,0.0,0,pos
FUN_006168,0,0.0,0,pos,0,0.0,0,pos
FUN_004036,6,0.0025974025974025974,0,pos,6,0.0025974025974025974,0,pos
FUN_008413,96,0.04833836858006042,2,pos_s1650_e1698_s1704_e1734,36,0.01812688821752266,1,pos_s1650_e1686
FUN_012071,0,0.0,0,pos,0,0.0,0,pos
FUN_006046,0,0.0,0,pos,0,0.0,0,pos
FUN_006160,0,0.0,0,pos,0,0.0,0,pos
FUN_016792,0,0.0,0,pos,0,0.0,0,pos
FUN_005351,0,0.0,0,pos,0,0.0,0,pos
FUN_005370,0,0.0,0,pos,0,0.0,0,pos
FUN_000356,0,0.0,0,pos,0,0.0,0,pos
FUN_004857,0,0.0,0,pos,0,0.0,0,pos
FUN_006266,0,0.0,0,pos,0,0.0,0,pos
FUN_015739,0,0.0,0,pos,0,0.0,0,pos
FUN_006077,12,0.01020408163265306,0,pos,0,0.0,0,pos
FUN_003056,144,0.09716599190283401,2,pos_s1152_e1194_s1266_e1362,48,0.032388663967611336,0,pos
FUN_016796,0,0.0,0,pos,0,0.0,0,pos
FUN_010770,0,0.0,0,pos,0,0.0,0,pos
FUN_005043,0,0.0,0,pos,0,0.0,0,pos
FUN_006718,0,0.0,0,pos,0,0.0,0,pos
FUN_011273,0,0.0,0,pos,0,0.0,0,pos
FUN_000403,0,0.0,0,pos,0,0.0,0,pos
FUN_007310,0,0.0,0,pos,0,0.0,0,pos
FUN_002203,0,0.0,0,pos,0,0.0,0,pos
FUN_016131,0,0.0,0,pos,0,0.0,0,pos
FUN_009314,0,0.0,0,pos,0,0.0,0,pos
FUN_001472,0,0.0,0,pos,0,0.0,0,pos
FUN_001561,156,0.05473684210526316,2,pos_s2010_e2052_s2682_e2784,90,0.031578947368421054,1,pos_s2682_e2772
FUN_011887,0,0.0,0,pos,0,0.0,0,pos
FUN_009172,408,0.08222490931076179,4,pos_s300_e408_s2244_e2304_s3246_e3324_s4278_e4308,114,0.022974607013301087,1,pos_s330_e408
FUN_006344,0,0.0,0,pos,0,0.0,0,pos
FUN_006652,60,0.01597444089456869,0,pos,12,0.003194888178913738,0,pos
FUN_006591,6,0.0018587360594795538,0,pos,0,0.0,0,pos
FUN_007481,0,0.0,0,pos,0,0.0,0,pos
FUN_015303,0,0.0,0,pos,0,0.0,0,pos
FUN_001233,0,0.0,0,pos,0,0.0,0,pos
FUN_000211,6,0.0053475935828877,0,pos,6,0.0053475935828877,0,pos
FUN_015377,0,0.0,0,pos,0,0.0,0,pos
FUN_010686,0,0.0,0,pos,0,0.0,0,pos
FUN_010465,432,0.25,3,pos_s852_e900_s1146_e1260_s1308_e1518,276,0.1597222222222222,3,pos_s1146_e1236_s1320_e1386_s1422_e1512
FUN_007635,96,0.040100250626566414,2,pos_s216_e258_s408_e462,0,0.0,0,pos
FUN_002342,6,0.009523809523809525,0,pos,0,0.0,0,pos
FUN_000782,60,0.03322259136212625,0,pos,6,0.0033222591362126247,0,pos
FUN_015568,0,0.0,0,pos,0,0.0,0,pos
FUN_006372,0,0.0,0,pos,0,0.0,0,pos
FUN_009541,0,0.0,0,pos,0,0.0,0,pos
FUN_016871,0,0.0,0,pos,0,0.0,0,pos
FUN_010551,0,0.0,0,pos,0,0.0,0,pos
FUN_011167,0,0.0,0,pos,0,0.0,0,pos
FUN_016803,0,0.0,0,pos,0,0.0,0,pos
FUN_011564,0,0.0,0,pos,0,0.0,0,pos
FUN_004081,0,0.0,0,pos,0,0.0,0,pos
FUN_002337,18,0.01948051948051948,0,pos,18,0.01948051948051948,0,pos
FUN_001544,0,0.0,0,pos,0,0.0,0,pos
FUN_004416,0,0.0,0,pos,0,0.0,0,pos
FUN_000156,0,0.0,0,pos,0,0.0,0,pos
FUN_016386,0,0.0,0,pos,0,0.0,0,pos
FUN_003177,0,0.0,0,pos,0,0.0,0,pos
FUN_012461,0,0.0,0,pos,0,0.0,0,pos
FUN_002383,0,0.0,0,pos,0,0.0,0,pos
FUN_005109,0,0.0,0,pos,0,0.0,0,pos
FUN_003057,18,0.02127659574468085,0,pos,0,0.0,0,pos
FUN_007249,36,0.04918032786885246,1,pos_s438_e468,0,0.0,0,pos
FUN_002574,90,0.0967741935483871,1,pos_s90_e150,0,0.0,0,pos
FUN_000308,36,0.013422818791946308,0,pos,0,0.0,0,pos
FUN_003318,24,0.03125,0,pos,0,0.0,0,pos
FUN_000689,0,0.0,0,pos,0,0.0,0,pos
FUN_010350,0,0.0,0,pos,0,0.0,0,pos
FUN_003502,294,0.1335149863760218,5,pos_s468_e498_s618_e672_s684_e738_s990_e1056_s1068_e1104,156,0.07084468664850137,3,pos_s618_e666_s684_e726_s1014_e1056
FUN_012124,0,0.0,0,pos,0,0.0,0,pos
FUN_000773,0,0.0,0,pos,0,0.0,0,pos
FUN_002613,0,0.0,0,pos,0,0.0,0,pos
FUN_008298,0,0.0,0,pos,0,0.0,0,pos
FUN_000137,0,0.0,0,pos,0,0.0,0,pos
FUN_009476,0,0.0,0,pos,0,0.0,0,pos
FUN_015265,0,0.0,0,pos,0,0.0,0,pos
FUN_002178,0,0.0,0,pos,0,0.0,0,pos
FUN_004629,72,0.07228915662650602,1,pos_s222_e294,0,0.0,0,pos
FUN_002237,0,0.0,0,pos,0,0.0,0,pos
FUN_011754,0,0.0,0,pos,0,0.0,0,pos
FUN_002334,0,0.0,0,pos,0,0.0,0,pos
FUN_006207,78,0.03757225433526012,1,pos_s990_e1032,0,0.0,0,pos
FUN_015774,0,0.0,0,pos,0,0.0,0,pos
FUN_011152,126,0.03139013452914798,2,pos_s3888_e3930_s3948_e3978,6,0.0014947683109118087,0,pos
FUN_000910,0,0.0,0,pos,0,0.0,0,pos
FUN_008467,0,0.0,0,pos,0,0.0,0,pos
FUN_003224,18,0.008695652173913044,0,pos,0,0.0,0,pos
FUN_003039,0,0.0,0,pos,0,0.0,0,pos
FUN_000950,0,0.0,0,pos,0,0.0,0,pos
FUN_003009,0,0.0,0,pos,0,0.0,0,pos
FUN_011317,48,0.0851063829787234,1,pos_s12_e60,0,0.0,0,pos
FUN_010761,0,0.0,0,pos,0,0.0,0,pos
FUN_007488,0,0.0,0,pos,0,0.0,0,pos
FUN_011778,0,0.0,0,pos,0,0.0,0,pos
FUN_012272,0,0.0,0,pos,0,0.0,0,pos
FUN_003344,66,0.029649595687331536,2,pos_s1038_e1068_s1080_e1116,36,0.016172506738544475,1,pos_s1080_e1110
FUN_008610,0,0.0,0,pos,0,0.0,0,pos
FUN_011210,12,0.016666666666666666,0,pos,12,0.016666666666666666,0,pos
FUN_010325,96,0.10256410256410256,2,pos_s252_e282_s306_e348,12,0.01282051282051282,0,pos
FUN_006331,0,0.0,0,pos,0,0.0,0,pos
FUN_010819,0,0.0,0,pos,0,0.0,0,pos
FUN_005343,36,0.03015075376884422,1,pos_s1128_e1164,12,0.010050251256281407,0,pos
FUN_004069,0,0.0,0,pos,0,0.0,0,pos
FUN_008420,18,0.004076086956521739,0,pos,0,0.0,0,pos
FUN_015767,0,0.0,0,pos,0,0.0,0,pos
FUN_008475,0,0.0,0,pos,0,0.0,0,pos
FUN_007314,96,0.039119804400977995,1,pos_s1488_e1548,18,0.007334963325183374,0,pos
FUN_005198,0,0.0,0,pos,0,0.0,0,pos
FUN_000760,24,0.005673758865248227,0,pos,0,0.0,0,pos
FUN_001118,0,0.0,0,pos,0,0.0,0,pos
FUN_011594,0,0.0,0,pos,0,0.0,0,pos
FUN_008048,168,0.11814345991561181,0,pos,48,0.03375527426160337,0,pos
FUN_005749,78,0.04234527687296417,1,pos_s846_e912,66,0.035830618892508145,1,pos_s846_e912
FUN_007596,12,0.004424778761061947,0,pos,0,0.0,0,pos
FUN_007906,72,0.05084745762711865,1,pos_s0_e48,0,0.0,0,pos
FUN_006524,0,0.0,0,pos,0,0.0,0,pos
FUN_015701,0,0.0,0,pos,0,0.0,0,pos
FUN_000004,0,0.0,0,pos,0,0.0,0,pos
FUN_008248,0,0.0,0,pos,0,0.0,0,pos
FUN_009793,0,0.0,0,pos,0,0.0,0,pos
FUN_004343,0,0.0,0,pos,0,0.0,0,pos
FUN_001404,0,0.0,0,pos,0,0.0,0,pos
FUN_005275,336,0.4028776978417266,2,pos_s108_e222_s228_e414,222,0.26618705035971224,3,pos_s180_e222_s228_e276_s288_e414
FUN_004959,0,0.0,0,pos,0,0.0,0,pos
FUN_007841,24,0.0182648401826484,0,pos,6,0.0045662100456621,0,pos
FUN_007165,282,0.05831265508684864,5,pos_s2178_e2226_s3900_e3948_s4596_e4626_s4638_e4680_s4686_e4752,36,0.007444168734491315,0,pos
FUN_000582,0,0.0,0,pos,0,0.0,0,pos
FUN_004181,42,0.0220125786163522,1,pos_s1872_e1902,0,0.0,0,pos
FUN_008726,222,0.08222222222222222,3,pos_s1032_e1122_s1938_e1968_s2178_e2214,84,0.03111111111111111,1,pos_s1056_e1122
FUN_005492,0,0.0,0,pos,0,0.0,0,pos
FUN_008328,0,0.0,0,pos,0,0.0,0,pos
FUN_005541,0,0.0,0,pos,0,0.0,0,pos
FUN_009243,0,0.0,0,pos,0,0.0,0,pos
FUN_004129,30,0.02066115702479339,1,pos_s840_e870,30,0.02066115702479339,1,pos_s840_e870
FUN_012544,0,0.0,0,pos,0,0.0,0,pos
FUN_010876,48,0.011379800853485065,1,pos_s3234_e3264,0,0.0,0,pos
FUN_009107,96,0.07476635514018691,1,pos_s1050_e1128,24,0.018691588785046728,0,pos
FUN_016512,0,0.0,0,pos,0,0.0,0,pos
FUN_009199,0,0.0,0,pos,0,0.0,0,pos
FUN_011026,0,0.0,0,pos,0,0.0,0,pos
FUN_016581,0,0.0,0,pos,0,0.0,0,pos
FUN_007515,0,0.0,0,pos,0,0.0,0,pos
FUN_004746,0,0.0,0,pos,0,0.0,0,pos
FUN_006520,0,0.0,0,pos,0,0.0,0,pos
FUN_001743,0,0.0,0,pos,0,0.0,0,pos
FUN_010015,0,0.0,0,pos,0,0.0,0,pos
FUN_005793,0,0.0,0,pos,0,0.0,0,pos
FUN_006921,0,0.0,0,pos,0,0.0,0,pos
FUN_001922,0,0.0,0,pos,0,0.0,0,pos
FUN_009906,108,0.2727272727272727,1,pos_s204_e300,42,0.10606060606060606,1,pos_s258_e300
FUN_003463,0,0.0,0,pos,0,0.0,0,pos
FUN_007055,12,0.002844950213371266,0,pos,6,0.001422475106685633,0,pos
FUN_004106,0,0.0,0,pos,0,0.0,0,pos
FUN_008962,0,0.0,0,pos,0,0.0,0,pos
FUN_005225,60,0.02932551319648094,1,pos_s1698_e1746,0,0.0,0,pos
FUN_000736,0,0.0,0,pos,0,0.0,0,pos
FUN_008043,0,0.0,0,pos,0,0.0,0,pos
FUN_008562,0,0.0,0,pos,0,0.0,0,pos
FUN_015552,0,0.0,0,pos,0,0.0,0,pos
FUN_006787,0,0.0,0,pos,0,0.0,0,pos
FUN_003852,0,0.0,0,pos,0,0.0,0,pos
FUN_000788,0,0.0,0,pos,0,0.0,0,pos
FUN_009724,0,0.0,0,pos,0,0.0,0,pos
FUN_011064,0,0.0,0,pos,0,0.0,0,pos
FUN_003703,0,0.0,0,pos,0,0.0,0,pos
FUN_008126,132,0.06646525679758308,2,pos_s738_e780_s1758_e1848,24,0.012084592145015106,0,pos
FUN_006776,60,0.07142857142857142,2,pos_s276_e306_s360_e390,0,0.0,0,pos
FUN_004626,120,0.07142857142857142,0,pos,60,0.03571428571428571,1,pos_s1572_e1632
FUN_005518,0,0.0,0,pos,0,0.0,0,pos
FUN_004816,0,0.0,0,pos,0,0.0,0,pos
FUN_015247,0,0.0,0,pos,0,0.0,0,pos
FUN_016088,0,0.0,0,pos,0,0.0,0,pos
FUN_016854,0,0.0,0,pos,0,0.0,0,pos
FUN_011042,24,0.010075566750629723,0,pos,0,0.0,0,pos
FUN_001395,0,0.0,0,pos,0,0.0,0,pos
FUN_012554,0,0.0,0,pos,0,0.0,0,pos
FUN_005870,0,0.0,0,pos,0,0.0,0,pos
FUN_005603,36,0.012578616352201259,0,pos,36,0.012578616352201259,0,pos
FUN_002066,0,0.0,0,pos,0,0.0,0,pos
FUN_004694,0,0.0,0,pos,0,0.0,0,pos
FUN_005558,0,0.0,0,pos,0,0.0,0,pos
FUN_001527,0,0.0,0,pos,0,0.0,0,pos
FUN_000535,6,0.004784688995215311,0,pos,0,0.0,0,pos
FUN_000954,204,0.11764705882352941,3,pos_s12_e132_s138_e186_s1560_e1596,60,0.03460207612456748,1,pos_s12_e72
FUN_007163,0,0.0,0,pos,0,0.0,0,pos
FUN_005217,0,0.0,0,pos,0,0.0,0,pos
FUN_002483,0,0.0,0,pos,0,0.0,0,pos
FUN_003182,0,0.0,0,pos,0,0.0,0,pos
FUN_009861,0,0.0,0,pos,0,0.0,0,pos
FUN_006739,54,0.03260869565217391,1,pos_s1590_e1626,0,0.0,0,pos
FUN_009140,12,0.010869565217391304,0,pos,12,0.010869565217391304,0,pos
FUN_011990,0,0.0,0,pos,0,0.0,0,pos
FUN_009298,0,0.0,0,pos,0,0.0,0,pos
FUN_011370,0,0.0,0,pos,0,0.0,0,pos
FUN_012012,0,0.0,0,pos,0,0.0,0,pos
FUN_010224,0,0.0,0,pos,0,0.0,0,pos
FUN_001356,18,0.009868421052631578,0,pos,0,0.0,0,pos
FUN_000278,0,0.0,0,pos,0,0.0,0,pos
FUN_016118,0,0.0,0,pos,0,0.0,0,pos
FUN_016308,0,0.0,0,pos,0,0.0,0,pos
FUN_006698,0,0.0,0,pos,0,0.0,0,pos
FUN_005651,0,0.0,0,pos,0,0.0,0,pos
FUN_000568,0,0.0,0,pos,0,0.0,0,pos
FUN_003430,48,0.017543859649122806,1,pos_s2394_e2424,0,0.0,0,pos
FUN_010052,96,0.03232323232323232,2,pos_s2832_e2880_s2886_e2934,36,0.012121212121212121,0,pos
FUN_004111,0,0.0,0,pos,0,0.0,0,pos
FUN_001350,0,0.0,0,pos,0,0.0,0,pos
FUN_006103,0,0.0,0,pos,0,0.0,0,pos
FUN_015894,0,0.0,0,pos,0,0.0,0,pos
FUN_006977,0,0.0,0,pos,0,0.0,0,pos
FUN_003026,0,0.0,0,pos,0,0.0,0,pos
FUN_006070,42,0.050724637681159424,0,pos,12,0.014492753623188406,0,pos
FUN_002092,0,0.0,0,pos,0,0.0,0,pos
FUN_010731,0,0.0,0,pos,0,0.0,0,pos
FUN_005877,6,0.004807692307692308,0,pos,0,0.0,0,pos
FUN_006982,30,0.006578947368421052,0,pos,0,0.0,0,pos
FUN_005957,48,0.3333333333333333,1,pos_s90_e120,12,0.08333333333333333,0,pos
FUN_015292,0,0.0,0,pos,0,0.0,0,pos
FUN_005638,96,0.043243243243243246,2,pos_s732_e768_s804_e834,0,0.0,0,pos
FUN_016461,0,0.0,0,pos,0,0.0,0,pos
FUN_006034,54,0.047872340425531915,1,pos_s882_e912,0,0.0,0,pos
FUN_011513,0,0.0,0,pos,0,0.0,0,pos
FUN_004344,0,0.0,0,pos,0,0.0,0,pos
FUN_003329,0,0.0,0,pos,0,0.0,0,pos
FUN_016193,0,0.0,0,pos,0,0.0,0,pos
FUN_010911,0,0.0,0,pos,0,0.0,0,pos
FUN_007571,0,0.0,0,pos,0,0.0,0,pos
FUN_001390,42,0.005120702267739576,0,pos,6,0.000731528895391368,0,pos
FUN_009317,0,0.0,0,pos,0,0.0,0,pos
FUN_006941,36,0.07792207792207792,0,pos,0,0.0,0,pos
FUN_007724,384,0.13195876288659794,4,pos_s144_e234_s318_e378_s492_e546_s552_e702,234,0.08041237113402062,5,pos_s150_e204_s324_e354_s498_e546_s552_e618_s648_e684
FUN_002720,126,0.028112449799196786,2,pos_s3846_e3900_s4206_e4236,36,0.008032128514056224,1,pos_s4206_e4236
FUN_010656,138,0.0359375,1,pos_s576_e630,0,0.0,0,pos
FUN_000712,0,0.0,0,pos,0,0.0,0,pos
FUN_000453,0,0.0,0,pos,0,0.0,0,pos
FUN_000143,0,0.0,0,pos,0,0.0,0,pos
FUN_011365,12,0.0072992700729927005,0,pos,0,0.0,0,pos
FUN_005325,156,0.06220095693779904,2,pos_s2352_e2388_s2394_e2430,18,0.007177033492822967,0,pos
FUN_010109,36,0.022058823529411766,0,pos,0,0.0,0,pos
FUN_005765,0,0.0,0,pos,0,0.0,0,pos
FUN_001353,0,0.0,0,pos,0,0.0,0,pos
FUN_004539,0,0.0,0,pos,0,0.0,0,pos
FUN_016333,0,0.0,0,pos,0,0.0,0,pos
FUN_003231,0,0.0,0,pos,0,0.0,0,pos
FUN_004525,0,0.0,0,pos,0,0.0,0,pos
FUN_016152,0,0.0,0,pos,0,0.0,0,pos
FUN_004488,0,0.0,0,pos,0,0.0,0,pos
FUN_007491,0,0.0,0,pos,0,0.0,0,pos
FUN_007461,0,0.0,0,pos,0,0.0,0,pos
FUN_002306,0,0.0,0,pos,0,0.0,0,pos
FUN_012529,0,0.0,0,pos,0,0.0,0,pos
FUN_007658,0,0.0,0,pos,0,0.0,0,pos
FUN_004688,90,0.04477611940298507,1,pos_s690_e780,6,0.0029850746268656717,0,pos
FUN_012512,0,0.0,0,pos,0,0.0,0,pos
FUN_009459,0,0.0,0,pos,0,0.0,0,pos
FUN_010345,0,0.0,0,pos,0,0.0,0,pos
FUN_006395,0,0.0,0,pos,0,0.0,0,pos
FUN_011880,0,0.0,0,pos,0,0.0,0,pos
FUN_006510,60,0.008389261744966443,1,pos_s5640_e5694,0,0.0,0,pos
FUN_011466,0,0.0,0,pos,0,0.0,0,pos
FUN_007354,0,0.0,0,pos,0,0.0,0,pos
FUN_003147,0,0.0,0,pos,0,0.0,0,pos
FUN_003688,0,0.0,0,pos,0,0.0,0,pos
FUN_000962,0,0.0,0,pos,0,0.0,0,pos
FUN_007425,0,0.0,0,pos,0,0.0,0,pos
FUN_016556,0,0.0,0,pos,0,0.0,0,pos
FUN_004397,0,0.0,0,pos,0,0.0,0,pos
FUN_001275,0,0.0,0,pos,0,0.0,0,pos
FUN_012062,0,0.0,0,pos,0,0.0,0,pos
FUN_006466,42,0.026923076923076925,1,pos_s636_e678,0,0.0,0,pos
FUN_015647,0,0.0,0,pos,0,0.0,0,pos
FUN_011861,0,0.0,0,pos,0,0.0,0,pos
FUN_004032,30,0.024630541871921183,0,pos,0,0.0,0,pos
FUN_010337,120,0.0547945205479452,1,pos_s306_e426,114,0.052054794520547946,1,pos_s312_e426
FUN_010064,0,0.0,0,pos,0,0.0,0,pos
FUN_001783,0,0.0,0,pos,0,0.0,0,pos
FUN_011737,0,0.0,0,pos,0,0.0,0,pos
FUN_001319,0,0.0,0,pos,0,0.0,0,pos
FUN_000618,0,0.0,0,pos,0,0.0,0,pos
FUN_008221,0,0.0,0,pos,0,0.0,0,pos
FUN_002654,78,0.024344569288389514,1,pos_s42_e96,42,0.013108614232209739,0,pos
FUN_006105,54,0.045454545454545456,0,pos,6,0.005050505050505051,0,pos
FUN_009520,0,0.0,0,pos,0,0.0,0,pos
FUN_000657,0,0.0,0,pos,0,0.0,0,pos
FUN_000697,0,0.0,0,pos,0,0.0,0,pos
FUN_005078,0,0.0,0,pos,0,0.0,0,pos
FUN_006712,0,0.0,0,pos,0,0.0,0,pos
FUN_003731,0,0.0,0,pos,0,0.0,0,pos
FUN_003321,0,0.0,0,pos,0,0.0,0,pos
FUN_004442,66,0.02570093457943925,1,pos_s1926_e1992,0,0.0,0,pos
FUN_002669,6,0.002004008016032064,0,pos,0,0.0,0,pos
FUN_004297,0,0.0,0,pos,0,0.0,0,pos
FUN_015918,0,0.0,0,pos,0,0.0,0,pos
FUN_004838,0,0.0,0,pos,0,0.0,0,pos
FUN_003404,144,0.17777777777777778,2,pos_s66_e96_s126_e240,114,0.14074074074074075,1,pos_s126_e240
FUN_006588,36,0.047244094488188976,1,pos_s468_e504,0,0.0,0,pos
FUN_005936,0,0.0,0,pos,0,0.0,0,pos
FUN_005210,30,0.02564102564102564,1,pos_s648_e678,0,0.0,0,pos
FUN_007907,90,0.012376237623762377,0,pos,0,0.0,0,pos
FUN_005444,0,0.0,0,pos,0,0.0,0,pos
FUN_016842,0,0.0,0,pos,0,0.0,0,pos
FUN_001563,36,0.029556650246305417,1,pos_s564_e600,0,0.0,0,pos
FUN_001418,78,0.03812316715542522,1,pos_s552_e606,12,0.005865102639296188,0,pos
FUN_015249,0,0.0,0,pos,0,0.0,0,pos
FUN_010522,0,0.0,0,pos,0,0.0,0,pos
FUN_015520,0,0.0,0,pos,0,0.0,0,pos
FUN_004462,0,0.0,0,pos,0,0.0,0,pos
FUN_012275,0,0.0,0,pos,0,0.0,0,pos
FUN_002887,0,0.0,0,pos,0,0.0,0,pos
FUN_007051,258,0.07624113475177305,5,pos_s138_e174_s396_e438_s486_e540_s684_e726_s2652_e2694,108,0.031914893617021274,1,pos_s486_e528
FUN_001205,0,0.0,0,pos,0,0.0,0,pos
FUN_009984,0,0.0,0,pos,0,0.0,0,pos
FUN_010778,66,0.12941176470588237,1,pos_s342_e378,12,0.023529411764705882,0,pos
FUN_015838,0,0.0,0,pos,0,0.0,0,pos
FUN_015298,0,0.0,0,pos,0,0.0,0,pos
FUN_011546,0,0.0,0,pos,0,0.0,0,pos
FUN_001031,0,0.0,0,pos,0,0.0,0,pos
FUN_011041,36,0.014388489208633094,1,pos_s1302_e1332,18,0.007194244604316547,0,pos
FUN_008769,0,0.0,0,pos,0,0.0,0,pos
FUN_010850,0,0.0,0,pos,0,0.0,0,pos
FUN_016269,0,0.0,0,pos,0,0.0,0,pos
FUN_006645,0,0.0,0,pos,0,0.0,0,pos
FUN_001080,0,0.0,0,pos,0,0.0,0,pos
FUN_015545,0,0.0,0,pos,0,0.0,0,pos
FUN_002068,0,0.0,0,pos,0,0.0,0,pos
FUN_001827,0,0.0,0,pos,0,0.0,0,pos
FUN_016107,0,0.0,0,pos,0,0.0,0,pos
FUN_000756,0,0.0,0,pos,0,0.0,0,pos
FUN_010112,408,0.07925407925407925,4,pos_s552_e624_s858_e930_s2250_e2286_s2442_e2532,132,0.02564102564102564,2,pos_s552_e582_s2442_e2526
FUN_010961,0,0.0,0,pos,0,0.0,0,pos
FUN_009622,30,0.007052186177715092,0,pos,0,0.0,0,pos
FUN_006468,18,0.016574585635359115,0,pos,0,0.0,0,pos
FUN_006646,12,0.008097165991902834,0,pos,0,0.0,0,pos
FUN_016872,6,0.00819672131147541,0,pos,0,0.0,0,pos
FUN_005886,0,0.0,0,pos,0,0.0,0,pos
FUN_000710,66,0.027989821882951654,1,pos_s1884_e1932,18,0.007633587786259542,0,pos
FUN_008442,0,0.0,0,pos,0,0.0,0,pos
FUN_012339,0,0.0,0,pos,0,0.0,0,pos
FUN_002182,138,0.14838709677419354,1,pos_s168_e270,12,0.012903225806451613,0,pos
FUN_016008,0,0.0,0,pos,0,0.0,0,pos
FUN_010036,0,0.0,0,pos,0,0.0,0,pos
FUN_002352,0,0.0,0,pos,0,0.0,0,pos
FUN_006612,0,0.0,0,pos,0,0.0,0,pos
FUN_004385,36,0.0379746835443038,1,pos_s804_e834,30,0.03164556962025317,0,pos
FUN_009802,0,0.0,0,pos,0,0.0,0,pos
FUN_004150,0,0.0,0,pos,0,0.0,0,pos
FUN_000323,60,0.02577319587628866,1,pos_s2184_e2226,0,0.0,0,pos
FUN_008649,0,0.0,0,pos,0,0.0,0,pos
FUN_011187,0,0.0,0,pos,0,0.0,0,pos
FUN_010910,0,0.0,0,pos,0,0.0,0,pos
FUN_011837,0,0.0,0,pos,0,0.0,0,pos
FUN_002755,0,0.0,0,pos,0,0.0,0,pos
FUN_004282,0,0.0,0,pos,0,0.0,0,pos
FUN_009146,36,0.043795620437956206,1,pos_s462_e492,6,0.0072992700729927005,0,pos
FUN_015404,0,0.0,0,pos,0,0.0,0,pos
FUN_000722,54,0.030100334448160536,1,pos_s1278_e1320,0,0.0,0,pos
FUN_015514,0,0.0,0,pos,0,0.0,0,pos
FUN_011133,162,0.07563025210084033,2,pos_s678_e756_s1470_e1554,42,0.0196078431372549,1,pos_s1524_e1554
FUN_010855,0,0.0,0,pos,0,0.0,0,pos
FUN_012551,0,0.0,0,pos,0,0.0,0,pos
FUN_006944,0,0.0,0,pos,0,0.0,0,pos
FUN_007269,84,0.06481481481481481,1,pos_s108_e180,0,0.0,0,pos
FUN_000850,96,0.05818181818181818,1,pos_s102_e198,60,0.03636363636363636,1,pos_s132_e162
FUN_009887,96,0.1111111111111111,2,pos_s78_e132_s618_e660,24,0.027777777777777776,0,pos
FUN_000416,0,0.0,0,pos,0,0.0,0,pos
FUN_006976,0,0.0,0,pos,0,0.0,0,pos
FUN_011935,0,0.0,0,pos,0,0.0,0,pos
FUN_002656,156,0.10526315789473684,3,pos_s180_e210_s234_e264_s1380_e1476,66,0.044534412955465584,1,pos_s1428_e1476
FUN_009301,180,0.08287292817679558,3,pos_s54_e90_s756_e846_s858_e894,84,0.03867403314917127,1,pos_s786_e846
FUN_000988,6,0.005649717514124294,0,pos,0,0.0,0,pos
FUN_016362,0,0.0,0,pos,0,0.0,0,pos
FUN_004165,0,0.0,0,pos,0,0.0,0,pos
FUN_002626,0,0.0,0,pos,0,0.0,0,pos
FUN_015738,0,0.0,0,pos,0,0.0,0,pos
FUN_011542,0,0.0,0,pos,0,0.0,0,pos
FUN_009448,36,0.05454545454545454,1,pos_s438_e468,0,0.0,0,pos
FUN_003486,96,0.1111111111111111,1,pos_s648_e744,54,0.0625,1,pos_s672_e726
FUN_007469,0,0.0,0,pos,0,0.0,0,pos
FUN_008201,0,0.0,0,pos,0,0.0,0,pos
FUN_002802,0,0.0,0,pos,0,0.0,0,pos
FUN_000085,0,0.0,0,pos,0,0.0,0,pos
FUN_000838,0,0.0,0,pos,0,0.0,0,pos
FUN_004364,0,0.0,0,pos,0,0.0,0,pos
FUN_006159,108,0.05373134328358209,1,pos_s396_e504,36,0.01791044776119403,1,pos_s468_e498
FUN_016597,0,0.0,0,pos,0,0.0,0,pos
FUN_011462,108,0.08450704225352113,2,pos_s948_e1014_s1020_e1062,54,0.04225352112676056,1,pos_s948_e1002
FUN_009875,0,0.0,0,pos,0,0.0,0,pos
FUN_005059,0,0.0,0,pos,0,0.0,0,pos
FUN_003601,0,0.0,0,pos,0,0.0,0,pos
FUN_010209,0,0.0,0,pos,0,0.0,0,pos
FUN_009490,0,0.0,0,pos,0,0.0,0,pos
FUN_006797,42,0.03365384615384615,1,pos_s648_e678,6,0.004807692307692308,0,pos
FUN_016351,0,0.0,0,pos,0,0.0,0,pos
FUN_002991,0,0.0,0,pos,0,0.0,0,pos
FUN_012338,0,0.0,0,pos,0,0.0,0,pos
FUN_015645,0,0.0,0,pos,0,0.0,0,pos
FUN_002708,240,0.03386960203217612,3,pos_s264_e360_s456_e486_s504_e570,60,0.00846740050804403,1,pos_s276_e306
FUN_008770,132,0.06666666666666667,1,pos_s1632_e1710,48,0.024242424242424242,0,pos
FUN_001044,0,0.0,0,pos,0,0.0,0,pos
FUN_006551,0,0.0,0,pos,0,0.0,0,pos
FUN_016376,0,0.0,0,pos,0,0.0,0,pos
FUN_001594,24,0.016666666666666666,0,pos,18,0.0125,0,pos
FUN_007020,18,0.012552301255230125,0,pos,0,0.0,0,pos
FUN_011945,0,0.0,0,pos,0,0.0,0,pos
FUN_007361,0,0.0,0,pos,0,0.0,0,pos
FUN_004313,0,0.0,0,pos,0,0.0,0,pos
FUN_005158,18,0.0069124423963133645,0,pos,0,0.0,0,pos
FUN_000575,0,0.0,0,pos,0,0.0,0,pos
FUN_015688,0,0.0,0,pos,0,0.0,0,pos
FUN_010962,0,0.0,0,pos,0,0.0,0,pos
FUN_002353,0,0.0,0,pos,0,0.0,0,pos
FUN_011721,0,0.0,0,pos,0,0.0,0,pos
FUN_004440,0,0.0,0,pos,0,0.0,0,pos
FUN_006975,0,0.0,0,pos,0,0.0,0,pos
FUN_002265,0,0.0,0,pos,0,0.0,0,pos
FUN_003834,0,0.0,0,pos,0,0.0,0,pos
FUN_015398,0,0.0,0,pos,0,0.0,0,pos
FUN_001175,0,0.0,0,pos,0,0.0,0,pos
FUN_000558,0,0.0,0,pos,0,0.0,0,pos
FUN_008044,24,0.008988764044943821,0,pos,0,0.0,0,pos
FUN_002112,0,0.0,0,pos,0,0.0,0,pos
FUN_001938,24,0.01092896174863388,0,pos,0,0.0,0,pos
FUN_002610,0,0.0,0,pos,0,0.0,0,pos
FUN_002965,0,0.0,0,pos,0,0.0,0,pos
FUN_015534,0,0.0,0,pos,0,0.0,0,pos
FUN_000878,0,0.0,0,pos,0,0.0,0,pos
FUN_001902,0,0.0,0,pos,0,0.0,0,pos
FUN_009367,0,0.0,0,pos,0,0.0,0,pos
FUN_009592,108,0.024657534246575342,2,pos_s42_e96_s114_e150,12,0.0027397260273972603,0,pos
FUN_012333,0,0.0,0,pos,0,0.0,0,pos
FUN_003693,0,0.0,0,pos,0,0.0,0,pos
FUN_009007,126,0.04535637149028078,1,pos_s2598_e2712,42,0.01511879049676026,1,pos_s2622_e2664
FUN_008615,0,0.0,0,pos,0,0.0,0,pos
FUN_005472,0,0.0,0,pos,0,0.0,0,pos
FUN_010374,0,0.0,0,pos,0,0.0,0,pos
FUN_015558,0,0.0,0,pos,0,0.0,0,pos
FUN_006869,0,0.0,0,pos,0,0.0,0,pos
FUN_011125,90,0.042492917847025496,1,pos_s0_e30,0,0.0,0,pos
FUN_015903,0,0.0,0,pos,0,0.0,0,pos
FUN_004199,0,0.0,0,pos,0,0.0,0,pos
FUN_005414,30,0.060240963855421686,0,pos,0,0.0,0,pos
FUN_001415,0,0.0,0,pos,0,0.0,0,pos
FUN_008123,0,0.0,0,pos,0,0.0,0,pos
FUN_001050,0,0.0,0,pos,0,0.0,0,pos
FUN_000580,96,0.08080808080808081,1,pos_s738_e798,0,0.0,0,pos
FUN_002436,0,0.0,0,pos,0,0.0,0,pos
FUN_004653,54,0.022113022113022112,1,pos_s888_e924,0,0.0,0,pos
FUN_003096,0,0.0,0,pos,0,0.0,0,pos
FUN_008842,0,0.0,0,pos,0,0.0,0,pos
FUN_005515,0,0.0,0,pos,0,0.0,0,pos
FUN_003408,0,0.0,0,pos,0,0.0,0,pos
FUN_011075,0,0.0,0,pos,0,0.0,0,pos
FUN_002803,0,0.0,0,pos,0,0.0,0,pos
FUN_015949,0,0.0,0,pos,0,0.0,0,pos
FUN_012101,0,0.0,0,pos,0,0.0,0,pos
FUN_002716,0,0.0,0,pos,0,0.0,0,pos
FUN_000668,0,0.0,0,pos,0,0.0,0,pos
FUN_006461,132,0.07508532423208192,3,pos_s1140_e1182_s1206_e1254_s1368_e1410,54,0.030716723549488054,1,pos_s1218_e1248
FUN_010787,0,0.0,0,pos,0,0.0,0,pos
FUN_000791,0,0.0,0,pos,0,0.0,0,pos
FUN_011409,0,0.0,0,pos,0,0.0,0,pos
FUN_010858,0,0.0,0,pos,0,0.0,0,pos
FUN_012300,0,0.0,0,pos,0,0.0,0,pos
FUN_015905,0,0.0,0,pos,0,0.0,0,pos
FUN_001443,6,0.006493506493506494,0,pos,0,0.0,0,pos
FUN_008074,0,0.0,0,pos,0,0.0,0,pos
FUN_009908,72,0.027522935779816515,1,pos_s2532_e2604,0,0.0,0,pos
FUN_002647,0,0.0,0,pos,0,0.0,0,pos
FUN_010999,66,0.03806228373702422,1,pos_s474_e540,0,0.0,0,pos
FUN_002866,210,0.048678720445062586,3,pos_s450_e480_s486_e522_s4230_e4290,18,0.004172461752433936,0,pos
FUN_010740,0,0.0,0,pos,0,0.0,0,pos
FUN_008967,18,0.024793388429752067,0,pos,0,0.0,0,pos
FUN_011749,0,0.0,0,pos,0,0.0,0,pos
FUN_015952,0,0.0,0,pos,0,0.0,0,pos
FUN_002495,0,0.0,0,pos,0,0.0,0,pos
FUN_011362,48,0.03162055335968379,1,pos_s0_e48,0,0.0,0,pos
FUN_000660,0,0.0,0,pos,0,0.0,0,pos
FUN_003249,108,0.0391304347826087,2,pos_s1650_e1692_s1704_e1764,78,0.02826086956521739,2,pos_s1656_e1686_s1710_e1746
FUN_006429,24,0.015267175572519083,0,pos,0,0.0,0,pos
FUN_003759,0,0.0,0,pos,0,0.0,0,pos
FUN_006640,0,0.0,0,pos,0,0.0,0,pos
FUN_004365,30,0.023809523809523808,1,pos_s540_e570,0,0.0,0,pos
FUN_003407,0,0.0,0,pos,0,0.0,0,pos
FUN_008735,0,0.0,0,pos,0,0.0,0,pos
FUN_006592,0,0.0,0,pos,0,0.0,0,pos
FUN_009064,42,0.02046783625730994,1,pos_s1368_e1404,0,0.0,0,pos
FUN_006083,72,0.005802707930367505,1,pos_s120_e168,0,0.0,0,pos
FUN_008464,0,0.0,0,pos,0,0.0,0,pos
FUN_016115,0,0.0,0,pos,0,0.0,0,pos
FUN_001326,0,0.0,0,pos,0,0.0,0,pos
FUN_002502,276,0.10623556581986143,4,pos_s876_e912_s1374_e1422_s1548_e1650_s2244_e2274,114,0.04387990762124711,2,pos_s1374_e1410_s1548_e1626
FUN_000503,18,0.00273224043715847,0,pos,6,0.0009107468123861566,0,pos
FUN_006902,0,0.0,0,pos,0,0.0,0,pos
FUN_010393,0,0.0,0,pos,0,0.0,0,pos
FUN_006256,18,0.06976744186046512,0,pos,0,0.0,0,pos
FUN_011399,30,0.06329113924050633,1,pos_s168_e198,18,0.0379746835443038,0,pos
FUN_009569,156,0.03523035230352303,4,pos_s942_e984_s990_e1038_s1188_e1218_s1728_e1758,42,0.009485094850948509,1,pos_s1188_e1218
FUN_007631,0,0.0,0,pos,0,0.0,0,pos
FUN_010938,12,0.007692307692307693,0,pos,0,0.0,0,pos
FUN_005166,0,0.0,0,pos,0,0.0,0,pos
FUN_009115,18,0.009287925696594427,0,pos,12,0.006191950464396285,0,pos
FUN_010890,0,0.0,0,pos,0,0.0,0,pos
FUN_000975,0,0.0,0,pos,0,0.0,0,pos
FUN_015741,0,0.0,0,pos,0,0.0,0,pos
FUN_000775,0,0.0,0,pos,0,0.0,0,pos
FUN_005290,0,0.0,0,pos,0,0.0,0,pos
FUN_005574,48,0.06956521739130435,1,pos_s24_e54,0,0.0,0,pos
FUN_015623,0,0.0,0,pos,0,0.0,0,pos
FUN_001228,0,0.0,0,pos,0,0.0,0,pos
FUN_001777,390,0.17857142857142858,5,pos_s18_e90_s402_e432_s468_e534_s624_e750_s768_e816,84,0.038461538461538464,1,pos_s654_e696
FUN_002094,0,0.0,0,pos,0,0.0,0,pos
FUN_000307,30,0.0015446400988569664,0,pos,0,0.0,0,pos
FUN_015762,0,0.0,0,pos,0,0.0,0,pos
FUN_000014,0,0.0,0,pos,0,0.0,0,pos
FUN_003675,126,0.03025936599423631,2,pos_s894_e924_s4020_e4086,30,0.007204610951008645,1,pos_s4056_e4086
FUN_009098,0,0.0,0,pos,0,0.0,0,pos
FUN_006473,42,0.022950819672131147,1,pos_s654_e696,12,0.006557377049180328,0,pos
FUN_016315,0,0.0,0,pos,0,0.0,0,pos
FUN_001444,42,0.03225806451612903,1,pos_s624_e666,0,0.0,0,pos
FUN_003637,0,0.0,0,pos,0,0.0,0,pos
FUN_004726,36,0.029411764705882353,1,pos_s864_e900,0,0.0,0,pos
FUN_001213,0,0.0,0,pos,0,0.0,0,pos
FUN_003996,0,0.0,0,pos,0,0.0,0,pos
FUN_004312,6,0.012658227848101266,0,pos,6,0.012658227848101266,0,pos
FUN_003041,0,0.0,0,pos,0,0.0,0,pos
FUN_005905,0,0.0,0,pos,0,0.0,0,pos
FUN_008417,30,0.008223684210526315,0,pos,0,0.0,0,pos
FUN_016061,0,0.0,0,pos,0,0.0,0,pos
FUN_008704,48,0.010767160161507403,0,pos,0,0.0,0,pos
FUN_004916,0,0.0,0,pos,0,0.0,0,pos
FUN_015650,0,0.0,0,pos,0,0.0,0,pos
FUN_001423,0,0.0,0,pos,0,0.0,0,pos
FUN_009027,0,0.0,0,pos,0,0.0,0,pos
FUN_003722,72,0.03934426229508197,1,pos_s192_e228,0,0.0,0,pos
FUN_009871,0,0.0,0,pos,0,0.0,0,pos
FUN_009696,0,0.0,0,pos,0,0.0,0,pos
FUN_004555,0,0.0,0,pos,0,0.0,0,pos
FUN_012344,0,0.0,0,pos,0,0.0,0,pos
FUN_005815,90,0.027985074626865673,1,pos_s1380_e1470,0,0.0,0,pos
FUN_005488,96,0.1038961038961039,0,pos,0,0.0,0,pos
FUN_012128,0,0.0,0,pos,0,0.0,0,pos
FUN_003902,0,0.0,0,pos,0,0.0,0,pos
FUN_007268,0,0.0,0,pos,0,0.0,0,pos
FUN_007604,0,0.0,0,pos,0,0.0,0,pos
FUN_008741,0,0.0,0,pos,0,0.0,0,pos
FUN_006756,0,0.0,0,pos,0,0.0,0,pos
FUN_005148,18,0.014423076923076924,0,pos,0,0.0,0,pos
FUN_007418,0,0.0,0,pos,0,0.0,0,pos
FUN_007053,0,0.0,0,pos,0,0.0,0,pos
FUN_011007,0,0.0,0,pos,0,0.0,0,pos
FUN_004354,0,0.0,0,pos,0,0.0,0,pos
FUN_011143,0,0.0,0,pos,0,0.0,0,pos
FUN_010213,60,0.0684931506849315,1,pos_s36_e72,0,0.0,0,pos
FUN_011419,6,0.004464285714285714,0,pos,0,0.0,0,pos
FUN_007628,0,0.0,0,pos,0,0.0,0,pos
FUN_002085,102,0.010179640718562874,2,pos_s822_e888_s4368_e4398,42,0.004191616766467066,0,pos
FUN_016659,0,0.0,0,pos,0,0.0,0,pos
FUN_015553,0,0.0,0,pos,0,0.0,0,pos
FUN_000009,0,0.0,0,pos,0,0.0,0,pos
FUN_000720,0,0.0,0,pos,0,0.0,0,pos
FUN_002444,0,0.0,0,pos,0,0.0,0,pos
FUN_005358,0,0.0,0,pos,0,0.0,0,pos
FUN_005062,6,0.005555555555555556,0,pos,0,0.0,0,pos
FUN_008646,0,0.0,0,pos,0,0.0,0,pos
FUN_005489,72,0.07272727272727272,1,pos_s336_e384,0,0.0,0,pos
FUN_006562,12,0.021505376344086023,0,pos,0,0.0,0,pos
FUN_008720,216,0.01675197766402978,4,pos_s1416_e1458_s1488_e1530_s4692_e4722_s12804_e12834,6,0.00046533271288971617,0,pos
FUN_006454,0,0.0,0,pos,0,0.0,0,pos
FUN_008333,0,0.0,0,pos,0,0.0,0,pos
FUN_012252,0,0.0,0,pos,0,0.0,0,pos
FUN_001352,0,0.0,0,pos,0,0.0,0,pos
FUN_015612,0,0.0,0,pos,0,0.0,0,pos
FUN_006791,0,0.0,0,pos,0,0.0,0,pos
FUN_001394,0,0.0,0,pos,0,0.0,0,pos
FUN_008678,0,0.0,0,pos,0,0.0,0,pos
FUN_009823,0,0.0,0,pos,0,0.0,0,pos
FUN_007528,0,0.0,0,pos,0,0.0,0,pos
FUN_008513,60,0.078125,1,pos_s270_e306,0,0.0,0,pos
FUN_002806,54,0.014354066985645933,0,pos,0,0.0,0,pos
FUN_007194,0,0.0,0,pos,0,0.0,0,pos
FUN_016589,0,0.0,0,pos,0,0.0,0,pos
FUN_008315,0,0.0,0,pos,0,0.0,0,pos
FUN_009661,0,0.0,0,pos,0,0.0,0,pos
FUN_010994,0,0.0,0,pos,0,0.0,0,pos
FUN_008810,0,0.0,0,pos,0,0.0,0,pos
FUN_016700,0,0.0,0,pos,0,0.0,0,pos
FUN_005789,0,0.0,0,pos,0,0.0,0,pos
FUN_009899,156,0.14942528735632185,0,pos,150,0.14367816091954022,1,pos_s888_e942
FUN_001012,6,0.007246376811594203,0,pos,0,0.0,0,pos
FUN_000847,0,0.0,0,pos,0,0.0,0,pos
FUN_008426,0,0.0,0,pos,0,0.0,0,pos
FUN_002861,0,0.0,0,pos,0,0.0,0,pos
FUN_012265,0,0.0,0,pos,0,0.0,0,pos
FUN_016342,0,0.0,0,pos,0,0.0,0,pos
FUN_007688,0,0.0,0,pos,0,0.0,0,pos
FUN_007701,114,0.03350970017636684,2,pos_s912_e942_s1704_e1746,12,0.003527336860670194,0,pos
FUN_006169,126,0.061224489795918366,1,pos_s1644_e1758,84,0.04081632653061224,1,pos_s1644_e1722
FUN_004124,0,0.0,0,pos,0,0.0,0,pos
FUN_011595,0,0.0,0,pos,0,0.0,0,pos
FUN_006568,72,0.04580152671755725,1,pos_s1488_e1560,48,0.030534351145038167,1,pos_s1512_e1560
FUN_008966,0,0.0,0,pos,0,0.0,0,pos
FUN_006990,0,0.0,0,pos,0,0.0,0,pos
FUN_009036,0,0.0,0,pos,0,0.0,0,pos
FUN_009650,0,0.0,0,pos,0,0.0,0,pos
FUN_008910,96,0.14035087719298245,0,pos,66,0.09649122807017543,1,pos_s588_e648
FUN_015584,0,0.0,0,pos,0,0.0,0,pos
FUN_009667,24,0.023668639053254437,0,pos,0,0.0,0,pos
FUN_009102,48,0.03076923076923077,1,pos_s510_e546,12,0.007692307692307693,0,pos
FUN_000479,222,0.037037037037037035,4,pos_s216_e246_s564_e594_s5394_e5508_s5646_e5682,90,0.015015015015015015,1,pos_s5436_e5502
FUN_006809,12,0.010471204188481676,0,pos,6,0.005235602094240838,0,pos
FUN_011261,0,0.0,0,pos,0,0.0,0,pos
FUN_001456,0,0.0,0,pos,0,0.0,0,pos
FUN_001401,0,0.0,0,pos,0,0.0,0,pos
FUN_010284,0,0.0,0,pos,0,0.0,0,pos
FUN_011206,0,0.0,0,pos,0,0.0,0,pos
FUN_001059,66,0.016272189349112426,0,pos,0,0.0,0,pos
FUN_005620,0,0.0,0,pos,0,0.0,0,pos
FUN_004292,36,0.015503875968992248,1,pos_s306_e336,0,0.0,0,pos
FUN_008827,0,0.0,0,pos,0,0.0,0,pos
FUN_003973,252,0.045064377682403435,4,pos_s2070_e2130_s2136_e2184_s2724_e2772_s2796_e2826,30,0.00536480686695279,1,pos_s2148_e2178
FUN_012236,0,0.0,0,pos,0,0.0,0,pos
FUN_004527,0,0.0,0,pos,0,0.0,0,pos
FUN_005140,0,0.0,0,pos,0,0.0,0,pos
FUN_001370,96,0.04938271604938271,1,pos_s1152_e1224,42,0.021604938271604937,1,pos_s1188_e1224
FUN_011991,84,0.05622489959839357,1,pos_s1152_e1224,0,0.0,0,pos
FUN_008336,24,0.08163265306122448,0,pos,0,0.0,0,pos
FUN_006623,0,0.0,0,pos,0,0.0,0,pos
FUN_012135,0,0.0,0,pos,0,0.0,0,pos
FUN_006671,36,0.014319809069212411,1,pos_s2400_e2436,0,0.0,0,pos
FUN_004049,0,0.0,0,pos,0,0.0,0,pos
FUN_012414,0,0.0,0,pos,0,0.0,0,pos
FUN_005298,0,0.0,0,pos,0,0.0,0,pos
FUN_004921,42,0.2916666666666667,1,pos_s0_e42,6,0.041666666666666664,0,pos
FUN_008277,0,0.0,0,pos,0,0.0,0,pos
FUN_002968,24,0.004479283314669653,0,pos,0,0.0,0,pos
FUN_000967,78,0.10569105691056911,1,pos_s198_e276,30,0.04065040650406504,0,pos
FUN_006669,0,0.0,0,pos,0,0.0,0,pos
FUN_016750,0,0.0,0,pos,0,0.0,0,pos
FUN_006141,6,0.009615384615384616,0,pos,0,0.0,0,pos
FUN_011980,0,0.0,0,pos,0,0.0,0,pos
FUN_004821,126,0.03535353535353535,1,pos_s78_e192,114,0.03198653198653199,1,pos_s78_e192
FUN_010444,0,0.0,0,pos,0,0.0,0,pos
FUN_000536,168,0.02199528672427337,2,pos_s5856_e5934_s6528_e6564,72,0.009426551453260016,1,pos_s5868_e5934
FUN_004679,60,0.011376564277588168,1,pos_s4284_e4320,0,0.0,0,pos
FUN_000064,0,0.0,0,pos,0,0.0,0,pos
FUN_008656,0,0.0,0,pos,0,0.0,0,pos
FUN_008592,0,0.0,0,pos,0,0.0,0,pos
FUN_005744,0,0.0,0,pos,0,0.0,0,pos
FUN_016578,0,0.0,0,pos,0,0.0,0,pos
FUN_011701,0,0.0,0,pos,0,0.0,0,pos
FUN_003159,0,0.0,0,pos,0,0.0,0,pos
FUN_004162,102,0.021879021879021878,1,pos_s2574_e2610,0,0.0,0,pos
FUN_008873,0,0.0,0,pos,0,0.0,0,pos
FUN_004545,138,0.03203342618384401,1,pos_s1938_e2046,12,0.002785515320334262,0,pos
FUN_016112,0,0.0,0,pos,0,0.0,0,pos
FUN_000511,0,0.0,0,pos,0,0.0,0,pos
FUN_006596,0,0.0,0,pos,0,0.0,0,pos
FUN_002471,0,0.0,0,pos,0,0.0,0,pos
FUN_003196,0,0.0,0,pos,0,0.0,0,pos
FUN_001402,24,0.024844720496894408,0,pos,0,0.0,0,pos
FUN_009642,0,0.0,0,pos,0,0.0,0,pos
FUN_009880,6,0.003952569169960474,0,pos,0,0.0,0,pos
FUN_004228,0,0.0,0,pos,0,0.0,0,pos
FUN_008809,0,0.0,0,pos,0,0.0,0,pos
FUN_001704,0,0.0,0,pos,0,0.0,0,pos
FUN_015543,0,0.0,0,pos,0,0.0,0,pos
FUN_008372,30,0.011904761904761904,0,pos,0,0.0,0,pos
FUN_010063,0,0.0,0,pos,0,0.0,0,pos
FUN_009080,36,0.01056338028169014,1,pos_s0_e30,30,0.008802816901408451,1,pos_s0_e30
FUN_006438,30,0.0044014084507042256,1,pos_s486_e516,0,0.0,0,pos
FUN_000635,120,0.047058823529411764,2,pos_s6_e78_s90_e120,18,0.007058823529411765,0,pos
FUN_011025,0,0.0,0,pos,0,0.0,0,pos
FUN_007657,0,0.0,0,pos,0,0.0,0,pos
FUN_005549,0,0.0,0,pos,0,0.0,0,pos
FUN_015373,0,0.0,0,pos,0,0.0,0,pos
FUN_002709,0,0.0,0,pos,0,0.0,0,pos
FUN_016235,0,0.0,0,pos,0,0.0,0,pos
FUN_010266,0,0.0,0,pos,0,0.0,0,pos
FUN_002499,0,0.0,0,pos,0,0.0,0,pos
FUN_008018,0,0.0,0,pos,0,0.0,0,pos
FUN_001582,0,0.0,0,pos,0,0.0,0,pos
FUN_000501,18,0.007462686567164179,0,pos,0,0.0,0,pos
FUN_005821,0,0.0,0,pos,0,0.0,0,pos
FUN_004467,36,0.11538461538461539,1,pos_s30_e66,0,0.0,0,pos
FUN_001553,0,0.0,0,pos,0,0.0,0,pos
FUN_005631,0,0.0,0,pos,0,0.0,0,pos
FUN_012140,0,0.0,0,pos,0,0.0,0,pos
FUN_015339,0,0.0,0,pos,0,0.0,0,pos
FUN_002529,0,0.0,0,pos,0,0.0,0,pos
FUN_003786,0,0.0,0,pos,0,0.0,0,pos
FUN_009056,0,0.0,0,pos,0,0.0,0,pos
FUN_005854,120,0.04040404040404041,1,pos_s1302_e1338,12,0.00404040404040404,0,pos
FUN_010432,0,0.0,0,pos,0,0.0,0,pos
FUN_002297,0,0.0,0,pos,0,0.0,0,pos
FUN_016591,0,0.0,0,pos,0,0.0,0,pos
FUN_011603,0,0.0,0,pos,0,0.0,0,pos
FUN_015899,0,0.0,0,pos,0,0.0,0,pos
FUN_001074,0,0.0,0,pos,0,0.0,0,pos
FUN_002601,66,0.029490616621983913,0,pos,0,0.0,0,pos
FUN_008109,0,0.0,0,pos,0,0.0,0,pos
FUN_016676,0,0.0,0,pos,0,0.0,0,pos
FUN_003648,0,0.0,0,pos,0,0.0,0,pos
FUN_001174,0,0.0,0,pos,0,0.0,0,pos
FUN_000643,0,0.0,0,pos,0,0.0,0,pos
FUN_003896,0,0.0,0,pos,0,0.0,0,pos
FUN_007958,30,0.01597444089456869,1,pos_s12_e42,18,0.009584664536741214,0,pos
FUN_002481,0,0.0,0,pos,0,0.0,0,pos
FUN_009933,90,0.07653061224489796,1,pos_s540_e618,60,0.05102040816326531,2,pos_s540_e570_s576_e606
FUN_009053,0,0.0,0,pos,0,0.0,0,pos
FUN_001847,0,0.0,0,pos,0,0.0,0,pos
FUN_003542,0,0.0,0,pos,0,0.0,0,pos
FUN_004231,42,0.3888888888888889,1,pos_s42_e84,0,0.0,0,pos
FUN_011227,186,0.055062166962699825,1,pos_s876_e912,30,0.008880994671403197,0,pos
FUN_008071,18,0.02586206896551724,0,pos,0,0.0,0,pos
FUN_012217,0,0.0,0,pos,0,0.0,0,pos
FUN_001487,0,0.0,0,pos,0,0.0,0,pos
FUN_009790,0,0.0,0,pos,0,0.0,0,pos
FUN_007313,0,0.0,0,pos,0,0.0,0,pos
FUN_002003,192,0.05128205128205128,2,pos_s444_e552_s3174_e3228,36,0.009615384615384616,0,pos
FUN_010059,0,0.0,0,pos,0,0.0,0,pos
FUN_011557,0,0.0,0,pos,0,0.0,0,pos
FUN_008452,0,0.0,0,pos,0,0.0,0,pos
FUN_011275,0,0.0,0,pos,0,0.0,0,pos
FUN_009404,0,0.0,0,pos,0,0.0,0,pos
FUN_008384,162,0.1888111888111888,2,pos_s156_e234_s438_e498,42,0.04895104895104895,0,pos
FUN_001493,108,0.1323529411764706,2,pos_s480_e522_s744_e786,6,0.007352941176470588,0,pos
FUN_009711,0,0.0,0,pos,0,0.0,0,pos
FUN_009597,0,0.0,0,pos,0,0.0,0,pos
FUN_006253,0,0.0,0,pos,0,0.0,0,pos
FUN_010243,282,0.13202247191011235,3,pos_s426_e510_s834_e918_s1278_e1332,36,0.016853932584269662,0,pos
FUN_016271,0,0.0,0,pos,0,0.0,0,pos
FUN_004366,198,0.040740740740740744,3,pos_s1542_e1584_s1944_e2016_s2190_e2244,48,0.009876543209876543,1,pos_s1548_e1584
FUN_006245,72,0.057971014492753624,1,pos_s120_e168,0,0.0,0,pos
FUN_005828,0,0.0,0,pos,0,0.0,0,pos
FUN_007536,0,0.0,0,pos,0,0.0,0,pos
FUN_005832,180,0.07092198581560284,2,pos_s1038_e1134_s1236_e1272,42,0.016548463356973995,1,pos_s1092_e1122
FUN_001290,0,0.0,0,pos,0,0.0,0,pos
FUN_000978,0,0.0,0,pos,0,0.0,0,pos
FUN_015347,0,0.0,0,pos,0,0.0,0,pos
FUN_002157,12,0.014388489208633094,0,pos,12,0.014388489208633094,0,pos
FUN_010977,0,0.0,0,pos,0,0.0,0,pos
FUN_010006,0,0.0,0,pos,0,0.0,0,pos
FUN_011197,0,0.0,0,pos,0,0.0,0,pos
FUN_009671,0,0.0,0,pos,0,0.0,0,pos
FUN_006071,0,0.0,0,pos,0,0.0,0,pos
FUN_008415,60,0.03676470588235294,1,pos_s1104_e1140,0,0.0,0,pos
FUN_010438,6,0.002012072434607646,0,pos,6,0.002012072434607646,0,pos
FUN_007005,0,0.0,0,pos,0,0.0,0,pos
FUN_012399,0,0.0,0,pos,0,0.0,0,pos
FUN_007024,0,0.0,0,pos,0,0.0,0,pos
FUN_004269,84,0.011217948717948718,1,pos_s4836_e4878,0,0.0,0,pos
FUN_006166,0,0.0,0,pos,0,0.0,0,pos
FUN_002577,12,0.00966183574879227,0,pos,0,0.0,0,pos
FUN_002807,30,0.01694915254237288,1,pos_s1140_e1170,0,0.0,0,pos
FUN_006048,0,0.0,0,pos,0,0.0,0,pos
FUN_009421,0,0.0,0,pos,0,0.0,0,pos
FUN_005930,0,0.0,0,pos,0,0.0,0,pos
FUN_007382,90,0.02727272727272727,1,pos_s1926_e1986,18,0.005454545454545455,0,pos
FUN_000298,0,0.0,0,pos,0,0.0,0,pos
FUN_009856,42,0.014553014553014554,1,pos_s618_e660,0,0.0,0,pos
FUN_005096,0,0.0,0,pos,0,0.0,0,pos
FUN_010760,0,0.0,0,pos,0,0.0,0,pos
FUN_001623,84,0.015300546448087432,1,pos_s240_e288,12,0.002185792349726776,0,pos
FUN_016508,0,0.0,0,pos,0,0.0,0,pos
FUN_016736,0,0.0,0,pos,0,0.0,0,pos
FUN_007092,84,0.05405405405405406,1,pos_s108_e192,84,0.05405405405405406,1,pos_s108_e192
FUN_008738,0,0.0,0,pos,0,0.0,0,pos
FUN_004410,0,0.0,0,pos,0,0.0,0,pos
FUN_005013,0,0.0,0,pos,0,0.0,0,pos
FUN_006933,0,0.0,0,pos,0,0.0,0,pos
FUN_003889,162,0.06923076923076923,3,pos_s1344_e1416_s1746_e1776_s1884_e1920,0,0.0,0,pos
FUN_002954,0,0.0,0,pos,0,0.0,0,pos
FUN_012386,0,0.0,0,pos,0,0.0,0,pos
FUN_008380,6,0.0019801980198019802,0,pos,0,0.0,0,pos
FUN_010952,0,0.0,0,pos,0,0.0,0,pos
FUN_008484,0,0.0,0,pos,0,0.0,0,pos
FUN_003229,0,0.0,0,pos,0,0.0,0,pos
FUN_001046,0,0.0,0,pos,0,0.0,0,pos
FUN_006939,12,0.029850746268656716,0,pos,0,0.0,0,pos
FUN_003950,12,0.007575757575757576,0,pos,0,0.0,0,pos
FUN_012108,0,0.0,0,pos,0,0.0,0,pos
FUN_009144,0,0.0,0,pos,0,0.0,0,pos
FUN_005856,0,0.0,0,pos,0,0.0,0,pos
FUN_000863,0,0.0,0,pos,0,0.0,0,pos
FUN_016321,0,0.0,0,pos,0,0.0,0,pos
FUN_000682,42,0.08045977011494253,0,pos,42,0.08045977011494253,0,pos
FUN_006087,0,0.0,0,pos,0,0.0,0,pos
FUN_003105,0,0.0,0,pos,0,0.0,0,pos
FUN_010773,0,0.0,0,pos,0,0.0,0,pos
FUN_008373,0,0.0,0,pos,0,0.0,0,pos
FUN_002576,0,0.0,0,pos,0,0.0,0,pos
FUN_002236,18,0.003821656050955414,0,pos,0,0.0,0,pos
FUN_012352,0,0.0,0,pos,0,0.0,0,pos
FUN_009562,0,0.0,0,pos,0,0.0,0,pos
FUN_007836,0,0.0,0,pos,0,0.0,0,pos
FUN_016816,0,0.0,0,pos,0,0.0,0,pos
FUN_001975,0,0.0,0,pos,0,0.0,0,pos
FUN_007845,18,0.015384615384615385,0,pos,0,0.0,0,pos
FUN_009412,0,0.0,0,pos,0,0.0,0,pos
FUN_008767,0,0.0,0,pos,0,0.0,0,pos
FUN_011736,0,0.0,0,pos,0,0.0,0,pos
FUN_016563,0,0.0,0,pos,0,0.0,0,pos
FUN_001687,0,0.0,0,pos,0,0.0,0,pos
FUN_003320,0,0.0,0,pos,0,0.0,0,pos
FUN_008614,60,0.012165450121654502,0,pos,0,0.0,0,pos
FUN_001999,294,0.09979633401221996,4,pos_s1242_e1290_s1332_e1362_s1614_e1680_s1836_e1920,78,0.026476578411405296,1,pos_s1836_e1890
FUN_010306,0,0.0,0,pos,0,0.0,0,pos
FUN_009082,0,0.0,0,pos,0,0.0,0,pos
FUN_006948,78,0.2653061224489796,1,pos_s24_e90,66,0.22448979591836735,1,pos_s24_e90
FUN_005408,0,0.0,0,pos,0,0.0,0,pos
FUN_016747,0,0.0,0,pos,0,0.0,0,pos
FUN_004430,66,0.043824701195219126,1,pos_s156_e192,0,0.0,0,pos
FUN_002911,0,0.0,0,pos,0,0.0,0,pos
FUN_006477,0,0.0,0,pos,0,0.0,0,pos
FUN_016791,0,0.0,0,pos,0,0.0,0,pos
FUN_008179,0,0.0,0,pos,0,0.0,0,pos
FUN_012256,0,0.0,0,pos,0,0.0,0,pos
FUN_001721,0,0.0,0,pos,0,0.0,0,pos
FUN_011623,0,0.0,0,pos,0,0.0,0,pos
FUN_007026,0,0.0,0,pos,0,0.0,0,pos
FUN_016198,0,0.0,0,pos,0,0.0,0,pos
FUN_015981,0,0.0,0,pos,0,0.0,0,pos
FUN_010945,0,0.0,0,pos,0,0.0,0,pos
FUN_010717,42,0.0603448275862069,1,pos_s234_e276,0,0.0,0,pos
FUN_004799,0,0.0,0,pos,0,0.0,0,pos
FUN_007649,168,0.23728813559322035,1,pos_s516_e642,126,0.17796610169491525,1,pos_s516_e624
FUN_008799,6,0.007751937984496124,0,pos,0,0.0,0,pos
FUN_005103,18,0.004622496147919877,0,pos,0,0.0,0,pos
FUN_000182,0,0.0,0,pos,0,0.0,0,pos
FUN_000691,0,0.0,0,pos,0,0.0,0,pos
FUN_011447,0,0.0,0,pos,0,0.0,0,pos
FUN_007838,0,0.0,0,pos,0,0.0,0,pos
FUN_010887,0,0.0,0,pos,0,0.0,0,pos
FUN_016522,0,0.0,0,pos,0,0.0,0,pos
FUN_000564,30,0.034722222222222224,1,pos_s126_e156,0,0.0,0,pos
FUN_000596,150,0.043402777777777776,2,pos_s132_e186_s924_e984,66,0.019097222222222224,1,pos_s132_e186
FUN_011876,0,0.0,0,pos,0,0.0,0,pos
FUN_001576,0,0.0,0,pos,0,0.0,0,pos
FUN_001500,0,0.0,0,pos,0,0.0,0,pos
FUN_004126,6,0.0027624309392265192,0,pos,0,0.0,0,pos
FUN_012422,6,0.007751937984496124,0,pos,6,0.007751937984496124,0,pos
FUN_003015,0,0.0,0,pos,0,0.0,0,pos
FUN_000197,0,0.0,0,pos,0,0.0,0,pos
FUN_000852,18,0.061224489795918366,0,pos,0,0.0,0,pos
FUN_001076,0,0.0,0,pos,0,0.0,0,pos
FUN_012312,0,0.0,0,pos,0,0.0,0,pos
FUN_008637,30,0.03759398496240601,1,pos_s198_e228,0,0.0,0,pos
FUN_004704,0,0.0,0,pos,0,0.0,0,pos
FUN_000566,0,0.0,0,pos,0,0.0,0,pos
FUN_000048,12,0.00816326530612245,0,pos,0,0.0,0,pos
FUN_004224,0,0.0,0,pos,0,0.0,0,pos
FUN_000355,0,0.0,0,pos,0,0.0,0,pos
FUN_008402,0,0.0,0,pos,0,0.0,0,pos
FUN_005809,0,0.0,0,pos,0,0.0,0,pos
FUN_016282,0,0.0,0,pos,0,0.0,0,pos
FUN_011774,0,0.0,0,pos,0,0.0,0,pos
FUN_000342,24,0.008565310492505354,0,pos,0,0.0,0,pos
FUN_001159,0,0.0,0,pos,0,0.0,0,pos
FUN_006475,108,0.04918032786885246,1,pos_s1644_e1752,12,0.00546448087431694,0,pos
FUN_010365,0,0.0,0,pos,0,0.0,0,pos
FUN_001836,270,0.15570934256055363,2,pos_s120_e234_s714_e828,156,0.08996539792387544,2,pos_s150_e192_s714_e828
FUN_015268,0,0.0,0,pos,0,0.0,0,pos
FUN_000368,0,0.0,0,pos,0,0.0,0,pos
FUN_006699,0,0.0,0,pos,0,0.0,0,pos
FUN_011284,0,0.0,0,pos,0,0.0,0,pos
FUN_012482,0,0.0,0,pos,0,0.0,0,pos
FUN_005246,0,0.0,0,pos,0,0.0,0,pos
FUN_004345,0,0.0,0,pos,0,0.0,0,pos
FUN_016783,0,0.0,0,pos,0,0.0,0,pos
FUN_000039,156,0.1145374449339207,1,pos_s270_e384,42,0.030837004405286344,1,pos_s348_e384
FUN_003840,0,0.0,0,pos,0,0.0,0,pos
FUN_003518,0,0.0,0,pos,0,0.0,0,pos
FUN_005758,0,0.0,0,pos,0,0.0,0,pos
FUN_012181,0,0.0,0,pos,0,0.0,0,pos
FUN_000642,0,0.0,0,pos,0,0.0,0,pos
FUN_012371,0,0.0,0,pos,0,0.0,0,pos
FUN_008888,96,0.02671118530884808,1,pos_s1416_e1512,72,0.02003338898163606,1,pos_s1416_e1488
FUN_005141,0,0.0,0,pos,0,0.0,0,pos
FUN_015313,0,0.0,0,pos,0,0.0,0,pos
FUN_015407,0,0.0,0,pos,0,0.0,0,pos
FUN_000764,0,0.0,0,pos,0,0.0,0,pos
FUN_000340,30,0.01644736842105263,1,pos_s1080_e1110,0,0.0,0,pos
FUN_001533,240,0.00940733772342427,2,pos_s24276_e24330_s24570_e24636,48,0.0018814675446848542,1,pos_s24282_e24330
FUN_015755,0,0.0,0,pos,0,0.0,0,pos
FUN_005479,282,0.29559748427672955,1,pos_s0_e60,108,0.11320754716981132,2,pos_s804_e834_s852_e888
FUN_007297,0,0.0,0,pos,0,0.0,0,pos
FUN_005124,24,0.014760147601476014,0,pos,0,0.0,0,pos
FUN_001854,12,0.014598540145985401,0,pos,12,0.014598540145985401,0,pos
FUN_001640,6,0.008403361344537815,0,pos,0,0.0,0,pos
FUN_000586,0,0.0,0,pos,0,0.0,0,pos
FUN_006533,12,0.011428571428571429,0,pos,0,0.0,0,pos
FUN_004082,0,0.0,0,pos,0,0.0,0,pos
FUN_005152,0,0.0,0,pos,0,0.0,0,pos
FUN_000098,90,0.0234375,1,pos_s108_e174,0,0.0,0,pos
FUN_001153,90,0.05952380952380952,2,pos_s486_e540_s558_e594,0,0.0,0,pos
FUN_010724,0,0.0,0,pos,0,0.0,0,pos
FUN_004482,0,0.0,0,pos,0,0.0,0,pos
FUN_006149,0,0.0,0,pos,0,0.0,0,pos
FUN_012417,0,0.0,0,pos,0,0.0,0,pos
FUN_005757,396,0.10873146622734761,2,pos_s1272_e1560_s1980_e2010,60,0.016474464579901153,1,pos_s1398_e1452
FUN_007470,0,0.0,0,pos,0,0.0,0,pos
FUN_011379,0,0.0,0,pos,0,0.0,0,pos
FUN_003701,12,0.017699115044247787,0,pos,0,0.0,0,pos
FUN_011103,126,0.14285714285714285,1,pos_s0_e102,0,0.0,0,pos
FUN_016804,0,0.0,0,pos,0,0.0,0,pos
FUN_005129,0,0.0,0,pos,0,0.0,0,pos
FUN_003138,390,0.1790633608815427,6,pos_s288_e360_s372_e420_s534_e582_s630_e660_s1212_e1326_s1590_e1620,168,0.07713498622589532,3,pos_s294_e360_s372_e408_s1230_e1296
FUN_007004,0,0.0,0,pos,0,0.0,0,pos
FUN_015784,0,0.0,0,pos,0,0.0,0,pos
FUN_008397,0,0.0,0,pos,0,0.0,0,pos
FUN_003530,0,0.0,0,pos,0,0.0,0,pos
FUN_010029,0,0.0,0,pos,0,0.0,0,pos
FUN_016590,0,0.0,0,pos,0,0.0,0,pos
FUN_006521,0,0.0,0,pos,0,0.0,0,pos
FUN_000662,0,0.0,0,pos,0,0.0,0,pos
FUN_015879,0,0.0,0,pos,0,0.0,0,pos
FUN_007980,0,0.0,0,pos,0,0.0,0,pos
FUN_007704,0,0.0,0,pos,0,0.0,0,pos
FUN_009783,48,0.013559322033898305,0,pos,0,0.0,0,pos
FUN_016303,0,0.0,0,pos,0,0.0,0,pos
FUN_004812,390,0.12720156555772993,3,pos_s1266_e1422_s1458_e1584_s1590_e1680,222,0.07240704500978473,2,pos_s1266_e1404_s1518_e1578
FUN_004955,18,0.016853932584269662,0,pos,0,0.0,0,pos
FUN_008486,0,0.0,0,pos,0,0.0,0,pos
FUN_009274,0,0.0,0,pos,0,0.0,0,pos
FUN_011877,0,0.0,0,pos,0,0.0,0,pos
FUN_004099,0,0.0,0,pos,0,0.0,0,pos
FUN_009447,0,0.0,0,pos,0,0.0,0,pos
FUN_015861,0,0.0,0,pos,0,0.0,0,pos
FUN_006851,0,0.0,0,pos,0,0.0,0,pos
FUN_001342,0,0.0,0,pos,0,0.0,0,pos
FUN_003203,0,0.0,0,pos,0,0.0,0,pos
FUN_004424,186,0.09567901234567901,1,pos_s1026_e1212,150,0.07716049382716049,2,pos_s1026_e1110_s1140_e1206
FUN_003620,42,0.08333333333333333,0,pos,0,0.0,0,pos
FUN_002033,0,0.0,0,pos,0,0.0,0,pos
FUN_001448,0,0.0,0,pos,0,0.0,0,pos
FUN_009255,0,0.0,0,pos,0,0.0,0,pos
FUN_010956,0,0.0,0,pos,0,0.0,0,pos
FUN_010106,24,0.02247191011235955,0,pos,6,0.0056179775280898875,0,pos
FUN_000013,0,0.0,0,pos,0,0.0,0,pos
FUN_010290,12,0.007380073800738007,0,pos,0,0.0,0,pos
FUN_001597,0,0.0,0,pos,0,0.0,0,pos
FUN_007102,0,0.0,0,pos,0,0.0,0,pos
FUN_003569,0,0.0,0,pos,0,0.0,0,pos
FUN_015464,0,0.0,0,pos,0,0.0,0,pos
FUN_005637,0,0.0,0,pos,0,0.0,0,pos
FUN_001768,60,0.15151515151515152,0,pos,36,0.09090909090909091,0,pos
FUN_005626,0,0.0,0,pos,0,0.0,0,pos
FUN_008929,0,0.0,0,pos,0,0.0,0,pos
FUN_005006,480,0.1444043321299639,5,pos_s1332_e1434_s1746_e1800_s1806_e1842_s1998_e2238_s3204_e3234,210,0.0631768953068592,2,pos_s1332_e1428_s1998_e2058
FUN_009449,0,0.0,0,pos,0,0.0,0,pos
FUN_005464,0,0.0,0,pos,0,0.0,0,pos
FUN_008141,0,0.0,0,pos,0,0.0,0,pos
FUN_008824,12,0.03571428571428571,0,pos,0,0.0,0,pos
FUN_010312,108,0.008383791336748951,1,pos_s11610_e11682,0,0.0,0,pos
FUN_002064,0,0.0,0,pos,0,0.0,0,pos
FUN_011457,114,0.0778688524590164,2,pos_s6_e36_s918_e984,66,0.045081967213114756,1,pos_s918_e966
FUN_003780,0,0.0,0,pos,0,0.0,0,pos
FUN_005816,54,0.01818181818181818,1,pos_s228_e258,6,0.00202020202020202,0,pos
FUN_009885,0,0.0,0,pos,0,0.0,0,pos
FUN_007444,0,0.0,0,pos,0,0.0,0,pos
FUN_011101,42,0.034482758620689655,1,pos_s366_e396,0,0.0,0,pos
FUN_007355,0,0.0,0,pos,0,0.0,0,pos
FUN_012092,0,0.0,0,pos,0,0.0,0,pos
FUN_009021,0,0.0,0,pos,0,0.0,0,pos
FUN_010984,0,0.0,0,pos,0,0.0,0,pos
FUN_011989,0,0.0,0,pos,0,0.0,0,pos
FUN_002648,24,0.009389671361502348,0,pos,0,0.0,0,pos
FUN_016685,0,0.0,0,pos,0,0.0,0,pos
FUN_009750,24,0.012539184952978056,0,pos,0,0.0,0,pos
FUN_005739,102,0.1223021582733813,1,pos_s552_e654,54,0.06474820143884892,1,pos_s612_e648
FUN_002536,0,0.0,0,pos,0,0.0,0,pos
FUN_012526,0,0.0,0,pos,0,0.0,0,pos
FUN_008324,0,0.0,0,pos,0,0.0,0,pos
FUN_015559,0,0.0,0,pos,0,0.0,0,pos
FUN_007309,0,0.0,0,pos,0,0.0,0,pos
FUN_002105,18,0.012096774193548387,0,pos,0,0.0,0,pos
FUN_003299,0,0.0,0,pos,0,0.0,0,pos
FUN_002416,0,0.0,0,pos,0,0.0,0,pos
FUN_009286,18,0.06382978723404255,0,pos,0,0.0,0,pos
FUN_011786,0,0.0,0,pos,0,0.0,0,pos
FUN_002466,60,0.06535947712418301,1,pos_s684_e744,0,0.0,0,pos
FUN_003093,18,0.012,0,pos,0,0.0,0,pos
FUN_016383,0,0.0,0,pos,0,0.0,0,pos
FUN_007340,0,0.0,0,pos,0,0.0,0,pos
FUN_001355,0,0.0,0,pos,0,0.0,0,pos
FUN_012130,0,0.0,0,pos,0,0.0,0,pos
FUN_010792,18,0.015706806282722512,0,pos,0,0.0,0,pos
FUN_004098,0,0.0,0,pos,0,0.0,0,pos
FUN_005440,6,0.0035335689045936395,0,pos,6,0.0035335689045936395,0,pos
FUN_004902,0,0.0,0,pos,0,0.0,0,pos
FUN_011067,0,0.0,0,pos,0,0.0,0,pos
FUN_003262,0,0.0,0,pos,0,0.0,0,pos
FUN_001291,0,0.0,0,pos,0,0.0,0,pos
FUN_016865,0,0.0,0,pos,0,0.0,0,pos
FUN_005044,30,0.011037527593818985,1,pos_s540_e570,0,0.0,0,pos
FUN_009152,108,0.06040268456375839,1,pos_s168_e270,0,0.0,0,pos
FUN_000381,0,0.0,0,pos,0,0.0,0,pos
FUN_015845,0,0.0,0,pos,0,0.0,0,pos
FUN_003471,0,0.0,0,pos,0,0.0,0,pos
FUN_009461,6,0.004424778761061947,0,pos,0,0.0,0,pos
FUN_011383,18,0.01675977653631285,0,pos,0,0.0,0,pos
FUN_007274,0,0.0,0,pos,0,0.0,0,pos
FUN_009422,0,0.0,0,pos,0,0.0,0,pos
FUN_002884,0,0.0,0,pos,0,0.0,0,pos
FUN_000877,0,0.0,0,pos,0,0.0,0,pos
FUN_011434,6,0.0012594458438287153,0,pos,0,0.0,0,pos
FUN_005178,24,0.014388489208633094,0,pos,24,0.014388489208633094,0,pos
FUN_005278,0,0.0,0,pos,0,0.0,0,pos
FUN_003867,0,0.0,0,pos,0,0.0,0,pos
FUN_006439,0,0.0,0,pos,0,0.0,0,pos
FUN_008253,162,0.18620689655172415,2,pos_s228_e312_s378_e456,78,0.0896551724137931,1,pos_s234_e306
FUN_010591,0,0.0,0,pos,0,0.0,0,pos
FUN_001593,24,0.03305785123966942,0,pos,0,0.0,0,pos
FUN_007764,0,0.0,0,pos,0,0.0,0,pos
FUN_002612,0,0.0,0,pos,0,0.0,0,pos
FUN_010816,0,0.0,0,pos,0,0.0,0,pos
FUN_005568,0,0.0,0,pos,0,0.0,0,pos
FUN_003738,0,0.0,0,pos,0,0.0,0,pos
FUN_003561,54,0.10112359550561797,1,pos_s168_e222,6,0.011235955056179775,0,pos
FUN_004887,0,0.0,0,pos,0,0.0,0,pos
FUN_011077,0,0.0,0,pos,0,0.0,0,pos
FUN_001222,0,0.0,0,pos,0,0.0,0,pos
FUN_016555,0,0.0,0,pos,0,0.0,0,pos
FUN_011105,0,0.0,0,pos,0,0.0,0,pos
FUN_004581,0,0.0,0,pos,0,0.0,0,pos
FUN_001960,156,0.07926829268292683,3,pos_s1476_e1518_s1554_e1632_s1746_e1782,66,0.03353658536585366,1,pos_s1590_e1632
FUN_002871,0,0.0,0,pos,0,0.0,0,pos
FUN_009045,0,0.0,0,pos,0,0.0,0,pos
FUN_011325,78,0.07647058823529412,1,pos_s774_e840,0,0.0,0,pos
FUN_005341,60,0.03058103975535168,1,pos_s186_e228,0,0.0,0,pos
FUN_010670,60,0.030959752321981424,1,pos_s1068_e1116,0,0.0,0,pos
FUN_006361,0,0.0,0,pos,0,0.0,0,pos
FUN_004551,0,0.0,0,pos,0,0.0,0,pos
FUN_010276,0,0.0,0,pos,0,0.0,0,pos
FUN_007794,90,0.09868421052631579,1,pos_s198_e264,0,0.0,0,pos
FUN_003433,0,0.0,0,pos,0,0.0,0,pos
FUN_009922,0,0.0,0,pos,0,0.0,0,pos
FUN_000243,0,0.0,0,pos,0,0.0,0,pos
FUN_012166,0,0.0,0,pos,0,0.0,0,pos
FUN_011559,0,0.0,0,pos,0,0.0,0,pos
FUN_012111,0,0.0,0,pos,0,0.0,0,pos
FUN_010349,0,0.0,0,pos,0,0.0,0,pos
FUN_012276,0,0.0,0,pos,0,0.0,0,pos
FUN_005655,0,0.0,0,pos,0,0.0,0,pos
FUN_015462,0,0.0,0,pos,0,0.0,0,pos
FUN_010660,0,0.0,0,pos,0,0.0,0,pos
FUN_010143,36,0.02608695652173913,0,pos,6,0.004347826086956522,0,pos
FUN_016294,0,0.0,0,pos,0,0.0,0,pos
FUN_004448,12,0.006944444444444444,0,pos,0,0.0,0,pos
FUN_002045,126,0.2441860465116279,1,pos_s108_e150,42,0.08139534883720931,0,pos
FUN_002944,0,0.0,0,pos,0,0.0,0,pos
FUN_016214,0,0.0,0,pos,0,0.0,0,pos
FUN_009363,204,0.1837837837837838,2,pos_s78_e174_s354_e390,12,0.010810810810810811,0,pos
FUN_008763,222,0.10946745562130178,3,pos_s384_e468_s978_e1008_s1686_e1794,24,0.011834319526627219,0,pos
FUN_004324,0,0.0,0,pos,0,0.0,0,pos
FUN_010949,0,0.0,0,pos,0,0.0,0,pos
FUN_011937,0,0.0,0,pos,0,0.0,0,pos
FUN_008256,0,0.0,0,pos,0,0.0,0,pos
FUN_000361,0,0.0,0,pos,0,0.0,0,pos
FUN_006647,0,0.0,0,pos,0,0.0,0,pos
FUN_012262,0,0.0,0,pos,0,0.0,0,pos
FUN_006803,0,0.0,0,pos,0,0.0,0,pos
FUN_009333,0,0.0,0,pos,0,0.0,0,pos
FUN_003926,0,0.0,0,pos,0,0.0,0,pos
FUN_004997,0,0.0,0,pos,0,0.0,0,pos
FUN_005091,126,0.09417040358744394,1,pos_s1140_e1230,54,0.04035874439461883,1,pos_s1188_e1230
FUN_005192,0,0.0,0,pos,0,0.0,0,pos
FUN_001803,96,0.07881773399014778,2,pos_s708_e762_s858_e900,42,0.034482758620689655,1,pos_s720_e762
FUN_008618,0,0.0,0,pos,0,0.0,0,pos
FUN_010220,84,0.05363984674329502,1,pos_s786_e828,36,0.022988505747126436,1,pos_s786_e822
FUN_012484,0,0.0,0,pos,0,0.0,0,pos
FUN_010878,30,0.04032258064516129,1,pos_s84_e114,0,0.0,0,pos
FUN_010376,0,0.0,0,pos,0,0.0,0,pos
FUN_010105,0,0.0,0,pos,0,0.0,0,pos
FUN_007779,48,0.004149377593360996,0,pos,18,0.0015560165975103733,0,pos
FUN_001983,0,0.0,0,pos,0,0.0,0,pos
FUN_016145,0,0.0,0,pos,0,0.0,0,pos
FUN_002644,0,0.0,0,pos,0,0.0,0,pos
FUN_016272,0,0.0,0,pos,0,0.0,0,pos
FUN_004384,0,0.0,0,pos,0,0.0,0,pos
FUN_002937,42,0.011647254575707155,0,pos,0,0.0,0,pos
FUN_016726,0,0.0,0,pos,0,0.0,0,pos
FUN_011158,0,0.0,0,pos,0,0.0,0,pos
FUN_002477,0,0.0,0,pos,0,0.0,0,pos
FUN_006411,54,0.12857142857142856,1,pos_s0_e48,6,0.014285714285714285,0,pos
FUN_012531,0,0.0,0,pos,0,0.0,0,pos
FUN_009378,0,0.0,0,pos,0,0.0,0,pos
FUN_011287,138,0.015013054830287207,2,pos_s1866_e1908_s8256_e8292,12,0.0013054830287206266,0,pos
FUN_010609,0,0.0,0,pos,0,0.0,0,pos
FUN_006335,0,0.0,0,pos,0,0.0,0,pos
FUN_015610,0,0.0,0,pos,0,0.0,0,pos
FUN_010934,60,0.07246376811594203,1,pos_s174_e234,0,0.0,0,pos
FUN_015508,0,0.0,0,pos,0,0.0,0,pos
FUN_005547,0,0.0,0,pos,0,0.0,0,pos
FUN_006396,0,0.0,0,pos,0,0.0,0,pos
FUN_002207,0,0.0,0,pos,0,0.0,0,pos
FUN_001614,30,0.03571428571428571,1,pos_s426_e456,0,0.0,0,pos
FUN_007900,0,0.0,0,pos,0,0.0,0,pos
FUN_004526,0,0.0,0,pos,0,0.0,0,pos
FUN_003228,0,0.0,0,pos,0,0.0,0,pos
FUN_002120,6,0.014492753623188406,0,pos,0,0.0,0,pos
FUN_002672,0,0.0,0,pos,0,0.0,0,pos
FUN_002687,0,0.0,0,pos,0,0.0,0,pos
FUN_015388,0,0.0,0,pos,0,0.0,0,pos
FUN_010664,0,0.0,0,pos,0,0.0,0,pos
FUN_010283,0,0.0,0,pos,0,0.0,0,pos
FUN_016504,0,0.0,0,pos,0,0.0,0,pos
FUN_005356,330,0.05111524163568773,4,pos_s1374_e1458_s2118_e2196_s2652_e2730_s5532_e5562,66,0.010223048327137546,1,pos_s2160_e2196
FUN_010195,0,0.0,0,pos,0,0.0,0,pos
FUN_000247,0,0.0,0,pos,0,0.0,0,pos
FUN_003335,84,0.04430379746835443,1,pos_s804_e858,6,0.0031645569620253164,0,pos
FUN_002461,0,0.0,0,pos,0,0.0,0,pos
FUN_011282,0,0.0,0,pos,0,0.0,0,pos
FUN_004230,0,0.0,0,pos,0,0.0,0,pos
FUN_005120,0,0.0,0,pos,0,0.0,0,pos
FUN_006598,0,0.0,0,pos,0,0.0,0,pos
FUN_002084,0,0.0,0,pos,0,0.0,0,pos
FUN_002686,0,0.0,0,pos,0,0.0,0,pos
FUN_004088,0,0.0,0,pos,0,0.0,0,pos
FUN_007505,0,0.0,0,pos,0,0.0,0,pos
FUN_010098,0,0.0,0,pos,0,0.0,0,pos
FUN_012319,0,0.0,0,pos,0,0.0,0,pos
FUN_007292,0,0.0,0,pos,0,0.0,0,pos
FUN_000840,24,0.012012012012012012,0,pos,0,0.0,0,pos
FUN_002671,0,0.0,0,pos,0,0.0,0,pos
FUN_008845,0,0.0,0,pos,0,0.0,0,pos
FUN_016105,6,0.0033333333333333335,0,pos,0,0.0,0,pos
FUN_006384,228,0.06846846846846846,3,pos_s36_e168_s186_e216_s246_e282,36,0.010810810810810811,1,pos_s114_e150
FUN_016694,0,0.0,0,pos,0,0.0,0,pos
FUN_011497,0,0.0,0,pos,0,0.0,0,pos
FUN_011301,0,0.0,0,pos,0,0.0,0,pos
FUN_004851,18,0.0013043478260869566,0,pos,0,0.0,0,pos
FUN_003612,66,0.02997275204359673,1,pos_s1668_e1734,0,0.0,0,pos
FUN_008293,0,0.0,0,pos,0,0.0,0,pos
FUN_006228,0,0.0,0,pos,0,0.0,0,pos
FUN_009327,0,0.0,0,pos,0,0.0,0,pos
FUN_016464,0,0.0,0,pos,0,0.0,0,pos
FUN_010504,264,0.11859838274932614,4,pos_s912_e948_s972_e1026_s1410_e1476_s1488_e1518,36,0.016172506738544475,0,pos
FUN_015512,0,0.0,0,pos,0,0.0,0,pos
FUN_003801,0,0.0,0,pos,0,0.0,0,pos
FUN_005710,0,0.0,0,pos,0,0.0,0,pos
FUN_007579,36,0.13953488372093023,0,pos,6,0.023255813953488372,0,pos
FUN_006021,0,0.0,0,pos,0,0.0,0,pos
FUN_008061,0,0.0,0,pos,0,0.0,0,pos
FUN_010929,0,0.0,0,pos,0,0.0,0,pos
FUN_003474,156,0.203125,1,pos_s30_e174,60,0.078125,2,pos_s60_e90_s102_e132
FUN_000885,0,0.0,0,pos,0,0.0,0,pos
FUN_000758,6,0.006535947712418301,0,pos,0,0.0,0,pos
FUN_002166,0,0.0,0,pos,0,0.0,0,pos
FUN_008933,18,0.011111111111111112,0,pos,0,0.0,0,pos
FUN_012120,0,0.0,0,pos,0,0.0,0,pos
FUN_010668,0,0.0,0,pos,0,0.0,0,pos
FUN_011819,0,0.0,0,pos,0,0.0,0,pos
FUN_005289,66,0.024830699774266364,1,pos_s2106_e2148,18,0.006772009029345372,0,pos
FUN_012506,0,0.0,0,pos,0,0.0,0,pos
FUN_006983,132,0.021956087824351298,1,pos_s1968_e2010,12,0.001996007984031936,0,pos
FUN_010769,0,0.0,0,pos,0,0.0,0,pos
FUN_002795,0,0.0,0,pos,0,0.0,0,pos
FUN_004437,66,0.029177718832891247,1,pos_s1242_e1284,0,0.0,0,pos
FUN_000353,0,0.0,0,pos,0,0.0,0,pos
FUN_009762,6,0.02564102564102564,0,pos,0,0.0,0,pos
FUN_016737,0,0.0,0,pos,0,0.0,0,pos
FUN_008079,48,0.012678288431061807,1,pos_s1158_e1206,42,0.011093502377179081,1,pos_s1164_e1206
FUN_007785,0,0.0,0,pos,0,0.0,0,pos
FUN_007248,0,0.0,0,pos,0,0.0,0,pos
FUN_000424,0,0.0,0,pos,0,0.0,0,pos
FUN_003774,0,0.0,0,pos,0,0.0,0,pos
FUN_010061,0,0.0,0,pos,0,0.0,0,pos
FUN_000889,78,0.039755351681957186,1,pos_s1170_e1248,0,0.0,0,pos
FUN_004522,0,0.0,0,pos,0,0.0,0,pos
FUN_008569,0,0.0,0,pos,0,0.0,0,pos
FUN_009345,42,0.01443298969072165,1,pos_s1590_e1620,6,0.002061855670103093,0,pos
FUN_004394,0,0.0,0,pos,0,0.0,0,pos
FUN_006525,0,0.0,0,pos,0,0.0,0,pos
FUN_002547,0,0.0,0,pos,0,0.0,0,pos
FUN_004787,0,0.0,0,pos,0,0.0,0,pos
FUN_008202,0,0.0,0,pos,0,0.0,0,pos
FUN_005180,0,0.0,0,pos,0,0.0,0,pos
FUN_008635,0,0.0,0,pos,0,0.0,0,pos
FUN_009381,0,0.0,0,pos,0,0.0,0,pos
FUN_008153,30,0.00984251968503937,0,pos,0,0.0,0,pos
FUN_006549,0,0.0,0,pos,0,0.0,0,pos
FUN_005944,0,0.0,0,pos,0,0.0,0,pos
FUN_006987,0,0.0,0,pos,0,0.0,0,pos
FUN_016219,24,0.015267175572519083,0,pos,18,0.011450381679389313,0,pos
FUN_005441,6,0.0028328611898017,0,pos,0,0.0,0,pos
FUN_009797,24,0.010230179028132993,0,pos,0,0.0,0,pos
FUN_011934,0,0.0,0,pos,0,0.0,0,pos
FUN_000200,0,0.0,0,pos,0,0.0,0,pos
FUN_004041,0,0.0,0,pos,0,0.0,0,pos
FUN_002959,78,0.03869047619047619,1,pos_s1128_e1206,12,0.005952380952380952,0,pos
FUN_015752,0,0.0,0,pos,0,0.0,0,pos
FUN_008619,6,0.0015384615384615385,0,pos,0,0.0,0,pos
FUN_010720,0,0.0,0,pos,0,0.0,0,pos
FUN_010293,0,0.0,0,pos,0,0.0,0,pos
FUN_003878,0,0.0,0,pos,0,0.0,0,pos
FUN_001102,0,0.0,0,pos,0,0.0,0,pos
FUN_010866,0,0.0,0,pos,0,0.0,0,pos
FUN_016066,0,0.0,0,pos,0,0.0,0,pos
FUN_016330,0,0.0,0,pos,0,0.0,0,pos
FUN_015466,0,0.0,0,pos,0,0.0,0,pos
FUN_000527,0,0.0,0,pos,0,0.0,0,pos
FUN_002798,0,0.0,0,pos,0,0.0,0,pos
FUN_008414,0,0.0,0,pos,0,0.0,0,pos
FUN_001834,0,0.0,0,pos,0,0.0,0,pos
FUN_004736,0,0.0,0,pos,0,0.0,0,pos
FUN_005196,0,0.0,0,pos,0,0.0,0,pos
FUN_007214,24,0.019138755980861243,0,pos,0,0.0,0,pos
FUN_009907,0,0.0,0,pos,0,0.0,0,pos
FUN_002302,0,0.0,0,pos,0,0.0,0,pos
FUN_001564,0,0.0,0,pos,0,0.0,0,pos
FUN_016426,0,0.0,0,pos,0,0.0,0,pos
FUN_015262,0,0.0,0,pos,0,0.0,0,pos
FUN_009039,0,0.0,0,pos,0,0.0,0,pos
FUN_008305,18,0.014018691588785047,0,pos,0,0.0,0,pos
FUN_015317,0,0.0,0,pos,0,0.0,0,pos
FUN_011599,0,0.0,0,pos,0,0.0,0,pos
FUN_007353,0,0.0,0,pos,0,0.0,0,pos
FUN_002209,180,0.05639097744360902,3,pos_s2604_e2652_s2766_e2808_s2832_e2886,12,0.0037593984962406013,0,pos
FUN_004615,0,0.0,0,pos,0,0.0,0,pos
FUN_011280,0,0.0,0,pos,0,0.0,0,pos
FUN_006346,0,0.0,0,pos,0,0.0,0,pos
FUN_007330,0,0.0,0,pos,0,0.0,0,pos
FUN_015297,0,0.0,0,pos,0,0.0,0,pos
FUN_015841,0,0.0,0,pos,0,0.0,0,pos
FUN_005294,120,0.09090909090909091,2,pos_s336_e414_s1116_e1146,90,0.06818181818181818,1,pos_s336_e414
FUN_011307,0,0.0,0,pos,0,0.0,0,pos
FUN_003912,240,0.057803468208092484,2,pos_s1008_e1122_s1338_e1422,114,0.02745664739884393,1,pos_s1008_e1122
FUN_009589,0,0.0,0,pos,0,0.0,0,pos
FUN_003760,42,0.02702702702702703,0,pos,0,0.0,0,pos
FUN_000556,0,0.0,0,pos,0,0.0,0,pos
FUN_010385,0,0.0,0,pos,0,0.0,0,pos
FUN_005095,0,0.0,0,pos,0,0.0,0,pos
FUN_010754,0,0.0,0,pos,0,0.0,0,pos
FUN_010467,0,0.0,0,pos,0,0.0,0,pos
FUN_004908,0,0.0,0,pos,0,0.0,0,pos
FUN_001193,0,0.0,0,pos,0,0.0,0,pos
FUN_000567,0,0.0,0,pos,0,0.0,0,pos
FUN_012133,0,0.0,0,pos,0,0.0,0,pos
FUN_001216,12,0.005277044854881266,0,pos,0,0.0,0,pos
FUN_010204,252,0.15217391304347827,2,pos_s1128_e1182_s1188_e1386,180,0.10869565217391304,1,pos_s1266_e1386
FUN_012069,0,0.0,0,pos,0,0.0,0,pos
FUN_015488,0,0.0,0,pos,0,0.0,0,pos
FUN_001460,0,0.0,0,pos,0,0.0,0,pos
FUN_010268,0,0.0,0,pos,0,0.0,0,pos
FUN_004810,0,0.0,0,pos,0,0.0,0,pos
FUN_008938,30,0.014705882352941176,0,pos,6,0.0029411764705882353,0,pos
FUN_005121,108,0.16071428571428573,1,pos_s18_e78,30,0.044642857142857144,0,pos
FUN_000046,132,0.026410564225690276,1,pos_s540_e666,36,0.007202881152460984,0,pos
FUN_001954,0,0.0,0,pos,0,0.0,0,pos
FUN_001387,0,0.0,0,pos,0,0.0,0,pos
FUN_008185,0,0.0,0,pos,0,0.0,0,pos
FUN_008633,0,0.0,0,pos,0,0.0,0,pos
FUN_005612,0,0.0,0,pos,0,0.0,0,pos
FUN_008823,0,0.0,0,pos,0,0.0,0,pos
FUN_016423,0,0.0,0,pos,0,0.0,0,pos
FUN_003024,0,0.0,0,pos,0,0.0,0,pos
FUN_007781,0,0.0,0,pos,0,0.0,0,pos
FUN_015276,0,0.0,0,pos,0,0.0,0,pos
FUN_007771,0,0.0,0,pos,0,0.0,0,pos
FUN_006684,0,0.0,0,pos,0,0.0,0,pos
FUN_000655,0,0.0,0,pos,0,0.0,0,pos
FUN_001231,0,0.0,0,pos,0,0.0,0,pos
FUN_011522,0,0.0,0,pos,0,0.0,0,pos
FUN_000794,0,0.0,0,pos,0,0.0,0,pos
FUN_009958,0,0.0,0,pos,0,0.0,0,pos
FUN_011976,0,0.0,0,pos,0,0.0,0,pos
FUN_012354,0,0.0,0,pos,0,0.0,0,pos
FUN_009625,0,0.0,0,pos,0,0.0,0,pos
FUN_005128,0,0.0,0,pos,0,0.0,0,pos
FUN_000478,588,0.05928614640048397,8,pos_s6654_e6720_s7068_e7098_s7572_e7614_s8490_e8646_s8664_e8718_s8748_e8796_s8862_e8934_s9546_e9600,138,0.013914095583787053,1,pos_s8514_e8604
FUN_015901,0,0.0,0,pos,0,0.0,0,pos
FUN_007041,0,0.0,0,pos,0,0.0,0,pos
FUN_003154,18,0.012396694214876033,0,pos,0,0.0,0,pos
FUN_001523,0,0.0,0,pos,0,0.0,0,pos
FUN_003200,54,0.02142857142857143,1,pos_s1506_e1536,0,0.0,0,pos
FUN_001875,0,0.0,0,pos,0,0.0,0,pos
FUN_016680,0,0.0,0,pos,0,0.0,0,pos
FUN_016802,0,0.0,0,pos,0,0.0,0,pos
FUN_010702,0,0.0,0,pos,0,0.0,0,pos
FUN_001430,6,0.016666666666666666,0,pos,6,0.016666666666666666,0,pos
FUN_004773,0,0.0,0,pos,0,0.0,0,pos
FUN_010829,0,0.0,0,pos,0,0.0,0,pos
FUN_007712,114,0.034545454545454546,2,pos_s1692_e1752_s2190_e2232,0,0.0,0,pos
FUN_000371,0,0.0,0,pos,0,0.0,0,pos
FUN_009241,0,0.0,0,pos,0,0.0,0,pos
FUN_008657,24,0.011049723756906077,0,pos,0,0.0,0,pos
FUN_002522,24,0.03389830508474576,0,pos,0,0.0,0,pos
FUN_010114,342,0.050983899821109124,4,pos_s5136_e5316_s5388_e5424_s5430_e5472_s6204_e6246,120,0.017889087656529516,1,pos_s5136_e5238
FUN_008174,144,0.1889763779527559,1,pos_s498_e642,108,0.14173228346456693,2,pos_s522_e600_s612_e642
FUN_007252,222,0.06826568265682657,2,pos_s1140_e1296_s2826_e2892,138,0.042435424354243544,1,pos_s1152_e1266
FUN_000664,0,0.0,0,pos,0,0.0,0,pos
FUN_002277,0,0.0,0,pos,0,0.0,0,pos
FUN_015673,0,0.0,0,pos,0,0.0,0,pos
FUN_011145,0,0.0,0,pos,0,0.0,0,pos
FUN_001663,0,0.0,0,pos,0,0.0,0,pos
FUN_004815,0,0.0,0,pos,0,0.0,0,pos
FUN_002713,0,0.0,0,pos,0,0.0,0,pos
FUN_010794,72,0.06818181818181818,0,pos,6,0.005681818181818182,0,pos
FUN_006701,18,0.0014285714285714286,0,pos,0,0.0,0,pos
FUN_009264,36,0.1875,0,pos,0,0.0,0,pos
FUN_002711,0,0.0,0,pos,0,0.0,0,pos
FUN_000869,0,0.0,0,pos,0,0.0,0,pos
FUN_009222,48,0.056338028169014086,1,pos_s636_e684,0,0.0,0,pos
FUN_001653,0,0.0,0,pos,0,0.0,0,pos
FUN_009247,0,0.0,0,pos,0,0.0,0,pos
FUN_015898,0,0.0,0,pos,0,0.0,0,pos
FUN_001951,12,0.017241379310344827,0,pos,0,0.0,0,pos
FUN_010299,534,0.012418027068508442,7,pos_s780_e828_s2838_e2946_s11730_e11796_s26304_e26346_s27624_e27666_s29382_e29472_s29940_e29970,102,0.0023719826984791403,1,pos_s29406_e29472
FUN_004209,0,0.0,0,pos,0,0.0,0,pos
FUN_011770,0,0.0,0,pos,0,0.0,0,pos
FUN_010437,18,0.06521739130434782,0,pos,6,0.021739130434782608,0,pos
FUN_011264,108,0.12244897959183673,2,pos_s138_e174_s342_e414,36,0.04081632653061224,0,pos
FUN_002023,36,0.03773584905660377,0,pos,0,0.0,0,pos
FUN_005703,0,0.0,0,pos,0,0.0,0,pos
FUN_008194,0,0.0,0,pos,0,0.0,0,pos
FUN_007106,0,0.0,0,pos,0,0.0,0,pos
FUN_012116,0,0.0,0,pos,0,0.0,0,pos
FUN_000016,0,0.0,0,pos,0,0.0,0,pos
FUN_007599,30,0.024875621890547265,1,pos_s84_e114,0,0.0,0,pos
FUN_000402,0,0.0,0,pos,0,0.0,0,pos
FUN_003205,0,0.0,0,pos,0,0.0,0,pos
FUN_003831,0,0.0,0,pos,0,0.0,0,pos
FUN_001990,0,0.0,0,pos,0,0.0,0,pos
FUN_009402,150,0.16233766233766234,2,pos_s678_e726_s732_e834,30,0.032467532467532464,1,pos_s762_e792
FUN_011063,138,0.13142857142857142,1,pos_s72_e168,108,0.10285714285714286,1,pos_s72_e168
FUN_006250,0,0.0,0,pos,0,0.0,0,pos
FUN_012310,0,0.0,0,pos,0,0.0,0,pos
FUN_001114,0,0.0,0,pos,0,0.0,0,pos
FUN_009801,12,0.011299435028248588,0,pos,0,0.0,0,pos
FUN_001612,12,0.005847953216374269,0,pos,0,0.0,0,pos
FUN_000297,0,0.0,0,pos,0,0.0,0,pos
FUN_010722,60,0.07352941176470588,1,pos_s630_e678,0,0.0,0,pos
FUN_000855,0,0.0,0,pos,0,0.0,0,pos
FUN_000282,0,0.0,0,pos,0,0.0,0,pos
FUN_010728,42,0.050359712230215826,1,pos_s258_e294,0,0.0,0,pos
FUN_011947,0,0.0,0,pos,0,0.0,0,pos
FUN_004818,12,0.005797101449275362,0,pos,0,0.0,0,pos
FUN_003072,0,0.0,0,pos,0,0.0,0,pos
FUN_006206,42,0.027450980392156862,0,pos,0,0.0,0,pos
FUN_000476,0,0.0,0,pos,0,0.0,0,pos
FUN_005589,102,0.05647840531561462,2,pos_s6_e36_s144_e174,24,0.013289036544850499,0,pos
FUN_006635,18,0.023809523809523808,0,pos,0,0.0,0,pos
FUN_016663,0,0.0,0,pos,0,0.0,0,pos
FUN_016132,0,0.0,0,pos,0,0.0,0,pos
FUN_004303,0,0.0,0,pos,0,0.0,0,pos
FUN_010709,0,0.0,0,pos,0,0.0,0,pos
FUN_007789,0,0.0,0,pos,0,0.0,0,pos
FUN_010519,96,0.05970149253731343,1,pos_s780_e828,0,0.0,0,pos
FUN_015922,0,0.0,0,pos,0,0.0,0,pos
FUN_010907,6,0.0019193857965451055,0,pos,0,0.0,0,pos
FUN_000226,30,0.07042253521126761,0,pos,0,0.0,0,pos
FUN_001767,72,0.041379310344827586,1,pos_s1164_e1230,18,0.010344827586206896,0,pos
FUN_008178,102,0.056856187290969896,1,pos_s1182_e1248,0,0.0,0,pos
FUN_008429,0,0.0,0,pos,0,0.0,0,pos
FUN_011704,0,0.0,0,pos,0,0.0,0,pos
FUN_000909,48,0.026936026936026935,0,pos,0,0.0,0,pos
FUN_009862,0,0.0,0,pos,0,0.0,0,pos
FUN_010908,0,0.0,0,pos,0,0.0,0,pos
FUN_004553,6,0.02564102564102564,0,pos,0,0.0,0,pos
FUN_010113,0,0.0,0,pos,0,0.0,0,pos
FUN_003773,0,0.0,0,pos,0,0.0,0,pos
FUN_016732,0,0.0,0,pos,0,0.0,0,pos
FUN_007129,0,0.0,0,pos,0,0.0,0,pos
FUN_008242,0,0.0,0,pos,0,0.0,0,pos
FUN_001926,0,0.0,0,pos,0,0.0,0,pos
FUN_007729,48,0.012903225806451613,1,pos_s0_e30,6,0.0016129032258064516,0,pos
FUN_002862,0,0.0,0,pos,0,0.0,0,pos
FUN_003230,0,0.0,0,pos,0,0.0,0,pos
FUN_003617,54,0.024193548387096774,1,pos_s288_e336,0,0.0,0,pos
FUN_004828,0,0.0,0,pos,0,0.0,0,pos
FUN_003784,0,0.0,0,pos,0,0.0,0,pos
FUN_007678,48,0.012903225806451613,1,pos_s2508_e2556,0,0.0,0,pos
FUN_000615,0,0.0,0,pos,0,0.0,0,pos
FUN_007070,0,0.0,0,pos,0,0.0,0,pos
FUN_009605,0,0.0,0,pos,0,0.0,0,pos
FUN_015842,0,0.0,0,pos,0,0.0,0,pos
FUN_012309,0,0.0,0,pos,0,0.0,0,pos
FUN_007363,276,0.13690476190476192,2,pos_s498_e642_s684_e726,126,0.0625,1,pos_s498_e624
FUN_001349,0,0.0,0,pos,0,0.0,0,pos
FUN_011213,0,0.0,0,pos,0,0.0,0,pos
FUN_004617,66,0.07236842105263158,1,pos_s708_e774,12,0.013157894736842105,0,pos
FUN_010672,264,0.09977324263038549,3,pos_s144_e180_s774_e852_s1038_e1158,126,0.047619047619047616,2,pos_s1074_e1122_s1128_e1158
FUN_007881,0,0.0,0,pos,0,0.0,0,pos
FUN_008671,0,0.0,0,pos,0,0.0,0,pos
FUN_001122,0,0.0,0,pos,0,0.0,0,pos
FUN_000397,12,0.012987012987012988,0,pos,0,0.0,0,pos
FUN_007253,0,0.0,0,pos,0,0.0,0,pos
FUN_004379,0,0.0,0,pos,0,0.0,0,pos
FUN_016409,0,0.0,0,pos,0,0.0,0,pos
FUN_005813,96,0.09302325581395349,2,pos_s804_e834_s882_e924,48,0.046511627906976744,0,pos
FUN_005982,0,0.0,0,pos,0,0.0,0,pos
FUN_003221,18,0.007334963325183374,0,pos,0,0.0,0,pos
FUN_001532,0,0.0,0,pos,0,0.0,0,pos
FUN_008443,0,0.0,0,pos,0,0.0,0,pos
FUN_009722,0,0.0,0,pos,0,0.0,0,pos
FUN_009265,0,0.0,0,pos,0,0.0,0,pos
FUN_003700,0,0.0,0,pos,0,0.0,0,pos
FUN_011576,0,0.0,0,pos,0,0.0,0,pos
FUN_015419,0,0.0,0,pos,0,0.0,0,pos
FUN_016617,0,0.0,0,pos,0,0.0,0,pos
FUN_015964,0,0.0,0,pos,0,0.0,0,pos
FUN_004992,282,0.17407407407407408,2,pos_s1068_e1128_s1362_e1476,144,0.08888888888888889,2,pos_s1074_e1116_s1380_e1452
FUN_015872,0,0.0,0,pos,0,0.0,0,pos
FUN_010462,54,0.060810810810810814,0,pos,0,0.0,0,pos
FUN_005846,120,0.046948356807511735,1,pos_s1824_e1920,6,0.002347417840375587,0,pos
FUN_016311,0,0.0,0,pos,0,0.0,0,pos
FUN_007367,642,0.4403292181069959,4,pos_s642_e684_s750_e864_s900_e954_s960_e1380,222,0.1522633744855967,4,pos_s798_e846_s1182_e1224_s1242_e1326_s1332_e1362
FUN_012403,24,0.0053404539385847796,0,pos,18,0.004005340453938585,0,pos
FUN_009093,42,0.042682926829268296,0,pos,0,0.0,0,pos
FUN_015496,0,0.0,0,pos,0,0.0,0,pos
FUN_004252,150,0.05296610169491525,3,pos_s876_e912_s1200_e1236_s2226_e2262,0,0.0,0,pos
FUN_010659,54,0.05056179775280899,1,pos_s36_e72,0,0.0,0,pos
FUN_010935,48,0.024615384615384615,1,pos_s912_e960,42,0.021538461538461538,1,pos_s912_e954
FUN_008957,0,0.0,0,pos,0,0.0,0,pos
FUN_007210,0,0.0,0,pos,0,0.0,0,pos
FUN_006955,0,0.0,0,pos,0,0.0,0,pos
FUN_000149,0,0.0,0,pos,0,0.0,0,pos
FUN_007079,96,0.04597701149425287,2,pos_s1014_e1062_s1908_e1944,18,0.008620689655172414,0,pos
FUN_002332,0,0.0,0,pos,0,0.0,0,pos
FUN_009182,0,0.0,0,pos,0,0.0,0,pos
FUN_008167,12,0.012269938650306749,0,pos,0,0.0,0,pos
FUN_001109,6,0.004878048780487805,0,pos,0,0.0,0,pos
FUN_000502,0,0.0,0,pos,0,0.0,0,pos
FUN_004878,0,0.0,0,pos,0,0.0,0,pos
FUN_010853,0,0.0,0,pos,0,0.0,0,pos
FUN_000814,30,0.020161290322580645,1,pos_s1248_e1278,0,0.0,0,pos
FUN_006412,0,0.0,0,pos,0,0.0,0,pos
FUN_006203,0,0.0,0,pos,0,0.0,0,pos
FUN_004900,0,0.0,0,pos,0,0.0,0,pos
FUN_016086,0,0.0,0,pos,0,0.0,0,pos
FUN_016408,0,0.0,0,pos,0,0.0,0,pos
FUN_006846,0,0.0,0,pos,0,0.0,0,pos
FUN_016387,0,0.0,0,pos,0,0.0,0,pos
FUN_011322,0,0.0,0,pos,0,0.0,0,pos
FUN_007517,18,0.06666666666666667,0,pos,0,0.0,0,pos
FUN_008715,0,0.0,0,pos,0,0.0,0,pos
FUN_015353,0,0.0,0,pos,0,0.0,0,pos
FUN_000131,144,0.015,2,pos_s5712_e5766_s6810_e6852,6,0.000625,0,pos
FUN_008047,0,0.0,0,pos,0,0.0,0,pos
FUN_000621,156,0.007305422871593144,1,pos_s2964_e3042,54,0.002528800224782242,1,pos_s2994_e3030
FUN_016443,0,0.0,0,pos,0,0.0,0,pos
FUN_009071,0,0.0,0,pos,0,0.0,0,pos
FUN_010512,0,0.0,0,pos,0,0.0,0,pos
FUN_002118,0,0.0,0,pos,0,0.0,0,pos
FUN_008570,0,0.0,0,pos,0,0.0,0,pos
FUN_003140,72,0.056074766355140186,1,pos_s1188_e1254,54,0.04205607476635514,1,pos_s1206_e1254
FUN_015314,0,0.0,0,pos,0,0.0,0,pos
FUN_010141,0,0.0,0,pos,0,0.0,0,pos
FUN_004703,0,0.0,0,pos,0,0.0,0,pos
FUN_011621,0,0.0,0,pos,0,0.0,0,pos
FUN_007429,0,0.0,0,pos,0,0.0,0,pos
FUN_009217,0,0.0,0,pos,0,0.0,0,pos
FUN_000777,0,0.0,0,pos,0,0.0,0,pos
FUN_001177,90,0.1724137931034483,1,pos_s6_e96,0,0.0,0,pos
FUN_003986,30,0.031055900621118012,1,pos_s762_e792,0,0.0,0,pos
FUN_006720,114,0.07279693486590039,1,pos_s1116_e1230,72,0.04597701149425287,1,pos_s1128_e1200
FUN_001374,0,0.0,0,pos,0,0.0,0,pos
FUN_008923,0,0.0,0,pos,0,0.0,0,pos
FUN_004368,0,0.0,0,pos,0,0.0,0,pos
FUN_016880,0,0.0,0,pos,0,0.0,0,pos
FUN_003776,0,0.0,0,pos,0,0.0,0,pos
FUN_016217,0,0.0,0,pos,0,0.0,0,pos
FUN_015830,0,0.0,0,pos,0,0.0,0,pos
FUN_011605,0,0.0,0,pos,0,0.0,0,pos
FUN_006689,0,0.0,0,pos,0,0.0,0,pos
FUN_016099,0,0.0,0,pos,0,0.0,0,pos
FUN_000117,120,0.078125,1,pos_s810_e906,36,0.0234375,0,pos
FUN_001419,0,0.0,0,pos,0,0.0,0,pos
FUN_008707,0,0.0,0,pos,0,0.0,0,pos
FUN_008700,0,0.0,0,pos,0,0.0,0,pos
FUN_010269,0,0.0,0,pos,0,0.0,0,pos
FUN_016170,0,0.0,0,pos,0,0.0,0,pos
FUN_015480,0,0.0,0,pos,0,0.0,0,pos
FUN_001508,0,0.0,0,pos,0,0.0,0,pos
FUN_004542,150,0.1773049645390071,1,pos_s540_e690,144,0.1702127659574468,1,pos_s546_e690
FUN_004913,0,0.0,0,pos,0,0.0,0,pos
FUN_011533,0,0.0,0,pos,0,0.0,0,pos
FUN_003781,60,0.03257328990228013,1,pos_s1740_e1776,0,0.0,0,pos
FUN_015409,0,0.0,0,pos,0,0.0,0,pos
FUN_015458,0,0.0,0,pos,0,0.0,0,pos
FUN_007737,0,0.0,0,pos,0,0.0,0,pos
FUN_008458,0,0.0,0,pos,0,0.0,0,pos
FUN_010180,0,0.0,0,pos,0,0.0,0,pos
FUN_009193,0,0.0,0,pos,0,0.0,0,pos
FUN_003010,6,0.0055248618784530384,0,pos,0,0.0,0,pos
FUN_007320,18,0.00872093023255814,0,pos,0,0.0,0,pos
FUN_016412,0,0.0,0,pos,0,0.0,0,pos
FUN_000700,0,0.0,0,pos,0,0.0,0,pos
FUN_007094,0,0.0,0,pos,0,0.0,0,pos
FUN_011881,0,0.0,0,pos,0,0.0,0,pos
FUN_010217,0,0.0,0,pos,0,0.0,0,pos
FUN_003984,0,0.0,0,pos,0,0.0,0,pos
FUN_000428,0,0.0,0,pos,0,0.0,0,pos
FUN_010472,126,0.019662921348314606,3,pos_s582_e612_s3096_e3156_s4140_e4176,12,0.0018726591760299626,0,pos
FUN_016640,0,0.0,0,pos,0,0.0,0,pos
FUN_005407,0,0.0,0,pos,0,0.0,0,pos
FUN_016839,0,0.0,0,pos,0,0.0,0,pos
FUN_005686,0,0.0,0,pos,0,0.0,0,pos
FUN_002235,0,0.0,0,pos,0,0.0,0,pos
FUN_007027,0,0.0,0,pos,0,0.0,0,pos
FUN_011299,60,0.09803921568627451,1,pos_s174_e228,0,0.0,0,pos
FUN_004680,18,0.009771986970684038,0,pos,0,0.0,0,pos
FUN_007110,0,0.0,0,pos,0,0.0,0,pos
FUN_006041,0,0.0,0,pos,0,0.0,0,pos
FUN_009649,66,0.18032786885245902,1,pos_s234_e282,0,0.0,0,pos
FUN_002516,0,0.0,0,pos,0,0.0,0,pos
FUN_003587,0,0.0,0,pos,0,0.0,0,pos
FUN_016580,0,0.0,0,pos,0,0.0,0,pos
FUN_010692,0,0.0,0,pos,0,0.0,0,pos
FUN_001425,12,0.002002002002002002,0,pos,0,0.0,0,pos
FUN_011115,0,0.0,0,pos,0,0.0,0,pos
FUN_016410,0,0.0,0,pos,0,0.0,0,pos
FUN_006840,0,0.0,0,pos,0,0.0,0,pos
FUN_008702,0,0.0,0,pos,0,0.0,0,pos
FUN_004048,30,0.015197568389057751,1,pos_s0_e30,0,0.0,0,pos
FUN_008210,1110,0.08196721311475409,13,pos_s828_e1008_s1374_e1404_s2352_e2394_s10074_e10104_s10158_e10188_s10374_e10428_s10470_e10674_s11172_e11280_s11364_e11418_s11496_e11568_s12342_e12420_s12594_e12630_s13158_e13212,486,0.0358883473637572,5,pos_s864_e912_s10470_e10560_s10572_e10644_s11172_e11256_s11496_e11526
FUN_005285,0,0.0,0,pos,0,0.0,0,pos
FUN_007799,0,0.0,0,pos,0,0.0,0,pos
FUN_003448,0,0.0,0,pos,0,0.0,0,pos
FUN_015888,0,0.0,0,pos,0,0.0,0,pos
FUN_001494,12,0.013422818791946308,0,pos,6,0.006711409395973154,0,pos
FUN_012521,0,0.0,0,pos,0,0.0,0,pos
FUN_012370,0,0.0,0,pos,0,0.0,0,pos
FUN_011624,0,0.0,0,pos,0,0.0,0,pos
FUN_011324,0,0.0,0,pos,0,0.0,0,pos
FUN_002140,0,0.0,0,pos,0,0.0,0,pos
FUN_001406,0,0.0,0,pos,0,0.0,0,pos
FUN_010146,0,0.0,0,pos,0,0.0,0,pos
FUN_005553,0,0.0,0,pos,0,0.0,0,pos
FUN_008998,0,0.0,0,pos,0,0.0,0,pos
FUN_005709,0,0.0,0,pos,0,0.0,0,pos
FUN_010884,12,0.015748031496062992,0,pos,0,0.0,0,pos
FUN_004157,6,0.003289473684210526,0,pos,0,0.0,0,pos
FUN_008895,0,0.0,0,pos,0,0.0,0,pos
FUN_010905,0,0.0,0,pos,0,0.0,0,pos
FUN_009585,0,0.0,0,pos,0,0.0,0,pos
FUN_010309,180,0.020366598778004074,3,pos_s2832_e2934_s8124_e8166_s8184_e8214,54,0.006109979633401222,1,pos_s2880_e2934
FUN_003591,0,0.0,0,pos,0,0.0,0,pos
FUN_004888,0,0.0,0,pos,0,0.0,0,pos
FUN_008672,0,0.0,0,pos,0,0.0,0,pos
FUN_003376,12,0.011560693641618497,0,pos,0,0.0,0,pos
FUN_006688,0,0.0,0,pos,0,0.0,0,pos
FUN_016130,0,0.0,0,pos,0,0.0,0,pos
FUN_006834,0,0.0,0,pos,0,0.0,0,pos
FUN_002605,0,0.0,0,pos,0,0.0,0,pos
FUN_002537,0,0.0,0,pos,0,0.0,0,pos
FUN_010163,30,0.015772870662460567,1,pos_s162_e192,0,0.0,0,pos
FUN_006589,120,0.05970149253731343,1,pos_s288_e408,96,0.04776119402985075,1,pos_s312_e408
FUN_008010,12,0.007434944237918215,0,pos,0,0.0,0,pos
FUN_008705,0,0.0,0,pos,0,0.0,0,pos
FUN_008903,0,0.0,0,pos,0,0.0,0,pos
FUN_006406,66,0.06111111111111111,1,pos_s444_e510,0,0.0,0,pos
FUN_008195,6,0.0033112582781456954,0,pos,0,0.0,0,pos
FUN_003061,0,0.0,0,pos,0,0.0,0,pos
FUN_004768,0,0.0,0,pos,0,0.0,0,pos
FUN_004533,66,0.03618421052631579,1,pos_s1332_e1374,30,0.01644736842105263,0,pos
FUN_001284,72,0.029484029484029485,1,pos_s2196_e2250,0,0.0,0,pos
FUN_011729,0,0.0,0,pos,0,0.0,0,pos
FUN_015660,0,0.0,0,pos,0,0.0,0,pos
FUN_010834,0,0.0,0,pos,0,0.0,0,pos
FUN_006147,0,0.0,0,pos,0,0.0,0,pos
FUN_010257,0,0.0,0,pos,0,0.0,0,pos
FUN_003938,0,0.0,0,pos,0,0.0,0,pos
FUN_010906,0,0.0,0,pos,0,0.0,0,pos
FUN_010208,0,0.0,0,pos,0,0.0,0,pos
FUN_006434,0,0.0,0,pos,0,0.0,0,pos
FUN_001547,0,0.0,0,pos,0,0.0,0,pos
FUN_009945,0,0.0,0,pos,0,0.0,0,pos
FUN_003936,0,0.0,0,pos,0,0.0,0,pos
FUN_012087,0,0.0,0,pos,0,0.0,0,pos
FUN_006066,0,0.0,0,pos,0,0.0,0,pos
FUN_016382,0,0.0,0,pos,0,0.0,0,pos
FUN_006476,0,0.0,0,pos,0,0.0,0,pos
FUN_009207,0,0.0,0,pos,0,0.0,0,pos
FUN_005667,0,0.0,0,pos,0,0.0,0,pos
FUN_009889,48,0.1095890410958904,1,pos_s192_e240,0,0.0,0,pos
FUN_002283,0,0.0,0,pos,0,0.0,0,pos
FUN_009577,114,0.06129032258064516,1,pos_s150_e234,36,0.01935483870967742,1,pos_s150_e186
FUN_007912,30,0.020833333333333332,0,pos,0,0.0,0,pos
FUN_009166,30,0.014326647564469915,0,pos,6,0.0028653295128939827,0,pos
FUN_007205,0,0.0,0,pos,0,0.0,0,pos
FUN_005913,0,0.0,0,pos,0,0.0,0,pos
FUN_016662,0,0.0,0,pos,0,0.0,0,pos
FUN_006507,0,0.0,0,pos,0,0.0,0,pos
FUN_008330,0,0.0,0,pos,0,0.0,0,pos
FUN_009590,0,0.0,0,pos,0,0.0,0,pos
FUN_011882,0,0.0,0,pos,0,0.0,0,pos
FUN_002505,0,0.0,0,pos,0,0.0,0,pos
FUN_009633,60,0.010857763300760043,0,pos,0,0.0,0,pos
FUN_003618,0,0.0,0,pos,0,0.0,0,pos
FUN_004033,0,0.0,0,pos,0,0.0,0,pos
FUN_002961,0,0.0,0,pos,0,0.0,0,pos
FUN_004155,24,0.04,0,pos,0,0.0,0,pos
FUN_000358,0,0.0,0,pos,0,0.0,0,pos
FUN_010767,0,0.0,0,pos,0,0.0,0,pos
FUN_007846,0,0.0,0,pos,0,0.0,0,pos
FUN_002606,0,0.0,0,pos,0,0.0,0,pos
FUN_001548,0,0.0,0,pos,0,0.0,0,pos
FUN_008137,0,0.0,0,pos,0,0.0,0,pos
FUN_003360,0,0.0,0,pos,0,0.0,0,pos
FUN_001246,0,0.0,0,pos,0,0.0,0,pos
FUN_001081,0,0.0,0,pos,0,0.0,0,pos
FUN_004315,30,0.017123287671232876,1,pos_s240_e270,6,0.003424657534246575,0,pos
FUN_016335,0,0.0,0,pos,0,0.0,0,pos
FUN_016582,0,0.0,0,pos,0,0.0,0,pos
FUN_003022,6,0.018867924528301886,0,pos,0,0.0,0,pos
FUN_007130,0,0.0,0,pos,0,0.0,0,pos
FUN_015720,0,0.0,0,pos,0,0.0,0,pos
FUN_016267,0,0.0,0,pos,0,0.0,0,pos
FUN_000326,108,0.009095502779181405,2,pos_s3270_e3300_s3348_e3384,6,0.0005053057099545225,0,pos
FUN_006276,0,0.0,0,pos,0,0.0,0,pos
FUN_002598,0,0.0,0,pos,0,0.0,0,pos
FUN_009078,6,0.01020408163265306,0,pos,0,0.0,0,pos
FUN_002496,0,0.0,0,pos,0,0.0,0,pos
FUN_001952,174,0.06304347826086956,2,pos_s2064_e2100_s2274_e2376,102,0.03695652173913044,1,pos_s2274_e2376
FUN_001497,276,0.3129251700680272,3,pos_s276_e414_s582_e624_s732_e816,204,0.23129251700680273,2,pos_s306_e414_s732_e816
FUN_003696,0,0.0,0,pos,0,0.0,0,pos
FUN_008157,84,0.03617571059431524,2,pos_s564_e594_s1968_e1998,6,0.002583979328165375,0,pos
FUN_004501,12,0.006644518272425249,0,pos,0,0.0,0,pos
FUN_003281,84,0.07142857142857142,2,pos_s66_e96_s426_e456,30,0.025510204081632654,1,pos_s66_e96
FUN_006566,12,0.0041753653444676405,0,pos,0,0.0,0,pos
FUN_008701,0,0.0,0,pos,0,0.0,0,pos
FUN_003291,0,0.0,0,pos,0,0.0,0,pos
FUN_015544,0,0.0,0,pos,0,0.0,0,pos
FUN_002204,0,0.0,0,pos,0,0.0,0,pos
FUN_009258,6,0.0033003300330033004,0,pos,0,0.0,0,pos
FUN_009710,24,0.017699115044247787,0,pos,0,0.0,0,pos
FUN_004514,0,0.0,0,pos,0,0.0,0,pos
FUN_010487,216,0.1245674740484429,3,pos_s558_e600_s672_e708_s1020_e1074,18,0.010380622837370242,0,pos
FUN_005819,0,0.0,0,pos,0,0.0,0,pos
FUN_005469,0,0.0,0,pos,0,0.0,0,pos
FUN_000166,6,0.004807692307692308,0,pos,0,0.0,0,pos
FUN_004751,0,0.0,0,pos,0,0.0,0,pos
FUN_000470,0,0.0,0,pos,0,0.0,0,pos
FUN_001812,0,0.0,0,pos,0,0.0,0,pos
FUN_000354,0,0.0,0,pos,0,0.0,0,pos
FUN_003841,144,0.13043478260869565,2,pos_s90_e132_s1002_e1068,0,0.0,0,pos
FUN_002372,0,0.0,0,pos,0,0.0,0,pos
FUN_009857,0,0.0,0,pos,0,0.0,0,pos
FUN_004159,0,0.0,0,pos,0,0.0,0,pos
FUN_002658,54,0.06666666666666667,0,pos,0,0.0,0,pos
FUN_001100,36,0.018404907975460124,1,pos_s1872_e1908,18,0.009202453987730062,0,pos
FUN_002397,30,0.027472527472527472,1,pos_s0_e30,0,0.0,0,pos
FUN_000631,6,0.003937007874015748,0,pos,0,0.0,0,pos
FUN_005181,0,0.0,0,pos,0,0.0,0,pos
FUN_004832,0,0.0,0,pos,0,0.0,0,pos
FUN_010715,0,0.0,0,pos,0,0.0,0,pos
FUN_003189,0,0.0,0,pos,0,0.0,0,pos
FUN_005394,0,0.0,0,pos,0,0.0,0,pos
FUN_005649,0,0.0,0,pos,0,0.0,0,pos
FUN_004443,0,0.0,0,pos,0,0.0,0,pos
FUN_001263,0,0.0,0,pos,0,0.0,0,pos
FUN_011428,0,0.0,0,pos,0,0.0,0,pos
FUN_015851,0,0.0,0,pos,0,0.0,0,pos
FUN_010592,0,0.0,0,pos,0,0.0,0,pos
FUN_008950,0,0.0,0,pos,0,0.0,0,pos
FUN_008822,132,0.20952380952380953,2,pos_s282_e378_s498_e534,12,0.01904761904761905,0,pos
FUN_010826,0,0.0,0,pos,0,0.0,0,pos
FUN_005033,30,0.030120481927710843,1,pos_s582_e612,0,0.0,0,pos
FUN_004792,0,0.0,0,pos,0,0.0,0,pos
FUN_000418,150,0.04672897196261682,2,pos_s2796_e2844_s2856_e2952,108,0.03364485981308411,1,pos_s2856_e2952
FUN_008192,0,0.0,0,pos,0,0.0,0,pos
FUN_015743,0,0.0,0,pos,0,0.0,0,pos
FUN_009737,0,0.0,0,pos,0,0.0,0,pos
FUN_002054,24,0.02666666666666667,0,pos,12,0.013333333333333334,0,pos
FUN_000745,0,0.0,0,pos,0,0.0,0,pos
FUN_009206,42,0.027131782945736434,1,pos_s894_e930,0,0.0,0,pos
FUN_016166,0,0.0,0,pos,0,0.0,0,pos
FUN_002820,0,0.0,0,pos,0,0.0,0,pos
FUN_001792,0,0.0,0,pos,0,0.0,0,pos
FUN_011372,0,0.0,0,pos,0,0.0,0,pos
FUN_007522,0,0.0,0,pos,0,0.0,0,pos
FUN_015533,114,0.0389344262295082,1,pos_s786_e900,114,0.0389344262295082,1,pos_s786_e900
FUN_016277,0,0.0,0,pos,0,0.0,0,pos
FUN_002846,18,0.02912621359223301,0,pos,0,0.0,0,pos
FUN_016220,0,0.0,0,pos,0,0.0,0,pos
FUN_000495,0,0.0,0,pos,0,0.0,0,pos
FUN_002037,12,0.011049723756906077,0,pos,0,0.0,0,pos
FUN_011840,0,0.0,0,pos,0,0.0,0,pos
FUN_003217,0,0.0,0,pos,0,0.0,0,pos
FUN_001992,0,0.0,0,pos,0,0.0,0,pos
FUN_000659,0,0.0,0,pos,0,0.0,0,pos
FUN_012522,0,0.0,0,pos,0,0.0,0,pos
FUN_010175,24,0.014084507042253521,0,pos,18,0.01056338028169014,0,pos
FUN_015987,0,0.0,0,pos,0,0.0,0,pos
FUN_009496,96,0.02882882882882883,1,pos_s1584_e1638,6,0.0018018018018018018,0,pos
FUN_004118,0,0.0,0,pos,0,0.0,0,pos
FUN_009674,0,0.0,0,pos,0,0.0,0,pos
FUN_003461,60,0.013175230566534914,1,pos_s3534_e3564,6,0.0013175230566534915,0,pos
FUN_001176,66,0.021739130434782608,1,pos_s390_e444,18,0.005928853754940711,0,pos
FUN_010203,72,0.0392156862745098,1,pos_s1620_e1668,0,0.0,0,pos
FUN_000162,66,0.02570093457943925,1,pos_s2502_e2532,0,0.0,0,pos
FUN_007759,0,0.0,0,pos,0,0.0,0,pos
FUN_008040,0,0.0,0,pos,0,0.0,0,pos
FUN_008098,0,0.0,0,pos,0,0.0,0,pos
FUN_007157,18,0.016483516483516484,0,pos,12,0.01098901098901099,0,pos
FUN_009514,0,0.0,0,pos,0,0.0,0,pos
FUN_000032,0,0.0,0,pos,0,0.0,0,pos
FUN_008076,12,0.006134969325153374,0,pos,0,0.0,0,pos
FUN_006880,96,0.07729468599033816,2,pos_s84_e138_s180_e210,6,0.004830917874396135,0,pos
FUN_016190,0,0.0,0,pos,0,0.0,0,pos
FUN_008016,0,0.0,0,pos,0,0.0,0,pos
FUN_009149,144,0.07523510971786834,2,pos_s570_e618_s1158_e1254,72,0.03761755485893417,1,pos_s1158_e1230
FUN_007509,0,0.0,0,pos,0,0.0,0,pos
FUN_001256,72,0.029484029484029485,1,pos_s222_e282,18,0.007371007371007371,0,pos
FUN_001363,0,0.0,0,pos,0,0.0,0,pos
FUN_016413,0,0.0,0,pos,0,0.0,0,pos
FUN_002971,0,0.0,0,pos,0,0.0,0,pos
FUN_015836,0,0.0,0,pos,0,0.0,0,pos
FUN_001343,0,0.0,0,pos,0,0.0,0,pos
FUN_000206,66,0.010018214936247723,1,pos_s1788_e1842,0,0.0,0,pos
FUN_000057,0,0.0,0,pos,0,0.0,0,pos
FUN_005771,78,0.04513888888888889,2,pos_s0_e36_s48_e84,36,0.020833333333333332,1,pos_s0_e36
FUN_012323,0,0.0,0,pos,0,0.0,0,pos
FUN_007746,0,0.0,0,pos,0,0.0,0,pos
FUN_005742,0,0.0,0,pos,0,0.0,0,pos
FUN_003755,0,0.0,0,pos,0,0.0,0,pos
FUN_002115,0,0.0,0,pos,0,0.0,0,pos
FUN_008118,174,0.07160493827160494,2,pos_s0_e84_s276_e366,18,0.007407407407407408,0,pos
FUN_004408,0,0.0,0,pos,0,0.0,0,pos
FUN_004995,0,0.0,0,pos,0,0.0,0,pos
FUN_002825,0,0.0,0,pos,0,0.0,0,pos
FUN_001209,0,0.0,0,pos,0,0.0,0,pos
FUN_007277,114,0.07063197026022305,1,pos_s1446_e1560,54,0.03345724907063197,1,pos_s1464_e1518
FUN_005415,24,0.031496062992125984,0,pos,0,0.0,0,pos
FUN_006022,0,0.0,0,pos,0,0.0,0,pos
FUN_005615,0,0.0,0,pos,0,0.0,0,pos
FUN_003429,348,0.05811623246492986,4,pos_s1746_e1884_s2934_e2976_s3288_e3342_s3882_e3912,162,0.027054108216432865,1,pos_s1800_e1866
FUN_003575,18,0.02857142857142857,0,pos,18,0.02857142857142857,0,pos
FUN_006300,0,0.0,0,pos,0,0.0,0,pos
FUN_004030,0,0.0,0,pos,0,0.0,0,pos
FUN_015734,0,0.0,0,pos,0,0.0,0,pos
FUN_007983,0,0.0,0,pos,0,0.0,0,pos
FUN_001354,0,0.0,0,pos,0,0.0,0,pos
FUN_003864,0,0.0,0,pos,0,0.0,0,pos
FUN_003330,24,0.007054673721340388,0,pos,0,0.0,0,pos
FUN_003642,0,0.0,0,pos,0,0.0,0,pos
FUN_011120,0,0.0,0,pos,0,0.0,0,pos
FUN_002470,0,0.0,0,pos,0,0.0,0,pos
FUN_010102,0,0.0,0,pos,0,0.0,0,pos
FUN_008653,24,0.025,0,pos,12,0.0125,0,pos
FUN_005625,0,0.0,0,pos,0,0.0,0,pos
FUN_002134,108,0.09574468085106383,1,pos_s582_e690,36,0.031914893617021274,0,pos
FUN_000408,6,0.0010256410256410256,0,pos,0,0.0,0,pos
FUN_010077,0,0.0,0,pos,0,0.0,0,pos
FUN_008271,0,0.0,0,pos,0,0.0,0,pos
FUN_001207,186,0.03939008894536213,2,pos_s60_e168_s642_e720,84,0.017789072426937738,1,pos_s66_e150
FUN_010771,0,0.0,0,pos,0,0.0,0,pos
FUN_001331,12,0.046511627906976744,0,pos,0,0.0,0,pos
FUN_005814,0,0.0,0,pos,0,0.0,0,pos
FUN_011165,114,0.04834605597964377,1,pos_s96_e210,6,0.002544529262086514,0,pos
FUN_015395,0,0.0,0,pos,0,0.0,0,pos
FUN_000343,96,0.03389830508474576,1,pos_s72_e114,0,0.0,0,pos
FUN_009356,324,0.45,3,pos_s18_e90_s186_e354_s360_e432,18,0.025,0,pos
FUN_001746,0,0.0,0,pos,0,0.0,0,pos
FUN_008257,0,0.0,0,pos,0,0.0,0,pos
FUN_016480,0,0.0,0,pos,0,0.0,0,pos
FUN_012146,0,0.0,0,pos,0,0.0,0,pos
FUN_004404,180,0.08797653958944282,3,pos_s1374_e1434_s1584_e1650_s1668_e1716,72,0.03519061583577713,1,pos_s1602_e1650
FUN_012381,0,0.0,0,pos,0,0.0,0,pos
FUN_016511,0,0.0,0,pos,0,0.0,0,pos
FUN_012340,0,0.0,0,pos,0,0.0,0,pos
FUN_010187,0,0.0,0,pos,0,0.0,0,pos
FUN_004245,0,0.0,0,pos,0,0.0,0,pos
FUN_006512,0,0.0,0,pos,0,0.0,0,pos
FUN_010145,12,0.15384615384615385,0,pos,0,0.0,0,pos
FUN_000894,66,0.0016523959741625357,1,pos_s27552_e27612,0,0.0,0,pos
FUN_001202,0,0.0,0,pos,0,0.0,0,pos
FUN_011489,12,0.09090909090909091,0,pos,6,0.045454545454545456,0,pos
FUN_004776,0,0.0,0,pos,0,0.0,0,pos
FUN_008015,0,0.0,0,pos,0,0.0,0,pos
FUN_012093,0,0.0,0,pos,0,0.0,0,pos
FUN_016861,0,0.0,0,pos,0,0.0,0,pos
FUN_004474,0,0.0,0,pos,0,0.0,0,pos
FUN_004802,66,0.052132701421800945,1,pos_s804_e852,48,0.037914691943127965,1,pos_s804_e852
FUN_007752,12,0.013157894736842105,0,pos,0,0.0,0,pos
FUN_003405,18,0.013574660633484163,0,pos,0,0.0,0,pos
FUN_007696,0,0.0,0,pos,0,0.0,0,pos
FUN_015834,0,0.0,0,pos,0,0.0,0,pos
FUN_002256,174,0.050522648083623695,3,pos_s534_e570_s2760_e2796_s3144_e3186,0,0.0,0,pos
FUN_008001,0,0.0,0,pos,0,0.0,0,pos
FUN_007089,0,0.0,0,pos,0,0.0,0,pos
FUN_011852,0,0.0,0,pos,0,0.0,0,pos
FUN_012490,0,0.0,0,pos,0,0.0,0,pos
FUN_016393,0,0.0,0,pos,0,0.0,0,pos
FUN_006080,0,0.0,0,pos,0,0.0,0,pos
FUN_003161,0,0.0,0,pos,0,0.0,0,pos
FUN_010832,84,0.024179620034542316,2,pos_s1272_e1302_s1770_e1800,0,0.0,0,pos
FUN_005435,0,0.0,0,pos,0,0.0,0,pos
FUN_009348,12,0.007692307692307693,0,pos,0,0.0,0,pos
FUN_004463,0,0.0,0,pos,0,0.0,0,pos
FUN_006962,36,0.012578616352201259,1,pos_s1290_e1320,0,0.0,0,pos
FUN_015443,78,0.028761061946902654,1,pos_s2538_e2574,24,0.008849557522123894,0,pos
FUN_005902,0,0.0,0,pos,0,0.0,0,pos
FUN_003534,36,0.023076923076923078,0,pos,0,0.0,0,pos
FUN_012412,0,0.0,0,pos,0,0.0,0,pos
FUN_004115,0,0.0,0,pos,0,0.0,0,pos
FUN_001417,0,0.0,0,pos,0,0.0,0,pos
FUN_016274,0,0.0,0,pos,0,0.0,0,pos
FUN_006709,0,0.0,0,pos,0,0.0,0,pos
FUN_009865,0,0.0,0,pos,0,0.0,0,pos
FUN_008550,0,0.0,0,pos,0,0.0,0,pos
FUN_002978,120,0.0392156862745098,2,pos_s2628_e2700_s2778_e2826,18,0.0058823529411764705,0,pos
FUN_007321,0,0.0,0,pos,0,0.0,0,pos
FUN_003865,18,0.009868421052631578,0,pos,0,0.0,0,pos
FUN_000719,0,0.0,0,pos,0,0.0,0,pos
FUN_007090,102,0.038461538461538464,1,pos_s744_e828,0,0.0,0,pos
FUN_011756,0,0.0,0,pos,0,0.0,0,pos
FUN_009877,0,0.0,0,pos,0,0.0,0,pos
FUN_002133,6,0.008695652173913044,0,pos,0,0.0,0,pos
FUN_003798,0,0.0,0,pos,0,0.0,0,pos
FUN_004631,0,0.0,0,pos,0,0.0,0,pos
FUN_015694,0,0.0,0,pos,0,0.0,0,pos
FUN_016486,0,0.0,0,pos,0,0.0,0,pos
FUN_006499,0,0.0,0,pos,0,0.0,0,pos
FUN_016801,0,0.0,0,pos,0,0.0,0,pos
FUN_007600,198,0.09969788519637462,2,pos_s702_e846_s1698_e1740,96,0.04833836858006042,1,pos_s708_e792
FUN_010973,0,0.0,0,pos,0,0.0,0,pos
FUN_002947,0,0.0,0,pos,0,0.0,0,pos
FUN_016411,0,0.0,0,pos,0,0.0,0,pos
FUN_005797,0,0.0,0,pos,0,0.0,0,pos
FUN_008045,18,0.008086253369272238,0,pos,0,0.0,0,pos
FUN_012088,0,0.0,0,pos,0,0.0,0,pos
FUN_003132,0,0.0,0,pos,0,0.0,0,pos
FUN_016394,0,0.0,0,pos,0,0.0,0,pos
FUN_006535,0,0.0,0,pos,0,0.0,0,pos
FUN_011204,0,0.0,0,pos,0,0.0,0,pos
FUN_004163,12,0.007246376811594203,0,pos,0,0.0,0,pos
FUN_000768,0,0.0,0,pos,0,0.0,0,pos
FUN_003278,18,0.005084745762711864,0,pos,0,0.0,0,pos
FUN_011943,0,0.0,0,pos,0,0.0,0,pos
FUN_003268,0,0.0,0,pos,0,0.0,0,pos
FUN_010100,0,0.0,0,pos,0,0.0,0,pos
FUN_005432,0,0.0,0,pos,0,0.0,0,pos
FUN_011842,0,0.0,0,pos,0,0.0,0,pos
FUN_005337,0,0.0,0,pos,0,0.0,0,pos
FUN_001515,0,0.0,0,pos,0,0.0,0,pos
FUN_007008,12,0.00881057268722467,0,pos,0,0.0,0,pos
FUN_010690,54,0.04186046511627907,1,pos_s1110_e1152,0,0.0,0,pos
FUN_005590,114,0.13768115942028986,1,pos_s672_e780,6,0.007246376811594203,0,pos
FUN_000480,114,0.047979797979797977,1,pos_s444_e540,42,0.017676767676767676,1,pos_s450_e492
FUN_003610,18,0.01744186046511628,0,pos,0,0.0,0,pos
FUN_002489,54,0.013043478260869565,0,pos,0,0.0,0,pos
FUN_002254,6,0.004329004329004329,0,pos,0,0.0,0,pos
FUN_000882,0,0.0,0,pos,0,0.0,0,pos
FUN_016175,0,0.0,0,pos,0,0.0,0,pos
FUN_004145,0,0.0,0,pos,0,0.0,0,pos
FUN_003257,0,0.0,0,pos,0,0.0,0,pos
FUN_011561,0,0.0,0,pos,0,0.0,0,pos
FUN_008757,0,0.0,0,pos,0,0.0,0,pos
FUN_007535,144,0.033707865168539325,3,pos_s1008_e1044_s1536_e1566_s2028_e2058,30,0.007022471910112359,0,pos
FUN_015595,0,0.0,0,pos,0,0.0,0,pos
FUN_003684,0,0.0,0,pos,0,0.0,0,pos
FUN_011476,0,0.0,0,pos,0,0.0,0,pos
FUN_011414,210,0.15021459227467812,3,pos_s0_e36_s54_e138_s924_e1014,186,0.13304721030042918,3,pos_s0_e36_s54_e126_s948_e1014
FUN_002291,0,0.0,0,pos,0,0.0,0,pos
FUN_002525,24,0.002044989775051125,0,pos,0,0.0,0,pos
FUN_009962,0,0.0,0,pos,0,0.0,0,pos
FUN_003063,0,0.0,0,pos,0,0.0,0,pos
FUN_006047,228,0.042458100558659215,3,pos_s1308_e1344_s1746_e1812_s3858_e3948,42,0.00782122905027933,0,pos
FUN_009677,0,0.0,0,pos,0,0.0,0,pos
FUN_009712,0,0.0,0,pos,0,0.0,0,pos
FUN_008500,0,0.0,0,pos,0,0.0,0,pos
FUN_007224,0,0.0,0,pos,0,0.0,0,pos
FUN_011198,6,0.0045045045045045045,0,pos,0,0.0,0,pos
FUN_007013,0,0.0,0,pos,0,0.0,0,pos
FUN_005476,0,0.0,0,pos,0,0.0,0,pos
FUN_001773,0,0.0,0,pos,0,0.0,0,pos
FUN_002594,0,0.0,0,pos,0,0.0,0,pos
FUN_006059,330,0.3819444444444444,2,pos_s24_e174_s240_e402,138,0.1597222222222222,2,pos_s24_e66_s126_e156
FUN_001624,42,0.02681992337164751,1,pos_s480_e510,0,0.0,0,pos
FUN_006177,114,0.06070287539936102,2,pos_s0_e42_s804_e834,0,0.0,0,pos
FUN_006353,12,0.007067137809187279,0,pos,6,0.0035335689045936395,0,pos
FUN_001489,0,0.0,0,pos,0,0.0,0,pos
FUN_006237,0,0.0,0,pos,0,0.0,0,pos
FUN_007265,0,0.0,0,pos,0,0.0,0,pos
FUN_004382,0,0.0,0,pos,0,0.0,0,pos
FUN_012057,0,0.0,0,pos,0,0.0,0,pos
FUN_005931,42,0.024734982332155476,0,pos,12,0.007067137809187279,0,pos
FUN_008773,18,0.017964071856287425,0,pos,6,0.005988023952095809,0,pos
FUN_003340,198,0.04796511627906977,2,pos_s774_e834_s1260_e1326,54,0.01308139534883721,1,pos_s774_e810
FUN_006032,0,0.0,0,pos,0,0.0,0,pos
FUN_015523,0,0.0,0,pos,0,0.0,0,pos
FUN_008939,186,0.07598039215686274,3,pos_s96_e168_s174_e216_s2052_e2106,6,0.0024509803921568627,0,pos
FUN_001674,0,0.0,0,pos,0,0.0,0,pos
FUN_005767,0,0.0,0,pos,0,0.0,0,pos
FUN_003797,6,0.0017421602787456446,0,pos,0,0.0,0,pos
FUN_009230,0,0.0,0,pos,0,0.0,0,pos
FUN_016293,0,0.0,0,pos,0,0.0,0,pos
FUN_006209,0,0.0,0,pos,0,0.0,0,pos
FUN_000181,0,0.0,0,pos,0,0.0,0,pos
FUN_000917,0,0.0,0,pos,0,0.0,0,pos
FUN_007716,0,0.0,0,pos,0,0.0,0,pos
FUN_007593,0,0.0,0,pos,0,0.0,0,pos
FUN_012188,0,0.0,0,pos,0,0.0,0,pos
FUN_010355,0,0.0,0,pos,0,0.0,0,pos
FUN_015764,0,0.0,0,pos,0,0.0,0,pos
FUN_000721,0,0.0,0,pos,0,0.0,0,pos
FUN_009191,0,0.0,0,pos,0,0.0,0,pos
FUN_006878,0,0.0,0,pos,0,0.0,0,pos
FUN_003388,0,0.0,0,pos,0,0.0,0,pos
FUN_010386,36,0.020618556701030927,0,pos,12,0.006872852233676976,0,pos
FUN_002316,0,0.0,0,pos,0,0.0,0,pos
FUN_008719,0,0.0,0,pos,0,0.0,0,pos
FUN_010573,0,0.0,0,pos,0,0.0,0,pos
FUN_001194,0,0.0,0,pos,0,0.0,0,pos
FUN_001991,0,0.0,0,pos,0,0.0,0,pos
FUN_002174,0,0.0,0,pos,0,0.0,0,pos
FUN_016339,90,0.011269722013523666,1,pos_s5082_e5154,90,0.011269722013523666,1,pos_s5082_e5154
FUN_004289,0,0.0,0,pos,0,0.0,0,pos
FUN_010179,0,0.0,0,pos,0,0.0,0,pos
FUN_007161,0,0.0,0,pos,0,0.0,0,pos
FUN_008457,0,0.0,0,pos,0,0.0,0,pos
FUN_008292,12,0.007575757575757576,0,pos,0,0.0,0,pos
FUN_007961,174,0.048576214405360134,2,pos_s612_e714_s726_e762,102,0.02847571189279732,1,pos_s612_e696
FUN_003690,0,0.0,0,pos,0,0.0,0,pos
FUN_010196,0,0.0,0,pos,0,0.0,0,pos
FUN_016485,0,0.0,0,pos,0,0.0,0,pos
FUN_015459,0,0.0,0,pos,0,0.0,0,pos
FUN_008919,0,0.0,0,pos,0,0.0,0,pos
FUN_008954,0,0.0,0,pos,0,0.0,0,pos
FUN_016678,0,0.0,0,pos,0,0.0,0,pos
FUN_004221,12,0.027777777777777776,0,pos,12,0.027777777777777776,0,pos
FUN_000820,0,0.0,0,pos,0,0.0,0,pos
FUN_000463,126,0.08267716535433071,1,pos_s1356_e1482,78,0.051181102362204724,1,pos_s1380_e1446
FUN_009739,0,0.0,0,pos,0,0.0,0,pos
FUN_006788,18,0.04838709677419355,0,pos,0,0.0,0,pos
FUN_001223,0,0.0,0,pos,0,0.0,0,pos
FUN_005227,216,0.10557184750733138,1,pos_s1464_e1578,216,0.10557184750733138,1,pos_s1464_e1578
FUN_006125,0,0.0,0,pos,0,0.0,0,pos
FUN_009188,24,0.18181818181818182,0,pos,0,0.0,0,pos
FUN_007506,54,0.04736842105263158,1,pos_s0_e48,24,0.021052631578947368,0,pos
FUN_005429,0,0.0,0,pos,0,0.0,0,pos
FUN_002511,0,0.0,0,pos,0,0.0,0,pos
FUN_016699,0,0.0,0,pos,0,0.0,0,pos
FUN_011166,0,0.0,0,pos,0,0.0,0,pos
FUN_009963,6,0.0038910505836575876,0,pos,0,0.0,0,pos
FUN_011202,72,0.0851063829787234,1,pos_s126_e198,0,0.0,0,pos
FUN_006162,18,0.015384615384615385,0,pos,0,0.0,0,pos
FUN_011191,0,0.0,0,pos,0,0.0,0,pos
FUN_015859,0,0.0,0,pos,0,0.0,0,pos
FUN_000779,264,0.0784313725490196,3,pos_s1410_e1446_s1458_e1566_s2232_e2322,60,0.017825311942959002,0,pos
FUN_010739,0,0.0,0,pos,0,0.0,0,pos
FUN_016571,0,0.0,0,pos,0,0.0,0,pos
FUN_009700,0,0.0,0,pos,0,0.0,0,pos
FUN_015554,0,0.0,0,pos,0,0.0,0,pos
FUN_008886,0,0.0,0,pos,0,0.0,0,pos
FUN_006010,24,0.01444043321299639,0,pos,0,0.0,0,pos
FUN_002725,78,0.026422764227642278,1,pos_s1116_e1158,0,0.0,0,pos
FUN_010978,0,0.0,0,pos,0,0.0,0,pos
FUN_007307,0,0.0,0,pos,0,0.0,0,pos
FUN_016123,0,0.0,0,pos,0,0.0,0,pos
FUN_016738,0,0.0,0,pos,0,0.0,0,pos
FUN_015481,0,0.0,0,pos,0,0.0,0,pos
FUN_011954,0,0.0,0,pos,0,0.0,0,pos
FUN_011068,72,0.08955223880597014,2,pos_s534_e570_s588_e624,18,0.022388059701492536,0,pos
FUN_004756,84,0.029045643153526972,1,pos_s2292_e2352,0,0.0,0,pos
FUN_009751,0,0.0,0,pos,0,0.0,0,pos
FUN_001478,0,0.0,0,pos,0,0.0,0,pos
FUN_001023,0,0.0,0,pos,0,0.0,0,pos
FUN_016249,0,0.0,0,pos,0,0.0,0,pos
FUN_010950,0,0.0,0,pos,0,0.0,0,pos
FUN_005057,0,0.0,0,pos,0,0.0,0,pos
FUN_001479,0,0.0,0,pos,0,0.0,0,pos
FUN_008507,228,0.061389337641357025,4,pos_s1662_e1746_s2742_e2796_s2946_e2994_s3012_e3048,12,0.0032310177705977385,0,pos
FUN_005267,0,0.0,0,pos,0,0.0,0,pos
FUN_005229,90,0.04559270516717325,1,pos_s1020_e1050,6,0.00303951367781155,0,pos
FUN_016513,0,0.0,0,pos,0,0.0,0,pos
FUN_003115,0,0.0,0,pos,0,0.0,0,pos
FUN_009475,0,0.0,0,pos,0,0.0,0,pos
FUN_000077,24,0.013468013468013467,0,pos,0,0.0,0,pos
FUN_008405,132,0.08627450980392157,2,pos_s432_e486_s492_e546,12,0.00784313725490196,0,pos
FUN_002040,0,0.0,0,pos,0,0.0,0,pos
FUN_012507,0,0.0,0,pos,0,0.0,0,pos
FUN_005029,0,0.0,0,pos,0,0.0,0,pos
FUN_006456,108,0.05309734513274336,1,pos_s1278_e1362,0,0.0,0,pos
FUN_010359,0,0.0,0,pos,0,0.0,0,pos
FUN_012148,0,0.0,0,pos,0,0.0,0,pos
FUN_005554,0,0.0,0,pos,0,0.0,0,pos
FUN_015340,0,0.0,0,pos,0,0.0,0,pos
FUN_006471,0,0.0,0,pos,0,0.0,0,pos
FUN_005573,0,0.0,0,pos,0,0.0,0,pos
FUN_005195,0,0.0,0,pos,0,0.0,0,pos
FUN_004142,0,0.0,0,pos,0,0.0,0,pos
FUN_002943,0,0.0,0,pos,0,0.0,0,pos
FUN_000801,0,0.0,0,pos,0,0.0,0,pos
FUN_012299,0,0.0,0,pos,0,0.0,0,pos
FUN_009300,0,0.0,0,pos,0,0.0,0,pos
FUN_004194,18,0.010526315789473684,0,pos,12,0.007017543859649123,0,pos
FUN_006037,138,0.14838709677419354,1,pos_s564_e678,84,0.09032258064516129,1,pos_s582_e648
FUN_001756,0,0.0,0,pos,0,0.0,0,pos
FUN_003420,0,0.0,0,pos,0,0.0,0,pos
FUN_006839,0,0.0,0,pos,0,0.0,0,pos
FUN_007969,0,0.0,0,pos,0,0.0,0,pos
FUN_001646,0,0.0,0,pos,0,0.0,0,pos
FUN_016187,0,0.0,0,pos,0,0.0,0,pos
FUN_009698,0,0.0,0,pos,0,0.0,0,pos
FUN_010413,252,0.3157894736842105,5,pos_s48_e108_s114_e150_s162_e222_s474_e522_s726_e756,72,0.09022556390977443,1,pos_s48_e96
FUN_012415,0,0.0,0,pos,0,0.0,0,pos
FUN_002518,6,0.017241379310344827,0,pos,0,0.0,0,pos
FUN_008608,0,0.0,0,pos,0,0.0,0,pos
FUN_001467,0,0.0,0,pos,0,0.0,0,pos
FUN_009002,0,0.0,0,pos,0,0.0,0,pos
FUN_000619,0,0.0,0,pos,0,0.0,0,pos
FUN_000274,0,0.0,0,pos,0,0.0,0,pos
FUN_006779,0,0.0,0,pos,0,0.0,0,pos
FUN_000134,0,0.0,0,pos,0,0.0,0,pos
FUN_002027,0,0.0,0,pos,0,0.0,0,pos
FUN_005700,0,0.0,0,pos,0,0.0,0,pos
FUN_004846,72,0.036585365853658534,1,pos_s1776_e1830,6,0.003048780487804878,0,pos
FUN_016720,0,0.0,0,pos,0,0.0,0,pos
FUN_005592,0,0.0,0,pos,0,0.0,0,pos
FUN_005956,0,0.0,0,pos,0,0.0,0,pos
FUN_002238,0,0.0,0,pos,0,0.0,0,pos
FUN_007359,48,0.01904761904761905,1,pos_s2160_e2208,0,0.0,0,pos
FUN_015405,0,0.0,0,pos,0,0.0,0,pos
FUN_010000,0,0.0,0,pos,0,0.0,0,pos
FUN_003050,0,0.0,0,pos,0,0.0,0,pos
FUN_009452,0,0.0,0,pos,0,0.0,0,pos
FUN_011716,432,0.09782608695652174,4,pos_s2328_e2412_s2424_e2520_s3756_e3816_s4164_e4290,144,0.03260869565217391,2,pos_s3756_e3816_s4230_e4266
FUN_001750,0,0.0,0,pos,0,0.0,0,pos
FUN_002411,0,0.0,0,pos,0,0.0,0,pos
FUN_009986,18,0.005780346820809248,0,pos,0,0.0,0,pos
FUN_010830,0,0.0,0,pos,0,0.0,0,pos
FUN_004308,0,0.0,0,pos,0,0.0,0,pos
FUN_000976,0,0.0,0,pos,0,0.0,0,pos
FUN_008961,0,0.0,0,pos,0,0.0,0,pos
FUN_000079,60,0.019417475728155338,0,pos,0,0.0,0,pos
FUN_003337,0,0.0,0,pos,0,0.0,0,pos
FUN_005344,0,0.0,0,pos,0,0.0,0,pos
FUN_001742,0,0.0,0,pos,0,0.0,0,pos
FUN_010598,102,0.1223021582733813,1,pos_s588_e690,60,0.07194244604316546,1,pos_s630_e690
FUN_002738,0,0.0,0,pos,0,0.0,0,pos
FUN_002676,12,0.012422360248447204,0,pos,0,0.0,0,pos
FUN_003639,108,0.1592920353982301,1,pos_s42_e144,42,0.061946902654867256,0,pos
FUN_010288,24,0.017857142857142856,0,pos,12,0.008928571428571428,0,pos
FUN_012009,0,0.0,0,pos,0,0.0,0,pos
FUN_005495,0,0.0,0,pos,0,0.0,0,pos
FUN_011278,30,0.02403846153846154,0,pos,0,0.0,0,pos
FUN_008322,156,0.2653061224489796,3,pos_s84_e114_s342_e384_s408_e474,60,0.10204081632653061,1,pos_s408_e456
FUN_002398,108,0.02821316614420063,1,pos_s2628_e2712,72,0.018808777429467086,1,pos_s2628_e2700
FUN_002829,0,0.0,0,pos,0,0.0,0,pos
FUN_003574,0,0.0,0,pos,0,0.0,0,pos
FUN_008996,0,0.0,0,pos,0,0.0,0,pos
FUN_016587,0,0.0,0,pos,0,0.0,0,pos
FUN_010575,0,0.0,0,pos,0,0.0,0,pos
FUN_010562,0,0.0,0,pos,0,0.0,0,pos
FUN_003970,0,0.0,0,pos,0,0.0,0,pos
FUN_011086,24,0.008333333333333333,0,pos,0,0.0,0,pos
FUN_016091,0,0.0,0,pos,0,0.0,0,pos
FUN_006517,0,0.0,0,pos,0,0.0,0,pos
FUN_003528,6,0.0029069767441860465,0,pos,0,0.0,0,pos
FUN_005182,0,0.0,0,pos,0,0.0,0,pos
FUN_001476,0,0.0,0,pos,0,0.0,0,pos
FUN_000411,138,0.07120743034055728,2,pos_s774_e804_s1632_e1662,18,0.009287925696594427,0,pos
FUN_000087,24,0.046511627906976744,0,pos,0,0.0,0,pos
FUN_004811,0,0.0,0,pos,0,0.0,0,pos
FUN_006379,0,0.0,0,pos,0,0.0,0,pos
FUN_012175,0,0.0,0,pos,0,0.0,0,pos
FUN_005929,0,0.0,0,pos,0,0.0,0,pos
FUN_016237,0,0.0,0,pos,0,0.0,0,pos
FUN_004060,24,0.19047619047619047,0,pos,0,0.0,0,pos
FUN_006796,12,0.0029411764705882353,0,pos,0,0.0,0,pos
FUN_016549,36,0.010327022375215147,1,pos_s1494_e1530,6,0.0017211703958691911,0,pos
FUN_015985,0,0.0,0,pos,0,0.0,0,pos
FUN_000579,0,0.0,0,pos,0,0.0,0,pos
FUN_007868,0,0.0,0,pos,0,0.0,0,pos
FUN_002410,222,0.07889125799573561,3,pos_s1872_e1962_s2316_e2358_s2388_e2418,6,0.0021321961620469083,0,pos
FUN_006320,42,0.008985879332477536,1,pos_s4362_e4404,0,0.0,0,pos
FUN_002664,0,0.0,0,pos,0,0.0,0,pos
FUN_005388,0,0.0,0,pos,0,0.0,0,pos
FUN_004835,30,0.0625,0,pos,6,0.0125,0,pos
FUN_007290,276,0.15181518151815182,3,pos_s798_e858_s876_e912_s1188_e1254,60,0.033003300330033,1,pos_s816_e852
FUN_010227,180,0.05235602094240838,3,pos_s1722_e1758_s2244_e2310_s2322_e2352,0,0.0,0,pos
FUN_005102,0,0.0,0,pos,0,0.0,0,pos
FUN_009663,126,0.14482758620689656,2,pos_s78_e108_s114_e144,30,0.034482758620689655,1,pos_s78_e108
FUN_010490,42,0.018276762402088774,1,pos_s1128_e1170,0,0.0,0,pos
FUN_016646,0,0.0,0,pos,0,0.0,0,pos
FUN_002160,0,0.0,0,pos,0,0.0,0,pos
FUN_001790,36,0.0062827225130890054,1,pos_s1518_e1554,18,0.0031413612565445027,0,pos
FUN_015821,0,0.0,0,pos,0,0.0,0,pos
FUN_000677,0,0.0,0,pos,0,0.0,0,pos
FUN_009376,0,0.0,0,pos,0,0.0,0,pos
FUN_000707,96,0.07407407407407407,1,pos_s270_e354,0,0.0,0,pos
FUN_009242,0,0.0,0,pos,0,0.0,0,pos
FUN_011529,54,0.03982300884955752,1,pos_s798_e846,36,0.02654867256637168,1,pos_s810_e846
FUN_001817,24,0.009302325581395349,0,pos,0,0.0,0,pos
FUN_000441,0,0.0,0,pos,0,0.0,0,pos
FUN_016505,0,0.0,0,pos,0,0.0,0,pos
FUN_001873,0,0.0,0,pos,0,0.0,0,pos
FUN_000309,0,0.0,0,pos,0,0.0,0,pos
FUN_002607,0,0.0,0,pos,0,0.0,0,pos
FUN_009072,0,0.0,0,pos,0,0.0,0,pos
FUN_015716,0,0.0,0,pos,0,0.0,0,pos
FUN_012413,0,0.0,0,pos,0,0.0,0,pos
FUN_001272,84,0.10526315789473684,1,pos_s0_e84,6,0.007518796992481203,0,pos
FUN_006297,6,0.002331002331002331,0,pos,0,0.0,0,pos
FUN_005530,0,0.0,0,pos,0,0.0,0,pos
FUN_011473,0,0.0,0,pos,0,0.0,0,pos
FUN_000602,0,0.0,0,pos,0,0.0,0,pos
FUN_003768,0,0.0,0,pos,0,0.0,0,pos
FUN_007449,0,0.0,0,pos,0,0.0,0,pos
FUN_001562,0,0.0,0,pos,0,0.0,0,pos
FUN_012122,0,0.0,0,pos,0,0.0,0,pos
FUN_015415,0,0.0,0,pos,0,0.0,0,pos
FUN_002783,0,0.0,0,pos,0,0.0,0,pos
FUN_015932,0,0.0,0,pos,0,0.0,0,pos
FUN_011108,36,0.04195804195804196,1,pos_s720_e756,0,0.0,0,pos
FUN_010189,0,0.0,0,pos,0,0.0,0,pos
FUN_000688,90,0.01278772378516624,2,pos_s3390_e3426_s4914_e4950,12,0.0017050298380221654,0,pos
FUN_008926,0,0.0,0,pos,0,0.0,0,pos
FUN_012114,0,0.0,0,pos,0,0.0,0,pos
FUN_008762,0,0.0,0,pos,0,0.0,0,pos
FUN_002895,0,0.0,0,pos,0,0.0,0,pos
FUN_016673,0,0.0,0,pos,0,0.0,0,pos
FUN_000498,42,0.06481481481481481,0,pos,0,0.0,0,pos
FUN_010245,0,0.0,0,pos,0,0.0,0,pos
FUN_015537,0,0.0,0,pos,0,0.0,0,pos
FUN_005255,0,0.0,0,pos,0,0.0,0,pos
FUN_016001,0,0.0,0,pos,0,0.0,0,pos
FUN_011367,252,0.06451612903225806,3,pos_s0_e54_s66_e180_s276_e324,210,0.053763440860215055,3,pos_s0_e54_s66_e180_s276_e318
FUN_008651,48,0.06153846153846154,0,pos,24,0.03076923076923077,0,pos
FUN_000879,0,0.0,0,pos,0,0.0,0,pos
FUN_006193,60,0.022988505747126436,1,pos_s354_e384,12,0.004597701149425287,0,pos
FUN_005643,0,0.0,0,pos,0,0.0,0,pos
FUN_016527,0,0.0,0,pos,0,0.0,0,pos
FUN_015870,0,0.0,0,pos,0,0.0,0,pos
FUN_000386,0,0.0,0,pos,0,0.0,0,pos
FUN_002377,168,0.08588957055214724,2,pos_s672_e768_s870_e942,6,0.003067484662576687,0,pos
FUN_016232,0,0.0,0,pos,0,0.0,0,pos
FUN_011016,384,0.06072106261859583,3,pos_s432_e576_s3186_e3318_s3330_e3426,276,0.04364326375711575,3,pos_s450_e570_s3252_e3318_s3330_e3414
FUN_007767,0,0.0,0,pos,0,0.0,0,pos
FUN_012281,0,0.0,0,pos,0,0.0,0,pos
FUN_007172,144,0.14457831325301204,2,pos_s636_e714_s762_e828,0,0.0,0,pos
FUN_000331,30,0.028089887640449437,1,pos_s450_e480,30,0.028089887640449437,1,pos_s450_e480
FUN_001133,6,0.0028328611898017,0,pos,0,0.0,0,pos
FUN_005989,0,0.0,0,pos,0,0.0,0,pos
FUN_007262,0,0.0,0,pos,0,0.0,0,pos
FUN_007632,0,0.0,0,pos,0,0.0,0,pos
FUN_000550,0,0.0,0,pos,0,0.0,0,pos
FUN_005837,0,0.0,0,pos,0,0.0,0,pos
FUN_010687,60,0.04784688995215311,1,pos_s60_e102,0,0.0,0,pos
FUN_006764,0,0.0,0,pos,0,0.0,0,pos
FUN_016473,0,0.0,0,pos,0,0.0,0,pos
FUN_009429,0,0.0,0,pos,0,0.0,0,pos
FUN_000176,66,0.06285714285714286,2,pos_s144_e174_s192_e228,0,0.0,0,pos
FUN_001823,0,0.0,0,pos,0,0.0,0,pos
FUN_006984,0,0.0,0,pos,0,0.0,0,pos
FUN_005426,0,0.0,0,pos,0,0.0,0,pos
FUN_003350,30,0.009900990099009901,1,pos_s2988_e3018,0,0.0,0,pos
FUN_012560,0,0.0,0,pos,0,0.0,0,pos
FUN_011752,0,0.0,0,pos,0,0.0,0,pos
FUN_012464,0,0.0,0,pos,0,0.0,0,pos
FUN_002458,0,0.0,0,pos,0,0.0,0,pos
FUN_010258,78,0.043478260869565216,1,pos_s1200_e1242,0,0.0,0,pos
FUN_012367,0,0.0,0,pos,0,0.0,0,pos
FUN_010265,96,0.021739130434782608,1,pos_s1440_e1488,0,0.0,0,pos
FUN_004377,0,0.0,0,pos,0,0.0,0,pos
FUN_000778,0,0.0,0,pos,0,0.0,0,pos
FUN_016482,0,0.0,0,pos,0,0.0,0,pos
FUN_007758,12,0.013605442176870748,0,pos,0,0.0,0,pos
FUN_004715,120,0.10695187165775401,1,pos_s24_e72,42,0.0374331550802139,0,pos
FUN_011327,126,0.18421052631578946,2,pos_s0_e54_s72_e138,18,0.02631578947368421,0,pos
FUN_004523,0,0.0,0,pos,0,0.0,0,pos
FUN_007084,0,0.0,0,pos,0,0.0,0,pos
FUN_011421,6,0.027777777777777776,0,pos,0,0.0,0,pos
FUN_016437,0,0.0,0,pos,0,0.0,0,pos
FUN_002147,0,0.0,0,pos,0,0.0,0,pos
FUN_007097,0,0.0,0,pos,0,0.0,0,pos
FUN_002650,0,0.0,0,pos,0,0.0,0,pos
FUN_010237,0,0.0,0,pos,0,0.0,0,pos
FUN_005580,228,0.03342128408091469,4,pos_s1542_e1590_s2526_e2592_s2928_e3012_s3252_e3282,0,0.0,0,pos
FUN_000624,54,0.060810810810810814,1,pos_s450_e486,0,0.0,0,pos
FUN_008433,66,0.06043956043956044,1,pos_s102_e150,0,0.0,0,pos
FUN_007109,0,0.0,0,pos,0,0.0,0,pos
FUN_009180,282,0.030860144451739988,4,pos_s672_e708_s834_e912_s1974_e2028_s6252_e6360,108,0.011818778726198293,3,pos_s858_e900_s1986_e2022_s6300_e6330
FUN_004244,0,0.0,0,pos,0,0.0,0,pos
FUN_008311,60,0.0353356890459364,1,pos_s690_e738,0,0.0,0,pos
FUN_016745,0,0.0,0,pos,0,0.0,0,pos
FUN_006065,138,0.08041958041958042,1,pos_s1200_e1302,0,0.0,0,pos
FUN_009418,72,0.03508771929824561,1,pos_s1626_e1656,0,0.0,0,pos
FUN_015451,0,0.0,0,pos,0,0.0,0,pos
FUN_001845,0,0.0,0,pos,0,0.0,0,pos
FUN_003826,0,0.0,0,pos,0,0.0,0,pos
FUN_003263,0,0.0,0,pos,0,0.0,0,pos
FUN_001584,0,0.0,0,pos,0,0.0,0,pos
FUN_007532,0,0.0,0,pos,0,0.0,0,pos
FUN_012266,0,0.0,0,pos,0,0.0,0,pos
FUN_007369,0,0.0,0,pos,0,0.0,0,pos
FUN_010842,0,0.0,0,pos,0,0.0,0,pos
FUN_016185,0,0.0,0,pos,0,0.0,0,pos
FUN_011321,372,0.05933014354066986,5,pos_s2046_e2094_s2136_e2166_s3924_e3996_s4878_e4950_s5232_e5268,60,0.009569377990430622,1,pos_s4884_e4932
FUN_008065,0,0.0,0,pos,0,0.0,0,pos
FUN_001947,0,0.0,0,pos,0,0.0,0,pos
FUN_004151,120,0.03676470588235294,2,pos_s1980_e2016_s2094_e2160,0,0.0,0,pos
FUN_000491,0,0.0,0,pos,0,0.0,0,pos
FUN_006133,48,0.03225806451612903,1,pos_s792_e840,0,0.0,0,pos
FUN_002750,0,0.0,0,pos,0,0.0,0,pos
FUN_000916,0,0.0,0,pos,0,0.0,0,pos
FUN_002406,0,0.0,0,pos,0,0.0,0,pos
FUN_005338,0,0.0,0,pos,0,0.0,0,pos
FUN_007086,0,0.0,0,pos,0,0.0,0,pos
FUN_009713,0,0.0,0,pos,0,0.0,0,pos
FUN_015895,0,0.0,0,pos,0,0.0,0,pos
FUN_008591,0,0.0,0,pos,0,0.0,0,pos
FUN_010892,0,0.0,0,pos,0,0.0,0,pos
FUN_009824,0,0.0,0,pos,0,0.0,0,pos
FUN_004797,0,0.0,0,pos,0,0.0,0,pos
FUN_007543,0,0.0,0,pos,0,0.0,0,pos
FUN_002765,0,0.0,0,pos,0,0.0,0,pos
FUN_008530,0,0.0,0,pos,0,0.0,0,pos
FUN_000034,24,0.0163265306122449,0,pos,6,0.004081632653061225,0,pos
FUN_016135,0,0.0,0,pos,0,0.0,0,pos
FUN_005883,0,0.0,0,pos,0,0.0,0,pos
FUN_006770,12,0.06060606060606061,0,pos,12,0.06060606060606061,0,pos
FUN_015963,0,0.0,0,pos,0,0.0,0,pos
FUN_010567,0,0.0,0,pos,0,0.0,0,pos
FUN_004358,0,0.0,0,pos,0,0.0,0,pos
FUN_011772,0,0.0,0,pos,0,0.0,0,pos
FUN_010234,0,0.0,0,pos,0,0.0,0,pos
FUN_011391,1470,0.11733716475095786,16,pos_s1008_e1086_s3468_e3516_s3948_e4050_s4368_e4458_s4932_e5034_s5058_e5142_s5604_e5688_s6390_e6420_s6858_e6960_s7020_e7116_s7344_e7386_s7464_e7548_s9186_e9288_s11736_e11790_s12108_e12210_s12252_e12366,528,0.0421455938697318,8,pos_s5004_e5034_s5058_e5118_s5616_e5658_s6870_e6960_s7020_e7110_s7344_e7386_s9216_e9252_s12312_e12360
FUN_004203,0,0.0,0,pos,0,0.0,0,pos
FUN_008235,18,0.012345679012345678,0,pos,6,0.00411522633744856,0,pos
FUN_008947,0,0.0,0,pos,0,0.0,0,pos
FUN_005268,12,0.007407407407407408,0,pos,0,0.0,0,pos
FUN_002074,0,0.0,0,pos,0,0.0,0,pos
FUN_010003,0,0.0,0,pos,0,0.0,0,pos
FUN_008768,36,0.022556390977443608,0,pos,12,0.007518796992481203,0,pos
FUN_006084,0,0.0,0,pos,0,0.0,0,pos
FUN_005706,0,0.0,0,pos,0,0.0,0,pos
FUN_016180,0,0.0,0,pos,0,0.0,0,pos
FUN_006600,0,0.0,0,pos,0,0.0,0,pos
FUN_000392,0,0.0,0,pos,0,0.0,0,pos
FUN_001745,0,0.0,0,pos,0,0.0,0,pos
FUN_010810,144,0.04743083003952569,1,pos_s2556_e2670,102,0.03359683794466403,1,pos_s2598_e2670
FUN_007966,0,0.0,0,pos,0,0.0,0,pos
FUN_001341,0,0.0,0,pos,0,0.0,0,pos
FUN_006405,0,0.0,0,pos,0,0.0,0,pos
FUN_011245,0,0.0,0,pos,0,0.0,0,pos
FUN_000347,0,0.0,0,pos,0,0.0,0,pos
FUN_011236,66,0.015406162464985995,1,pos_s2724_e2754,0,0.0,0,pos
FUN_002405,0,0.0,0,pos,0,0.0,0,pos
FUN_011265,48,0.026490066225165563,0,pos,0,0.0,0,pos
FUN_012210,0,0.0,0,pos,0,0.0,0,pos
FUN_016495,0,0.0,0,pos,0,0.0,0,pos
FUN_001603,6,0.002967359050445104,0,pos,0,0.0,0,pos
FUN_006012,36,0.01060070671378092,0,pos,0,0.0,0,pos
FUN_002021,114,0.018830525272547076,1,pos_s30_e144,0,0.0,0,pos
FUN_002124,0,0.0,0,pos,0,0.0,0,pos
FUN_005578,0,0.0,0,pos,0,0.0,0,pos
FUN_004206,78,0.050980392156862744,1,pos_s1014_e1092,36,0.023529411764705882,1,pos_s1014_e1050
FUN_007699,0,0.0,0,pos,0,0.0,0,pos
FUN_008213,0,0.0,0,pos,0,0.0,0,pos
FUN_006917,12,0.01098901098901099,0,pos,12,0.01098901098901099,0,pos
FUN_003483,6,0.00980392156862745,0,pos,0,0.0,0,pos
FUN_007087,0,0.0,0,pos,0,0.0,0,pos
FUN_015927,0,0.0,0,pos,0,0.0,0,pos
FUN_010375,0,0.0,0,pos,0,0.0,0,pos
FUN_004454,0,0.0,0,pos,0,0.0,0,pos
FUN_009935,0,0.0,0,pos,0,0.0,0,pos
FUN_009263,0,0.0,0,pos,0,0.0,0,pos
FUN_000565,12,0.0041928721174004195,0,pos,0,0.0,0,pos
FUN_009645,0,0.0,0,pos,0,0.0,0,pos
FUN_009855,78,0.29545454545454547,1,pos_s174_e228,30,0.11363636363636363,1,pos_s198_e228
FUN_001203,6,0.008264462809917356,0,pos,6,0.008264462809917356,0,pos
FUN_001620,0,0.0,0,pos,0,0.0,0,pos
FUN_010428,0,0.0,0,pos,0,0.0,0,pos
FUN_008403,84,0.16666666666666666,1,pos_s234_e294,84,0.16666666666666666,1,pos_s234_e294
FUN_009489,0,0.0,0,pos,0,0.0,0,pos
FUN_005116,0,0.0,0,pos,0,0.0,0,pos
FUN_000437,0,0.0,0,pos,0,0.0,0,pos
FUN_002763,0,0.0,0,pos,0,0.0,0,pos
FUN_006835,0,0.0,0,pos,0,0.0,0,pos
FUN_005885,0,0.0,0,pos,0,0.0,0,pos
FUN_015627,0,0.0,0,pos,0,0.0,0,pos
FUN_003817,30,0.047619047619047616,0,pos,24,0.0380952380952381,0,pos
FUN_000670,0,0.0,0,pos,0,0.0,0,pos
FUN_004988,6,0.005681818181818182,0,pos,0,0.0,0,pos
FUN_001795,150,0.03156565656565657,1,pos_s4182_e4260,24,0.005050505050505051,0,pos
FUN_008296,0,0.0,0,pos,0,0.0,0,pos
FUN_005693,0,0.0,0,pos,0,0.0,0,pos
FUN_007484,0,0.0,0,pos,0,0.0,0,pos
FUN_007460,0,0.0,0,pos,0,0.0,0,pos
FUN_012400,0,0.0,0,pos,0,0.0,0,pos
FUN_007209,0,0.0,0,pos,0,0.0,0,pos
FUN_007285,168,0.2222222222222222,2,pos_s162_e276_s504_e540,114,0.15079365079365079,1,pos_s162_e276
FUN_009509,0,0.0,0,pos,0,0.0,0,pos
FUN_016428,0,0.0,0,pos,0,0.0,0,pos
FUN_012389,468,0.10758620689655173,4,pos_s762_e960_s2166_e2268_s2514_e2598_s3288_e3318,114,0.02620689655172414,1,pos_s864_e960
FUN_009599,24,0.010723860589812333,0,pos,0,0.0,0,pos
FUN_005952,0,0.0,0,pos,0,0.0,0,pos
FUN_004716,0,0.0,0,pos,0,0.0,0,pos
FUN_011430,0,0.0,0,pos,0,0.0,0,pos
FUN_003939,0,0.0,0,pos,0,0.0,0,pos
FUN_002200,18,0.03333333333333333,0,pos,0,0.0,0,pos
FUN_004722,0,0.0,0,pos,0,0.0,0,pos
FUN_002753,0,0.0,0,pos,0,0.0,0,pos
FUN_015490,0,0.0,0,pos,0,0.0,0,pos
FUN_010774,0,0.0,0,pos,0,0.0,0,pos
FUN_003614,0,0.0,0,pos,0,0.0,0,pos
FUN_003255,0,0.0,0,pos,0,0.0,0,pos
FUN_003901,0,0.0,0,pos,0,0.0,0,pos
FUN_004113,0,0.0,0,pos,0,0.0,0,pos
FUN_005890,0,0.0,0,pos,0,0.0,0,pos
FUN_005112,0,0.0,0,pos,0,0.0,0,pos
FUN_016660,0,0.0,0,pos,0,0.0,0,pos
FUN_004304,0,0.0,0,pos,0,0.0,0,pos
FUN_004843,198,0.3402061855670103,3,pos_s54_e108_s444_e474_s504_e558,18,0.030927835051546393,0,pos
FUN_006650,0,0.0,0,pos,0,0.0,0,pos
FUN_012315,0,0.0,0,pos,0,0.0,0,pos
FUN_011358,0,0.0,0,pos,0,0.0,0,pos
FUN_010885,0,0.0,0,pos,0,0.0,0,pos
FUN_011613,0,0.0,0,pos,0,0.0,0,pos
FUN_011709,0,0.0,0,pos,0,0.0,0,pos
FUN_012540,0,0.0,0,pos,0,0.0,0,pos
FUN_012541,0,0.0,0,pos,0,0.0,0,pos
FUN_000458,0,0.0,0,pos,0,0.0,0,pos
FUN_012402,0,0.0,0,pos,0,0.0,0,pos
FUN_008528,174,0.11372549019607843,3,pos_s12_e42_s726_e756_s780_e870,12,0.00784313725490196,0,pos
FUN_008577,0,0.0,0,pos,0,0.0,0,pos
FUN_009019,0,0.0,0,pos,0,0.0,0,pos
FUN_011932,0,0.0,0,pos,0,0.0,0,pos
FUN_011172,24,0.004796163069544364,0,pos,0,0.0,0,pos
FUN_008775,0,0.0,0,pos,0,0.0,0,pos
FUN_003874,36,0.06741573033707865,0,pos,0,0.0,0,pos
FUN_007273,0,0.0,0,pos,0,0.0,0,pos
FUN_002515,60,0.056818181818181816,1,pos_s672_e714,0,0.0,0,pos
FUN_016629,0,0.0,0,pos,0,0.0,0,pos
FUN_009029,0,0.0,0,pos,0,0.0,0,pos
FUN_011196,66,0.038869257950530034,1,pos_s1434_e1500,42,0.024734982332155476,1,pos_s1458_e1500
FUN_001552,0,0.0,0,pos,0,0.0,0,pos
FUN_007798,0,0.0,0,pos,0,0.0,0,pos
FUN_004084,0,0.0,0,pos,0,0.0,0,pos
FUN_010594,0,0.0,0,pos,0,0.0,0,pos
FUN_008191,0,0.0,0,pos,0,0.0,0,pos
FUN_008096,0,0.0,0,pos,0,0.0,0,pos
FUN_006872,0,0.0,0,pos,0,0.0,0,pos
FUN_005663,0,0.0,0,pos,0,0.0,0,pos
FUN_006825,12,0.017543859649122806,0,pos,0,0.0,0,pos
FUN_016529,0,0.0,0,pos,0,0.0,0,pos
FUN_011825,0,0.0,0,pos,0,0.0,0,pos
FUN_015315,0,0.0,0,pos,0,0.0,0,pos
FUN_002956,0,0.0,0,pos,0,0.0,0,pos
FUN_005203,0,0.0,0,pos,0,0.0,0,pos
FUN_002663,0,0.0,0,pos,0,0.0,0,pos
FUN_011534,0,0.0,0,pos,0,0.0,0,pos
FUN_006736,0,0.0,0,pos,0,0.0,0,pos
FUN_001180,66,0.01661631419939577,1,pos_s2862_e2922,0,0.0,0,pos
FUN_011784,0,0.0,0,pos,0,0.0,0,pos
FUN_007788,0,0.0,0,pos,0,0.0,0,pos
FUN_002090,0,0.0,0,pos,0,0.0,0,pos
FUN_003418,0,0.0,0,pos,0,0.0,0,pos
FUN_011340,0,0.0,0,pos,0,0.0,0,pos
FUN_004093,78,0.019174041297935103,1,pos_s2892_e2922,0,0.0,0,pos
FUN_001871,0,0.0,0,pos,0,0.0,0,pos
FUN_009990,36,0.08,1,pos_s168_e204,0,0.0,0,pos
FUN_009248,0,0.0,0,pos,0,0.0,0,pos
FUN_003692,0,0.0,0,pos,0,0.0,0,pos
FUN_002400,0,0.0,0,pos,0,0.0,0,pos
FUN_016881,0,0.0,0,pos,0,0.0,0,pos
FUN_000214,120,0.10695187165775401,1,pos_s90_e186,0,0.0,0,pos
FUN_015946,0,0.0,0,pos,0,0.0,0,pos
FUN_006323,0,0.0,0,pos,0,0.0,0,pos
FUN_009788,0,0.0,0,pos,0,0.0,0,pos
FUN_002219,0,0.0,0,pos,0,0.0,0,pos
FUN_008686,0,0.0,0,pos,0,0.0,0,pos
FUN_008509,6,0.003436426116838488,0,pos,0,0.0,0,pos
FUN_016395,0,0.0,0,pos,0,0.0,0,pos
FUN_011554,0,0.0,0,pos,0,0.0,0,pos
FUN_011411,6,0.003472222222222222,0,pos,0,0.0,0,pos
FUN_010156,0,0.0,0,pos,0,0.0,0,pos
FUN_004116,0,0.0,0,pos,0,0.0,0,pos
FUN_000150,0,0.0,0,pos,0,0.0,0,pos
FUN_009821,0,0.0,0,pos,0,0.0,0,pos
FUN_012419,0,0.0,0,pos,0,0.0,0,pos
FUN_016140,0,0.0,0,pos,0,0.0,0,pos
FUN_008119,0,0.0,0,pos,0,0.0,0,pos
FUN_016022,0,0.0,0,pos,0,0.0,0,pos
FUN_010630,12,0.012269938650306749,0,pos,0,0.0,0,pos
FUN_000587,0,0.0,0,pos,0,0.0,0,pos
FUN_016290,0,0.0,0,pos,0,0.0,0,pos
FUN_008642,0,0.0,0,pos,0,0.0,0,pos
FUN_008437,6,0.008403361344537815,0,pos,0,0.0,0,pos
FUN_001087,0,0.0,0,pos,0,0.0,0,pos
FUN_016566,0,0.0,0,pos,0,0.0,0,pos
FUN_010628,0,0.0,0,pos,0,0.0,0,pos
FUN_010463,0,0.0,0,pos,0,0.0,0,pos
FUN_016110,0,0.0,0,pos,0,0.0,0,pos
FUN_004276,0,0.0,0,pos,0,0.0,0,pos
FUN_016322,0,0.0,0,pos,0,0.0,0,pos
FUN_007282,6,0.005434782608695652,0,pos,0,0.0,0,pos
FUN_004185,192,0.0886426592797784,2,pos_s990_e1044_s1536_e1608,12,0.00554016620498615,0,pos
FUN_003716,60,0.06451612903225806,1,pos_s6_e66,0,0.0,0,pos
FUN_007950,0,0.0,0,pos,0,0.0,0,pos
FUN_006229,246,0.2867132867132867,3,pos_s0_e84_s252_e342_s378_e450,18,0.02097902097902098,0,pos
FUN_002852,0,0.0,0,pos,0,0.0,0,pos
FUN_006118,0,0.0,0,pos,0,0.0,0,pos
FUN_002994,0,0.0,0,pos,0,0.0,0,pos
FUN_003580,0,0.0,0,pos,0,0.0,0,pos
FUN_003324,12,0.005405405405405406,0,pos,0,0.0,0,pos
FUN_011412,0,0.0,0,pos,0,0.0,0,pos
FUN_005336,0,0.0,0,pos,0,0.0,0,pos
FUN_007957,0,0.0,0,pos,0,0.0,0,pos
FUN_008056,42,0.029535864978902954,1,pos_s1068_e1104,6,0.004219409282700422,0,pos
FUN_009005,0,0.0,0,pos,0,0.0,0,pos
FUN_010924,186,0.22142857142857142,2,pos_s300_e342_s690_e834,60,0.07142857142857142,1,pos_s762_e804
FUN_002279,96,0.016597510373443983,0,pos,18,0.0031120331950207467,0,pos
FUN_002051,48,0.07017543859649122,0,pos,0,0.0,0,pos
FUN_002345,0,0.0,0,pos,0,0.0,0,pos
FUN_003237,0,0.0,0,pos,0,0.0,0,pos
FUN_010917,0,0.0,0,pos,0,0.0,0,pos
FUN_010287,18,0.011111111111111112,0,pos,0,0.0,0,pos
FUN_010925,0,0.0,0,pos,0,0.0,0,pos
FUN_000462,24,0.006622516556291391,0,pos,0,0.0,0,pos
FUN_001258,222,0.20786516853932585,2,pos_s312_e360_s390_e558,186,0.17415730337078653,2,pos_s312_e360_s390_e528
FUN_005718,0,0.0,0,pos,0,0.0,0,pos
FUN_015966,0,0.0,0,pos,0,0.0,0,pos
FUN_015260,0,0.0,0,pos,0,0.0,0,pos
FUN_006847,282,0.11084905660377359,2,pos_s2076_e2130_s2328_e2532,102,0.04009433962264151,1,pos_s2466_e2532
FUN_005405,0,0.0,0,pos,0,0.0,0,pos
FUN_008973,18,0.0125,0,pos,0,0.0,0,pos
FUN_011501,0,0.0,0,pos,0,0.0,0,pos
FUN_001701,0,0.0,0,pos,0,0.0,0,pos
FUN_001667,0,0.0,0,pos,0,0.0,0,pos
FUN_005133,0,0.0,0,pos,0,0.0,0,pos
FUN_011983,0,0.0,0,pos,0,0.0,0,pos
FUN_002060,60,0.042735042735042736,1,pos_s252_e294,42,0.029914529914529916,0,pos
FUN_011722,0,0.0,0,pos,0,0.0,0,pos
FUN_005650,0,0.0,0,pos,0,0.0,0,pos
FUN_003397,24,0.125,0,pos,0,0.0,0,pos
FUN_001158,0,0.0,0,pos,0,0.0,0,pos
FUN_002181,54,0.017857142857142856,1,pos_s1938_e1992,0,0.0,0,pos
FUN_005160,0,0.0,0,pos,0,0.0,0,pos
FUN_010533,66,0.03353658536585366,1,pos_s0_e30,0,0.0,0,pos
FUN_015965,0,0.0,0,pos,0,0.0,0,pos
FUN_003464,0,0.0,0,pos,0,0.0,0,pos
FUN_004461,0,0.0,0,pos,0,0.0,0,pos
FUN_003424,0,0.0,0,pos,0,0.0,0,pos
FUN_000023,42,0.012681159420289856,1,pos_s684_e720,0,0.0,0,pos
FUN_002818,222,0.038223140495867766,4,pos_s852_e888_s960_e1008_s4938_e4980_s4998_e5034,54,0.009297520661157025,1,pos_s966_e1008
FUN_005791,0,0.0,0,pos,0,0.0,0,pos
FUN_016009,0,0.0,0,pos,0,0.0,0,pos
FUN_005235,0,0.0,0,pos,0,0.0,0,pos
FUN_015516,0,0.0,0,pos,0,0.0,0,pos
FUN_007556,60,0.04975124378109453,1,pos_s54_e90,6,0.004975124378109453,0,pos
FUN_015358,0,0.0,0,pos,0,0.0,0,pos
FUN_009878,0,0.0,0,pos,0,0.0,0,pos
FUN_005382,36,0.0071174377224199285,0,pos,6,0.0011862396204033216,0,pos
FUN_005068,60,0.032679738562091505,1,pos_s1428_e1488,0,0.0,0,pos
FUN_006052,0,0.0,0,pos,0,0.0,0,pos
FUN_006296,0,0.0,0,pos,0,0.0,0,pos
FUN_006818,0,0.0,0,pos,0,0.0,0,pos
FUN_005348,0,0.0,0,pos,0,0.0,0,pos
FUN_009952,0,0.0,0,pos,0,0.0,0,pos
FUN_008338,12,0.010752688172043012,0,pos,0,0.0,0,pos
FUN_003920,0,0.0,0,pos,0,0.0,0,pos
FUN_012296,0,0.0,0,pos,0,0.0,0,pos
FUN_008424,54,0.020134228187919462,1,pos_s2514_e2568,0,0.0,0,pos
FUN_008502,108,0.15126050420168066,2,pos_s534_e576_s582_e636,12,0.01680672268907563,0,pos
FUN_015421,0,0.0,0,pos,0,0.0,0,pos
FUN_003378,0,0.0,0,pos,0,0.0,0,pos
FUN_010563,0,0.0,0,pos,0,0.0,0,pos
FUN_007492,0,0.0,0,pos,0,0.0,0,pos
FUN_006254,0,0.0,0,pos,0,0.0,0,pos
FUN_003276,0,0.0,0,pos,0,0.0,0,pos
FUN_001819,132,0.10476190476190476,1,pos_s1116_e1230,36,0.02857142857142857,0,pos
FUN_015539,0,0.0,0,pos,0,0.0,0,pos
FUN_002590,0,0.0,0,pos,0,0.0,0,pos
FUN_009832,0,0.0,0,pos,0,0.0,0,pos
FUN_003457,102,0.045576407506702415,2,pos_s1398_e1434_s1644_e1674,24,0.010723860589812333,0,pos
FUN_008489,0,0.0,0,pos,0,0.0,0,pos
FUN_002247,0,0.0,0,pos,0,0.0,0,pos
FUN_003406,114,0.1357142857142857,1,pos_s192_e300,54,0.06428571428571428,1,pos_s246_e276
FUN_001117,0,0.0,0,pos,0,0.0,0,pos
FUN_006213,0,0.0,0,pos,0,0.0,0,pos
FUN_004456,0,0.0,0,pos,0,0.0,0,pos
FUN_012144,0,0.0,0,pos,0,0.0,0,pos
FUN_000256,0,0.0,0,pos,0,0.0,0,pos
FUN_004901,0,0.0,0,pos,0,0.0,0,pos
FUN_009432,0,0.0,0,pos,0,0.0,0,pos
FUN_008081,48,0.004744958481613286,0,pos,0,0.0,0,pos
FUN_003103,0,0.0,0,pos,0,0.0,0,pos
FUN_007553,0,0.0,0,pos,0,0.0,0,pos
FUN_009738,36,0.024,0,pos,0,0.0,0,pos
FUN_004634,108,0.043795620437956206,1,pos_s1902_e1950,0,0.0,0,pos
FUN_003389,0,0.0,0,pos,0,0.0,0,pos
FUN_008677,0,0.0,0,pos,0,0.0,0,pos
FUN_004721,0,0.0,0,pos,0,0.0,0,pos
FUN_002668,0,0.0,0,pos,0,0.0,0,pos
FUN_016398,0,0.0,0,pos,0,0.0,0,pos
FUN_008351,0,0.0,0,pos,0,0.0,0,pos
FUN_011100,0,0.0,0,pos,0,0.0,0,pos
FUN_016234,0,0.0,0,pos,0,0.0,0,pos
FUN_004195,0,0.0,0,pos,0,0.0,0,pos
FUN_005853,0,0.0,0,pos,0,0.0,0,pos
FUN_003816,0,0.0,0,pos,0,0.0,0,pos
FUN_003371,30,0.013850415512465374,0,pos,0,0.0,0,pos
FUN_016824,0,0.0,0,pos,0,0.0,0,pos
FUN_010634,0,0.0,0,pos,0,0.0,0,pos
FUN_007284,42,0.05263157894736842,1,pos_s306_e336,12,0.015037593984962405,0,pos
FUN_006025,42,0.012522361359570662,1,pos_s0_e30,0,0.0,0,pos
FUN_006665,0,0.0,0,pos,0,0.0,0,pos
FUN_006338,0,0.0,0,pos,0,0.0,0,pos
FUN_012082,0,0.0,0,pos,0,0.0,0,pos
FUN_005803,0,0.0,0,pos,0,0.0,0,pos
FUN_002343,0,0.0,0,pos,0,0.0,0,pos
FUN_004298,0,0.0,0,pos,0,0.0,0,pos
FUN_011818,0,0.0,0,pos,0,0.0,0,pos
FUN_006146,0,0.0,0,pos,0,0.0,0,pos
FUN_015869,0,0.0,0,pos,0,0.0,0,pos
FUN_012100,0,0.0,0,pos,0,0.0,0,pos
FUN_009074,0,0.0,0,pos,0,0.0,0,pos
FUN_002850,42,0.11290322580645161,0,pos,0,0.0,0,pos
FUN_015910,0,0.0,0,pos,0,0.0,0,pos
FUN_012342,0,0.0,0,pos,0,0.0,0,pos
FUN_008025,6,0.01,0,pos,0,0.0,0,pos
FUN_009143,0,0.0,0,pos,0,0.0,0,pos
FUN_016771,0,0.0,0,pos,0,0.0,0,pos
FUN_007974,0,0.0,0,pos,0,0.0,0,pos
FUN_016767,0,0.0,0,pos,0,0.0,0,pos
FUN_008266,48,0.036036036036036036,1,pos_s732_e762,0,0.0,0,pos
FUN_002794,126,0.05630026809651475,1,pos_s30_e108,12,0.005361930294906166,0,pos
FUN_003071,0,0.0,0,pos,0,0.0,0,pos
FUN_004543,294,0.14497041420118342,5,pos_s990_e1032_s1128_e1218_s1266_e1308_s1314_e1386_s1410_e1440,144,0.07100591715976332,2,pos_s990_e1032_s1128_e1200
FUN_015740,0,0.0,0,pos,0,0.0,0,pos
FUN_006815,0,0.0,0,pos,0,0.0,0,pos
FUN_003239,0,0.0,0,pos,0,0.0,0,pos
FUN_010779,0,0.0,0,pos,0,0.0,0,pos
FUN_007311,0,0.0,0,pos,0,0.0,0,pos
FUN_015420,0,0.0,0,pos,0,0.0,0,pos
FUN_003783,0,0.0,0,pos,0,0.0,0,pos
FUN_011031,0,0.0,0,pos,0,0.0,0,pos
FUN_009705,90,0.04143646408839779,1,pos_s1698_e1740,12,0.0055248618784530384,0,pos
FUN_016225,0,0.0,0,pos,0,0.0,0,pos
FUN_009394,0,0.0,0,pos,0,0.0,0,pos
FUN_002132,0,0.0,0,pos,0,0.0,0,pos
FUN_008847,0,0.0,0,pos,0,0.0,0,pos
FUN_008956,0,0.0,0,pos,0,0.0,0,pos
FUN_011763,0,0.0,0,pos,0,0.0,0,pos
FUN_003225,0,0.0,0,pos,0,0.0,0,pos
FUN_011308,0,0.0,0,pos,0,0.0,0,pos
FUN_009094,0,0.0,0,pos,0,0.0,0,pos
FUN_007408,0,0.0,0,pos,0,0.0,0,pos
FUN_004731,0,0.0,0,pos,0,0.0,0,pos
FUN_000883,0,0.0,0,pos,0,0.0,0,pos
FUN_000971,42,0.026615969581749048,1,pos_s84_e126,0,0.0,0,pos
FUN_016859,0,0.0,0,pos,0,0.0,0,pos
FUN_016049,0,0.0,0,pos,0,0.0,0,pos
FUN_009931,0,0.0,0,pos,0,0.0,0,pos
FUN_000266,0,0.0,0,pos,0,0.0,0,pos
FUN_005220,0,0.0,0,pos,0,0.0,0,pos
FUN_007614,0,0.0,0,pos,0,0.0,0,pos
FUN_003804,0,0.0,0,pos,0,0.0,0,pos
FUN_010983,0,0.0,0,pos,0,0.0,0,pos
FUN_001429,0,0.0,0,pos,0,0.0,0,pos
FUN_011612,0,0.0,0,pos,0,0.0,0,pos
FUN_016491,0,0.0,0,pos,0,0.0,0,pos
FUN_005342,0,0.0,0,pos,0,0.0,0,pos
FUN_007610,228,0.20540540540540542,3,pos_s306_e402_s648_e726_s732_e762,150,0.13513513513513514,3,pos_s330_e402_s648_e684_s696_e726
FUN_010889,174,0.04965753424657534,3,pos_s2952_e3042_s3054_e3102_s3138_e3168,120,0.03424657534246575,2,pos_s2970_e3042_s3054_e3102
FUN_007551,12,0.0022148394241417496,0,pos,0,0.0,0,pos
FUN_003981,0,0.0,0,pos,0,0.0,0,pos
FUN_000375,0,0.0,0,pos,0,0.0,0,pos
FUN_015588,0,0.0,0,pos,0,0.0,0,pos
FUN_000477,0,0.0,0,pos,0,0.0,0,pos
FUN_002449,0,0.0,0,pos,0,0.0,0,pos
FUN_005960,18,0.036585365853658534,0,pos,12,0.024390243902439025,0,pos
FUN_012246,12,0.019417475728155338,0,pos,0,0.0,0,pos
FUN_005302,0,0.0,0,pos,0,0.0,0,pos
FUN_004325,0,0.0,0,pos,0,0.0,0,pos
FUN_005329,336,0.10275229357798166,4,pos_s1200_e1326_s1716_e1746_s1782_e1878_s2100_e2166,132,0.04036697247706422,1,pos_s1782_e1854
FUN_011859,0,0.0,0,pos,0,0.0,0,pos
FUN_003422,180,0.07211538461538461,2,pos_s1866_e1902_s1974_e2064,78,0.03125,1,pos_s1986_e2064
FUN_000620,1128,0.024571951378904718,16,pos_s4182_e4212_s4560_e4656_s5826_e5916_s11520_e11550_s11580_e11622_s14388_e14424_s14502_e14562_s17958_e17988_s19008_e19092_s19326_e19434_s20382_e20424_s20430_e20490_s20562_e20628_s22596_e22626_s25182_e25290_s40326_e40428,150,0.0032675467259181807,2,pos_s20460_e20490_s20586_e20616
FUN_003413,66,0.05339805825242718,2,pos_s288_e324_s336_e366,0,0.0,0,pos
FUN_003898,0,0.0,0,pos,0,0.0,0,pos
FUN_010868,36,0.015228426395939087,0,pos,0,0.0,0,pos
FUN_016028,0,0.0,0,pos,0,0.0,0,pos
FUN_004359,0,0.0,0,pos,0,0.0,0,pos
FUN_003315,0,0.0,0,pos,0,0.0,0,pos
FUN_007518,0,0.0,0,pos,0,0.0,0,pos
FUN_007143,0,0.0,0,pos,0,0.0,0,pos
FUN_011511,0,0.0,0,pos,0,0.0,0,pos
FUN_004662,42,0.0673076923076923,1,pos_s72_e102,0,0.0,0,pos
FUN_001556,0,0.0,0,pos,0,0.0,0,pos
FUN_002008,0,0.0,0,pos,0,0.0,0,pos
FUN_009937,6,0.009708737864077669,0,pos,0,0.0,0,pos
FUN_010066,0,0.0,0,pos,0,0.0,0,pos
FUN_008258,0,0.0,0,pos,0,0.0,0,pos
FUN_016067,0,0.0,0,pos,0,0.0,0,pos
FUN_015921,0,0.0,0,pos,0,0.0,0,pos
FUN_008991,6,0.004608294930875576,0,pos,0,0.0,0,pos
FUN_005888,0,0.0,0,pos,0,0.0,0,pos
FUN_006035,60,0.04149377593360996,1,pos_s30_e90,42,0.029045643153526972,1,pos_s48_e90
FUN_001851,0,0.0,0,pos,0,0.0,0,pos
FUN_005689,0,0.0,0,pos,0,0.0,0,pos
FUN_001315,0,0.0,0,pos,0,0.0,0,pos
FUN_005163,120,0.1724137931034483,1,pos_s390_e510,78,0.11206896551724138,1,pos_s396_e474
FUN_004755,0,0.0,0,pos,0,0.0,0,pos
FUN_006587,0,0.0,0,pos,0,0.0,0,pos
FUN_008466,0,0.0,0,pos,0,0.0,0,pos
FUN_010856,6,0.0055248618784530384,0,pos,0,0.0,0,pos
FUN_011044,24,0.08333333333333333,0,pos,0,0.0,0,pos
FUN_010226,30,0.031055900621118012,0,pos,24,0.024844720496894408,0,pos
FUN_007422,0,0.0,0,pos,0,0.0,0,pos
FUN_006744,0,0.0,0,pos,0,0.0,0,pos
FUN_006138,0,0.0,0,pos,0,0.0,0,pos
FUN_015944,0,0.0,0,pos,0,0.0,0,pos
FUN_001959,0,0.0,0,pos,0,0.0,0,pos
FUN_008829,0,0.0,0,pos,0,0.0,0,pos
FUN_001115,0,0.0,0,pos,0,0.0,0,pos
FUN_000041,42,0.05785123966942149,0,pos,0,0.0,0,pos
FUN_015567,0,0.0,0,pos,0,0.0,0,pos
FUN_007667,0,0.0,0,pos,0,0.0,0,pos
FUN_004945,0,0.0,0,pos,0,0.0,0,pos
FUN_010366,42,0.017326732673267328,1,pos_s786_e816,0,0.0,0,pos
FUN_010795,0,0.0,0,pos,0,0.0,0,pos
FUN_011552,0,0.0,0,pos,0,0.0,0,pos
FUN_004314,18,0.014423076923076924,0,pos,18,0.014423076923076924,0,pos
FUN_002139,0,0.0,0,pos,0,0.0,0,pos
FUN_001197,0,0.0,0,pos,0,0.0,0,pos
FUN_016730,0,0.0,0,pos,0,0.0,0,pos
FUN_008400,174,0.29,2,pos_s0_e60_s372_e486,102,0.17,1,pos_s0_e60
FUN_016703,0,0.0,0,pos,0,0.0,0,pos
FUN_009539,0,0.0,0,pos,0,0.0,0,pos
FUN_004689,66,0.06790123456790123,1,pos_s696_e726,0,0.0,0,pos
FUN_002213,36,0.01634877384196185,1,pos_s1776_e1812,6,0.0027247956403269754,0,pos
FUN_005605,0,0.0,0,pos,0,0.0,0,pos
FUN_008236,12,0.0039447731755424065,0,pos,0,0.0,0,pos
FUN_001157,0,0.0,0,pos,0,0.0,0,pos
FUN_002914,42,0.05,1,pos_s618_e654,0,0.0,0,pos
FUN_003440,0,0.0,0,pos,0,0.0,0,pos
FUN_008565,42,0.026717557251908396,1,pos_s36_e78,42,0.026717557251908396,1,pos_s36_e78
FUN_010169,30,0.11363636363636363,0,pos,0,0.0,0,pos
FUN_004636,18,0.002403846153846154,0,pos,0,0.0,0,pos
FUN_005653,0,0.0,0,pos,0,0.0,0,pos
FUN_004067,0,0.0,0,pos,0,0.0,0,pos
FUN_010849,0,0.0,0,pos,0,0.0,0,pos
FUN_003193,0,0.0,0,pos,0,0.0,0,pos
FUN_012348,0,0.0,0,pos,0,0.0,0,pos
FUN_003685,0,0.0,0,pos,0,0.0,0,pos
FUN_010357,0,0.0,0,pos,0,0.0,0,pos
FUN_008596,216,0.21176470588235294,1,pos_s288_e366,114,0.11176470588235295,0,pos
FUN_001362,0,0.0,0,pos,0,0.0,0,pos
FUN_006704,0,0.0,0,pos,0,0.0,0,pos
FUN_016058,0,0.0,0,pos,0,0.0,0,pos
FUN_002945,0,0.0,0,pos,0,0.0,0,pos
FUN_004122,84,0.14,1,pos_s0_e84,60,0.1,1,pos_s18_e78
FUN_011199,0,0.0,0,pos,0,0.0,0,pos
FUN_002780,12,0.07692307692307693,0,pos,0,0.0,0,pos
FUN_003124,66,0.02240325865580448,0,pos,48,0.016293279022403257,0,pos
FUN_001826,0,0.0,0,pos,0,0.0,0,pos
FUN_004011,60,0.02506265664160401,1,pos_s246_e306,48,0.020050125313283207,1,pos_s246_e294
FUN_016158,0,0.0,0,pos,0,0.0,0,pos
FUN_010786,0,0.0,0,pos,0,0.0,0,pos
FUN_011788,0,0.0,0,pos,0,0.0,0,pos
FUN_004897,36,0.038461538461538464,0,pos,0,0.0,0,pos
FUN_007594,0,0.0,0,pos,0,0.0,0,pos
FUN_001099,0,0.0,0,pos,0,0.0,0,pos
FUN_006949,0,0.0,0,pos,0,0.0,0,pos
FUN_009482,0,0.0,0,pos,0,0.0,0,pos
FUN_005030,0,0.0,0,pos,0,0.0,0,pos
FUN_015876,0,0.0,0,pos,0,0.0,0,pos
FUN_005202,0,0.0,0,pos,0,0.0,0,pos
FUN_015341,0,0.0,0,pos,0,0.0,0,pos
FUN_010404,0,0.0,0,pos,0,0.0,0,pos
FUN_002259,0,0.0,0,pos,0,0.0,0,pos
FUN_009560,0,0.0,0,pos,0,0.0,0,pos
FUN_007188,204,0.23776223776223776,2,pos_s252_e312_s438_e534,48,0.055944055944055944,1,pos_s486_e516
FUN_005934,0,0.0,0,pos,0,0.0,0,pos
FUN_000028,138,0.013105413105413105,2,pos_s6162_e6228_s10182_e10236,78,0.007407407407407408,2,pos_s6162_e6192_s10188_e10236
FUN_007217,0,0.0,0,pos,0,0.0,0,pos
FUN_004605,42,0.035175879396984924,0,pos,0,0.0,0,pos
FUN_007231,0,0.0,0,pos,0,0.0,0,pos
FUN_009859,0,0.0,0,pos,0,0.0,0,pos
FUN_011035,0,0.0,0,pos,0,0.0,0,pos
FUN_011019,42,0.058823529411764705,1,pos_s546_e582,0,0.0,0,pos
FUN_000053,0,0.0,0,pos,0,0.0,0,pos
FUN_001066,18,0.015306122448979591,0,pos,0,0.0,0,pos
FUN_010369,0,0.0,0,pos,0,0.0,0,pos
FUN_016288,0,0.0,0,pos,0,0.0,0,pos
FUN_010450,66,0.044715447154471545,1,pos_s1296_e1338,42,0.028455284552845527,1,pos_s1296_e1338
FUN_003752,0,0.0,0,pos,0,0.0,0,pos
FUN_010129,0,0.0,0,pos,0,0.0,0,pos
FUN_010558,24,0.09302325581395349,0,pos,0,0.0,0,pos
FUN_001572,0,0.0,0,pos,0,0.0,0,pos
FUN_000519,0,0.0,0,pos,0,0.0,0,pos
FUN_000943,0,0.0,0,pos,0,0.0,0,pos
FUN_000532,0,0.0,0,pos,0,0.0,0,pos
FUN_010966,390,0.18571428571428572,5,pos_s228_e306_s366_e444_s618_e684_s852_e912_s1788_e1848,144,0.06857142857142857,2,pos_s228_e294_s642_e678
FUN_005537,0,0.0,0,pos,0,0.0,0,pos
FUN_010009,0,0.0,0,pos,0,0.0,0,pos
FUN_000219,24,0.017699115044247787,0,pos,0,0.0,0,pos
FUN_000955,0,0.0,0,pos,0,0.0,0,pos
FUN_001126,0,0.0,0,pos,0,0.0,0,pos
FUN_006020,0,0.0,0,pos,0,0.0,0,pos
FUN_008346,30,0.015625,0,pos,12,0.00625,0,pos
FUN_011277,0,0.0,0,pos,0,0.0,0,pos
FUN_006928,78,0.03132530120481928,1,pos_s672_e750,0,0.0,0,pos
FUN_000178,0,0.0,0,pos,0,0.0,0,pos
FUN_009629,0,0.0,0,pos,0,0.0,0,pos
FUN_008334,0,0.0,0,pos,0,0.0,0,pos
FUN_002173,0,0.0,0,pos,0,0.0,0,pos
FUN_007145,0,0.0,0,pos,0,0.0,0,pos
FUN_011331,96,0.1,1,pos_s660_e756,36,0.0375,1,pos_s708_e744
FUN_007925,0,0.0,0,pos,0,0.0,0,pos
FUN_009287,48,0.2222222222222222,1,pos_s72_e102,0,0.0,0,pos
FUN_001695,0,0.0,0,pos,0,0.0,0,pos
FUN_007370,0,0.0,0,pos,0,0.0,0,pos
FUN_007324,24,0.07547169811320754,0,pos,0,0.0,0,pos
FUN_007756,0,0.0,0,pos,0,0.0,0,pos
FUN_015865,0,0.0,0,pos,0,0.0,0,pos
FUN_008750,0,0.0,0,pos,0,0.0,0,pos
FUN_006519,0,0.0,0,pos,0,0.0,0,pos
FUN_008904,0,0.0,0,pos,0,0.0,0,pos
FUN_004215,0,0.0,0,pos,0,0.0,0,pos
FUN_006828,0,0.0,0,pos,0,0.0,0,pos
FUN_009088,0,0.0,0,pos,0,0.0,0,pos
FUN_002212,0,0.0,0,pos,0,0.0,0,pos
FUN_016565,0,0.0,0,pos,0,0.0,0,pos
FUN_016692,120,0.03992015968063872,1,pos_s150_e264,72,0.023952095808383235,1,pos_s192_e264
FUN_008323,0,0.0,0,pos,0,0.0,0,pos
FUN_003578,0,0.0,0,pos,0,0.0,0,pos
FUN_008382,72,0.01680672268907563,1,pos_s24_e96,0,0.0,0,pos
FUN_001098,0,0.0,0,pos,0,0.0,0,pos
FUN_000399,90,0.015337423312883436,0,pos,0,0.0,0,pos
FUN_009414,0,0.0,0,pos,0,0.0,0,pos
FUN_011425,0,0.0,0,pos,0,0.0,0,pos
FUN_002487,0,0.0,0,pos,0,0.0,0,pos
FUN_016588,0,0.0,0,pos,0,0.0,0,pos
FUN_016052,0,0.0,0,pos,0,0.0,0,pos
FUN_005449,0,0.0,0,pos,0,0.0,0,pos
FUN_007962,0,0.0,0,pos,0,0.0,0,pos
FUN_015376,0,0.0,0,pos,0,0.0,0,pos
FUN_010453,0,0.0,0,pos,0,0.0,0,pos
FUN_000512,0,0.0,0,pos,0,0.0,0,pos
FUN_008826,60,0.03558718861209965,0,pos,6,0.0035587188612099642,0,pos
FUN_003383,0,0.0,0,pos,0,0.0,0,pos
FUN_002327,6,0.001392757660167131,0,pos,0,0.0,0,pos
FUN_004307,6,0.004524886877828055,0,pos,0,0.0,0,pos
FUN_005367,0,0.0,0,pos,0,0.0,0,pos
FUN_015886,0,0.0,0,pos,0,0.0,0,pos
FUN_003168,0,0.0,0,pos,0,0.0,0,pos
FUN_009817,0,0.0,0,pos,0,0.0,0,pos
FUN_003160,0,0.0,0,pos,0,0.0,0,pos
FUN_008867,234,0.02243958573072497,3,pos_s2016_e2046_s7590_e7638_s10218_e10350,0,0.0,0,pos
FUN_008630,0,0.0,0,pos,0,0.0,0,pos
FUN_005263,48,0.007611798287345386,1,pos_s2286_e2334,0,0.0,0,pos
FUN_000970,6,0.001610305958132045,0,pos,0,0.0,0,pos
FUN_000364,0,0.0,0,pos,0,0.0,0,pos
FUN_010564,0,0.0,0,pos,0,0.0,0,pos
FUN_003635,0,0.0,0,pos,0,0.0,0,pos
FUN_007615,0,0.0,0,pos,0,0.0,0,pos
FUN_002909,66,0.026829268292682926,1,pos_s1584_e1650,36,0.014634146341463415,0,pos
FUN_006333,42,0.036458333333333336,1,pos_s54_e90,0,0.0,0,pos
FUN_007575,0,0.0,0,pos,0,0.0,0,pos
FUN_005502,0,0.0,0,pos,0,0.0,0,pos
FUN_000825,30,0.01773049645390071,1,pos_s780_e810,0,0.0,0,pos
FUN_002230,48,0.006046863189720333,1,pos_s5550_e5586,0,0.0,0,pos
FUN_010555,108,0.24,1,pos_s0_e96,48,0.10666666666666667,1,pos_s12_e60
FUN_015574,0,0.0,0,pos,0,0.0,0,pos
FUN_003446,0,0.0,0,pos,0,0.0,0,pos
FUN_003881,0,0.0,0,pos,0,0.0,0,pos
FUN_005437,90,0.07936507936507936,2,pos_s504_e540_s552_e606,0,0.0,0,pos
FUN_011718,0,0.0,0,pos,0,0.0,0,pos
FUN_006400,174,0.14795918367346939,2,pos_s762_e816_s1008_e1116,84,0.07142857142857142,1,pos_s1008_e1092
FUN_001688,0,0.0,0,pos,0,0.0,0,pos
FUN_015460,0,0.0,0,pos,0,0.0,0,pos
FUN_009734,6,0.013333333333333334,0,pos,0,0.0,0,pos
FUN_004434,0,0.0,0,pos,0,0.0,0,pos
FUN_008290,0,0.0,0,pos,0,0.0,0,pos
FUN_009032,0,0.0,0,pos,0,0.0,0,pos
FUN_003552,0,0.0,0,pos,0,0.0,0,pos
FUN_011629,0,0.0,0,pos,0,0.0,0,pos
FUN_001238,0,0.0,0,pos,0,0.0,0,pos
FUN_009135,660,0.29891304347826086,6,pos_s0_e126_s648_e720_s960_e1074_s1146_e1236_s1260_e1314_s1410_e1602,378,0.17119565217391305,5,pos_s0_e102_s1146_e1176_s1260_e1314_s1428_e1488_s1518_e1578
FUN_012346,0,0.0,0,pos,0,0.0,0,pos
FUN_002188,0,0.0,0,pos,0,0.0,0,pos
FUN_002588,0,0.0,0,pos,0,0.0,0,pos
FUN_005704,0,0.0,0,pos,0,0.0,0,pos
FUN_006816,150,0.09578544061302682,1,pos_s432_e546,66,0.0421455938697318,1,pos_s474_e534
FUN_016568,0,0.0,0,pos,0,0.0,0,pos
FUN_010603,0,0.0,0,pos,0,0.0,0,pos
FUN_005531,144,0.03529411764705882,2,pos_s1710_e1764_s1944_e2010,24,0.0058823529411764705,0,pos
FUN_002500,66,0.03832752613240418,2,pos_s342_e378_s1464_e1494,0,0.0,0,pos
FUN_004395,24,0.00954653937947494,0,pos,0,0.0,0,pos
FUN_000648,0,0.0,0,pos,0,0.0,0,pos
FUN_005773,0,0.0,0,pos,0,0.0,0,pos
FUN_000209,6,0.002277904328018223,0,pos,0,0.0,0,pos
FUN_009934,48,0.041237113402061855,1,pos_s450_e498,0,0.0,0,pos
FUN_009881,0,0.0,0,pos,0,0.0,0,pos
FUN_008049,0,0.0,0,pos,0,0.0,0,pos
FUN_006284,0,0.0,0,pos,0,0.0,0,pos
FUN_015844,0,0.0,0,pos,0,0.0,0,pos
FUN_015564,0,0.0,0,pos,0,0.0,0,pos
FUN_008568,18,0.012448132780082987,0,pos,0,0.0,0,pos
FUN_016432,0,0.0,0,pos,0,0.0,0,pos
FUN_000296,0,0.0,0,pos,0,0.0,0,pos
FUN_010439,0,0.0,0,pos,0,0.0,0,pos
FUN_016849,0,0.0,0,pos,0,0.0,0,pos
FUN_006470,0,0.0,0,pos,0,0.0,0,pos
FUN_016057,0,0.0,0,pos,0,0.0,0,pos
FUN_010274,0,0.0,0,pos,0,0.0,0,pos
FUN_005098,0,0.0,0,pos,0,0.0,0,pos
FUN_004709,0,0.0,0,pos,0,0.0,0,pos
FUN_010216,0,0.0,0,pos,0,0.0,0,pos
FUN_005146,0,0.0,0,pos,0,0.0,0,pos
FUN_008876,96,0.012204424103737605,0,pos,18,0.002288329519450801,0,pos
FUN_004497,0,0.0,0,pos,0,0.0,0,pos
FUN_007105,0,0.0,0,pos,0,0.0,0,pos
FUN_010307,30,0.028089887640449437,0,pos,0,0.0,0,pos
FUN_005695,0,0.0,0,pos,0,0.0,0,pos
FUN_000147,0,0.0,0,pos,0,0.0,0,pos
FUN_010776,0,0.0,0,pos,0,0.0,0,pos
FUN_002913,0,0.0,0,pos,0,0.0,0,pos
FUN_007467,0,0.0,0,pos,0,0.0,0,pos
FUN_002885,0,0.0,0,pos,0,0.0,0,pos
FUN_003142,0,0.0,0,pos,0,0.0,0,pos
FUN_003913,0,0.0,0,pos,0,0.0,0,pos
FUN_000300,0,0.0,0,pos,0,0.0,0,pos
FUN_008564,0,0.0,0,pos,0,0.0,0,pos
FUN_007387,0,0.0,0,pos,0,0.0,0,pos
FUN_003553,6,0.004201680672268907,0,pos,0,0.0,0,pos
FUN_008310,6,0.0012254901960784314,0,pos,0,0.0,0,pos
FUN_006192,0,0.0,0,pos,0,0.0,0,pos
FUN_010996,0,0.0,0,pos,0,0.0,0,pos
FUN_001077,0,0.0,0,pos,0,0.0,0,pos
FUN_008585,0,0.0,0,pos,0,0.0,0,pos
FUN_015848,0,0.0,0,pos,0,0.0,0,pos
FUN_009740,0,0.0,0,pos,0,0.0,0,pos
FUN_006003,0,0.0,0,pos,0,0.0,0,pos
FUN_011121,0,0.0,0,pos,0,0.0,0,pos
FUN_012501,0,0.0,0,pos,0,0.0,0,pos
FUN_004635,18,0.0136986301369863,0,pos,0,0.0,0,pos
FUN_012184,0,0.0,0,pos,0,0.0,0,pos
FUN_010124,0,0.0,0,pos,0,0.0,0,pos
FUN_003717,0,0.0,0,pos,0,0.0,0,pos
FUN_001070,0,0.0,0,pos,0,0.0,0,pos
FUN_007585,0,0.0,0,pos,0,0.0,0,pos
FUN_000572,0,0.0,0,pos,0,0.0,0,pos
FUN_008953,0,0.0,0,pos,0,0.0,0,pos
FUN_005314,0,0.0,0,pos,0,0.0,0,pos
FUN_002338,0,0.0,0,pos,0,0.0,0,pos
FUN_011066,0,0.0,0,pos,0,0.0,0,pos
FUN_000835,0,0.0,0,pos,0,0.0,0,pos
FUN_005324,0,0.0,0,pos,0,0.0,0,pos
FUN_009159,0,0.0,0,pos,0,0.0,0,pos
FUN_011508,0,0.0,0,pos,0,0.0,0,pos
FUN_005155,0,0.0,0,pos,0,0.0,0,pos
FUN_009424,0,0.0,0,pos,0,0.0,0,pos
FUN_010944,0,0.0,0,pos,0,0.0,0,pos
FUN_004962,0,0.0,0,pos,0,0.0,0,pos
FUN_005291,6,0.007142857142857143,0,pos,0,0.0,0,pos
FUN_003506,0,0.0,0,pos,0,0.0,0,pos
FUN_000436,12,0.004962779156327543,0,pos,0,0.0,0,pos
FUN_010065,216,0.04806408544726302,3,pos_s1890_e1926_s2766_e2838_s3486_e3558,42,0.009345794392523364,1,pos_s3504_e3540
FUN_002336,222,0.0893719806763285,3,pos_s540_e654_s1110_e1146_s1470_e1506,120,0.04830917874396135,1,pos_s540_e654
FUN_011975,0,0.0,0,pos,0,0.0,0,pos
FUN_016628,0,0.0,0,pos,0,0.0,0,pos
FUN_009983,0,0.0,0,pos,0,0.0,0,pos
FUN_005661,0,0.0,0,pos,0,0.0,0,pos
FUN_002101,0,0.0,0,pos,0,0.0,0,pos
FUN_004190,306,0.075,4,pos_s918_e978_s1236_e1278_s3186_e3246_s3354_e3462,126,0.030882352941176472,2,pos_s1236_e1278_s3420_e3456
FUN_009759,6,0.0038910505836575876,0,pos,0,0.0,0,pos
FUN_006560,0,0.0,0,pos,0,0.0,0,pos
FUN_009228,0,0.0,0,pos,0,0.0,0,pos
FUN_015997,30,0.046296296296296294,1,pos_s450_e480,0,0.0,0,pos
FUN_009401,0,0.0,0,pos,0,0.0,0,pos
FUN_002296,96,0.038461538461538464,1,pos_s96_e144,18,0.007211538461538462,0,pos
FUN_003756,114,0.08636363636363636,1,pos_s1134_e1200,30,0.022727272727272728,0,pos
FUN_004744,0,0.0,0,pos,0,0.0,0,pos
FUN_016658,0,0.0,0,pos,0,0.0,0,pos
FUN_006416,0,0.0,0,pos,0,0.0,0,pos
FUN_002772,30,0.0273224043715847,1,pos_s1026_e1056,0,0.0,0,pos
FUN_011487,0,0.0,0,pos,0,0.0,0,pos
FUN_011449,0,0.0,0,pos,0,0.0,0,pos
FUN_002000,0,0.0,0,pos,0,0.0,0,pos
FUN_006414,0,0.0,0,pos,0,0.0,0,pos
FUN_003090,6,0.0018315018315018315,0,pos,0,0.0,0,pos
FUN_016467,0,0.0,0,pos,0,0.0,0,pos
FUN_007682,0,0.0,0,pos,0,0.0,0,pos
FUN_003947,0,0.0,0,pos,0,0.0,0,pos
FUN_003993,0,0.0,0,pos,0,0.0,0,pos
FUN_011483,0,0.0,0,pos,0,0.0,0,pos
FUN_012245,0,0.0,0,pos,0,0.0,0,pos
FUN_011168,0,0.0,0,pos,0,0.0,0,pos
FUN_002704,132,0.06606606606606606,2,pos_s60_e90_s540_e630,12,0.006006006006006006,0,pos
FUN_004470,42,0.010558069381598794,0,pos,0,0.0,0,pos
FUN_009930,24,0.03076923076923077,0,pos,0,0.0,0,pos
FUN_009332,66,0.06832298136645963,0,pos,0,0.0,0,pos
FUN_003484,102,0.3333333333333333,1,pos_s132_e186,54,0.17647058823529413,1,pos_s138_e168
FUN_016857,0,0.0,0,pos,0,0.0,0,pos
FUN_001412,0,0.0,0,pos,0,0.0,0,pos
FUN_011957,0,0.0,0,pos,0,0.0,0,pos
FUN_000663,0,0.0,0,pos,0,0.0,0,pos
FUN_010599,0,0.0,0,pos,0,0.0,0,pos
FUN_009706,0,0.0,0,pos,0,0.0,0,pos
FUN_006382,0,0.0,0,pos,0,0.0,0,pos
FUN_004038,0,0.0,0,pos,0,0.0,0,pos
FUN_001705,0,0.0,0,pos,0,0.0,0,pos
FUN_015526,0,0.0,0,pos,0,0.0,0,pos
FUN_010621,684,0.16216216216216217,7,pos_s150_e258_s552_e660_s1002_e1032_s1236_e1290_s2604_e2640_s3408_e3546_s4014_e4050,138,0.032716927453769556,1,pos_s600_e660
FUN_006952,0,0.0,0,pos,0,0.0,0,pos
FUN_006826,54,0.019438444924406047,1,pos_s2076_e2118,42,0.01511879049676026,1,pos_s2076_e2118
FUN_010764,0,0.0,0,pos,0,0.0,0,pos
FUN_016761,0,0.0,0,pos,0,0.0,0,pos
FUN_003222,0,0.0,0,pos,0,0.0,0,pos
FUN_006452,0,0.0,0,pos,0,0.0,0,pos
FUN_008922,24,0.009070294784580499,0,pos,0,0.0,0,pos
FUN_003961,0,0.0,0,pos,0,0.0,0,pos
FUN_016469,0,0.0,0,pos,0,0.0,0,pos
FUN_007582,0,0.0,0,pos,0,0.0,0,pos
FUN_015732,0,0.0,0,pos,0,0.0,0,pos
FUN_011420,30,0.006535947712418301,0,pos,12,0.00261437908496732,0,pos
FUN_012293,0,0.0,0,pos,0,0.0,0,pos
FUN_003128,12,0.004024144869215292,0,pos,0,0.0,0,pos
FUN_002122,6,0.0005408328826392645,0,pos,0,0.0,0,pos
FUN_009837,0,0.0,0,pos,0,0.0,0,pos
FUN_004656,0,0.0,0,pos,0,0.0,0,pos
FUN_015293,0,0.0,0,pos,0,0.0,0,pos
FUN_005557,0,0.0,0,pos,0,0.0,0,pos
FUN_004490,0,0.0,0,pos,0,0.0,0,pos
FUN_003963,96,0.0399002493765586,1,pos_s204_e252,12,0.004987531172069825,0,pos
FUN_009911,0,0.0,0,pos,0,0.0,0,pos
FUN_015974,0,0.0,0,pos,0,0.0,0,pos
FUN_000471,0,0.0,0,pos,0,0.0,0,pos
FUN_005248,0,0.0,0,pos,0,0.0,0,pos
FUN_002935,30,0.00411522633744856,0,pos,0,0.0,0,pos
FUN_000669,0,0.0,0,pos,0,0.0,0,pos
FUN_010037,66,0.014322916666666666,1,pos_s588_e624,0,0.0,0,pos
FUN_011502,0,0.0,0,pos,0,0.0,0,pos
FUN_011127,0,0.0,0,pos,0,0.0,0,pos
FUN_016840,0,0.0,0,pos,0,0.0,0,pos
FUN_005420,0,0.0,0,pos,0,0.0,0,pos
FUN_008100,24,0.00816326530612245,0,pos,0,0.0,0,pos
FUN_001488,12,0.016260162601626018,0,pos,0,0.0,0,pos
FUN_011217,6,0.004201680672268907,0,pos,0,0.0,0,pos
FUN_007559,0,0.0,0,pos,0,0.0,0,pos
FUN_007790,36,0.025423728813559324,0,pos,0,0.0,0,pos
FUN_015562,0,0.0,0,pos,0,0.0,0,pos
FUN_004965,72,0.07947019867549669,1,pos_s720_e762,0,0.0,0,pos
FUN_011076,120,0.04555808656036447,1,pos_s1902_e2004,72,0.02733485193621868,1,pos_s1914_e1986
FUN_006890,0,0.0,0,pos,0,0.0,0,pos
FUN_006386,240,0.09456264775413711,5,pos_s126_e156_s168_e198_s1962_e1992_s2112_e2160_s2184_e2226,48,0.018912529550827423,0,pos
FUN_003820,6,0.005714285714285714,0,pos,0,0.0,0,pos
FUN_004734,6,0.003861003861003861,0,pos,6,0.003861003861003861,0,pos
FUN_001079,0,0.0,0,pos,0,0.0,0,pos
FUN_003479,0,0.0,0,pos,0,0.0,0,pos
FUN_011474,0,0.0,0,pos,0,0.0,0,pos
FUN_004655,72,0.022058823529411766,2,pos_s2280_e2310_s2562_e2604,18,0.0055147058823529415,0,pos
FUN_016749,0,0.0,0,pos,0,0.0,0,pos
FUN_009480,72,0.42857142857142855,1,pos_s18_e66,18,0.10714285714285714,0,pos
FUN_000185,186,0.05419580419580419,1,pos_s366_e522,120,0.03496503496503497,1,pos_s378_e498
FUN_001799,0,0.0,0,pos,0,0.0,0,pos
FUN_010285,0,0.0,0,pos,0,0.0,0,pos
FUN_005010,522,0.10507246376811594,6,pos_s0_e30_s2364_e2412_s2424_e2550_s3678_e3744_s3750_e3780_s3906_e3978,114,0.022946859903381644,1,pos_s2430_e2514
FUN_010232,390,0.09406657018813314,5,pos_s1170_e1260_s2190_e2280_s2724_e2766_s2790_e2826_s3306_e3348,180,0.04341534008683068,2,pos_s2196_e2280_s2724_e2766
FUN_008817,0,0.0,0,pos,0,0.0,0,pos
FUN_000239,0,0.0,0,pos,0,0.0,0,pos
FUN_001662,0,0.0,0,pos,0,0.0,0,pos
FUN_009375,114,0.09004739336492891,1,pos_s684_e780,54,0.04265402843601896,1,pos_s702_e738
FUN_010684,0,0.0,0,pos,0,0.0,0,pos
FUN_008902,228,0.04465334900117509,3,pos_s2562_e2592_s2652_e2766_s4734_e4794,168,0.03290246768507638,2,pos_s2652_e2766_s4734_e4764
FUN_005360,252,0.0726643598615917,2,pos_s0_e108_s1050_e1158,138,0.039792387543252594,2,pos_s0_e36_s1074_e1158
FUN_002898,0,0.0,0,pos,0,0.0,0,pos
FUN_012159,0,0.0,0,pos,0,0.0,0,pos
FUN_006968,0,0.0,0,pos,0,0.0,0,pos
FUN_015854,0,0.0,0,pos,0,0.0,0,pos
FUN_002364,0,0.0,0,pos,0,0.0,0,pos
FUN_015548,0,0.0,0,pos,0,0.0,0,pos
FUN_009120,0,0.0,0,pos,0,0.0,0,pos
FUN_015328,0,0.0,0,pos,0,0.0,0,pos
FUN_005380,0,0.0,0,pos,0,0.0,0,pos
FUN_005274,258,0.02141434262948207,4,pos_s3612_e3678_s4338_e4416_s7830_e7866_s9372_e9414,78,0.006474103585657371,2,pos_s4344_e4392_s9384_e9414
FUN_002790,12,0.0392156862745098,0,pos,0,0.0,0,pos
FUN_015975,0,0.0,0,pos,0,0.0,0,pos
FUN_001371,0,0.0,0,pos,0,0.0,0,pos
FUN_009519,234,0.07847082494969819,3,pos_s396_e474_s2034_e2094_s2292_e2364,0,0.0,0,pos
FUN_000629,54,0.015025041736227046,0,pos,24,0.00667779632721202,0,pos
FUN_000507,60,0.0847457627118644,1,pos_s456_e504,24,0.03389830508474576,0,pos
FUN_006031,0,0.0,0,pos,0,0.0,0,pos
FUN_007650,96,0.2222222222222222,1,pos_s174_e234,18,0.041666666666666664,0,pos
FUN_001765,66,0.042801556420233464,1,pos_s0_e66,60,0.038910505836575876,1,pos_s6_e66
FUN_012018,0,0.0,0,pos,0,0.0,0,pos
FUN_003445,150,0.12690355329949238,2,pos_s678_e774_s1056_e1092,60,0.050761421319796954,1,pos_s690_e750
FUN_012215,0,0.0,0,pos,0,0.0,0,pos
FUN_011221,162,0.08517350157728706,3,pos_s300_e342_s858_e912_s918_e984,78,0.04100946372239748,1,pos_s918_e960
FUN_007985,0,0.0,0,pos,0,0.0,0,pos
FUN_002509,30,0.029940119760479042,0,pos,0,0.0,0,pos
FUN_016281,0,0.0,0,pos,0,0.0,0,pos
FUN_016468,0,0.0,0,pos,0,0.0,0,pos
FUN_000510,6,0.003194888178913738,0,pos,0,0.0,0,pos
FUN_002998,24,0.0392156862745098,0,pos,0,0.0,0,pos
FUN_008516,30,0.012468827930174564,1,pos_s1248_e1278,12,0.004987531172069825,0,pos
FUN_002526,0,0.0,0,pos,0,0.0,0,pos
FUN_012016,0,0.0,0,pos,0,0.0,0,pos
FUN_006114,12,0.007067137809187279,0,pos,0,0.0,0,pos
FUN_003248,30,0.03424657534246575,1,pos_s690_e720,0,0.0,0,pos
FUN_003714,0,0.0,0,pos,0,0.0,0,pos
FUN_005349,0,0.0,0,pos,0,0.0,0,pos
FUN_000671,0,0.0,0,pos,0,0.0,0,pos
FUN_009775,0,0.0,0,pos,0,0.0,0,pos
FUN_008295,0,0.0,0,pos,0,0.0,0,pos
FUN_002026,0,0.0,0,pos,0,0.0,0,pos
FUN_002596,0,0.0,0,pos,0,0.0,0,pos
FUN_006542,0,0.0,0,pos,0,0.0,0,pos
FUN_009606,0,0.0,0,pos,0,0.0,0,pos
FUN_016788,0,0.0,0,pos,0,0.0,0,pos
FUN_016514,0,0.0,0,pos,0,0.0,0,pos
FUN_011453,0,0.0,0,pos,0,0.0,0,pos
FUN_009090,0,0.0,0,pos,0,0.0,0,pos
FUN_001041,18,0.003931847968545216,0,pos,0,0.0,0,pos
FUN_001062,0,0.0,0,pos,0,0.0,0,pos
FUN_004319,0,0.0,0,pos,0,0.0,0,pos
FUN_005714,12,0.005249343832020997,0,pos,0,0.0,0,pos
FUN_010986,78,0.040498442367601244,1,pos_s732_e804,0,0.0,0,pos
FUN_015424,0,0.0,0,pos,0,0.0,0,pos
FUN_000634,0,0.0,0,pos,0,0.0,0,pos
FUN_010992,0,0.0,0,pos,0,0.0,0,pos
FUN_001889,0,0.0,0,pos,0,0.0,0,pos
FUN_015666,0,0.0,0,pos,0,0.0,0,pos
FUN_007117,0,0.0,0,pos,0,0.0,0,pos
FUN_006030,0,0.0,0,pos,0,0.0,0,pos
FUN_005570,0,0.0,0,pos,0,0.0,0,pos
FUN_008680,0,0.0,0,pos,0,0.0,0,pos
FUN_001240,0,0.0,0,pos,0,0.0,0,pos
FUN_003167,0,0.0,0,pos,0,0.0,0,pos
FUN_016656,0,0.0,0,pos,0,0.0,0,pos
FUN_006208,0,0.0,0,pos,0,0.0,0,pos
FUN_016357,0,0.0,0,pos,0,0.0,0,pos
FUN_004473,0,0.0,0,pos,0,0.0,0,pos
FUN_004180,0,0.0,0,pos,0,0.0,0,pos
FUN_000828,0,0.0,0,pos,0,0.0,0,pos
FUN_003259,0,0.0,0,pos,0,0.0,0,pos
FUN_006176,54,0.08333333333333333,1,pos_s504_e534,0,0.0,0,pos
FUN_007479,0,0.0,0,pos,0,0.0,0,pos
FUN_008785,108,0.04904632152588556,1,pos_s444_e540,18,0.008174386920980926,0,pos
FUN_007773,0,0.0,0,pos,0,0.0,0,pos
FUN_015794,0,0.0,0,pos,0,0.0,0,pos
FUN_008273,72,0.06629834254143646,1,pos_s960_e1014,0,0.0,0,pos
FUN_010149,0,0.0,0,pos,0,0.0,0,pos
FUN_004975,0,0.0,0,pos,0,0.0,0,pos
FUN_016093,0,0.0,0,pos,0,0.0,0,pos
FUN_003240,0,0.0,0,pos,0,0.0,0,pos
FUN_008695,144,0.1188118811881188,1,pos_s996_e1104,42,0.034653465346534656,0,pos
FUN_003065,120,0.1282051282051282,1,pos_s810_e918,72,0.07692307692307693,1,pos_s822_e894
FUN_001830,0,0.0,0,pos,0,0.0,0,pos
FUN_003787,0,0.0,0,pos,0,0.0,0,pos
FUN_001470,0,0.0,0,pos,0,0.0,0,pos
FUN_011520,0,0.0,0,pos,0,0.0,0,pos
FUN_009442,0,0.0,0,pos,0,0.0,0,pos
FUN_016523,0,0.0,0,pos,0,0.0,0,pos
FUN_016669,0,0.0,0,pos,0,0.0,0,pos
FUN_005863,0,0.0,0,pos,0,0.0,0,pos
FUN_005759,0,0.0,0,pos,0,0.0,0,pos
FUN_007099,54,0.02088167053364269,1,pos_s2424_e2466,12,0.004640371229698376,0,pos
FUN_010076,156,0.08496732026143791,2,pos_s912_e990_s996_e1050,90,0.049019607843137254,1,pos_s918_e990
FUN_015996,0,0.0,0,pos,0,0.0,0,pos
FUN_001797,6,0.01020408163265306,0,pos,0,0.0,0,pos
FUN_005679,0,0.0,0,pos,0,0.0,0,pos
FUN_008164,108,0.14634146341463414,2,pos_s144_e174_s612_e660,0,0.0,0,pos
FUN_000189,0,0.0,0,pos,0,0.0,0,pos
FUN_012199,0,0.0,0,pos,0,0.0,0,pos
FUN_005838,60,0.07246376811594203,1,pos_s726_e774,0,0.0,0,pos
FUN_015594,0,0.0,0,pos,0,0.0,0,pos
FUN_004445,0,0.0,0,pos,0,0.0,0,pos
FUN_001606,0,0.0,0,pos,0,0.0,0,pos
FUN_009009,0,0.0,0,pos,0,0.0,0,pos
FUN_000914,66,0.022774327122153208,1,pos_s1800_e1866,0,0.0,0,pos
FUN_004820,0,0.0,0,pos,0,0.0,0,pos
FUN_016233,0,0.0,0,pos,0,0.0,0,pos
FUN_010854,0,0.0,0,pos,0,0.0,0,pos
FUN_007539,0,0.0,0,pos,0,0.0,0,pos
FUN_010479,48,0.00386286817962337,0,pos,0,0.0,0,pos
FUN_008664,90,0.04983388704318937,1,pos_s594_e654,12,0.006644518272425249,0,pos
FUN_010680,0,0.0,0,pos,0,0.0,0,pos
FUN_003849,90,0.05067567567567568,1,pos_s270_e354,18,0.010135135135135136,0,pos
FUN_003579,0,0.0,0,pos,0,0.0,0,pos
FUN_002484,0,0.0,0,pos,0,0.0,0,pos
FUN_015585,0,0.0,0,pos,0,0.0,0,pos
FUN_011071,0,0.0,0,pos,0,0.0,0,pos
FUN_007671,0,0.0,0,pos,0,0.0,0,pos
FUN_000557,0,0.0,0,pos,0,0.0,0,pos
FUN_009915,0,0.0,0,pos,0,0.0,0,pos
FUN_011713,0,0.0,0,pos,0,0.0,0,pos
FUN_001438,0,0.0,0,pos,0,0.0,0,pos
FUN_007757,0,0.0,0,pos,0,0.0,0,pos
FUN_010571,0,0.0,0,pos,0,0.0,0,pos
FUN_011602,0,0.0,0,pos,0,0.0,0,pos
FUN_007233,0,0.0,0,pos,0,0.0,0,pos
FUN_001869,0,0.0,0,pos,0,0.0,0,pos
FUN_007728,36,0.2727272727272727,0,pos,0,0.0,0,pos
FUN_009315,0,0.0,0,pos,0,0.0,0,pos
FUN_003851,66,0.2,0,pos,0,0.0,0,pos
FUN_004779,0,0.0,0,pos,0,0.0,0,pos
FUN_010921,0,0.0,0,pos,0,0.0,0,pos
FUN_001723,72,0.03870967741935484,1,pos_s120_e168,0,0.0,0,pos
FUN_012221,18,0.02702702702702703,0,pos,0,0.0,0,pos
FUN_002440,6,0.004739336492890996,0,pos,0,0.0,0,pos
FUN_005328,156,0.05829596412556054,3,pos_s168_e198_s324_e396_s408_e438,0,0.0,0,pos
FUN_001248,0,0.0,0,pos,0,0.0,0,pos
FUN_004729,48,0.01927710843373494,0,pos,0,0.0,0,pos
FUN_004735,12,0.016,0,pos,0,0.0,0,pos
FUN_011214,72,0.096,1,pos_s450_e504,0,0.0,0,pos
FUN_002387,42,0.05511811023622047,0,pos,12,0.015748031496062992,0,pos
FUN_006106,0,0.0,0,pos,0,0.0,0,pos
FUN_009347,0,0.0,0,pos,0,0.0,0,pos
FUN_004351,0,0.0,0,pos,0,0.0,0,pos
FUN_010157,0,0.0,0,pos,0,0.0,0,pos
FUN_008985,66,0.044897959183673466,1,pos_s1314_e1380,60,0.04081632653061224,1,pos_s1320_e1380
FUN_003512,0,0.0,0,pos,0,0.0,0,pos
FUN_008988,414,0.07540983606557378,5,pos_s954_e1056_s2280_e2358_s2868_e2922_s3426_e3510_s3672_e3702,84,0.015300546448087432,1,pos_s990_e1038
FUN_012254,0,0.0,0,pos,0,0.0,0,pos
FUN_005911,0,0.0,0,pos,0,0.0,0,pos
FUN_008011,6,0.014925373134328358,0,pos,0,0.0,0,pos
FUN_011762,0,0.0,0,pos,0,0.0,0,pos
FUN_001136,0,0.0,0,pos,0,0.0,0,pos
FUN_010062,264,0.042801556420233464,6,pos_s2346_e2376_s3078_e3126_s3492_e3522_s3540_e3570_s3684_e3726_s6078_e6126,0,0.0,0,pos
FUN_010671,0,0.0,0,pos,0,0.0,0,pos
FUN_007182,42,0.04697986577181208,1,pos_s540_e582,42,0.04697986577181208,1,pos_s540_e582
FUN_004398,18,0.013824884792626729,0,pos,6,0.004608294930875576,0,pos
FUN_007525,0,0.0,0,pos,0,0.0,0,pos
FUN_006963,36,0.02727272727272727,1,pos_s246_e282,0,0.0,0,pos
FUN_005826,18,0.005964214711729622,0,pos,0,0.0,0,pos
FUN_001844,30,0.05319148936170213,0,pos,0,0.0,0,pos
FUN_007975,0,0.0,0,pos,0,0.0,0,pos
FUN_002323,156,0.05416666666666667,1,pos_s288_e378,18,0.00625,0,pos
FUN_008354,0,0.0,0,pos,0,0.0,0,pos
FUN_009020,0,0.0,0,pos,0,0.0,0,pos
FUN_002104,12,0.0032,0,pos,0,0.0,0,pos
FUN_015447,0,0.0,0,pos,0,0.0,0,pos
FUN_009726,0,0.0,0,pos,0,0.0,0,pos
FUN_009033,0,0.0,0,pos,0,0.0,0,pos
FUN_011988,0,0.0,0,pos,0,0.0,0,pos
FUN_005410,120,0.042735042735042736,2,pos_s1524_e1566_s1614_e1692,24,0.008547008547008548,0,pos
FUN_001252,0,0.0,0,pos,0,0.0,0,pos
FUN_001481,0,0.0,0,pos,0,0.0,0,pos
FUN_009898,372,0.07673267326732673,3,pos_s948_e978_s1146_e1182_s4056_e4134,24,0.0049504950495049506,0,pos
FUN_003227,0,0.0,0,pos,0,0.0,0,pos
FUN_009602,0,0.0,0,pos,0,0.0,0,pos
FUN_006769,0,0.0,0,pos,0,0.0,0,pos
FUN_000088,0,0.0,0,pos,0,0.0,0,pos
FUN_016515,0,0.0,0,pos,0,0.0,0,pos
FUN_003713,30,0.011185682326621925,0,pos,0,0.0,0,pos
FUN_007366,96,0.0599250936329588,1,pos_s1074_e1164,84,0.052434456928838954,1,pos_s1080_e1164
FUN_007319,12,0.020833333333333332,0,pos,0,0.0,0,pos
FUN_004772,0,0.0,0,pos,0,0.0,0,pos
FUN_000351,0,0.0,0,pos,0,0.0,0,pos
FUN_002110,48,0.020942408376963352,1,pos_s1950_e1998,0,0.0,0,pos
FUN_003524,0,0.0,0,pos,0,0.0,0,pos
FUN_000067,408,0.30357142857142855,6,pos_s774_e822_s858_e966_s972_e1002_s1086_e1116_s1122_e1218_s1236_e1302,264,0.19642857142857142,5,pos_s792_e822_s858_e966_s1086_e1116_s1122_e1164_s1242_e1278
FUN_015597,0,0.0,0,pos,0,0.0,0,pos
FUN_007664,0,0.0,0,pos,0,0.0,0,pos
FUN_009771,258,0.06064880112834979,4,pos_s2808_e2838_s2880_e2946_s2952_e3012_s3474_e3522,108,0.02538787023977433,2,pos_s2892_e2922_s2958_e3000
FUN_004951,330,0.10318949343339587,4,pos_s342_e444_s528_e558_s564_e654_s2604_e2670,168,0.0525328330206379,3,pos_s348_e396_s564_e654_s2640_e2670
FUN_008423,0,0.0,0,pos,0,0.0,0,pos
FUN_011746,0,0.0,0,pos,0,0.0,0,pos
FUN_000054,0,0.0,0,pos,0,0.0,0,pos
FUN_011977,0,0.0,0,pos,0,0.0,0,pos
FUN_003171,0,0.0,0,pos,0,0.0,0,pos
FUN_003556,0,0.0,0,pos,0,0.0,0,pos
FUN_009066,18,0.01910828025477707,0,pos,0,0.0,0,pos
FUN_012303,0,0.0,0,pos,0,0.0,0,pos
FUN_015267,0,0.0,0,pos,0,0.0,0,pos
FUN_008470,6,0.005847953216374269,0,pos,0,0.0,0,pos
FUN_006174,0,0.0,0,pos,0,0.0,0,pos
FUN_004701,120,0.1652892561983471,1,pos_s12_e126,108,0.1487603305785124,1,pos_s12_e114
FUN_001160,0,0.0,0,pos,0,0.0,0,pos
FUN_004896,0,0.0,0,pos,0,0.0,0,pos
FUN_001386,6,0.0018484288354898336,0,pos,0,0.0,0,pos
FUN_002462,0,0.0,0,pos,0,0.0,0,pos
FUN_006931,174,0.26126126126126126,1,pos_s282_e330,84,0.12612612612612611,0,pos
FUN_000259,6,0.004219409282700422,0,pos,6,0.004219409282700422,0,pos
FUN_005022,12,0.0019305019305019305,0,pos,0,0.0,0,pos
FUN_004458,0,0.0,0,pos,0,0.0,0,pos
FUN_000922,0,0.0,0,pos,0,0.0,0,pos
FUN_010144,0,0.0,0,pos,0,0.0,0,pos
FUN_008709,0,0.0,0,pos,0,0.0,0,pos
FUN_007882,0,0.0,0,pos,0,0.0,0,pos
FUN_006351,0,0.0,0,pos,0,0.0,0,pos
FUN_011867,0,0.0,0,pos,0,0.0,0,pos
FUN_005548,0,0.0,0,pos,0,0.0,0,pos
FUN_012509,42,0.031818181818181815,0,pos,0,0.0,0,pos
FUN_005756,12,0.0025906735751295338,0,pos,12,0.0025906735751295338,0,pos
FUN_006124,0,0.0,0,pos,0,0.0,0,pos
FUN_016684,0,0.0,0,pos,0,0.0,0,pos
FUN_009101,66,0.059782608695652176,1,pos_s366_e402,0,0.0,0,pos
FUN_007565,0,0.0,0,pos,0,0.0,0,pos
FUN_006408,24,0.016,0,pos,6,0.004,0,pos
FUN_010705,6,0.009345794392523364,0,pos,0,0.0,0,pos
FUN_001086,0,0.0,0,pos,0,0.0,0,pos
FUN_016142,0,0.0,0,pos,0,0.0,0,pos
FUN_007524,0,0.0,0,pos,0,0.0,0,pos
FUN_006940,6,0.06666666666666667,0,pos,0,0.0,0,pos
FUN_002324,0,0.0,0,pos,0,0.0,0,pos
FUN_003108,0,0.0,0,pos,0,0.0,0,pos
FUN_012233,0,0.0,0,pos,0,0.0,0,pos
FUN_015435,0,0.0,0,pos,0,0.0,0,pos
FUN_003331,0,0.0,0,pos,0,0.0,0,pos
FUN_006490,0,0.0,0,pos,0,0.0,0,pos
FUN_011194,0,0.0,0,pos,0,0.0,0,pos
FUN_010554,0,0.0,0,pos,0,0.0,0,pos
FUN_004376,0,0.0,0,pos,0,0.0,0,pos
FUN_011003,18,0.002127659574468085,0,pos,0,0.0,0,pos
FUN_001457,0,0.0,0,pos,0,0.0,0,pos
FUN_011209,0,0.0,0,pos,0,0.0,0,pos
FUN_008498,6,0.003676470588235294,0,pos,0,0.0,0,pos
FUN_004872,0,0.0,0,pos,0,0.0,0,pos
FUN_016156,0,0.0,0,pos,0,0.0,0,pos
FUN_015772,0,0.0,0,pos,0,0.0,0,pos
FUN_009303,36,0.0335195530726257,0,pos,0,0.0,0,pos
FUN_002546,24,0.13793103448275862,0,pos,0,0.0,0,pos
FUN_002693,168,0.13592233009708737,2,pos_s792_e822_s888_e924,12,0.009708737864077669,0,pos
FUN_008276,24,0.00881057268722467,0,pos,0,0.0,0,pos
FUN_002163,0,0.0,0,pos,0,0.0,0,pos
FUN_009455,0,0.0,0,pos,0,0.0,0,pos
FUN_007497,0,0.0,0,pos,0,0.0,0,pos
FUN_012453,0,0.0,0,pos,0,0.0,0,pos
FUN_016002,0,0.0,0,pos,0,0.0,0,pos
FUN_001942,0,0.0,0,pos,0,0.0,0,pos
FUN_015676,0,0.0,0,pos,0,0.0,0,pos
FUN_012438,0,0.0,0,pos,0,0.0,0,pos
FUN_016053,0,0.0,0,pos,0,0.0,0,pos
FUN_000762,0,0.0,0,pos,0,0.0,0,pos
FUN_010893,30,0.008605851979345954,0,pos,0,0.0,0,pos
FUN_000767,42,0.01545253863134658,0,pos,0,0.0,0,pos
FUN_012520,0,0.0,0,pos,0,0.0,0,pos
FUN_009198,0,0.0,0,pos,0,0.0,0,pos
FUN_002739,0,0.0,0,pos,0,0.0,0,pos
FUN_011429,0,0.0,0,pos,0,0.0,0,pos
FUN_003453,0,0.0,0,pos,0,0.0,0,pos
FUN_004575,12,0.0036036036036036037,0,pos,0,0.0,0,pos
FUN_008206,0,0.0,0,pos,0,0.0,0,pos
FUN_003691,48,0.041666666666666664,1,pos_s1044_e1086,0,0.0,0,pos
FUN_006440,36,0.031413612565445025,1,pos_s204_e240,0,0.0,0,pos
FUN_011541,0,0.0,0,pos,0,0.0,0,pos
FUN_002233,0,0.0,0,pos,0,0.0,0,pos
FUN_006024,42,0.021806853582554516,1,pos_s408_e438,0,0.0,0,pos
FUN_011192,0,0.0,0,pos,0,0.0,0,pos
FUN_016637,0,0.0,0,pos,0,0.0,0,pos
FUN_000427,0,0.0,0,pos,0,0.0,0,pos
FUN_008227,24,0.01444043321299639,0,pos,0,0.0,0,pos
FUN_001152,6,0.0011494252873563218,0,pos,0,0.0,0,pos
FUN_011734,0,0.0,0,pos,0,0.0,0,pos
FUN_006655,0,0.0,0,pos,0,0.0,0,pos
FUN_015389,0,0.0,0,pos,0,0.0,0,pos
FUN_011717,0,0.0,0,pos,0,0.0,0,pos
FUN_016042,0,0.0,0,pos,0,0.0,0,pos
FUN_010423,0,0.0,0,pos,0,0.0,0,pos
FUN_007138,0,0.0,0,pos,0,0.0,0,pos
FUN_007566,0,0.0,0,pos,0,0.0,0,pos
FUN_007576,0,0.0,0,pos,0,0.0,0,pos
FUN_009748,6,0.005917159763313609,0,pos,0,0.0,0,pos
FUN_008606,36,0.03389830508474576,1,pos_s366_e396,30,0.02824858757062147,1,pos_s366_e396
FUN_016262,0,0.0,0,pos,0,0.0,0,pos
FUN_010995,30,0.011312217194570135,0,pos,0,0.0,0,pos
FUN_010147,0,0.0,0,pos,0,0.0,0,pos
FUN_010395,0,0.0,0,pos,0,0.0,0,pos
FUN_016474,0,0.0,0,pos,0,0.0,0,pos
FUN_008758,0,0.0,0,pos,0,0.0,0,pos
FUN_007605,54,0.06474820143884892,1,pos_s120_e174,0,0.0,0,pos
FUN_016054,0,0.0,0,pos,0,0.0,0,pos
FUN_006242,0,0.0,0,pos,0,0.0,0,pos
FUN_006013,0,0.0,0,pos,0,0.0,0,pos
FUN_007999,18,0.011152416356877323,0,pos,0,0.0,0,pos
FUN_002320,12,0.00851063829787234,0,pos,0,0.0,0,pos
FUN_010743,0,0.0,0,pos,0,0.0,0,pos
FUN_006492,0,0.0,0,pos,0,0.0,0,pos
FUN_002698,6,0.0014285714285714286,0,pos,6,0.0014285714285714286,0,pos
FUN_002435,0,0.0,0,pos,0,0.0,0,pos
FUN_007854,6,0.007874015748031496,0,pos,0,0.0,0,pos
FUN_002198,0,0.0,0,pos,0,0.0,0,pos
FUN_000990,0,0.0,0,pos,0,0.0,0,pos
FUN_009147,84,0.006653992395437262,1,pos_s1740_e1770,0,0.0,0,pos
FUN_009128,0,0.0,0,pos,0,0.0,0,pos
FUN_009106,156,0.25742574257425743,3,pos_s300_e348_s360_e414_s420_e456,6,0.009900990099009901,0,pos
FUN_005690,0,0.0,0,pos,0,0.0,0,pos
FUN_008623,0,0.0,0,pos,0,0.0,0,pos
FUN_006368,0,0.0,0,pos,0,0.0,0,pos
FUN_010648,294,0.05997552019583843,3,pos_s2268_e2298_s3546_e3630_s3894_e4032,90,0.01835985312117503,2,pos_s3582_e3618_s3906_e3942
FUN_000854,0,0.0,0,pos,0,0.0,0,pos
FUN_008158,0,0.0,0,pos,0,0.0,0,pos
FUN_012553,0,0.0,0,pos,0,0.0,0,pos
FUN_010569,0,0.0,0,pos,0,0.0,0,pos
FUN_009068,0,0.0,0,pos,0,0.0,0,pos
FUN_012014,0,0.0,0,pos,0,0.0,0,pos
FUN_004414,48,0.014414414414414415,1,pos_s2226_e2256,0,0.0,0,pos
FUN_006733,30,0.06578947368421052,0,pos,12,0.02631578947368421,0,pos
FUN_004371,0,0.0,0,pos,0,0.0,0,pos
FUN_006006,6,0.003401360544217687,0,pos,0,0.0,0,pos
FUN_000329,0,0.0,0,pos,0,0.0,0,pos
FUN_000449,36,0.011235955056179775,1,pos_s966_e996,0,0.0,0,pos
FUN_001049,0,0.0,0,pos,0,0.0,0,pos
FUN_003665,24,0.009501187648456057,0,pos,12,0.004750593824228029,0,pos
FUN_001017,192,0.027095681625740897,3,pos_s918_e996_s1326_e1356_s2796_e2826,72,0.010160880609652836,1,pos_s918_e990
FUN_004677,0,0.0,0,pos,0,0.0,0,pos
FUN_010094,0,0.0,0,pos,0,0.0,0,pos
FUN_009219,384,0.07111111111111111,5,pos_s1236_e1272_s2754_e2868_s3228_e3276_s3408_e3480_s3540_e3636,36,0.006666666666666667,0,pos
FUN_007855,0,0.0,0,pos,0,0.0,0,pos
FUN_011438,0,0.0,0,pos,0,0.0,0,pos
FUN_016295,0,0.0,0,pos,0,0.0,0,pos
FUN_009148,0,0.0,0,pos,0,0.0,0,pos
FUN_001191,0,0.0,0,pos,0,0.0,0,pos
FUN_007180,0,0.0,0,pos,0,0.0,0,pos
FUN_011759,0,0.0,0,pos,0,0.0,0,pos
FUN_006051,0,0.0,0,pos,0,0.0,0,pos
FUN_000932,90,0.14563106796116504,1,pos_s360_e450,42,0.06796116504854369,1,pos_s408_e450
FUN_000293,18,0.0019083969465648854,0,pos,0,0.0,0,pos
FUN_012201,0,0.0,0,pos,0,0.0,0,pos
FUN_010825,0,0.0,0,pos,0,0.0,0,pos
FUN_001361,0,0.0,0,pos,0,0.0,0,pos
FUN_006994,108,0.054380664652567974,1,pos_s864_e912,42,0.021148036253776436,1,pos_s864_e906
FUN_001446,0,0.0,0,pos,0,0.0,0,pos
FUN_002424,168,0.03954802259887006,2,pos_s1056_e1104_s3690_e3804,12,0.002824858757062147,0,pos
FUN_002695,0,0.0,0,pos,0,0.0,0,pos
FUN_004476,36,0.008708272859216255,0,pos,0,0.0,0,pos
FUN_000429,0,0.0,0,pos,0,0.0,0,pos
FUN_000398,0,0.0,0,pos,0,0.0,0,pos
FUN_007049,36,0.014354066985645933,1,pos_s2136_e2172,0,0.0,0,pos
FUN_016207,108,0.04627249357326478,1,pos_s1932_e2040,30,0.012853470437017995,1,pos_s2010_e2040
FUN_004450,216,0.12040133779264214,4,pos_s522_e588_s642_e690_s738_e804_s996_e1026,12,0.006688963210702341,0,pos
FUN_008140,0,0.0,0,pos,0,0.0,0,pos
FUN_009352,78,0.20634920634920634,0,pos,0,0.0,0,pos
FUN_000898,30,0.016129032258064516,0,pos,0,0.0,0,pos
FUN_003554,0,0.0,0,pos,0,0.0,0,pos
FUN_003192,0,0.0,0,pos,0,0.0,0,pos
FUN_007501,0,0.0,0,pos,0,0.0,0,pos
FUN_004630,102,0.018378378378378378,1,pos_s5394_e5466,36,0.006486486486486486,1,pos_s5430_e5460
FUN_010875,0,0.0,0,pos,0,0.0,0,pos
FUN_007159,0,0.0,0,pos,0,0.0,0,pos
FUN_009259,6,0.0012804097311139564,0,pos,0,0.0,0,pos
FUN_004114,0,0.0,0,pos,0,0.0,0,pos
FUN_007731,0,0.0,0,pos,0,0.0,0,pos
FUN_011404,0,0.0,0,pos,0,0.0,0,pos
FUN_006425,0,0.0,0,pos,0,0.0,0,pos
FUN_006823,0,0.0,0,pos,0,0.0,0,pos
FUN_005907,0,0.0,0,pos,0,0.0,0,pos
FUN_009284,0,0.0,0,pos,0,0.0,0,pos
FUN_002512,0,0.0,0,pos,0,0.0,0,pos
FUN_011604,0,0.0,0,pos,0,0.0,0,pos
FUN_016291,0,0.0,0,pos,0,0.0,0,pos
FUN_001269,54,0.058823529411764705,1,pos_s0_e36,42,0.0457516339869281,1,pos_s0_e36
FUN_016218,0,0.0,0,pos,0,0.0,0,pos
FUN_012290,0,0.0,0,pos,0,0.0,0,pos
FUN_009457,0,0.0,0,pos,0,0.0,0,pos
FUN_002916,0,0.0,0,pos,0,0.0,0,pos
FUN_004419,0,0.0,0,pos,0,0.0,0,pos
FUN_010118,120,0.1652892561983471,1,pos_s552_e654,36,0.049586776859504134,1,pos_s618_e648
FUN_016048,0,0.0,0,pos,0,0.0,0,pos
FUN_000107,72,0.023715415019762844,1,pos_s1032_e1074,0,0.0,0,pos
FUN_003819,18,0.02654867256637168,0,pos,0,0.0,0,pos
FUN_007279,24,0.032,0,pos,0,0.0,0,pos
FUN_011065,66,0.14473684210526316,1,pos_s342_e390,0,0.0,0,pos
FUN_010280,0,0.0,0,pos,0,0.0,0,pos
FUN_004273,60,0.01858736059479554,1,pos_s510_e552,0,0.0,0,pos
FUN_009547,0,0.0,0,pos,0,0.0,0,pos
FUN_003543,114,0.06884057971014493,1,pos_s1158_e1272,84,0.050724637681159424,1,pos_s1176_e1260
FUN_011164,0,0.0,0,pos,0,0.0,0,pos
FUN_003423,0,0.0,0,pos,0,0.0,0,pos
FUN_000915,0,0.0,0,pos,0,0.0,0,pos
FUN_001932,0,0.0,0,pos,0,0.0,0,pos
FUN_009289,0,0.0,0,pos,0,0.0,0,pos
FUN_012013,0,0.0,0,pos,0,0.0,0,pos
FUN_009478,0,0.0,0,pos,0,0.0,0,pos
FUN_015670,0,0.0,0,pos,0,0.0,0,pos
FUN_005069,48,0.00997506234413965,1,pos_s4716_e4746,0,0.0,0,pos
FUN_007060,306,0.010416666666666666,3,pos_s9042_e9072_s10308_e10344_s11724_e11772,0,0.0,0,pos
FUN_004930,0,0.0,0,pos,0,0.0,0,pos
FUN_005384,60,0.014204545454545454,1,pos_s1674_e1734,18,0.004261363636363636,0,pos
FUN_015646,0,0.0,0,pos,0,0.0,0,pos
FUN_007048,0,0.0,0,pos,0,0.0,0,pos
FUN_010808,0,0.0,0,pos,0,0.0,0,pos
FUN_006552,0,0.0,0,pos,0,0.0,0,pos
FUN_002521,0,0.0,0,pos,0,0.0,0,pos
FUN_000164,0,0.0,0,pos,0,0.0,0,pos
FUN_006970,0,0.0,0,pos,0,0.0,0,pos
FUN_002552,114,0.045454545454545456,1,pos_s510_e552,0,0.0,0,pos
FUN_016800,12,0.006172839506172839,0,pos,6,0.0030864197530864196,0,pos
FUN_015433,18,0.02,0,pos,12,0.013333333333333334,0,pos
FUN_000941,48,0.05194805194805195,1,pos_s246_e276,30,0.032467532467532464,1,pos_s246_e276
FUN_015723,0,0.0,0,pos,0,0.0,0,pos
FUN_005411,0,0.0,0,pos,0,0.0,0,pos
FUN_012145,0,0.0,0,pos,0,0.0,0,pos
FUN_001568,0,0.0,0,pos,0,0.0,0,pos
FUN_004889,0,0.0,0,pos,0,0.0,0,pos
FUN_000377,0,0.0,0,pos,0,0.0,0,pos
FUN_008156,42,0.02023121387283237,0,pos,0,0.0,0,pos
FUN_000021,0,0.0,0,pos,0,0.0,0,pos
FUN_006151,0,0.0,0,pos,0,0.0,0,pos
FUN_004602,0,0.0,0,pos,0,0.0,0,pos
FUN_012112,0,0.0,0,pos,0,0.0,0,pos
FUN_011972,0,0.0,0,pos,0,0.0,0,pos
FUN_005779,0,0.0,0,pos,0,0.0,0,pos
FUN_003966,0,0.0,0,pos,0,0.0,0,pos
FUN_010784,0,0.0,0,pos,0,0.0,0,pos
FUN_012341,0,0.0,0,pos,0,0.0,0,pos
FUN_002153,0,0.0,0,pos,0,0.0,0,pos
FUN_011118,18,0.016574585635359115,0,pos,0,0.0,0,pos
FUN_002679,0,0.0,0,pos,0,0.0,0,pos
FUN_002029,0,0.0,0,pos,0,0.0,0,pos
FUN_003277,18,0.013392857142857142,0,pos,0,0.0,0,pos
FUN_005937,0,0.0,0,pos,0,0.0,0,pos
FUN_000830,0,0.0,0,pos,0,0.0,0,pos
FUN_001884,6,0.010752688172043012,0,pos,0,0.0,0,pos
FUN_007954,66,0.09734513274336283,1,pos_s456_e516,0,0.0,0,pos
FUN_001111,18,0.0196078431372549,0,pos,0,0.0,0,pos
FUN_016751,0,0.0,0,pos,0,0.0,0,pos
FUN_007305,0,0.0,0,pos,0,0.0,0,pos
FUN_006428,0,0.0,0,pos,0,0.0,0,pos
FUN_001047,48,0.011782032400589101,1,pos_s1602_e1650,0,0.0,0,pos
FUN_009000,0,0.0,0,pos,0,0.0,0,pos
FUN_001432,0,0.0,0,pos,0,0.0,0,pos
FUN_005386,0,0.0,0,pos,0,0.0,0,pos
FUN_000947,0,0.0,0,pos,0,0.0,0,pos
FUN_008022,0,0.0,0,pos,0,0.0,0,pos
FUN_001389,0,0.0,0,pos,0,0.0,0,pos
FUN_011461,348,0.14987080103359174,4,pos_s1122_e1158_s1230_e1308_s1554_e1704_s1710_e1752,126,0.05426356589147287,1,pos_s1614_e1692
FUN_000325,234,0.07116788321167883,3,pos_s1692_e1770_s1974_e2040_s2118_e2208,102,0.03102189781021898,1,pos_s1692_e1764
FUN_001738,0,0.0,0,pos,0,0.0,0,pos
FUN_005503,0,0.0,0,pos,0,0.0,0,pos
FUN_003153,24,0.009195402298850575,0,pos,0,0.0,0,pos
FUN_010322,0,0.0,0,pos,0,0.0,0,pos
FUN_006500,0,0.0,0,pos,0,0.0,0,pos
FUN_007216,138,0.10087719298245613,2,pos_s456_e492_s1116_e1194,18,0.013157894736842105,0,pos
FUN_000754,0,0.0,0,pos,0,0.0,0,pos
FUN_007878,0,0.0,0,pos,0,0.0,0,pos
FUN_000985,228,0.1165644171779141,4,pos_s828_e900_s1122_e1200_s1758_e1794_s1800_e1830,126,0.06441717791411043,2,pos_s846_e900_s1122_e1194
FUN_011342,0,0.0,0,pos,0,0.0,0,pos
FUN_015425,0,0.0,0,pos,0,0.0,0,pos
FUN_011153,72,0.14634146341463414,1,pos_s54_e90,0,0.0,0,pos
FUN_002539,66,0.0040116703136396795,1,pos_s15678_e15744,0,0.0,0,pos
FUN_006957,0,0.0,0,pos,0,0.0,0,pos
FUN_016377,0,0.0,0,pos,0,0.0,0,pos
FUN_012448,0,0.0,0,pos,0,0.0,0,pos
FUN_011074,0,0.0,0,pos,0,0.0,0,pos
FUN_011886,0,0.0,0,pos,0,0.0,0,pos
FUN_016243,0,0.0,0,pos,0,0.0,0,pos
FUN_012358,0,0.0,0,pos,0,0.0,0,pos
FUN_015361,0,0.0,0,pos,0,0.0,0,pos
FUN_000052,0,0.0,0,pos,0,0.0,0,pos
FUN_008581,0,0.0,0,pos,0,0.0,0,pos
FUN_000042,0,0.0,0,pos,0,0.0,0,pos
FUN_006422,60,0.01845018450184502,1,pos_s2880_e2934,36,0.01107011070110701,1,pos_s2892_e2928
FUN_008828,0,0.0,0,pos,0,0.0,0,pos
FUN_006401,84,0.07909604519774012,1,pos_s666_e726,36,0.03389830508474576,1,pos_s684_e720
FUN_012007,0,0.0,0,pos,0,0.0,0,pos
FUN_003931,0,0.0,0,pos,0,0.0,0,pos
FUN_006404,0,0.0,0,pos,0,0.0,0,pos
FUN_010289,0,0.0,0,pos,0,0.0,0,pos
FUN_000781,0,0.0,0,pos,0,0.0,0,pos
FUN_011073,0,0.0,0,pos,0,0.0,0,pos
FUN_002312,0,0.0,0,pos,0,0.0,0,pos
FUN_006550,0,0.0,0,pos,0,0.0,0,pos
FUN_016074,0,0.0,0,pos,0,0.0,0,pos
FUN_009059,0,0.0,0,pos,0,0.0,0,pos
FUN_004167,0,0.0,0,pos,0,0.0,0,pos
FUN_011755,0,0.0,0,pos,0,0.0,0,pos
FUN_007778,0,0.0,0,pos,0,0.0,0,pos
FUN_001268,0,0.0,0,pos,0,0.0,0,pos
FUN_003410,0,0.0,0,pos,0,0.0,0,pos
FUN_005850,0,0.0,0,pos,0,0.0,0,pos
FUN_010190,0,0.0,0,pos,0,0.0,0,pos
FUN_001440,0,0.0,0,pos,0,0.0,0,pos
FUN_006845,0,0.0,0,pos,0,0.0,0,pos
FUN_004509,0,0.0,0,pos,0,0.0,0,pos
FUN_005696,0,0.0,0,pos,0,0.0,0,pos
FUN_004083,0,0.0,0,pos,0,0.0,0,pos
FUN_008964,0,0.0,0,pos,0,0.0,0,pos
FUN_008941,0,0.0,0,pos,0,0.0,0,pos
FUN_005373,174,0.03934871099050204,2,pos_s3066_e3096_s4128_e4248,66,0.014925373134328358,1,pos_s4212_e4248
FUN_002081,0,0.0,0,pos,0,0.0,0,pos
FUN_001181,42,0.04,1,pos_s714_e750,0,0.0,0,pos
FUN_005193,96,0.08,1,pos_s882_e942,0,0.0,0,pos
FUN_009047,252,0.9130434782608695,1,pos_s0_e150,120,0.43478260869565216,2,pos_s48_e84_s210_e264
FUN_007860,0,0.0,0,pos,0,0.0,0,pos
FUN_015393,0,0.0,0,pos,0,0.0,0,pos
FUN_003735,6,0.002881844380403458,0,pos,0,0.0,0,pos
FUN_002808,18,0.008174386920980926,0,pos,0,0.0,0,pos
FUN_002555,36,0.024096385542168676,1,pos_s468_e504,0,0.0,0,pos
FUN_010762,0,0.0,0,pos,0,0.0,0,pos
FUN_009555,102,0.03136531365313653,1,pos_s1758_e1860,60,0.01845018450184502,1,pos_s1758_e1818
FUN_016037,0,0.0,0,pos,0,0.0,0,pos
FUN_012185,0,0.0,0,pos,0,0.0,0,pos
FUN_006005,36,0.046153846153846156,1,pos_s0_e36,0,0.0,0,pos
FUN_006690,0,0.0,0,pos,0,0.0,0,pos
FUN_003791,36,0.023255813953488372,1,pos_s330_e366,0,0.0,0,pos
FUN_002717,0,0.0,0,pos,0,0.0,0,pos
FUN_007698,24,0.006024096385542169,0,pos,0,0.0,0,pos
FUN_012063,0,0.0,0,pos,0,0.0,0,pos
FUN_010218,0,0.0,0,pos,0,0.0,0,pos
FUN_010516,192,0.3137254901960784,2,pos_s12_e156_s228_e270,114,0.18627450980392157,1,pos_s30_e126
FUN_004279,12,0.021739130434782608,0,pos,12,0.021739130434782608,0,pos
FUN_009638,0,0.0,0,pos,0,0.0,0,pos
FUN_011728,0,0.0,0,pos,0,0.0,0,pos
FUN_003742,0,0.0,0,pos,0,0.0,0,pos
FUN_001958,0,0.0,0,pos,0,0.0,0,pos
FUN_001173,0,0.0,0,pos,0,0.0,0,pos
FUN_001605,168,0.42424242424242425,2,pos_s0_e72_s240_e306,84,0.21212121212121213,0,pos
FUN_006714,0,0.0,0,pos,0,0.0,0,pos
FUN_012179,6,0.011627906976744186,0,pos,0,0.0,0,pos
FUN_005381,24,0.13333333333333333,0,pos,0,0.0,0,pos
FUN_012497,0,0.0,0,pos,0,0.0,0,pos
FUN_009754,18,0.04285714285714286,0,pos,0,0.0,0,pos
FUN_000153,0,0.0,0,pos,0,0.0,0,pos
FUN_007922,0,0.0,0,pos,0,0.0,0,pos
FUN_005376,72,0.028169014084507043,2,pos_s1200_e1230_s1278_e1308,0,0.0,0,pos
FUN_001567,0,0.0,0,pos,0,0.0,0,pos
FUN_015809,0,0.0,0,pos,0,0.0,0,pos
FUN_002616,0,0.0,0,pos,0,0.0,0,pos
FUN_002412,0,0.0,0,pos,0,0.0,0,pos
FUN_011761,0,0.0,0,pos,0,0.0,0,pos
FUN_003733,0,0.0,0,pos,0,0.0,0,pos
FUN_011203,204,0.038857142857142854,3,pos_s744_e774_s2742_e2772_s3318_e3354,42,0.008,1,pos_s3318_e3354
FUN_002712,0,0.0,0,pos,0,0.0,0,pos
FUN_010937,0,0.0,0,pos,0,0.0,0,pos
FUN_015408,0,0.0,0,pos,0,0.0,0,pos
FUN_007126,0,0.0,0,pos,0,0.0,0,pos
FUN_012395,0,0.0,0,pos,0,0.0,0,pos
FUN_007823,102,0.014925373134328358,2,pos_s192_e252_s2484_e2526,0,0.0,0,pos
FUN_001466,66,0.008607198748043818,1,pos_s6816_e6870,0,0.0,0,pos
FUN_016739,0,0.0,0,pos,0,0.0,0,pos
FUN_007197,216,0.020454545454545454,2,pos_s240_e294_s3774_e3864,30,0.002840909090909091,0,pos
FUN_005582,18,0.00702576112412178,0,pos,0,0.0,0,pos
FUN_009656,0,0.0,0,pos,0,0.0,0,pos
FUN_010840,0,0.0,0,pos,0,0.0,0,pos
FUN_010897,0,0.0,0,pos,0,0.0,0,pos
FUN_003158,0,0.0,0,pos,0,0.0,0,pos
FUN_012431,0,0.0,0,pos,0,0.0,0,pos
FUN_000426,0,0.0,0,pos,0,0.0,0,pos
FUN_006799,0,0.0,0,pos,0,0.0,0,pos
FUN_015914,0,0.0,0,pos,0,0.0,0,pos
FUN_012418,0,0.0,0,pos,0,0.0,0,pos
FUN_007714,0,0.0,0,pos,0,0.0,0,pos
FUN_004241,0,0.0,0,pos,0,0.0,0,pos
FUN_012000,0,0.0,0,pos,0,0.0,0,pos
FUN_000116,0,0.0,0,pos,0,0.0,0,pos
FUN_016716,0,0.0,0,pos,0,0.0,0,pos
FUN_007192,42,0.06306306306306306,1,pos_s186_e216,6,0.009009009009009009,0,pos
FUN_015708,0,0.0,0,pos,0,0.0,0,pos
FUN_009306,0,0.0,0,pos,0,0.0,0,pos
FUN_016366,0,0.0,0,pos,0,0.0,0,pos
FUN_004453,0,0.0,0,pos,0,0.0,0,pos
FUN_010904,30,0.028735632183908046,1,pos_s486_e516,0,0.0,0,pos
FUN_015270,0,0.0,0,pos,0,0.0,0,pos
FUN_001625,6,0.003745318352059925,0,pos,0,0.0,0,pos
FUN_015596,0,0.0,0,pos,0,0.0,0,pos
FUN_010417,132,0.09166666666666666,1,pos_s1014_e1122,48,0.03333333333333333,1,pos_s1032_e1062
FUN_003467,24,0.018691588785046728,0,pos,6,0.004672897196261682,0,pos
FUN_000334,174,0.07073170731707316,1,pos_s696_e864,108,0.04390243902439024,2,pos_s768_e810_s816_e864
FUN_003843,24,0.031007751937984496,0,pos,6,0.007751937984496124,0,pos
FUN_002468,24,0.06349206349206349,0,pos,0,0.0,0,pos
FUN_006360,0,0.0,0,pos,0,0.0,0,pos
FUN_008359,12,0.005813953488372093,0,pos,0,0.0,0,pos
FUN_006393,0,0.0,0,pos,0,0.0,0,pos
FUN_011785,0,0.0,0,pos,0,0.0,0,pos
FUN_000974,0,0.0,0,pos,0,0.0,0,pos
FUN_003799,0,0.0,0,pos,0,0.0,0,pos
FUN_002322,102,0.006084466714387974,1,pos_s16464_e16566,72,0.004294917680744453,2,pos_s16470_e16506_s16512_e16548
FUN_012545,0,0.0,0,pos,0,0.0,0,pos
FUN_005001,0,0.0,0,pos,0,0.0,0,pos
FUN_004724,432,0.0802675585284281,5,pos_s2742_e2790_s2802_e2874_s2916_e3066_s3156_e3240_s3636_e3666,240,0.044593088071348944,3,pos_s2748_e2790_s2802_e2862_s2922_e3054
FUN_012473,0,0.0,0,pos,0,0.0,0,pos
FUN_008944,0,0.0,0,pos,0,0.0,0,pos
FUN_000675,0,0.0,0,pos,0,0.0,0,pos
FUN_003362,0,0.0,0,pos,0,0.0,0,pos
FUN_007831,102,0.10365853658536585,2,pos_s0_e36_s324_e372,18,0.018292682926829267,0,pos
FUN_011386,0,0.0,0,pos,0,0.0,0,pos
FUN_009292,0,0.0,0,pos,0,0.0,0,pos
FUN_009299,36,0.03208556149732621,1,pos_s30_e66,0,0.0,0,pos
FUN_001323,48,0.009237875288683603,0,pos,6,0.0011547344110854503,0,pos
FUN_001941,0,0.0,0,pos,0,0.0,0,pos
FUN_008250,0,0.0,0,pos,0,0.0,0,pos
FUN_009735,0,0.0,0,pos,0,0.0,0,pos
FUN_001249,90,0.0395778364116095,1,pos_s1368_e1434,48,0.021108179419525065,1,pos_s1386_e1434
FUN_006238,84,0.13725490196078433,1,pos_s330_e390,72,0.11764705882352941,1,pos_s330_e378
FUN_004938,6,0.002336448598130841,0,pos,0,0.0,0,pos
FUN_005287,0,0.0,0,pos,0,0.0,0,pos
FUN_002156,0,0.0,0,pos,0,0.0,0,pos
FUN_010852,18,0.017241379310344827,0,pos,0,0.0,0,pos
FUN_007981,0,0.0,0,pos,0,0.0,0,pos
FUN_000146,0,0.0,0,pos,0,0.0,0,pos
FUN_009756,0,0.0,0,pos,0,0.0,0,pos
FUN_007833,0,0.0,0,pos,0,0.0,0,pos
FUN_005728,0,0.0,0,pos,0,0.0,0,pos
FUN_015321,0,0.0,0,pos,0,0.0,0,pos
FUN_006185,0,0.0,0,pos,0,0.0,0,pos
FUN_000448,42,0.02834008097165992,1,pos_s1380_e1422,12,0.008097165991902834,0,pos
FUN_010047,0,0.0,0,pos,0,0.0,0,pos
FUN_009929,0,0.0,0,pos,0,0.0,0,pos
FUN_016075,0,0.0,0,pos,0,0.0,0,pos
FUN_006782,0,0.0,0,pos,0,0.0,0,pos
FUN_002976,36,0.008733624454148471,1,pos_s294_e324,0,0.0,0,pos
FUN_002620,42,0.04,0,pos,0,0.0,0,pos
FUN_001094,0,0.0,0,pos,0,0.0,0,pos
FUN_009575,66,0.029891304347826088,1,pos_s1320_e1362,6,0.002717391304347826,0,pos
FUN_002746,0,0.0,0,pos,0,0.0,0,pos
FUN_008017,0,0.0,0,pos,0,0.0,0,pos
FUN_010046,174,0.017726161369193152,1,pos_s5814_e5886,0,0.0,0,pos
FUN_000357,0,0.0,0,pos,0,0.0,0,pos
FUN_008335,0,0.0,0,pos,0,0.0,0,pos
FUN_004743,834,0.11641541038525963,7,pos_s1488_e1602_s1704_e1950_s2136_e2256_s2478_e2508_s2778_e2814_s2868_e3072_s3162_e3210,402,0.05611390284757119,3,pos_s1722_e1950_s2160_e2220_s2922_e2958
FUN_009084,0,0.0,0,pos,0,0.0,0,pos
FUN_003948,0,0.0,0,pos,0,0.0,0,pos
FUN_012537,0,0.0,0,pos,0,0.0,0,pos
FUN_012286,0,0.0,0,pos,0,0.0,0,pos
FUN_008795,6,0.012195121951219513,0,pos,0,0.0,0,pos
FUN_009302,0,0.0,0,pos,0,0.0,0,pos
FUN_002826,0,0.0,0,pos,0,0.0,0,pos
FUN_005823,0,0.0,0,pos,0,0.0,0,pos
FUN_001784,0,0.0,0,pos,0,0.0,0,pos
FUN_004156,0,0.0,0,pos,0,0.0,0,pos
FUN_008131,0,0.0,0,pos,0,0.0,0,pos
FUN_011107,0,0.0,0,pos,0,0.0,0,pos
FUN_008505,0,0.0,0,pos,0,0.0,0,pos
FUN_003959,12,0.003703703703703704,0,pos,0,0.0,0,pos
FUN_000646,0,0.0,0,pos,0,0.0,0,pos
FUN_009507,0,0.0,0,pos,0,0.0,0,pos
FUN_009239,0,0.0,0,pos,0,0.0,0,pos
FUN_004008,0,0.0,0,pos,0,0.0,0,pos
FUN_005731,0,0.0,0,pos,0,0.0,0,pos
FUN_009543,12,0.04,0,pos,0,0.0,0,pos
FUN_002041,192,0.028545941123996433,2,pos_s4248_e4290_s5322_e5436,42,0.006244424620874219,1,pos_s5358_e5394
FUN_009531,6,0.0022026431718061676,0,pos,0,0.0,0,pos
FUN_001551,12,0.007874015748031496,0,pos,0,0.0,0,pos
FUN_011382,30,0.018726591760299626,0,pos,0,0.0,0,pos
FUN_007612,0,0.0,0,pos,0,0.0,0,pos
FUN_000741,0,0.0,0,pos,0,0.0,0,pos
FUN_004979,102,0.07981220657276995,2,pos_s996_e1044_s1218_e1254,36,0.028169014084507043,0,pos
FUN_010800,0,0.0,0,pos,0,0.0,0,pos
FUN_010418,30,0.023255813953488372,0,pos,0,0.0,0,pos
FUN_003437,30,0.038461538461538464,1,pos_s72_e102,0,0.0,0,pos
FUN_005011,18,0.0078125,0,pos,18,0.0078125,0,pos
FUN_010301,0,0.0,0,pos,0,0.0,0,pos
FUN_003809,0,0.0,0,pos,0,0.0,0,pos
FUN_015718,0,0.0,0,pos,0,0.0,0,pos
FUN_008519,12,0.008928571428571428,0,pos,0,0.0,0,pos
FUN_001000,6,0.0034129692832764505,0,pos,0,0.0,0,pos
FUN_016064,0,0.0,0,pos,0,0.0,0,pos
FUN_007929,30,0.017543859649122806,0,pos,0,0.0,0,pos
FUN_001340,0,0.0,0,pos,0,0.0,0,pos
FUN_000965,0,0.0,0,pos,0,0.0,0,pos
FUN_000075,84,0.03763440860215054,1,pos_s2088_e2166,0,0.0,0,pos
FUN_007618,60,0.03424657534246575,1,pos_s1494_e1548,6,0.003424657534246575,0,pos
FUN_011719,0,0.0,0,pos,0,0.0,0,pos
FUN_000192,0,0.0,0,pos,0,0.0,0,pos
FUN_011235,0,0.0,0,pos,0,0.0,0,pos
FUN_000919,0,0.0,0,pos,0,0.0,0,pos
FUN_008453,0,0.0,0,pos,0,0.0,0,pos
FUN_009825,0,0.0,0,pos,0,0.0,0,pos
FUN_005927,0,0.0,0,pos,0,0.0,0,pos
FUN_008889,0,0.0,0,pos,0,0.0,0,pos
FUN_010682,174,0.2116788321167883,1,pos_s528_e642,120,0.145985401459854,1,pos_s528_e642
FUN_007452,0,0.0,0,pos,0,0.0,0,pos
FUN_004010,0,0.0,0,pos,0,0.0,0,pos
FUN_008853,6,0.0025252525252525255,0,pos,0,0.0,0,pos
FUN_016367,0,0.0,0,pos,0,0.0,0,pos
FUN_011406,0,0.0,0,pos,0,0.0,0,pos
FUN_009618,90,0.018820577164366373,1,pos_s444_e474,24,0.005018820577164366,0,pos
FUN_000025,0,0.0,0,pos,0,0.0,0,pos
FUN_006165,0,0.0,0,pos,0,0.0,0,pos
FUN_010256,0,0.0,0,pos,0,0.0,0,pos
FUN_006221,0,0.0,0,pos,0,0.0,0,pos
FUN_006280,0,0.0,0,pos,0,0.0,0,pos
FUN_012360,0,0.0,0,pos,0,0.0,0,pos
FUN_010400,0,0.0,0,pos,0,0.0,0,pos
FUN_010541,0,0.0,0,pos,0,0.0,0,pos
FUN_010473,0,0.0,0,pos,0,0.0,0,pos
FUN_003298,0,0.0,0,pos,0,0.0,0,pos
FUN_011815,0,0.0,0,pos,0,0.0,0,pos
FUN_012195,0,0.0,0,pos,0,0.0,0,pos
FUN_007435,378,0.10430463576158941,5,pos_s276_e342_s1062_e1092_s1836_e1866_s2262_e2346_s2394_e2442,0,0.0,0,pos
FUN_003427,0,0.0,0,pos,0,0.0,0,pos
FUN_004000,0,0.0,0,pos,0,0.0,0,pos
FUN_006530,0,0.0,0,pos,0,0.0,0,pos
FUN_005243,0,0.0,0,pos,0,0.0,0,pos
FUN_015993,0,0.0,0,pos,0,0.0,0,pos
FUN_006832,0,0.0,0,pos,0,0.0,0,pos
FUN_005406,0,0.0,0,pos,0,0.0,0,pos
FUN_011336,6,0.005747126436781609,0,pos,0,0.0,0,pos
FUN_006929,294,0.029149315883402735,2,pos_s1260_e1344_s1926_e2022,102,0.010113027959547887,1,pos_s1926_e2022
FUN_009436,0,0.0,0,pos,0,0.0,0,pos
FUN_011834,0,0.0,0,pos,0,0.0,0,pos
FUN_008303,0,0.0,0,pos,0,0.0,0,pos
FUN_009954,0,0.0,0,pos,0,0.0,0,pos
FUN_001149,0,0.0,0,pos,0,0.0,0,pos
FUN_003964,36,0.031088082901554404,0,pos,0,0.0,0,pos
FUN_015856,0,0.0,0,pos,0,0.0,0,pos
FUN_008409,0,0.0,0,pos,0,0.0,0,pos
FUN_002788,0,0.0,0,pos,0,0.0,0,pos
FUN_000019,0,0.0,0,pos,0,0.0,0,pos
FUN_004923,12,0.0125,0,pos,0,0.0,0,pos
FUN_008665,0,0.0,0,pos,0,0.0,0,pos
FUN_008166,0,0.0,0,pos,0,0.0,0,pos
FUN_009870,0,0.0,0,pos,0,0.0,0,pos
FUN_008421,0,0.0,0,pos,0,0.0,0,pos
FUN_004459,0,0.0,0,pos,0,0.0,0,pos
FUN_007468,108,0.06545454545454546,2,pos_s714_e744_s906_e948,6,0.0036363636363636364,0,pos
FUN_004381,30,0.034013605442176874,0,pos,0,0.0,0,pos
FUN_015826,0,0.0,0,pos,0,0.0,0,pos
FUN_006343,0,0.0,0,pos,0,0.0,0,pos
FUN_005143,0,0.0,0,pos,0,0.0,0,pos
FUN_011259,0,0.0,0,pos,0,0.0,0,pos
FUN_016752,0,0.0,0,pos,0,0.0,0,pos
FUN_000433,0,0.0,0,pos,0,0.0,0,pos
FUN_016405,0,0.0,0,pos,0,0.0,0,pos
FUN_002904,0,0.0,0,pos,0,0.0,0,pos
FUN_002298,0,0.0,0,pos,0,0.0,0,pos
FUN_003782,138,0.03951890034364261,2,pos_s2100_e2136_s2250_e2304,6,0.001718213058419244,0,pos
FUN_006741,0,0.0,0,pos,0,0.0,0,pos
FUN_016356,0,0.0,0,pos,0,0.0,0,pos
FUN_016852,0,0.0,0,pos,0,0.0,0,pos
FUN_016186,0,0.0,0,pos,0,0.0,0,pos
FUN_007830,24,0.12121212121212122,0,pos,0,0.0,0,pos
FUN_005716,36,0.03488372093023256,1,pos_s912_e942,0,0.0,0,pos
FUN_000560,0,0.0,0,pos,0,0.0,0,pos
FUN_016711,0,0.0,0,pos,0,0.0,0,pos
FUN_001237,0,0.0,0,pos,0,0.0,0,pos
FUN_008083,0,0.0,0,pos,0,0.0,0,pos
FUN_012409,84,0.03783783783783784,1,pos_s642_e726,24,0.010810810810810811,0,pos
FUN_007451,0,0.0,0,pos,0,0.0,0,pos
FUN_007835,0,0.0,0,pos,0,0.0,0,pos
FUN_015736,0,0.0,0,pos,0,0.0,0,pos
FUN_007176,54,0.06870229007633588,1,pos_s480_e534,0,0.0,0,pos
FUN_003862,0,0.0,0,pos,0,0.0,0,pos
FUN_005260,126,0.051470588235294115,2,pos_s444_e480_s1212_e1302,48,0.0196078431372549,1,pos_s1212_e1254
FUN_010103,0,0.0,0,pos,0,0.0,0,pos
FUN_011228,0,0.0,0,pos,0,0.0,0,pos
FUN_002226,0,0.0,0,pos,0,0.0,0,pos
FUN_005672,0,0.0,0,pos,0,0.0,0,pos
FUN_016030,0,0.0,0,pos,0,0.0,0,pos
FUN_003209,114,0.12101910828025478,2,pos_s162_e240_s264_e294,66,0.07006369426751592,1,pos_s168_e234
FUN_002661,54,0.05732484076433121,1,pos_s804_e840,24,0.025477707006369428,0,pos
FUN_006789,96,0.07142857142857142,2,pos_s84_e114_s198_e264,30,0.022321428571428572,1,pos_s84_e114
FUN_002928,48,0.017057569296375266,1,pos_s714_e762,0,0.0,0,pos
FUN_000563,24,0.005242463958060288,0,pos,0,0.0,0,pos
FUN_004695,0,0.0,0,pos,0,0.0,0,pos
FUN_003091,0,0.0,0,pos,0,0.0,0,pos
FUN_002692,0,0.0,0,pos,0,0.0,0,pos
FUN_016266,0,0.0,0,pos,0,0.0,0,pos
FUN_003793,0,0.0,0,pos,0,0.0,0,pos
FUN_007383,66,0.04059040590405904,1,pos_s954_e1020,54,0.033210332103321034,1,pos_s978_e1008
FUN_015837,0,0.0,0,pos,0,0.0,0,pos
FUN_011849,0,0.0,0,pos,0,0.0,0,pos
FUN_015306,0,0.0,0,pos,0,0.0,0,pos
FUN_003006,120,0.11764705882352941,1,pos_s528_e582,54,0.052941176470588235,1,pos_s534_e564
FUN_008788,0,0.0,0,pos,0,0.0,0,pos
FUN_005804,18,0.0034883720930232558,0,pos,0,0.0,0,pos
FUN_001969,0,0.0,0,pos,0,0.0,0,pos
FUN_015803,0,0.0,0,pos,0,0.0,0,pos
FUN_003606,0,0.0,0,pos,0,0.0,0,pos
FUN_006757,18,0.006756756756756757,0,pos,0,0.0,0,pos
FUN_015816,0,0.0,0,pos,0,0.0,0,pos
FUN_012097,0,0.0,0,pos,0,0.0,0,pos
FUN_010883,24,0.014336917562724014,0,pos,0,0.0,0,pos
FUN_004597,54,0.02586206896551724,1,pos_s1122_e1164,0,0.0,0,pos
FUN_016868,0,0.0,0,pos,0,0.0,0,pos
FUN_009647,738,0.07304038004750593,9,pos_s918_e966_s1710_e1752_s6264_e6318_s6486_e6612_s6684_e6726_s7050_e7104_s7218_e7254_s7770_e7854_s8130_e8298,180,0.017814726840855107,2,pos_s6486_e6570_s8244_e8298
FUN_008978,12,0.020833333333333332,0,pos,0,0.0,0,pos
FUN_015383,0,0.0,0,pos,0,0.0,0,pos
FUN_006892,0,0.0,0,pos,0,0.0,0,pos
FUN_005533,0,0.0,0,pos,0,0.0,0,pos
FUN_000874,0,0.0,0,pos,0,0.0,0,pos
FUN_008874,168,0.013930348258706468,2,pos_s9858_e9900_s10890_e10920,0,0.0,0,pos
FUN_008625,0,0.0,0,pos,0,0.0,0,pos
FUN_012177,0,0.0,0,pos,0,0.0,0,pos
FUN_003213,0,0.0,0,pos,0,0.0,0,pos
FUN_010231,0,0.0,0,pos,0,0.0,0,pos
FUN_000867,24,0.012578616352201259,0,pos,0,0.0,0,pos
FUN_003269,0,0.0,0,pos,0,0.0,0,pos
FUN_003521,18,0.03488372093023256,0,pos,0,0.0,0,pos
FUN_006584,54,0.04225352112676056,0,pos,0,0.0,0,pos
FUN_012295,0,0.0,0,pos,0,0.0,0,pos
FUN_008165,0,0.0,0,pos,0,0.0,0,pos
FUN_000562,36,0.018018018018018018,1,pos_s1698_e1734,0,0.0,0,pos
FUN_010899,0,0.0,0,pos,0,0.0,0,pos
FUN_001112,18,0.031578947368421054,0,pos,0,0.0,0,pos
FUN_007502,0,0.0,0,pos,0,0.0,0,pos
FUN_003116,0,0.0,0,pos,0,0.0,0,pos
FUN_010951,0,0.0,0,pos,0,0.0,0,pos
FUN_000230,18,0.018404907975460124,0,pos,12,0.012269938650306749,0,pos
FUN_011271,0,0.0,0,pos,0,0.0,0,pos
FUN_010489,54,0.01337295690936107,1,pos_s3570_e3600,0,0.0,0,pos
FUN_005764,0,0.0,0,pos,0,0.0,0,pos
FUN_012268,0,0.0,0,pos,0,0.0,0,pos
FUN_015470,0,0.0,0,pos,0,0.0,0,pos
FUN_005396,0,0.0,0,pos,0,0.0,0,pos
FUN_010712,630,0.4605263157894737,3,pos_s240_e660_s666_e732_s942_e1056,492,0.35964912280701755,3,pos_s270_e408_s462_e654_s942_e1056
FUN_008212,0,0.0,0,pos,0,0.0,0,pos
FUN_001788,0,0.0,0,pos,0,0.0,0,pos
FUN_008249,84,0.45161290322580644,0,pos,54,0.2903225806451613,1,pos_s102_e156
FUN_010087,0,0.0,0,pos,0,0.0,0,pos
FUN_011789,84,0.0979020979020979,1,pos_s78_e156,0,0.0,0,pos
FUN_010230,192,0.17486338797814208,3,pos_s12_e90_s762_e792_s1002_e1032,12,0.01092896174863388,0,pos
FUN_004388,138,0.036163522012578615,2,pos_s492_e582_s1002_e1038,42,0.0110062893081761,1,pos_s498_e540
FUN_016329,0,0.0,0,pos,0,0.0,0,pos
FUN_005645,0,0.0,0,pos,0,0.0,0,pos
FUN_006954,90,0.046153846153846156,1,pos_s150_e198,78,0.04,1,pos_s150_e198
FUN_010308,0,0.0,0,pos,0,0.0,0,pos
FUN_003806,0,0.0,0,pos,0,0.0,0,pos
FUN_007989,0,0.0,0,pos,0,0.0,0,pos
FUN_005153,0,0.0,0,pos,0,0.0,0,pos
FUN_007679,66,0.01981981981981982,1,pos_s1302_e1368,0,0.0,0,pos
FUN_009914,30,0.023474178403755867,1,pos_s270_e300,0,0.0,0,pos
FUN_012015,0,0.0,0,pos,0,0.0,0,pos
FUN_003582,0,0.0,0,pos,0,0.0,0,pos
FUN_004652,150,0.09328358208955224,2,pos_s540_e588_s732_e774,36,0.022388059701492536,1,pos_s552_e588
FUN_012335,0,0.0,0,pos,0,0.0,0,pos
FUN_004616,0,0.0,0,pos,0,0.0,0,pos
FUN_004882,0,0.0,0,pos,0,0.0,0,pos
FUN_005920,0,0.0,0,pos,0,0.0,0,pos
FUN_004109,0,0.0,0,pos,0,0.0,0,pos
FUN_006711,120,0.055865921787709494,2,pos_s510_e546_s570_e648,0,0.0,0,pos
FUN_008980,0,0.0,0,pos,0,0.0,0,pos
FUN_007189,0,0.0,0,pos,0,0.0,0,pos
FUN_008972,0,0.0,0,pos,0,0.0,0,pos
FUN_003068,0,0.0,0,pos,0,0.0,0,pos
FUN_002282,0,0.0,0,pos,0,0.0,0,pos
FUN_008545,0,0.0,0,pos,0,0.0,0,pos
FUN_016194,0,0.0,0,pos,0,0.0,0,pos
FUN_003279,0,0.0,0,pos,0,0.0,0,pos
FUN_005717,6,0.003968253968253968,0,pos,0,0.0,0,pos
FUN_003481,0,0.0,0,pos,0,0.0,0,pos
FUN_015649,12,0.0071174377224199285,0,pos,0,0.0,0,pos
FUN_010582,0,0.0,0,pos,0,0.0,0,pos
FUN_006427,0,0.0,0,pos,0,0.0,0,pos
FUN_009126,0,0.0,0,pos,0,0.0,0,pos
FUN_009621,0,0.0,0,pos,0,0.0,0,pos
FUN_016838,0,0.0,0,pos,0,0.0,0,pos
FUN_003047,0,0.0,0,pos,0,0.0,0,pos
FUN_015769,0,0.0,0,pos,0,0.0,0,pos
FUN_009169,0,0.0,0,pos,0,0.0,0,pos
FUN_015290,0,0.0,0,pos,0,0.0,0,pos
FUN_010544,0,0.0,0,pos,0,0.0,0,pos
FUN_003052,114,0.021788990825688075,2,pos_s2634_e2670_s2754_e2820,0,0.0,0,pos
FUN_009819,78,0.02748414376321353,1,pos_s180_e246,0,0.0,0,pos
FUN_008756,0,0.0,0,pos,0,0.0,0,pos
FUN_000997,0,0.0,0,pos,0,0.0,0,pos
FUN_015812,0,0.0,0,pos,0,0.0,0,pos
FUN_010004,0,0.0,0,pos,0,0.0,0,pos
FUN_008792,0,0.0,0,pos,0,0.0,0,pos
FUN_002879,42,0.02456140350877193,0,pos,0,0.0,0,pos
FUN_005398,0,0.0,0,pos,0,0.0,0,pos
FUN_005438,0,0.0,0,pos,0,0.0,0,pos
FUN_008536,0,0.0,0,pos,0,0.0,0,pos
FUN_005333,0,0.0,0,pos,0,0.0,0,pos
FUN_010096,0,0.0,0,pos,0,0.0,0,pos
FUN_006735,48,0.0625,1,pos_s0_e48,0,0.0,0,pos
FUN_015301,0,0.0,0,pos,0,0.0,0,pos
FUN_001910,0,0.0,0,pos,0,0.0,0,pos
FUN_012059,0,0.0,0,pos,0,0.0,0,pos
FUN_016870,0,0.0,0,pos,0,0.0,0,pos
FUN_012077,0,0.0,0,pos,0,0.0,0,pos
FUN_011931,0,0.0,0,pos,0,0.0,0,pos
FUN_005100,12,0.01020408163265306,0,pos,0,0.0,0,pos
FUN_003825,0,0.0,0,pos,0,0.0,0,pos
FUN_008506,0,0.0,0,pos,0,0.0,0,pos
FUN_001001,6,0.010869565217391304,0,pos,0,0.0,0,pos
FUN_000109,0,0.0,0,pos,0,0.0,0,pos
FUN_001989,0,0.0,0,pos,0,0.0,0,pos
FUN_016114,0,0.0,0,pos,0,0.0,0,pos
FUN_003366,18,0.016042780748663103,0,pos,0,0.0,0,pos
FUN_012373,0,0.0,0,pos,0,0.0,0,pos
FUN_000515,0,0.0,0,pos,0,0.0,0,pos
FUN_002979,18,0.021739130434782608,0,pos,0,0.0,0,pos
FUN_000598,0,0.0,0,pos,0,0.0,0,pos
FUN_009076,0,0.0,0,pos,0,0.0,0,pos
FUN_001411,0,0.0,0,pos,0,0.0,0,pos
FUN_004134,0,0.0,0,pos,0,0.0,0,pos
FUN_003666,0,0.0,0,pos,0,0.0,0,pos
FUN_003436,0,0.0,0,pos,0,0.0,0,pos
FUN_010988,0,0.0,0,pos,0,0.0,0,pos
FUN_010537,60,0.011198208286674132,1,pos_s4206_e4266,0,0.0,0,pos
FUN_011274,0,0.0,0,pos,0,0.0,0,pos
FUN_009873,54,0.013177159590043924,1,pos_s438_e486,0,0.0,0,pos
FUN_016365,0,0.0,0,pos,0,0.0,0,pos
FUN_006959,0,0.0,0,pos,0,0.0,0,pos
FUN_008319,138,0.033093525179856115,1,pos_s1308_e1416,90,0.02158273381294964,1,pos_s1326_e1416
FUN_000636,0,0.0,0,pos,0,0.0,0,pos
FUN_003566,0,0.0,0,pos,0,0.0,0,pos
FUN_004871,0,0.0,0,pos,0,0.0,0,pos
FUN_010706,0,0.0,0,pos,0,0.0,0,pos
FUN_011551,0,0.0,0,pos,0,0.0,0,pos
FUN_001654,0,0.0,0,pos,0,0.0,0,pos
FUN_007431,0,0.0,0,pos,0,0.0,0,pos
FUN_016373,0,0.0,0,pos,0,0.0,0,pos
FUN_010225,48,0.011816838995568686,1,pos_s1716_e1764,0,0.0,0,pos
FUN_015381,0,0.0,0,pos,0,0.0,0,pos
FUN_006750,0,0.0,0,pos,0,0.0,0,pos
FUN_009313,252,0.1024390243902439,2,pos_s1554_e1650_s2226_e2334,48,0.01951219512195122,0,pos
FUN_003070,0,0.0,0,pos,0,0.0,0,pos
FUN_001501,0,0.0,0,pos,0,0.0,0,pos
FUN_005054,0,0.0,0,pos,0,0.0,0,pos
FUN_012364,0,0.0,0,pos,0,0.0,0,pos
FUN_006717,126,0.02097902097902098,2,pos_s3108_e3180_s5826_e5856,60,0.00999000999000999,1,pos_s3132_e3180
FUN_001619,6,0.00089126559714795,0,pos,0,0.0,0,pos
FUN_016620,0,0.0,0,pos,0,0.0,0,pos
FUN_016452,24,0.023809523809523808,0,pos,18,0.017857142857142856,0,pos
FUN_001495,6,0.010869565217391304,0,pos,0,0.0,0,pos
FUN_003358,12,0.013513513513513514,0,pos,0,0.0,0,pos
FUN_016757,0,0.0,0,pos,0,0.0,0,pos
FUN_003937,30,0.02617801047120419,0,pos,6,0.005235602094240838,0,pos
FUN_016657,0,0.0,0,pos,0,0.0,0,pos
FUN_012285,0,0.0,0,pos,0,0.0,0,pos
FUN_012186,12,0.0061162079510703364,0,pos,0,0.0,0,pos
FUN_002220,0,0.0,0,pos,0,0.0,0,pos
FUN_001755,0,0.0,0,pos,0,0.0,0,pos
FUN_004219,0,0.0,0,pos,0,0.0,0,pos
FUN_008481,0,0.0,0,pos,0,0.0,0,pos
FUN_016344,0,0.0,0,pos,0,0.0,0,pos
FUN_011560,0,0.0,0,pos,0,0.0,0,pos
FUN_002741,0,0.0,0,pos,0,0.0,0,pos
FUN_007717,300,0.10615711252653928,3,pos_s612_e672_s1218_e1290_s1332_e1440,18,0.006369426751592357,0,pos
FUN_003974,0,0.0,0,pos,0,0.0,0,pos
FUN_012311,0,0.0,0,pos,0,0.0,0,pos
FUN_016014,0,0.0,0,pos,0,0.0,0,pos
FUN_000979,0,0.0,0,pos,0,0.0,0,pos
FUN_012517,222,0.6379310344827587,2,pos_s60_e114_s120_e234,138,0.39655172413793105,1,pos_s120_e198
FUN_010320,0,0.0,0,pos,0,0.0,0,pos
FUN_006389,0,0.0,0,pos,0,0.0,0,pos
FUN_015893,0,0.0,0,pos,0,0.0,0,pos
FUN_007116,30,0.010040160642570281,0,pos,6,0.002008032128514056,0,pos
FUN_010953,0,0.0,0,pos,0,0.0,0,pos
FUN_012152,0,0.0,0,pos,0,0.0,0,pos
FUN_010021,0,0.0,0,pos,0,0.0,0,pos
FUN_008999,0,0.0,0,pos,0,0.0,0,pos
FUN_011757,0,0.0,0,pos,0,0.0,0,pos
FUN_007037,132,0.09401709401709402,2,pos_s732_e786_s1290_e1344,6,0.004273504273504274,0,pos
FUN_015609,0,0.0,0,pos,0,0.0,0,pos
FUN_001540,0,0.0,0,pos,0,0.0,0,pos
FUN_005904,0,0.0,0,pos,0,0.0,0,pos
FUN_001557,0,0.0,0,pos,0,0.0,0,pos
FUN_003724,0,0.0,0,pos,0,0.0,0,pos
FUN_003671,0,0.0,0,pos,0,0.0,0,pos
FUN_010116,0,0.0,0,pos,0,0.0,0,pos
FUN_007710,0,0.0,0,pos,0,0.0,0,pos
FUN_004018,0,0.0,0,pos,0,0.0,0,pos
FUN_004984,0,0.0,0,pos,0,0.0,0,pos
FUN_011848,0,0.0,0,pos,0,0.0,0,pos
FUN_011216,0,0.0,0,pos,0,0.0,0,pos
FUN_007646,66,0.046610169491525424,1,pos_s516_e582,0,0.0,0,pos
FUN_007227,0,0.0,0,pos,0,0.0,0,pos
FUN_010364,0,0.0,0,pos,0,0.0,0,pos
FUN_000379,0,0.0,0,pos,0,0.0,0,pos
FUN_002365,12,0.012658227848101266,0,pos,6,0.006329113924050633,0,pos
FUN_000120,0,0.0,0,pos,0,0.0,0,pos
FUN_011373,336,0.04869565217391304,5,pos_s1044_e1092_s2622_e2664_s2742_e2784_s3372_e3462_s4080_e4116,120,0.017391304347826087,1,pos_s3390_e3462
FUN_011764,0,0.0,0,pos,0,0.0,0,pos
FUN_016832,0,0.0,0,pos,0,0.0,0,pos
FUN_003958,0,0.0,0,pos,0,0.0,0,pos
FUN_016312,0,0.0,0,pos,0,0.0,0,pos
FUN_006747,0,0.0,0,pos,0,0.0,0,pos
FUN_011583,0,0.0,0,pos,0,0.0,0,pos
FUN_007296,36,0.023809523809523808,1,pos_s816_e852,0,0.0,0,pos
FUN_005701,0,0.0,0,pos,0,0.0,0,pos
FUN_012518,0,0.0,0,pos,0,0.0,0,pos
FUN_000765,0,0.0,0,pos,0,0.0,0,pos
FUN_005362,12,0.007782101167315175,0,pos,0,0.0,0,pos
FUN_002804,0,0.0,0,pos,0,0.0,0,pos
FUN_000508,0,0.0,0,pos,0,0.0,0,pos
FUN_009982,0,0.0,0,pos,0,0.0,0,pos
FUN_009174,516,0.10361445783132531,8,pos_s372_e468_s798_e912_s1542_e1578_s1584_e1644_s1656_e1686_s1866_e1902_s2046_e2082_s4656_e4686,84,0.016867469879518072,1,pos_s1596_e1626
FUN_003654,0,0.0,0,pos,0,0.0,0,pos
FUN_012436,0,0.0,0,pos,0,0.0,0,pos
FUN_003341,0,0.0,0,pos,0,0.0,0,pos
FUN_007555,0,0.0,0,pos,0,0.0,0,pos
FUN_012058,0,0.0,0,pos,0,0.0,0,pos
FUN_001531,12,0.025,0,pos,0,0.0,0,pos
FUN_004720,144,0.5581395348837209,1,pos_s0_e126,84,0.32558139534883723,1,pos_s72_e114
FUN_004121,186,0.045588235294117645,2,pos_s1644_e1722_s2418_e2448,0,0.0,0,pos
FUN_002845,198,0.06804123711340206,1,pos_s1260_e1440,132,0.04536082474226804,2,pos_s1266_e1350_s1368_e1416
FUN_007874,60,0.047619047619047616,1,pos_s630_e684,0,0.0,0,pos
FUN_005949,0,0.0,0,pos,0,0.0,0,pos
FUN_000401,0,0.0,0,pos,0,0.0,0,pos
FUN_010572,0,0.0,0,pos,0,0.0,0,pos
FUN_008518,0,0.0,0,pos,0,0.0,0,pos
FUN_004426,0,0.0,0,pos,0,0.0,0,pos
FUN_010596,0,0.0,0,pos,0,0.0,0,pos
FUN_001433,0,0.0,0,pos,0,0.0,0,pos
FUN_003175,0,0.0,0,pos,0,0.0,0,pos
FUN_011592,0,0.0,0,pos,0,0.0,0,pos
FUN_012550,0,0.0,0,pos,0,0.0,0,pos
FUN_004360,0,0.0,0,pos,0,0.0,0,pos
FUN_016399,0,0.0,0,pos,0,0.0,0,pos
FUN_011782,0,0.0,0,pos,0,0.0,0,pos
FUN_004413,270,0.034403669724770644,2,pos_s384_e480_s4722_e4848,18,0.0022935779816513763,0,pos
FUN_015661,0,0.0,0,pos,0,0.0,0,pos
FUN_000047,180,0.1048951048951049,3,pos_s132_e186_s1152_e1218_s1236_e1272,24,0.013986013986013986,0,pos
FUN_007866,0,0.0,0,pos,0,0.0,0,pos
FUN_006251,84,0.012962962962962963,1,pos_s2364_e2394,6,0.000925925925925926,0,pos
FUN_003660,0,0.0,0,pos,0,0.0,0,pos
FUN_012524,0,0.0,0,pos,0,0.0,0,pos
FUN_000989,36,0.016666666666666666,1,pos_s48_e84,0,0.0,0,pos
FUN_004852,0,0.0,0,pos,0,0.0,0,pos
FUN_015693,0,0.0,0,pos,0,0.0,0,pos
FUN_005673,0,0.0,0,pos,0,0.0,0,pos
FUN_002735,0,0.0,0,pos,0,0.0,0,pos
FUN_010201,0,0.0,0,pos,0,0.0,0,pos
FUN_001217,24,0.022099447513812154,0,pos,0,0.0,0,pos
FUN_006661,0,0.0,0,pos,0,0.0,0,pos
FUN_005648,0,0.0,0,pos,0,0.0,0,pos
FUN_000891,0,0.0,0,pos,0,0.0,0,pos
FUN_009050,0,0.0,0,pos,0,0.0,0,pos
FUN_008805,408,0.1504424778761062,3,pos_s378_e546_s732_e846_s1380_e1440,102,0.03761061946902655,1,pos_s432_e492
FUN_009556,0,0.0,0,pos,0,0.0,0,pos
FUN_005641,0,0.0,0,pos,0,0.0,0,pos
FUN_007870,288,0.11428571428571428,4,pos_s12_e42_s1560_e1602_s1638_e1668_s2172_e2262,54,0.02142857142857143,0,pos
FUN_005219,414,0.08801020408163265,7,pos_s1860_e1920_s3486_e3516_s3546_e3600_s3630_e3672_s3696_e3744_s3792_e3834_s4008_e4068,102,0.021683673469387755,3,pos_s1890_e1920_s3714_e3744_s3792_e3822
FUN_009996,0,0.0,0,pos,0,0.0,0,pos
FUN_002597,0,0.0,0,pos,0,0.0,0,pos
FUN_007984,42,0.027450980392156862,0,pos,0,0.0,0,pos
FUN_006226,6,0.0033222591362126247,0,pos,0,0.0,0,pos
FUN_006881,78,0.1511627906976744,2,pos_s228_e276_s312_e342,48,0.09302325581395349,1,pos_s228_e276
FUN_003017,0,0.0,0,pos,0,0.0,0,pos
FUN_008460,0,0.0,0,pos,0,0.0,0,pos
FUN_008177,114,0.036468330134357005,2,pos_s552_e606_s2118_e2148,0,0.0,0,pos
FUN_011207,0,0.0,0,pos,0,0.0,0,pos
FUN_011418,36,0.02390438247011952,0,pos,0,0.0,0,pos
FUN_016855,0,0.0,0,pos,0,0.0,0,pos
FUN_002095,0,0.0,0,pos,0,0.0,0,pos
FUN_007914,0,0.0,0,pos,0,0.0,0,pos
FUN_002925,0,0.0,0,pos,0,0.0,0,pos
FUN_000711,0,0.0,0,pos,0,0.0,0,pos
FUN_009372,114,0.17272727272727273,2,pos_s162_e204_s444_e474,0,0.0,0,pos
FUN_003355,72,0.014510278113663845,1,pos_s4680_e4716,36,0.007255139056831923,1,pos_s4680_e4716
FUN_015972,0,0.0,0,pos,0,0.0,0,pos
FUN_015968,0,0.0,0,pos,0,0.0,0,pos
FUN_001722,0,0.0,0,pos,0,0.0,0,pos
FUN_000410,6,0.007462686567164179,0,pos,0,0.0,0,pos
FUN_006538,12,0.005263157894736842,0,pos,0,0.0,0,pos
FUN_015251,0,0.0,0,pos,0,0.0,0,pos
FUN_006626,12,0.021739130434782608,0,pos,0,0.0,0,pos
FUN_003084,0,0.0,0,pos,0,0.0,0,pos
FUN_012005,0,0.0,0,pos,0,0.0,0,pos
FUN_008493,306,0.09980430528375733,3,pos_s762_e870_s1284_e1356_s1476_e1560,162,0.05283757338551859,3,pos_s774_e822_s828_e870_s1506_e1548
FUN_009651,306,0.033246414602346806,5,pos_s6942_e6972_s7002_e7044_s7956_e7992_s8028_e8136_s8262_e8292,114,0.012385919165580182,2,pos_s8034_e8064_s8082_e8136
FUN_011098,0,0.0,0,pos,0,0.0,0,pos
FUN_015874,0,0.0,0,pos,0,0.0,0,pos
FUN_002065,0,0.0,0,pos,0,0.0,0,pos
FUN_003149,72,0.02843601895734597,1,pos_s2088_e2154,0,0.0,0,pos
FUN_009485,0,0.0,0,pos,0,0.0,0,pos
FUN_016718,0,0.0,0,pos,0,0.0,0,pos
FUN_002757,0,0.0,0,pos,0,0.0,0,pos
FUN_011129,120,0.5405405405405406,1,pos_s54_e168,114,0.5135135135135135,1,pos_s54_e168
FUN_007655,138,0.0610079575596817,2,pos_s1374_e1404_s1746_e1818,48,0.021220159151193633,1,pos_s1782_e1818
FUN_008093,6,0.0035842293906810036,0,pos,0,0.0,0,pos
FUN_016547,0,0.0,0,pos,0,0.0,0,pos
FUN_015606,0,0.0,0,pos,0,0.0,0,pos
FUN_000925,0,0.0,0,pos,0,0.0,0,pos
FUN_007784,0,0.0,0,pos,0,0.0,0,pos
FUN_000931,0,0.0,0,pos,0,0.0,0,pos
FUN_000170,0,0.0,0,pos,0,0.0,0,pos
FUN_010018,0,0.0,0,pos,0,0.0,0,pos
FUN_006503,24,0.032520325203252036,0,pos,0,0.0,0,pos
FUN_005134,6,0.018518518518518517,0,pos,0,0.0,0,pos
FUN_015663,0,0.0,0,pos,0,0.0,0,pos
FUN_005683,0,0.0,0,pos,0,0.0,0,pos
FUN_010221,0,0.0,0,pos,0,0.0,0,pos
FUN_012476,0,0.0,0,pos,0,0.0,0,pos
FUN_016279,0,0.0,0,pos,0,0.0,0,pos
FUN_011253,84,0.038781163434903045,0,pos,12,0.00554016620498615,0,pos
FUN_002344,0,0.0,0,pos,0,0.0,0,pos
FUN_015982,0,0.0,0,pos,0,0.0,0,pos
FUN_001842,0,0.0,0,pos,0,0.0,0,pos
FUN_011820,0,0.0,0,pos,0,0.0,0,pos
FUN_008698,0,0.0,0,pos,0,0.0,0,pos
FUN_002702,102,0.044270833333333336,2,pos_s1104_e1164_s2184_e2214,6,0.0026041666666666665,0,pos
FUN_001964,0,0.0,0,pos,0,0.0,0,pos
FUN_001178,0,0.0,0,pos,0,0.0,0,pos
FUN_000703,0,0.0,0,pos,0,0.0,0,pos
FUN_001864,636,0.11521739130434783,6,pos_s2898_e3012_s3042_e3072_s3234_e3354_s3600_e3648_s3720_e3756_s3912_e4182,156,0.02826086956521739,1,pos_s4068_e4110
FUN_002609,6,0.003745318352059925,0,pos,0,0.0,0,pos
FUN_010174,0,0.0,0,pos,0,0.0,0,pos
FUN_016879,0,0.0,0,pos,0,0.0,0,pos
FUN_003633,126,0.07835820895522388,2,pos_s1260_e1290_s1308_e1404,60,0.03731343283582089,0,pos
FUN_006523,0,0.0,0,pos,0,0.0,0,pos
FUN_007806,0,0.0,0,pos,0,0.0,0,pos
FUN_007560,0,0.0,0,pos,0,0.0,0,pos
FUN_008004,0,0.0,0,pos,0,0.0,0,pos
FUN_011477,0,0.0,0,pos,0,0.0,0,pos
FUN_016498,0,0.0,0,pos,0,0.0,0,pos
FUN_010443,0,0.0,0,pos,0,0.0,0,pos
FUN_004593,0,0.0,0,pos,0,0.0,0,pos
FUN_005884,60,0.025252525252525252,1,pos_s144_e204,30,0.012626262626262626,1,pos_s174_e204
FUN_001917,0,0.0,0,pos,0,0.0,0,pos
FUN_004957,6,0.05555555555555555,0,pos,0,0.0,0,pos
FUN_011144,0,0.0,0,pos,0,0.0,0,pos
FUN_003812,48,0.03125,1,pos_s528_e570,30,0.01953125,1,pos_s528_e558
FUN_005241,0,0.0,0,pos,0,0.0,0,pos
FUN_004309,0,0.0,0,pos,0,0.0,0,pos
FUN_009278,120,0.11494252873563218,2,pos_s930_e960_s966_e1008,0,0.0,0,pos
FUN_016455,0,0.0,0,pos,0,0.0,0,pos
FUN_006060,24,0.13793103448275862,0,pos,18,0.10344827586206896,0,pos
FUN_000490,0,0.0,0,pos,0,0.0,0,pos
FUN_008833,54,0.014195583596214511,1,pos_s2040_e2094,18,0.00473186119873817,0,pos
FUN_008094,24,0.022099447513812154,0,pos,0,0.0,0,pos
FUN_012085,0,0.0,0,pos,0,0.0,0,pos
FUN_001280,0,0.0,0,pos,0,0.0,0,pos
FUN_003723,0,0.0,0,pos,0,0.0,0,pos
FUN_002018,12,0.00202020202020202,0,pos,0,0.0,0,pos
FUN_011884,0,0.0,0,pos,0,0.0,0,pos
FUN_006341,0,0.0,0,pos,0,0.0,0,pos
FUN_016108,0,0.0,0,pos,0,0.0,0,pos
FUN_003778,0,0.0,0,pos,0,0.0,0,pos
FUN_008576,0,0.0,0,pos,0,0.0,0,pos
FUN_004256,18,0.06,0,pos,0,0.0,0,pos
FUN_003779,0,0.0,0,pos,0,0.0,0,pos
FUN_005668,0,0.0,0,pos,0,0.0,0,pos
FUN_006463,270,0.08538899430740038,3,pos_s1092_e1140_s1290_e1422_s1428_e1464,48,0.015180265654648957,1,pos_s1368_e1404
FUN_004549,0,0.0,0,pos,0,0.0,0,pos
FUN_002125,0,0.0,0,pos,0,0.0,0,pos
FUN_002251,30,0.029585798816568046,1,pos_s732_e762,0,0.0,0,pos
FUN_012555,0,0.0,0,pos,0,0.0,0,pos
FUN_000614,0,0.0,0,pos,0,0.0,0,pos
FUN_004844,0,0.0,0,pos,0,0.0,0,pos
FUN_016369,0,0.0,0,pos,0,0.0,0,pos
FUN_005063,0,0.0,0,pos,0,0.0,0,pos
FUN_001348,0,0.0,0,pos,0,0.0,0,pos
FUN_007741,0,0.0,0,pos,0,0.0,0,pos
FUN_006485,0,0.0,0,pos,0,0.0,0,pos
FUN_008121,0,0.0,0,pos,0,0.0,0,pos
FUN_003508,0,0.0,0,pos,0,0.0,0,pos
FUN_002103,84,0.1308411214953271,2,pos_s390_e432_s516_e546,0,0.0,0,pos
FUN_015615,0,0.0,0,pos,0,0.0,0,pos
FUN_016846,0,0.0,0,pos,0,0.0,0,pos
FUN_005658,0,0.0,0,pos,0,0.0,0,pos
FUN_016433,0,0.0,0,pos,0,0.0,0,pos
FUN_003595,48,0.0449438202247191,1,pos_s756_e804,0,0.0,0,pos
FUN_002331,30,0.011737089201877934,1,pos_s2178_e2208,0,0.0,0,pos
FUN_016050,0,0.0,0,pos,0,0.0,0,pos
FUN_009641,0,0.0,0,pos,0,0.0,0,pos
FUN_000783,108,0.10778443113772455,2,pos_s486_e516_s528_e564,12,0.011976047904191617,0,pos
FUN_015428,0,0.0,0,pos,0,0.0,0,pos
FUN_007857,252,0.037267080745341616,3,pos_s2406_e2436_s3342_e3396_s3444_e3474,24,0.00354924578527063,0,pos
FUN_009237,6,0.004545454545454545,0,pos,0,0.0,0,pos
FUN_000959,0,0.0,0,pos,0,0.0,0,pos
FUN_016781,0,0.0,0,pos,0,0.0,0,pos
FUN_006145,0,0.0,0,pos,0,0.0,0,pos
FUN_004356,0,0.0,0,pos,0,0.0,0,pos
FUN_010172,0,0.0,0,pos,0,0.0,0,pos
FUN_006049,0,0.0,0,pos,0,0.0,0,pos
FUN_010974,0,0.0,0,pos,0,0.0,0,pos
FUN_005079,0,0.0,0,pos,0,0.0,0,pos
FUN_016686,0,0.0,0,pos,0,0.0,0,pos
FUN_015517,0,0.0,0,pos,0,0.0,0,pos
FUN_010710,0,0.0,0,pos,0,0.0,0,pos
FUN_004471,0,0.0,0,pos,0,0.0,0,pos
FUN_012486,0,0.0,0,pos,0,0.0,0,pos
FUN_000679,0,0.0,0,pos,0,0.0,0,pos
FUN_016655,0,0.0,0,pos,0,0.0,0,pos
FUN_001029,120,0.13157894736842105,1,pos_s264_e342,24,0.02631578947368421,0,pos
FUN_009950,24,0.15384615384615385,0,pos,12,0.07692307692307693,0,pos
FUN_004427,0,0.0,0,pos,0,0.0,0,pos
FUN_007186,0,0.0,0,pos,0,0.0,0,pos
FUN_010495,0,0.0,0,pos,0,0.0,0,pos
FUN_010055,84,0.058091286307053944,1,pos_s1104_e1188,78,0.05394190871369295,1,pos_s1104_e1182
FUN_000241,0,0.0,0,pos,0,0.0,0,pos
FUN_010127,0,0.0,0,pos,0,0.0,0,pos
FUN_003842,24,0.015209125475285171,0,pos,0,0.0,0,pos
FUN_001526,0,0.0,0,pos,0,0.0,0,pos
FUN_004290,0,0.0,0,pos,0,0.0,0,pos
FUN_009874,0,0.0,0,pos,0,0.0,0,pos
FUN_008511,0,0.0,0,pos,0,0.0,0,pos
FUN_007498,0,0.0,0,pos,0,0.0,0,pos
FUN_006597,138,0.11330049261083744,3,pos_s330_e360_s1026_e1056_s1080_e1140,60,0.04926108374384237,1,pos_s1080_e1140
FUN_006973,0,0.0,0,pos,0,0.0,0,pos
FUN_009660,0,0.0,0,pos,0,0.0,0,pos
FUN_010895,0,0.0,0,pos,0,0.0,0,pos
FUN_005699,0,0.0,0,pos,0,0.0,0,pos
FUN_009603,0,0.0,0,pos,0,0.0,0,pos
FUN_010167,0,0.0,0,pos,0,0.0,0,pos
FUN_010300,138,0.034482758620689655,2,pos_s2304_e2340_s2544_e2616,6,0.0014992503748125937,0,pos
FUN_015320,0,0.0,0,pos,0,0.0,0,pos
FUN_007563,84,0.12612612612612611,1,pos_s504_e588,0,0.0,0,pos
FUN_005627,0,0.0,0,pos,0,0.0,0,pos
FUN_008503,36,0.022900763358778626,1,pos_s1248_e1284,0,0.0,0,pos
FUN_016040,0,0.0,0,pos,0,0.0,0,pos
FUN_007670,0,0.0,0,pos,0,0.0,0,pos
FUN_003357,0,0.0,0,pos,0,0.0,0,pos
FUN_007107,0,0.0,0,pos,0,0.0,0,pos
FUN_003758,36,0.011904761904761904,0,pos,0,0.0,0,pos
FUN_003030,0,0.0,0,pos,0,0.0,0,pos
FUN_006505,0,0.0,0,pos,0,0.0,0,pos
FUN_010440,0,0.0,0,pos,0,0.0,0,pos
FUN_006039,180,0.06072874493927125,2,pos_s1518_e1560_s2454_e2520,36,0.012145748987854251,0,pos
FUN_015608,0,0.0,0,pos,0,0.0,0,pos
FUN_003194,6,0.0036496350364963502,0,pos,0,0.0,0,pos
FUN_002809,0,0.0,0,pos,0,0.0,0,pos
FUN_015915,0,0.0,0,pos,0,0.0,0,pos
FUN_006950,30,0.007763975155279503,1,pos_s1926_e1956,12,0.003105590062111801,0,pos
FUN_003728,48,0.012578616352201259,1,pos_s318_e354,6,0.0015723270440251573,0,pos
FUN_001324,0,0.0,0,pos,0,0.0,0,pos
FUN_012318,0,0.0,0,pos,0,0.0,0,pos
FUN_009321,30,0.03937007874015748,0,pos,0,0.0,0,pos
FUN_002401,222,0.028330781010719754,3,pos_s132_e204_s4164_e4206_s4212_e4266,30,0.0038284839203675345,0,pos
FUN_007417,12,0.0071174377224199285,0,pos,0,0.0,0,pos
FUN_012355,0,0.0,0,pos,0,0.0,0,pos
FUN_011023,0,0.0,0,pos,0,0.0,0,pos
FUN_005046,0,0.0,0,pos,0,0.0,0,pos
FUN_003372,108,0.05405405405405406,1,pos_s1068_e1176,18,0.009009009009009009,0,pos
FUN_010896,132,0.015427769985974754,1,pos_s1902_e1974,60,0.0070126227208976155,1,pos_s1908_e1968
FUN_005864,0,0.0,0,pos,0,0.0,0,pos
FUN_003332,96,0.032388663967611336,1,pos_s2184_e2268,48,0.016194331983805668,1,pos_s2184_e2232
FUN_010683,36,0.009419152276295133,1,pos_s2022_e2058,0,0.0,0,pos
FUN_001307,0,0.0,0,pos,0,0.0,0,pos
FUN_010458,204,0.12142857142857143,2,pos_s36_e138_s384_e480,120,0.07142857142857142,1,pos_s54_e138
FUN_012460,0,0.0,0,pos,0,0.0,0,pos
FUN_002629,24,0.00784313725490196,0,pos,0,0.0,0,pos
FUN_012481,0,0.0,0,pos,0,0.0,0,pos
FUN_000195,0,0.0,0,pos,0,0.0,0,pos
FUN_006724,24,0.00936768149882904,0,pos,0,0.0,0,pos
FUN_007776,120,0.08658008658008658,1,pos_s1128_e1188,12,0.008658008658008658,0,pos
FUN_011853,0,0.0,0,pos,0,0.0,0,pos
FUN_006807,0,0.0,0,pos,0,0.0,0,pos
FUN_011377,0,0.0,0,pos,0,0.0,0,pos
FUN_001028,0,0.0,0,pos,0,0.0,0,pos
FUN_001454,84,0.0880503144654088,1,pos_s738_e822,0,0.0,0,pos
FUN_007077,66,0.05945945945945946,1,pos_s996_e1056,24,0.021621621621621623,0,pos
FUN_001616,12,0.006514657980456026,0,pos,0,0.0,0,pos
FUN_003412,0,0.0,0,pos,0,0.0,0,pos
FUN_015787,0,0.0,0,pos,0,0.0,0,pos
FUN_007630,126,0.07342657342657342,1,pos_s1146_e1242,6,0.0034965034965034965,0,pos
FUN_001835,30,0.012315270935960592,1,pos_s1704_e1734,0,0.0,0,pos
FUN_016520,0,0.0,0,pos,0,0.0,0,pos
FUN_003705,186,0.08446866485013624,2,pos_s672_e768_s1272_e1362,108,0.04904632152588556,2,pos_s690_e738_s1284_e1344
FUN_001596,0,0.0,0,pos,0,0.0,0,pos
FUN_006366,0,0.0,0,pos,0,0.0,0,pos
FUN_016809,0,0.0,0,pos,0,0.0,0,pos
FUN_006801,0,0.0,0,pos,0,0.0,0,pos
FUN_016649,0,0.0,0,pos,0,0.0,0,pos
FUN_001297,78,0.2,1,pos_s306_e378,0,0.0,0,pos
FUN_009581,156,0.02462121212121212,3,pos_s3000_e3030_s5046_e5076_s5478_e5532,0,0.0,0,pos
FUN_015343,0,0.0,0,pos,0,0.0,0,pos
FUN_002044,12,0.010416666666666666,0,pos,0,0.0,0,pos
FUN_003121,0,0.0,0,pos,0,0.0,0,pos
FUN_015280,0,0.0,0,pos,0,0.0,0,pos
FUN_000653,0,0.0,0,pos,0,0.0,0,pos
FUN_010824,0,0.0,0,pos,0,0.0,0,pos
FUN_003296,264,0.19383259911894274,2,pos_s1002_e1218_s1278_e1320,162,0.11894273127753303,2,pos_s1080_e1182_s1188_e1218
FUN_000549,0,0.0,0,pos,0,0.0,0,pos
FUN_001828,132,0.03636363636363636,2,pos_s1002_e1068_s1776_e1818,18,0.0049586776859504135,0,pos
FUN_002805,0,0.0,0,pos,0,0.0,0,pos
FUN_005259,0,0.0,0,pos,0,0.0,0,pos
FUN_009427,0,0.0,0,pos,0,0.0,0,pos
FUN_004283,594,0.10807860262008734,7,pos_s1326_e1416_s1422_e1488_s1704_e1818_s1854_e1884_s2658_e2688_s3264_e3366_s4176_e4230,126,0.02292576419213974,1,pos_s1740_e1818
FUN_006800,0,0.0,0,pos,0,0.0,0,pos
FUN_006763,252,0.030634573304157548,3,pos_s6912_e6996_s7086_e7152_s7158_e7188,48,0.005835156819839533,1,pos_s6924_e6966
FUN_004507,0,0.0,0,pos,0,0.0,0,pos
FUN_006571,0,0.0,0,pos,0,0.0,0,pos
FUN_011807,0,0.0,0,pos,0,0.0,0,pos
FUN_016753,0,0.0,0,pos,0,0.0,0,pos
FUN_016420,0,0.0,0,pos,0,0.0,0,pos
FUN_002703,0,0.0,0,pos,0,0.0,0,pos
FUN_016102,0,0.0,0,pos,0,0.0,0,pos
FUN_009446,48,0.3076923076923077,1,pos_s0_e48,48,0.3076923076923077,1,pos_s0_e48
FUN_010164,0,0.0,0,pos,0,0.0,0,pos
FUN_002934,0,0.0,0,pos,0,0.0,0,pos
FUN_001055,6,0.0033783783783783786,0,pos,0,0.0,0,pos
FUN_003771,0,0.0,0,pos,0,0.0,0,pos
FUN_001633,102,0.017726798748696558,0,pos,0,0.0,0,pos
FUN_016698,96,0.07441860465116279,2,pos_s1176_e1206_s1218_e1272,18,0.013953488372093023,0,pos
FUN_004288,0,0.0,0,pos,0,0.0,0,pos
FUN_012060,0,0.0,0,pos,0,0.0,0,pos
FUN_011826,0,0.0,0,pos,0,0.0,0,pos
FUN_000268,0,0.0,0,pos,0,0.0,0,pos
FUN_004785,0,0.0,0,pos,0,0.0,0,pos
FUN_001182,0,0.0,0,pos,0,0.0,0,pos
FUN_009948,0,0.0,0,pos,0,0.0,0,pos
FUN_012189,0,0.0,0,pos,0,0.0,0,pos
FUN_007215,228,0.07495069033530571,1,pos_s336_e450,108,0.03550295857988166,0,pos
FUN_016625,0,0.0,0,pos,0,0.0,0,pos
FUN_006391,0,0.0,0,pos,0,0.0,0,pos
FUN_002919,0,0.0,0,pos,0,0.0,0,pos
FUN_011008,204,0.12363636363636364,2,pos_s840_e960_s1008_e1068,54,0.03272727272727273,1,pos_s876_e930
FUN_011993,0,0.0,0,pos,0,0.0,0,pos
FUN_009043,72,0.06217616580310881,1,pos_s0_e72,24,0.02072538860103627,0,pos
FUN_007453,0,0.0,0,pos,0,0.0,0,pos
FUN_002476,0,0.0,0,pos,0,0.0,0,pos
FUN_010058,0,0.0,0,pos,0,0.0,0,pos
FUN_004158,120,0.11976047904191617,1,pos_s18_e138,48,0.04790419161676647,1,pos_s96_e138
FUN_002168,0,0.0,0,pos,0,0.0,0,pos
FUN_015814,0,0.0,0,pos,0,0.0,0,pos
FUN_005232,0,0.0,0,pos,0,0.0,0,pos
FUN_007702,18,0.0072992700729927005,0,pos,0,0.0,0,pos
FUN_001757,0,0.0,0,pos,0,0.0,0,pos
FUN_005692,0,0.0,0,pos,0,0.0,0,pos
FUN_009527,0,0.0,0,pos,0,0.0,0,pos
FUN_005107,48,0.0547945205479452,1,pos_s240_e270,0,0.0,0,pos
FUN_004848,0,0.0,0,pos,0,0.0,0,pos
FUN_009018,0,0.0,0,pos,0,0.0,0,pos
FUN_001265,0,0.0,0,pos,0,0.0,0,pos
FUN_010535,0,0.0,0,pos,0,0.0,0,pos
FUN_005494,0,0.0,0,pos,0,0.0,0,pos
FUN_015531,0,0.0,0,pos,0,0.0,0,pos
FUN_009580,78,0.07975460122699386,1,pos_s84_e144,0,0.0,0,pos
FUN_007713,0,0.0,0,pos,0,0.0,0,pos
FUN_001787,0,0.0,0,pos,0,0.0,0,pos
FUN_004503,0,0.0,0,pos,0,0.0,0,pos
FUN_009854,120,0.9523809523809523,0,pos,18,0.14285714285714285,0,pos
FUN_007968,0,0.0,0,pos,0,0.0,0,pos
FUN_003253,0,0.0,0,pos,0,0.0,0,pos
FUN_000769,0,0.0,0,pos,0,0.0,0,pos
FUN_004062,0,0.0,0,pos,0,0.0,0,pos
FUN_003915,54,0.02425876010781671,1,pos_s1830_e1860,0,0.0,0,pos
FUN_003241,0,0.0,0,pos,0,0.0,0,pos
FUN_016148,0,0.0,0,pos,0,0.0,0,pos
FUN_010389,6,0.017543859649122806,0,pos,0,0.0,0,pos
FUN_000538,0,0.0,0,pos,0,0.0,0,pos
FUN_002503,0,0.0,0,pos,0,0.0,0,pos
FUN_003101,0,0.0,0,pos,0,0.0,0,pos
FUN_006937,0,0.0,0,pos,0,0.0,0,pos
FUN_012206,0,0.0,0,pos,0,0.0,0,pos
FUN_000422,0,0.0,0,pos,0,0.0,0,pos
FUN_001713,36,0.013015184381778741,0,pos,0,0.0,0,pos
FUN_015802,0,0.0,0,pos,0,0.0,0,pos
FUN_003187,0,0.0,0,pos,0,0.0,0,pos
FUN_002747,0,0.0,0,pos,0,0.0,0,pos
FUN_011243,0,0.0,0,pos,0,0.0,0,pos
FUN_001179,0,0.0,0,pos,0,0.0,0,pos
FUN_005483,12,0.017094017094017096,0,pos,0,0.0,0,pos
FUN_016084,0,0.0,0,pos,0,0.0,0,pos
FUN_012121,0,0.0,0,pos,0,0.0,0,pos
FUN_012407,0,0.0,0,pos,0,0.0,0,pos
FUN_002766,0,0.0,0,pos,0,0.0,0,pos
FUN_004954,0,0.0,0,pos,0,0.0,0,pos
FUN_012090,0,0.0,0,pos,0,0.0,0,pos
FUN_007871,0,0.0,0,pos,0,0.0,0,pos
FUN_009709,12,0.014925373134328358,0,pos,0,0.0,0,pos
FUN_002762,0,0.0,0,pos,0,0.0,0,pos
FUN_010663,0,0.0,0,pos,0,0.0,0,pos
FUN_002691,96,0.13008130081300814,1,pos_s270_e324,36,0.04878048780487805,1,pos_s276_e312
FUN_001201,0,0.0,0,pos,0,0.0,0,pos
FUN_005624,0,0.0,0,pos,0,0.0,0,pos
FUN_005299,0,0.0,0,pos,0,0.0,0,pos
FUN_008476,42,0.01707317073170732,0,pos,0,0.0,0,pos
FUN_007578,0,0.0,0,pos,0,0.0,0,pos
FUN_002231,36,0.016853932584269662,1,pos_s594_e630,24,0.011235955056179775,0,pos
FUN_016358,0,0.0,0,pos,0,0.0,0,pos
FUN_012149,0,0.0,0,pos,0,0.0,0,pos
FUN_007200,0,0.0,0,pos,0,0.0,0,pos
FUN_001452,0,0.0,0,pos,0,0.0,0,pos
FUN_015326,0,0.0,0,pos,0,0.0,0,pos
FUN_003861,0,0.0,0,pos,0,0.0,0,pos
FUN_001728,12,0.0072992700729927005,0,pos,0,0.0,0,pos
FUN_011970,0,0.0,0,pos,0,0.0,0,pos
FUN_000853,0,0.0,0,pos,0,0.0,0,pos
FUN_001894,0,0.0,0,pos,0,0.0,0,pos
FUN_002281,0,0.0,0,pos,0,0.0,0,pos
FUN_011080,126,0.03571428571428571,2,pos_s198_e240_s810_e846,6,0.0017006802721088435,0,pos
FUN_002886,0,0.0,0,pos,0,0.0,0,pos
FUN_003868,0,0.0,0,pos,0,0.0,0,pos
FUN_001462,0,0.0,0,pos,0,0.0,0,pos
FUN_015756,0,0.0,0,pos,0,0.0,0,pos
FUN_012017,0,0.0,0,pos,0,0.0,0,pos
FUN_011092,174,0.10943396226415095,2,pos_s294_e366_s1146_e1230,102,0.06415094339622641,1,pos_s1146_e1230
FUN_010948,30,0.01282051282051282,1,pos_s24_e54,0,0.0,0,pos
FUN_006076,0,0.0,0,pos,0,0.0,0,pos
FUN_001018,0,0.0,0,pos,0,0.0,0,pos
FUN_010783,0,0.0,0,pos,0,0.0,0,pos
FUN_006617,0,0.0,0,pos,0,0.0,0,pos
FUN_003356,0,0.0,0,pos,0,0.0,0,pos
FUN_003031,42,0.0875,1,pos_s366_e408,0,0.0,0,pos
FUN_006407,0,0.0,0,pos,0,0.0,0,pos
FUN_002714,84,0.0275049115913556,2,pos_s204_e246_s270_e300,60,0.019646365422396856,1,pos_s270_e300
FUN_011720,0,0.0,0,pos,0,0.0,0,pos
FUN_003531,0,0.0,0,pos,0,0.0,0,pos
FUN_008586,6,0.0035714285714285713,0,pos,0,0.0,0,pos
FUN_000383,0,0.0,0,pos,0,0.0,0,pos
FUN_010335,54,0.037037037037037035,1,pos_s1224_e1278,18,0.012345679012345678,0,pos
FUN_015765,0,0.0,0,pos,0,0.0,0,pos
FUN_008343,18,0.02727272727272727,0,pos,0,0.0,0,pos
FUN_001776,0,0.0,0,pos,0,0.0,0,pos
FUN_007877,240,0.07797270955165692,2,pos_s1848_e1926_s2550_e2604,12,0.003898635477582846,0,pos
FUN_003930,0,0.0,0,pos,0,0.0,0,pos
FUN_012449,0,0.0,0,pos,0,0.0,0,pos
FUN_005979,0,0.0,0,pos,0,0.0,0,pos
FUN_006827,0,0.0,0,pos,0,0.0,0,pos
FUN_009757,0,0.0,0,pos,0,0.0,0,pos
FUN_010485,234,0.03865213082259663,3,pos_s2892_e2952_s4758_e4830_s5652_e5688,18,0.002973240832507433,0,pos
FUN_004972,0,0.0,0,pos,0,0.0,0,pos
FUN_012105,0,0.0,0,pos,0,0.0,0,pos
FUN_007606,0,0.0,0,pos,0,0.0,0,pos
FUN_007850,456,0.07096171802054155,5,pos_s864_e936_s1014_e1128_s1308_e1338_s2196_e2310_s6300_e6336,222,0.03454715219421102,3,pos_s870_e918_s1014_e1128_s2274_e2310
FUN_007264,0,0.0,0,pos,0,0.0,0,pos
FUN_015639,0,0.0,0,pos,0,0.0,0,pos
FUN_011013,30,0.1111111111111111,0,pos,0,0.0,0,pos
FUN_009632,0,0.0,0,pos,0,0.0,0,pos
FUN_016270,0,0.0,0,pos,0,0.0,0,pos
FUN_002721,0,0.0,0,pos,0,0.0,0,pos
FUN_002328,0,0.0,0,pos,0,0.0,0,pos
FUN_001134,0,0.0,0,pos,0,0.0,0,pos
FUN_015939,0,0.0,0,pos,0,0.0,0,pos
FUN_009980,0,0.0,0,pos,0,0.0,0,pos
FUN_004757,0,0.0,0,pos,0,0.0,0,pos
FUN_011558,0,0.0,0,pos,0,0.0,0,pos
FUN_004920,0,0.0,0,pos,0,0.0,0,pos
FUN_005050,0,0.0,0,pos,0,0.0,0,pos
FUN_000030,6,0.006024096385542169,0,pos,0,0.0,0,pos
FUN_006007,0,0.0,0,pos,0,0.0,0,pos
FUN_005084,0,0.0,0,pos,0,0.0,0,pos
FUN_009224,12,0.01282051282051282,0,pos,0,0.0,0,pos
FUN_004361,84,0.1346153846153846,1,pos_s576_e618,0,0.0,0,pos
FUN_002519,198,0.06707317073170732,2,pos_s390_e468_s2682_e2778,6,0.0020325203252032522,0,pos
FUN_008839,0,0.0,0,pos,0,0.0,0,pos
FUN_001618,0,0.0,0,pos,0,0.0,0,pos
FUN_001813,0,0.0,0,pos,0,0.0,0,pos
FUN_009518,0,0.0,0,pos,0,0.0,0,pos
FUN_006792,0,0.0,0,pos,0,0.0,0,pos
FUN_007960,126,0.04093567251461988,1,pos_s252_e294,0,0.0,0,pos
FUN_001344,0,0.0,0,pos,0,0.0,0,pos
FUN_000574,0,0.0,0,pos,0,0.0,0,pos
FUN_004400,0,0.0,0,pos,0,0.0,0,pos
FUN_002535,0,0.0,0,pos,0,0.0,0,pos
FUN_010788,54,0.014040561622464899,1,pos_s2652_e2682,0,0.0,0,pos
FUN_011211,0,0.0,0,pos,0,0.0,0,pos
FUN_016169,0,0.0,0,pos,0,0.0,0,pos
FUN_002155,36,0.02830188679245283,1,pos_s336_e372,0,0.0,0,pos
FUN_009546,60,0.029239766081871343,0,pos,0,0.0,0,pos
FUN_016869,0,0.0,0,pos,0,0.0,0,pos
FUN_015479,0,0.0,0,pos,0,0.0,0,pos
FUN_011371,144,0.08421052631578947,2,pos_s636_e684_s1578_e1632,42,0.02456140350877193,1,pos_s636_e678
FUN_005074,18,0.0038071065989847717,0,pos,0,0.0,0,pos
FUN_004369,0,0.0,0,pos,0,0.0,0,pos
FUN_000288,0,0.0,0,pos,0,0.0,0,pos
FUN_002138,0,0.0,0,pos,0,0.0,0,pos
FUN_003004,0,0.0,0,pos,0,0.0,0,pos
FUN_010507,0,0.0,0,pos,0,0.0,0,pos
FUN_016041,0,0.0,0,pos,0,0.0,0,pos
FUN_015614,0,0.0,0,pos,0,0.0,0,pos
FUN_006765,0,0.0,0,pos,0,0.0,0,pos
FUN_006657,288,0.04524033930254477,3,pos_s270_e336_s378_e432_s1584_e1686,84,0.013195098963242224,1,pos_s1638_e1686
FUN_016560,0,0.0,0,pos,0,0.0,0,pos
FUN_002906,0,0.0,0,pos,0,0.0,0,pos
FUN_007080,0,0.0,0,pos,0,0.0,0,pos
FUN_007663,0,0.0,0,pos,0,0.0,0,pos
FUN_000100,0,0.0,0,pos,0,0.0,0,pos
FUN_010845,42,0.047619047619047616,1,pos_s0_e30,12,0.013605442176870748,0,pos
FUN_006281,0,0.0,0,pos,0,0.0,0,pos
FUN_004391,0,0.0,0,pos,0,0.0,0,pos
FUN_001554,0,0.0,0,pos,0,0.0,0,pos
FUN_010343,0,0.0,0,pos,0,0.0,0,pos
FUN_007926,0,0.0,0,pos,0,0.0,0,pos
FUN_011234,0,0.0,0,pos,0,0.0,0,pos
FUN_015287,0,0.0,0,pos,0,0.0,0,pos
FUN_016814,0,0.0,0,pos,0,0.0,0,pos
FUN_004989,0,0.0,0,pos,0,0.0,0,pos
FUN_004637,0,0.0,0,pos,0,0.0,0,pos
FUN_006814,0,0.0,0,pos,0,0.0,0,pos
FUN_000485,0,0.0,0,pos,0,0.0,0,pos
FUN_007916,0,0.0,0,pos,0,0.0,0,pos
FUN_004970,84,0.05737704918032787,1,pos_s1362_e1434,18,0.012295081967213115,0,pos
FUN_002409,0,0.0,0,pos,0,0.0,0,pos
FUN_003916,84,0.07608695652173914,1,pos_s96_e180,12,0.010869565217391304,0,pos
FUN_000049,36,0.023166023166023165,0,pos,0,0.0,0,pos
FUN_002492,0,0.0,0,pos,0,0.0,0,pos
FUN_000647,0,0.0,0,pos,0,0.0,0,pos
FUN_009840,0,0.0,0,pos,0,0.0,0,pos
FUN_002418,30,0.060240963855421686,0,pos,0,0.0,0,pos
FUN_000348,0,0.0,0,pos,0,0.0,0,pos
FUN_004070,0,0.0,0,pos,0,0.0,0,pos
FUN_010919,30,0.004038772213247173,1,pos_s5658_e5688,0,0.0,0,pos
FUN_015864,0,0.0,0,pos,0,0.0,0,pos
FUN_016850,0,0.0,0,pos,0,0.0,0,pos
FUN_008288,0,0.0,0,pos,0,0.0,0,pos
FUN_001573,228,0.1386861313868613,4,pos_s258_e288_s684_e774_s780_e834_s1116_e1152,60,0.0364963503649635,1,pos_s732_e768
FUN_002129,0,0.0,0,pos,0,0.0,0,pos
FUN_010130,0,0.0,0,pos,0,0.0,0,pos
FUN_004915,0,0.0,0,pos,0,0.0,0,pos
FUN_002371,0,0.0,0,pos,0,0.0,0,pos
FUN_005070,216,0.06766917293233082,2,pos_s2586_e2718_s3090_e3168,78,0.02443609022556391,1,pos_s2592_e2664
FUN_001200,0,0.0,0,pos,0,0.0,0,pos
FUN_009426,108,0.3829787234042553,1,pos_s42_e144,96,0.3404255319148936,1,pos_s48_e144
FUN_010916,90,0.03579952267303103,1,pos_s1356_e1434,0,0.0,0,pos
FUN_001647,30,0.02262443438914027,1,pos_s960_e990,0,0.0,0,pos
FUN_010649,0,0.0,0,pos,0,0.0,0,pos
FUN_016509,0,0.0,0,pos,0,0.0,0,pos
FUN_001740,66,0.03151862464183381,1,pos_s204_e246,0,0.0,0,pos
FUN_005409,0,0.0,0,pos,0,0.0,0,pos
FUN_003850,18,0.005597014925373134,0,pos,0,0.0,0,pos
FUN_003425,0,0.0,0,pos,0,0.0,0,pos
FUN_010356,0,0.0,0,pos,0,0.0,0,pos
FUN_000597,0,0.0,0,pos,0,0.0,0,pos
FUN_010205,66,0.06111111111111111,1,pos_s0_e30,24,0.022222222222222223,0,pos
FUN_003837,258,0.17338709677419356,3,pos_s696_e756_s1008_e1080_s1374_e1482,156,0.10483870967741936,2,pos_s1008_e1056_s1380_e1482
FUN_002718,0,0.0,0,pos,0,0.0,0,pos
FUN_002287,0,0.0,0,pos,0,0.0,0,pos
FUN_001702,0,0.0,0,pos,0,0.0,0,pos
FUN_001165,0,0.0,0,pos,0,0.0,0,pos
FUN_000576,0,0.0,0,pos,0,0.0,0,pos
FUN_011039,132,0.07746478873239436,2,pos_s852_e888_s1152_e1194,0,0.0,0,pos
FUN_009536,0,0.0,0,pos,0,0.0,0,pos
FUN_008139,180,0.048465266558966075,2,pos_s1350_e1446_s1740_e1776,6,0.0016155088852988692,0,pos
FUN_004007,66,0.39285714285714285,0,pos,6,0.03571428571428571,0,pos
FUN_008146,24,0.00667779632721202,0,pos,0,0.0,0,pos
FUN_010241,0,0.0,0,pos,0,0.0,0,pos
FUN_015817,0,0.0,0,pos,0,0.0,0,pos
FUN_011272,168,0.345679012345679,2,pos_s120_e210_s378_e444,18,0.037037037037037035,0,pos
FUN_004100,30,0.00945179584120983,0,pos,0,0.0,0,pos
FUN_005281,0,0.0,0,pos,0,0.0,0,pos
FUN_016255,0,0.0,0,pos,0,0.0,0,pos
FUN_004604,0,0.0,0,pos,0,0.0,0,pos
FUN_007254,0,0.0,0,pos,0,0.0,0,pos
FUN_001128,360,0.06550218340611354,5,pos_s456_e486_s768_e822_s858_e936_s1548_e1620_s4920_e4950,138,0.025109170305676855,2,pos_s774_e822_s1554_e1620
FUN_006355,84,0.1590909090909091,1,pos_s48_e132,0,0.0,0,pos
FUN_008877,168,0.014861995753715499,2,pos_s9924_e10020_s10878_e10914,114,0.010084925690021231,1,pos_s9924_e10020
FUN_011090,270,0.28846153846153844,3,pos_s492_e588_s642_e762_s828_e858,90,0.09615384615384616,1,pos_s516_e576
FUN_005363,0,0.0,0,pos,0,0.0,0,pos
FUN_005935,0,0.0,0,pos,0,0.0,0,pos
FUN_000281,0,0.0,0,pos,0,0.0,0,pos
FUN_008807,42,0.058333333333333334,0,pos,0,0.0,0,pos
FUN_002422,0,0.0,0,pos,0,0.0,0,pos
FUN_012325,0,0.0,0,pos,0,0.0,0,pos
FUN_009477,0,0.0,0,pos,0,0.0,0,pos
FUN_008023,198,0.09269662921348315,2,pos_s450_e540_s1722_e1812,24,0.011235955056179775,0,pos
FUN_003256,0,0.0,0,pos,0,0.0,0,pos
FUN_000868,0,0.0,0,pos,0,0.0,0,pos
FUN_000123,0,0.0,0,pos,0,0.0,0,pos
FUN_006742,0,0.0,0,pos,0,0.0,0,pos
FUN_009525,0,0.0,0,pos,0,0.0,0,pos
FUN_001025,36,0.15,1,pos_s0_e36,36,0.15,1,pos_s0_e36
FUN_003343,0,0.0,0,pos,0,0.0,0,pos
FUN_000609,0,0.0,0,pos,0,0.0,0,pos
FUN_011174,102,0.0378619153674833,2,pos_s756_e798_s2016_e2058,24,0.008908685968819599,0,pos
FUN_007207,30,0.05952380952380952,1,pos_s162_e192,30,0.05952380952380952,1,pos_s162_e192
FUN_003803,0,0.0,0,pos,0,0.0,0,pos
FUN_008639,0,0.0,0,pos,0,0.0,0,pos
FUN_008850,0,0.0,0,pos,0,0.0,0,pos
FUN_005775,6,0.00267379679144385,0,pos,0,0.0,0,pos
FUN_000929,0,0.0,0,pos,0,0.0,0,pos
FUN_010645,0,0.0,0,pos,0,0.0,0,pos
FUN_006619,78,0.03735632183908046,1,pos_s1554_e1602,6,0.0028735632183908046,0,pos
FUN_007990,78,0.038011695906432746,2,pos_s468_e510_s1602_e1638,0,0.0,0,pos
FUN_016205,0,0.0,0,pos,0,0.0,0,pos
FUN_004499,0,0.0,0,pos,0,0.0,0,pos
FUN_003309,0,0.0,0,pos,0,0.0,0,pos
FUN_007952,0,0.0,0,pos,0,0.0,0,pos
FUN_010080,0,0.0,0,pos,0,0.0,0,pos
FUN_015801,0,0.0,0,pos,0,0.0,0,pos
FUN_015955,0,0.0,0,pos,0,0.0,0,pos
FUN_015589,0,0.0,0,pos,0,0.0,0,pos
FUN_004520,0,0.0,0,pos,0,0.0,0,pos
FUN_005707,0,0.0,0,pos,0,0.0,0,pos
FUN_002722,60,0.0546448087431694,1,pos_s150_e198,12,0.01092896174863388,0,pos
FUN_012508,0,0.0,0,pos,0,0.0,0,pos
FUN_007034,0,0.0,0,pos,0,0.0,0,pos
FUN_002341,0,0.0,0,pos,0,0.0,0,pos
FUN_005371,84,0.09090909090909091,2,pos_s0_e36_s348_e396,0,0.0,0,pos
FUN_004421,12,0.010582010582010581,0,pos,0,0.0,0,pos
FUN_003730,114,0.008193186718413108,1,pos_s13128_e13242,96,0.0068995256576110395,1,pos_s13128_e13206
FUN_001930,0,0.0,0,pos,0,0.0,0,pos
FUN_007967,0,0.0,0,pos,0,0.0,0,pos
FUN_016526,0,0.0,0,pos,0,0.0,0,pos
FUN_007872,0,0.0,0,pos,0,0.0,0,pos
FUN_002285,0,0.0,0,pos,0,0.0,0,pos
FUN_001615,0,0.0,0,pos,0,0.0,0,pos
FUN_004144,0,0.0,0,pos,0,0.0,0,pos
FUN_007736,0,0.0,0,pos,0,0.0,0,pos
FUN_004515,0,0.0,0,pos,0,0.0,0,pos
FUN_007362,108,0.10285714285714286,2,pos_s570_e600_s618_e672,30,0.02857142857142857,1,pos_s636_e666
FUN_009245,96,0.09195402298850575,1,pos_s372_e444,66,0.06321839080459771,1,pos_s372_e438
FUN_016829,0,0.0,0,pos,0,0.0,0,pos
FUN_016721,0,0.0,0,pos,0,0.0,0,pos
FUN_008905,0,0.0,0,pos,0,0.0,0,pos
FUN_005866,0,0.0,0,pos,0,0.0,0,pos
FUN_009843,0,0.0,0,pos,0,0.0,0,pos
FUN_012463,0,0.0,0,pos,0,0.0,0,pos
FUN_000766,0,0.0,0,pos,0,0.0,0,pos
FUN_002775,0,0.0,0,pos,0,0.0,0,pos
FUN_000531,450,0.06805807622504537,5,pos_s1164_e1230_s1236_e1278_s2010_e2130_s3054_e3114_s3636_e3756,138,0.020871143375680582,2,pos_s2022_e2076_s3636_e3702
FUN_002774,30,0.031446540880503145,0,pos,18,0.018867924528301886,0,pos
FUN_012158,0,0.0,0,pos,0,0.0,0,pos
FUN_006286,0,0.0,0,pos,0,0.0,0,pos
FUN_006104,0,0.0,0,pos,0,0.0,0,pos
FUN_005962,0,0.0,0,pos,0,0.0,0,pos
FUN_008251,0,0.0,0,pos,0,0.0,0,pos
FUN_011408,0,0.0,0,pos,0,0.0,0,pos
FUN_007267,0,0.0,0,pos,0,0.0,0,pos
FUN_005231,72,0.04938271604938271,1,pos_s1362_e1434,0,0.0,0,pos
FUN_005205,18,0.0125,0,pos,0,0.0,0,pos
FUN_012393,0,0.0,0,pos,0,0.0,0,pos
FUN_000628,0,0.0,0,pos,0,0.0,0,pos
FUN_004993,0,0.0,0,pos,0,0.0,0,pos
FUN_006339,0,0.0,0,pos,0,0.0,0,pos
FUN_016162,0,0.0,0,pos,0,0.0,0,pos
FUN_004043,0,0.0,0,pos,0,0.0,0,pos
FUN_011442,42,0.07954545454545454,1,pos_s42_e84,30,0.056818181818181816,1,pos_s42_e72
FUN_010348,0,0.0,0,pos,0,0.0,0,pos
FUN_010509,0,0.0,0,pos,0,0.0,0,pos
FUN_006927,30,0.0199203187250996,0,pos,0,0.0,0,pos
FUN_000876,18,0.005791505791505791,0,pos,0,0.0,0,pos
FUN_000242,18,0.016216216216216217,0,pos,0,0.0,0,pos
FUN_003188,24,0.021739130434782608,0,pos,0,0.0,0,pos
FUN_008112,0,0.0,0,pos,0,0.0,0,pos
FUN_002146,0,0.0,0,pos,0,0.0,0,pos
FUN_004265,0,0.0,0,pos,0,0.0,0,pos
FUN_003197,0,0.0,0,pos,0,0.0,0,pos
FUN_001981,204,0.2677165354330709,4,pos_s48_e120_s150_e192_s438_e486_s510_e540,6,0.007874015748031496,0,pos
FUN_009517,6,0.015873015873015872,0,pos,0,0.0,0,pos
FUN_009643,0,0.0,0,pos,0,0.0,0,pos
FUN_009497,12,0.008968609865470852,0,pos,0,0.0,0,pos
FUN_007260,48,0.08602150537634409,0,pos,24,0.043010752688172046,0,pos
FUN_010879,0,0.0,0,pos,0,0.0,0,pos
FUN_009223,0,0.0,0,pos,0,0.0,0,pos
FUN_005873,0,0.0,0,pos,0,0.0,0,pos
FUN_004556,0,0.0,0,pos,0,0.0,0,pos
FUN_008286,0,0.0,0,pos,0,0.0,0,pos
FUN_011343,108,0.11612903225806452,2,pos_s318_e378_s828_e870,24,0.025806451612903226,0,pos
FUN_001498,0,0.0,0,pos,0,0.0,0,pos
FUN_016818,0,0.0,0,pos,0,0.0,0,pos
FUN_004592,0,0.0,0,pos,0,0.0,0,pos
FUN_005171,156,0.11016949152542373,1,pos_s558_e672,0,0.0,0,pos
FUN_002242,0,0.0,0,pos,0,0.0,0,pos
FUN_012383,6,0.004629629629629629,0,pos,0,0.0,0,pos
FUN_010836,48,0.08,0,pos,6,0.01,0,pos
FUN_009229,108,0.02258469259723965,3,pos_s1374_e1404_s1728_e1770_s1830_e1860,0,0.0,0,pos
FUN_001333,0,0.0,0,pos,0,0.0,0,pos
FUN_016332,0,0.0,0,pos,0,0.0,0,pos
FUN_006479,6,0.010309278350515464,0,pos,0,0.0,0,pos
FUN_006508,0,0.0,0,pos,0,0.0,0,pos
FUN_000969,0,0.0,0,pos,0,0.0,0,pos
FUN_006602,18,0.016853932584269662,0,pos,0,0.0,0,pos
FUN_009964,0,0.0,0,pos,0,0.0,0,pos
FUN_012134,0,0.0,0,pos,0,0.0,0,pos
FUN_007927,0,0.0,0,pos,0,0.0,0,pos
FUN_003677,0,0.0,0,pos,0,0.0,0,pos
FUN_008090,0,0.0,0,pos,0,0.0,0,pos
FUN_016421,0,0.0,0,pos,0,0.0,0,pos
FUN_009918,12,0.014925373134328358,0,pos,0,0.0,0,pos
FUN_007644,0,0.0,0,pos,0,0.0,0,pos
FUN_002908,12,0.0030349013657056147,0,pos,0,0.0,0,pos
FUN_000234,0,0.0,0,pos,0,0.0,0,pos
FUN_006069,18,0.008152173913043478,0,pos,18,0.008152173913043478,0,pos
FUN_010341,0,0.0,0,pos,0,0.0,0,pos
FUN_012428,0,0.0,0,pos,0,0.0,0,pos
FUN_010870,0,0.0,0,pos,0,0.0,0,pos
FUN_012489,0,0.0,0,pos,0,0.0,0,pos
FUN_012095,0,0.0,0,pos,0,0.0,0,pos
FUN_011832,0,0.0,0,pos,0,0.0,0,pos
FUN_015257,0,0.0,0,pos,0,0.0,0,pos
FUN_016862,0,0.0,0,pos,0,0.0,0,pos
FUN_011346,336,0.3218390804597701,3,pos_s156_e198_s222_e288_s294_e396,192,0.1839080459770115,1,pos_s222_e270
FUN_003890,0,0.0,0,pos,0,0.0,0,pos
FUN_009190,0,0.0,0,pos,0,0.0,0,pos
FUN_005669,0,0.0,0,pos,0,0.0,0,pos
FUN_007607,300,0.032916392363396975,4,pos_s2154_e2238_s2370_e2454_s3708_e3756_s5496_e5556,54,0.005924950625411455,1,pos_s5496_e5550
FUN_015757,0,0.0,0,pos,0,0.0,0,pos
FUN_003975,0,0.0,0,pos,0,0.0,0,pos
FUN_000963,0,0.0,0,pos,0,0.0,0,pos
FUN_004669,42,0.012110726643598616,1,pos_s2436_e2478,6,0.0017301038062283738,0,pos
FUN_001313,0,0.0,0,pos,0,0.0,0,pos
FUN_006375,0,0.0,0,pos,0,0.0,0,pos
FUN_001694,0,0.0,0,pos,0,0.0,0,pos
FUN_003214,6,0.007692307692307693,0,pos,0,0.0,0,pos
FUN_000395,66,0.06666666666666667,0,pos,0,0.0,0,pos
FUN_005824,60,0.056179775280898875,1,pos_s30_e90,0,0.0,0,pos
FUN_015742,0,0.0,0,pos,0,0.0,0,pos
FUN_005795,0,0.0,0,pos,0,0.0,0,pos
FUN_001219,30,0.005861664712778429,0,pos,0,0.0,0,pos
FUN_011570,0,0.0,0,pos,0,0.0,0,pos
FUN_009847,162,0.0531496062992126,2,pos_s522_e558_s1080_e1188,6,0.001968503937007874,0,pos
FUN_008270,0,0.0,0,pos,0,0.0,0,pos
FUN_010553,0,0.0,0,pos,0,0.0,0,pos
FUN_000414,0,0.0,0,pos,0,0.0,0,pos
FUN_000901,42,0.06930693069306931,1,pos_s342_e384,0,0.0,0,pos
FUN_012211,0,0.0,0,pos,0,0.0,0,pos
FUN_015434,0,0.0,0,pos,0,0.0,0,pos
FUN_008871,0,0.0,0,pos,0,0.0,0,pos
FUN_003394,204,0.07888631090487239,3,pos_s660_e714_s1374_e1446_s1872_e1902,6,0.002320185614849188,0,pos
FUN_007490,0,0.0,0,pos,0,0.0,0,pos
FUN_005947,0,0.0,0,pos,0,0.0,0,pos
FUN_011134,12,0.02247191011235955,0,pos,0,0.0,0,pos
FUN_005843,0,0.0,0,pos,0,0.0,0,pos
FUN_015956,0,0.0,0,pos,0,0.0,0,pos
FUN_005498,96,0.034934497816593885,1,pos_s2556_e2652,90,0.03275109170305677,1,pos_s2556_e2646
FUN_008887,24,0.019417475728155338,0,pos,24,0.019417475728155338,0,pos
FUN_005308,0,0.0,0,pos,0,0.0,0,pos
FUN_006279,0,0.0,0,pos,0,0.0,0,pos
FUN_011357,276,0.1554054054054054,4,pos_s384_e420_s444_e498_s624_e672_s1482_e1584,144,0.08108108108108109,2,pos_s390_e420_s1488_e1584
FUN_011856,0,0.0,0,pos,0,0.0,0,pos
FUN_005636,0,0.0,0,pos,0,0.0,0,pos
FUN_010763,0,0.0,0,pos,0,0.0,0,pos
FUN_002918,48,0.013490725126475547,1,pos_s3426_e3462,30,0.008431703204047217,1,pos_s3426_e3456
FUN_016665,0,0.0,0,pos,0,0.0,0,pos
FUN_015620,0,0.0,0,pos,0,0.0,0,pos
FUN_003029,0,0.0,0,pos,0,0.0,0,pos
FUN_007119,108,0.021791767554479417,1,pos_s2232_e2340,66,0.013317191283292978,1,pos_s2232_e2298
FUN_007342,0,0.0,0,pos,0,0.0,0,pos
FUN_000327,0,0.0,0,pos,0,0.0,0,pos
FUN_001054,0,0.0,0,pos,0,0.0,0,pos
FUN_007943,0,0.0,0,pos,0,0.0,0,pos
FUN_010601,60,0.02320185614849188,1,pos_s1638_e1668,0,0.0,0,pos
FUN_001282,30,0.009433962264150943,0,pos,0,0.0,0,pos
FUN_003557,0,0.0,0,pos,0,0.0,0,pos
FUN_004893,0,0.0,0,pos,0,0.0,0,pos
FUN_010155,0,0.0,0,pos,0,0.0,0,pos
FUN_005347,0,0.0,0,pos,0,0.0,0,pos
FUN_015264,0,0.0,0,pos,0,0.0,0,pos
FUN_011864,0,0.0,0,pos,0,0.0,0,pos
FUN_011162,0,0.0,0,pos,0,0.0,0,pos
FUN_011515,0,0.0,0,pos,0,0.0,0,pos
FUN_016241,0,0.0,0,pos,0,0.0,0,pos
FUN_001338,0,0.0,0,pos,0,0.0,0,pos
FUN_010629,24,0.018957345971563982,0,pos,0,0.0,0,pos
FUN_007623,150,0.06265664160401002,1,pos_s1896_e2004,102,0.042606516290726815,1,pos_s1896_e1998
FUN_010002,0,0.0,0,pos,0,0.0,0,pos
FUN_001685,0,0.0,0,pos,0,0.0,0,pos
FUN_001988,0,0.0,0,pos,0,0.0,0,pos
FUN_007876,0,0.0,0,pos,0,0.0,0,pos
FUN_008024,6,0.002976190476190476,0,pos,0,0.0,0,pos
FUN_015820,0,0.0,0,pos,0,0.0,0,pos
FUN_003697,36,0.015665796344647518,1,pos_s906_e942,0,0.0,0,pos
FUN_008840,0,0.0,0,pos,0,0.0,0,pos
FUN_012440,120,0.08968609865470852,1,pos_s1182_e1272,78,0.05829596412556054,1,pos_s1188_e1260
FUN_005189,6,0.0028735632183908046,0,pos,0,0.0,0,pos
FUN_004449,18,0.0034965034965034965,0,pos,0,0.0,0,pos
FUN_011407,0,0.0,0,pos,0,0.0,0,pos
FUN_006729,12,0.005,0,pos,0,0.0,0,pos
FUN_006223,0,0.0,0,pos,0,0.0,0,pos
FUN_008819,0,0.0,0,pos,0,0.0,0,pos
FUN_001786,0,0.0,0,pos,0,0.0,0,pos
FUN_016414,0,0.0,0,pos,0,0.0,0,pos
FUN_006942,0,0.0,0,pos,0,0.0,0,pos
FUN_005322,0,0.0,0,pos,0,0.0,0,pos
FUN_011601,0,0.0,0,pos,0,0.0,0,pos
FUN_010496,0,0.0,0,pos,0,0.0,0,pos
FUN_008297,0,0.0,0,pos,0,0.0,0,pos
FUN_015873,0,0.0,0,pos,0,0.0,0,pos
FUN_011024,66,0.019642857142857142,1,pos_s1752_e1818,0,0.0,0,pos
FUN_011953,0,0.0,0,pos,0,0.0,0,pos
FUN_003608,78,0.045774647887323945,1,pos_s234_e294,66,0.03873239436619718,1,pos_s234_e294
FUN_015768,0,0.0,0,pos,0,0.0,0,pos
FUN_008020,0,0.0,0,pos,0,0.0,0,pos
FUN_005261,0,0.0,0,pos,0,0.0,0,pos
FUN_000732,12,0.009950248756218905,0,pos,0,0.0,0,pos
FUN_009386,0,0.0,0,pos,0,0.0,0,pos
FUN_010723,216,0.07708779443254818,3,pos_s864_e900_s954_e1044_s1434_e1506,30,0.010706638115631691,1,pos_s1014_e1044
FUN_008494,0,0.0,0,pos,0,0.0,0,pos
FUN_008465,0,0.0,0,pos,0,0.0,0,pos
FUN_000301,234,0.0651085141903172,4,pos_s990_e1062_s1092_e1134_s1188_e1248_s2088_e2130,66,0.018363939899833055,1,pos_s1194_e1248
FUN_006677,0,0.0,0,pos,0,0.0,0,pos
FUN_003539,30,0.012531328320802004,0,pos,24,0.010025062656641603,0,pos
FUN_005953,0,0.0,0,pos,0,0.0,0,pos
FUN_015446,0,0.0,0,pos,0,0.0,0,pos
FUN_008477,0,0.0,0,pos,0,0.0,0,pos
FUN_016561,0,0.0,0,pos,0,0.0,0,pos
FUN_001914,36,0.017341040462427744,0,pos,0,0.0,0,pos
FUN_000638,96,0.0898876404494382,2,pos_s840_e888_s894_e942,54,0.05056179775280899,1,pos_s852_e888
FUN_016417,0,0.0,0,pos,0,0.0,0,pos
FUN_003670,0,0.0,0,pos,0,0.0,0,pos
FUN_009693,6,0.007246376811594203,0,pos,0,0.0,0,pos
FUN_006559,0,0.0,0,pos,0,0.0,0,pos
FUN_004536,0,0.0,0,pos,0,0.0,0,pos
FUN_005990,12,0.005952380952380952,0,pos,0,0.0,0,pos
FUN_009551,0,0.0,0,pos,0,0.0,0,pos
FUN_006008,0,0.0,0,pos,0,0.0,0,pos
FUN_007899,0,0.0,0,pos,0,0.0,0,pos
FUN_000251,0,0.0,0,pos,0,0.0,0,pos
FUN_006068,0,0.0,0,pos,0,0.0,0,pos
FUN_003395,114,0.02848575712143928,1,pos_s1344_e1380,0,0.0,0,pos
FUN_007869,0,0.0,0,pos,0,0.0,0,pos
FUN_008067,12,0.002570694087403599,0,pos,0,0.0,0,pos
FUN_008030,0,0.0,0,pos,0,0.0,0,pos
FUN_004095,0,0.0,0,pos,0,0.0,0,pos
FUN_004396,54,0.016791044776119403,1,pos_s2838_e2892,0,0.0,0,pos
FUN_007211,0,0.0,0,pos,0,0.0,0,pos
FUN_004212,0,0.0,0,pos,0,0.0,0,pos
FUN_008620,36,0.041379310344827586,1,pos_s264_e300,0,0.0,0,pos
FUN_015384,0,0.0,0,pos,0,0.0,0,pos
FUN_009324,24,0.013986013986013986,0,pos,0,0.0,0,pos
FUN_000071,24,0.008113590263691683,0,pos,0,0.0,0,pos
FUN_004565,0,0.0,0,pos,0,0.0,0,pos
FUN_010700,120,0.08097165991902834,2,pos_s516_e594_s702_e738,0,0.0,0,pos
FUN_004040,0,0.0,0,pos,0,0.0,0,pos
FUN_005564,66,0.0728476821192053,1,pos_s210_e264,0,0.0,0,pos
FUN_000881,60,0.04201680672268908,1,pos_s936_e996,0,0.0,0,pos
FUN_000884,0,0.0,0,pos,0,0.0,0,pos
FUN_011593,0,0.0,0,pos,0,0.0,0,pos
FUN_008911,60,0.07936507936507936,1,pos_s462_e498,0,0.0,0,pos
FUN_001292,0,0.0,0,pos,0,0.0,0,pos
FUN_006110,0,0.0,0,pos,0,0.0,0,pos
FUN_002587,0,0.0,0,pos,0,0.0,0,pos
FUN_001706,0,0.0,0,pos,0,0.0,0,pos
FUN_004683,336,0.06054054054054054,4,pos_s528_e570_s4590_e4692_s4722_e4764_s4962_e5094,90,0.016216216216216217,2,pos_s4650_e4686_s5028_e5064
FUN_002009,0,0.0,0,pos,0,0.0,0,pos
FUN_015456,0,0.0,0,pos,0,0.0,0,pos
FUN_002632,0,0.0,0,pos,0,0.0,0,pos
FUN_008183,12,0.011494252873563218,0,pos,0,0.0,0,pos
FUN_007414,0,0.0,0,pos,0,0.0,0,pos
FUN_005208,324,0.06642066420664207,3,pos_s1002_e1116_s1128_e1218_s2766_e2826,198,0.04059040590405904,2,pos_s1002_e1116_s1128_e1194
FUN_015710,0,0.0,0,pos,0,0.0,0,pos
FUN_007289,0,0.0,0,pos,0,0.0,0,pos
FUN_012458,0,0.0,0,pos,0,0.0,0,pos
FUN_008329,0,0.0,0,pos,0,0.0,0,pos
FUN_016758,0,0.0,0,pos,0,0.0,0,pos
FUN_015502,0,0.0,0,pos,0,0.0,0,pos
FUN_003977,0,0.0,0,pos,0,0.0,0,pos
FUN_004466,24,0.013157894736842105,0,pos,6,0.003289473684210526,0,pos
FUN_000606,0,0.0,0,pos,0,0.0,0,pos
FUN_002527,0,0.0,0,pos,0,0.0,0,pos
FUN_015563,0,0.0,0,pos,0,0.0,0,pos
FUN_005293,0,0.0,0,pos,0,0.0,0,pos
FUN_000186,0,0.0,0,pos,0,0.0,0,pos
FUN_005571,0,0.0,0,pos,0,0.0,0,pos
FUN_001708,0,0.0,0,pos,0,0.0,0,pos
FUN_004223,0,0.0,0,pos,0,0.0,0,pos
FUN_007371,0,0.0,0,pos,0,0.0,0,pos
FUN_002684,0,0.0,0,pos,0,0.0,0,pos
FUN_006018,72,0.019933554817275746,1,pos_s2346_e2388,0,0.0,0,pos
FUN_004198,0,0.0,0,pos,0,0.0,0,pos
FUN_005459,0,0.0,0,pos,0,0.0,0,pos
FUN_002646,0,0.0,0,pos,0,0.0,0,pos
FUN_004047,126,0.0670926517571885,1,pos_s270_e360,102,0.054313099041533544,1,pos_s270_e360
FUN_009498,0,0.0,0,pos,0,0.0,0,pos
FUN_015473,0,0.0,0,pos,0,0.0,0,pos
FUN_010605,54,0.015,1,pos_s162_e192,0,0.0,0,pos
FUN_005733,66,0.02263374485596708,1,pos_s2568_e2598,18,0.006172839506172839,0,pos
FUN_005083,0,0.0,0,pos,0,0.0,0,pos
FUN_015763,0,0.0,0,pos,0,0.0,0,pos
FUN_004770,6,0.002173913043478261,0,pos,0,0.0,0,pos
FUN_006922,0,0.0,0,pos,0,0.0,0,pos
FUN_001589,0,0.0,0,pos,0,0.0,0,pos
FUN_016630,0,0.0,0,pos,0,0.0,0,pos
FUN_005354,18,0.0053475935828877,0,pos,0,0.0,0,pos
FUN_010363,18,0.009174311926605505,0,pos,0,0.0,0,pos
FUN_011138,6,0.07142857142857142,0,pos,0,0.0,0,pos
FUN_010302,0,0.0,0,pos,0,0.0,0,pos
FUN_008730,78,0.19696969696969696,1,pos_s258_e312,0,0.0,0,pos
FUN_011724,0,0.0,0,pos,0,0.0,0,pos
FUN_008291,0,0.0,0,pos,0,0.0,0,pos
FUN_003191,0,0.0,0,pos,0,0.0,0,pos
FUN_000373,0,0.0,0,pos,0,0.0,0,pos
FUN_003399,0,0.0,0,pos,0,0.0,0,pos
FUN_009275,0,0.0,0,pos,0,0.0,0,pos
FUN_004632,0,0.0,0,pos,0,0.0,0,pos
FUN_015712,0,0.0,0,pos,0,0.0,0,pos
FUN_004668,0,0.0,0,pos,0,0.0,0,pos
FUN_016619,0,0.0,0,pos,0,0.0,0,pos
FUN_016496,0,0.0,0,pos,0,0.0,0,pos
FUN_004876,282,0.020741394527802295,3,pos_s4680_e4716_s4812_e4896_s6882_e6978,12,0.00088261253309797,0,pos
FUN_005110,0,0.0,0,pos,0,0.0,0,pos
FUN_002854,0,0.0,0,pos,0,0.0,0,pos
FUN_002891,0,0.0,0,pos,0,0.0,0,pos
FUN_007237,0,0.0,0,pos,0,0.0,0,pos
FUN_007972,48,0.018518518518518517,1,pos_s2430_e2478,0,0.0,0,pos
FUN_011454,24,0.024242424242424242,0,pos,0,0.0,0,pos
FUN_007480,0,0.0,0,pos,0,0.0,0,pos
FUN_016134,0,0.0,0,pos,0,0.0,0,pos
FUN_009610,0,0.0,0,pos,0,0.0,0,pos
FUN_007199,0,0.0,0,pos,0,0.0,0,pos
FUN_008636,0,0.0,0,pos,0,0.0,0,pos
FUN_015912,0,0.0,0,pos,0,0.0,0,pos
FUN_004108,0,0.0,0,pos,0,0.0,0,pos
FUN_008376,54,0.034482758620689655,1,pos_s1044_e1098,24,0.01532567049808429,0,pos
FUN_005319,0,0.0,0,pos,0,0.0,0,pos
FUN_015617,0,0.0,0,pos,0,0.0,0,pos
FUN_004698,174,0.015726681127982648,2,pos_s8358_e8436_s10362_e10428,42,0.003796095444685466,1,pos_s10386_e10428
FUN_012173,0,0.0,0,pos,0,0.0,0,pos
FUN_010499,0,0.0,0,pos,0,0.0,0,pos
FUN_001970,0,0.0,0,pos,0,0.0,0,pos
FUN_011444,12,0.04878048780487805,0,pos,0,0.0,0,pos
FUN_016831,0,0.0,0,pos,0,0.0,0,pos
FUN_011779,0,0.0,0,pos,0,0.0,0,pos
FUN_006581,162,0.06633906633906633,2,pos_s270_e318_s1086_e1200,108,0.044226044226044224,1,pos_s1092_e1200
FUN_003311,288,0.19591836734693877,3,pos_s36_e78_s540_e600_s606_e654,30,0.02040816326530612,0,pos
FUN_005066,18,0.017964071856287425,0,pos,12,0.011976047904191617,0,pos
FUN_005535,276,0.13068181818181818,3,pos_s990_e1026_s1074_e1242_s1554_e1596,132,0.0625,1,pos_s1074_e1176
FUN_008186,0,0.0,0,pos,0,0.0,0,pos
FUN_003537,120,0.19801980198019803,0,pos,66,0.10891089108910891,0,pos
FUN_016683,0,0.0,0,pos,0,0.0,0,pos
FUN_000752,0,0.0,0,pos,0,0.0,0,pos
FUN_009338,0,0.0,0,pos,0,0.0,0,pos
FUN_002880,0,0.0,0,pos,0,0.0,0,pos
FUN_002032,0,0.0,0,pos,0,0.0,0,pos
FUN_006865,72,0.03333333333333333,1,pos_s786_e828,18,0.008333333333333333,0,pos
FUN_006278,0,0.0,0,pos,0,0.0,0,pos
FUN_005955,0,0.0,0,pos,0,0.0,0,pos
FUN_001039,0,0.0,0,pos,0,0.0,0,pos
FUN_016537,0,0.0,0,pos,0,0.0,0,pos
FUN_003976,0,0.0,0,pos,0,0.0,0,pos
FUN_009549,6,0.006060606060606061,0,pos,0,0.0,0,pos
FUN_000306,0,0.0,0,pos,0,0.0,0,pos
FUN_001770,0,0.0,0,pos,0,0.0,0,pos
FUN_000678,0,0.0,0,pos,0,0.0,0,pos
FUN_001676,0,0.0,0,pos,0,0.0,0,pos
FUN_009818,0,0.0,0,pos,0,0.0,0,pos
FUN_010251,174,0.012564991334488735,2,pos_s1980_e2058_s13416_e13464,66,0.004766031195840554,1,pos_s1992_e2058
FUN_015519,0,0.0,0,pos,0,0.0,0,pos
FUN_006682,18,0.05555555555555555,0,pos,0,0.0,0,pos
FUN_010815,30,0.023474178403755867,0,pos,0,0.0,0,pos
FUN_011574,0,0.0,0,pos,0,0.0,0,pos
FUN_011890,0,0.0,0,pos,0,0.0,0,pos
FUN_001897,288,0.017045454545454544,6,pos_s5940_e5988_s7026_e7056_s9330_e9366_s10392_e10428_s12792_e12864_s13038_e13074,0,0.0,0,pos
FUN_000740,0,0.0,0,pos,0,0.0,0,pos
FUN_002194,30,0.008680555555555556,1,pos_s1230_e1260,0,0.0,0,pos
FUN_008144,6,0.001834862385321101,0,pos,0,0.0,0,pos
FUN_007458,24,0.03125,0,pos,0,0.0,0,pos
FUN_007666,138,0.07796610169491526,1,pos_s492_e618,48,0.02711864406779661,1,pos_s546_e582
FUN_011800,0,0.0,0,pos,0,0.0,0,pos
FUN_002733,6,0.000724112961622013,0,pos,0,0.0,0,pos
FUN_004103,0,0.0,0,pos,0,0.0,0,pos
FUN_001900,78,0.029213483146067417,0,pos,18,0.006741573033707865,0,pos
FUN_005660,0,0.0,0,pos,0,0.0,0,pos
FUN_000533,228,0.12837837837837837,2,pos_s234_e348_s1260_e1332,144,0.08108108108108109,1,pos_s234_e348
FUN_004263,0,0.0,0,pos,0,0.0,0,pos
FUN_016213,0,0.0,0,pos,0,0.0,0,pos
FUN_001281,0,0.0,0,pos,0,0.0,0,pos
FUN_008699,0,0.0,0,pos,0,0.0,0,pos
FUN_004885,0,0.0,0,pos,0,0.0,0,pos
FUN_009864,6,0.006944444444444444,0,pos,0,0.0,0,pos
FUN_005923,6,0.008928571428571428,0,pos,0,0.0,0,pos
FUN_001518,0,0.0,0,pos,0,0.0,0,pos
FUN_009808,0,0.0,0,pos,0,0.0,0,pos
FUN_004790,0,0.0,0,pos,0,0.0,0,pos
FUN_011297,24,0.008928571428571428,0,pos,0,0.0,0,pos
FUN_012214,0,0.0,0,pos,0,0.0,0,pos
FUN_000690,0,0.0,0,pos,0,0.0,0,pos
FUN_008299,12,0.0071174377224199285,0,pos,0,0.0,0,pos
FUN_016765,60,0.07042253521126761,1,pos_s126_e156,30,0.035211267605633804,0,pos
FUN_010382,0,0.0,0,pos,0,0.0,0,pos
FUN_016092,0,0.0,0,pos,0,0.0,0,pos
FUN_002727,0,0.0,0,pos,0,0.0,0,pos
FUN_015675,0,0.0,0,pos,0,0.0,0,pos
FUN_004136,0,0.0,0,pos,0,0.0,0,pos
FUN_007992,24,0.041666666666666664,0,pos,0,0.0,0,pos
FUN_003359,48,0.037037037037037035,1,pos_s132_e168,48,0.037037037037037035,1,pos_s132_e168
FUN_015390,0,0.0,0,pos,0,0.0,0,pos
FUN_006218,36,0.15789473684210525,0,pos,0,0.0,0,pos
FUN_009268,186,0.13777777777777778,1,pos_s1074_e1188,30,0.022222222222222223,0,pos
FUN_008987,42,0.03125,0,pos,0,0.0,0,pos
FUN_012426,0,0.0,0,pos,0,0.0,0,pos
FUN_000445,0,0.0,0,pos,0,0.0,0,pos
FUN_002107,0,0.0,0,pos,0,0.0,0,pos
FUN_015489,0,0.0,0,pos,0,0.0,0,pos
FUN_001490,0,0.0,0,pos,0,0.0,0,pos
FUN_009805,18,0.007194244604316547,0,pos,0,0.0,0,pos
FUN_004271,0,0.0,0,pos,0,0.0,0,pos
FUN_006127,0,0.0,0,pos,0,0.0,0,pos
FUN_007286,0,0.0,0,pos,0,0.0,0,pos
FUN_010632,0,0.0,0,pos,0,0.0,0,pos
FUN_015263,0,0.0,0,pos,0,0.0,0,pos
FUN_005176,0,0.0,0,pos,0,0.0,0,pos
FUN_003002,600,0.49261083743842365,5,pos_s0_e138_s174_e234_s276_e312_s456_e486_s594_e852,222,0.18226600985221675,2,pos_s24_e54_s618_e732
FUN_009767,0,0.0,0,pos,0,0.0,0,pos
FUN_006374,0,0.0,0,pos,0,0.0,0,pos
FUN_006615,0,0.0,0,pos,0,0.0,0,pos
FUN_000523,0,0.0,0,pos,0,0.0,0,pos
FUN_004196,0,0.0,0,pos,0,0.0,0,pos
FUN_011883,0,0.0,0,pos,0,0.0,0,pos
FUN_010014,0,0.0,0,pos,0,0.0,0,pos
FUN_008522,78,0.055793991416309016,1,pos_s48_e126,0,0.0,0,pos
FUN_009578,60,0.00919963201471941,1,pos_s5994_e6042,18,0.0027598896044158236,0,pos
FUN_005959,0,0.0,0,pos,0,0.0,0,pos
FUN_003079,0,0.0,0,pos,0,0.0,0,pos
FUN_000284,18,0.00946372239747634,0,pos,6,0.0031545741324921135,0,pos
FUN_001251,0,0.0,0,pos,0,0.0,0,pos
FUN_009926,0,0.0,0,pos,0,0.0,0,pos
FUN_011337,66,0.07913669064748201,1,pos_s0_e66,0,0.0,0,pos
FUN_007901,0,0.0,0,pos,0,0.0,0,pos
FUN_000951,0,0.0,0,pos,0,0.0,0,pos
FUN_005583,12,0.016666666666666666,0,pos,0,0.0,0,pos
FUN_002579,96,0.06015037593984962,1,pos_s1320_e1386,0,0.0,0,pos
FUN_005397,450,0.1391465677179963,5,pos_s276_e348_s702_e816_s1098_e1170_s1176_e1284_s3078_e3120,204,0.06307977736549165,3,pos_s702_e792_s1098_e1170_s1176_e1212
FUN_011396,66,0.10576923076923077,1,pos_s456_e516,0,0.0,0,pos
FUN_006478,0,0.0,0,pos,0,0.0,0,pos
FUN_002457,102,0.10119047619047619,1,pos_s900_e1002,36,0.03571428571428571,1,pos_s960_e996
FUN_009795,0,0.0,0,pos,0,0.0,0,pos
FUN_008532,84,0.10852713178294573,1,pos_s0_e84,84,0.10852713178294573,1,pos_s0_e84
FUN_004210,0,0.0,0,pos,0,0.0,0,pos
FUN_009631,66,0.03793103448275862,1,pos_s1632_e1668,0,0.0,0,pos
FUN_002897,0,0.0,0,pos,0,0.0,0,pos
FUN_010492,0,0.0,0,pos,0,0.0,0,pos
FUN_000168,0,0.0,0,pos,0,0.0,0,pos
FUN_016324,0,0.0,0,pos,0,0.0,0,pos
FUN_001692,0,0.0,0,pos,0,0.0,0,pos
FUN_009842,0,0.0,0,pos,0,0.0,0,pos
FUN_008364,0,0.0,0,pos,0,0.0,0,pos
FUN_010073,0,0.0,0,pos,0,0.0,0,pos
FUN_008229,6,0.0048543689320388345,0,pos,0,0.0,0,pos
FUN_006811,0,0.0,0,pos,0,0.0,0,pos
FUN_002639,0,0.0,0,pos,0,0.0,0,pos
FUN_006377,0,0.0,0,pos,0,0.0,0,pos
FUN_000165,0,0.0,0,pos,0,0.0,0,pos
FUN_001802,0,0.0,0,pos,0,0.0,0,pos
FUN_016150,0,0.0,0,pos,0,0.0,0,pos
FUN_005915,24,0.016736401673640166,0,pos,24,0.016736401673640166,0,pos
FUN_005958,0,0.0,0,pos,0,0.0,0,pos
FUN_004071,96,0.04113110539845758,1,pos_s36_e78,6,0.002570694087403599,0,pos
FUN_002191,0,0.0,0,pos,0,0.0,0,pos
FUN_002374,0,0.0,0,pos,0,0.0,0,pos
FUN_000093,270,0.042492917847025496,5,pos_s648_e702_s1176_e1248_s1254_e1284_s1422_e1452_s4314_e4350,12,0.0018885741265344666,0,pos
FUN_006198,30,0.005807200929152149,0,pos,0,0.0,0,pos
FUN_002578,0,0.0,0,pos,0,0.0,0,pos
FUN_011862,0,0.0,0,pos,0,0.0,0,pos
FUN_008744,0,0.0,0,pos,0,0.0,0,pos
FUN_001097,90,0.012386457473162676,2,pos_s6864_e6900_s6918_e6966,0,0.0,0,pos
FUN_009040,78,0.01859799713876967,0,pos,0,0.0,0,pos
FUN_005053,90,0.09202453987730061,1,pos_s570_e654,54,0.05521472392638037,1,pos_s576_e630
FUN_011323,0,0.0,0,pos,0,0.0,0,pos
FUN_015889,0,0.0,0,pos,0,0.0,0,pos
FUN_002970,0,0.0,0,pos,0,0.0,0,pos
FUN_010041,0,0.0,0,pos,0,0.0,0,pos
FUN_005315,264,0.08853118712273642,7,pos_s696_e750_s1932_e1962_s2016_e2046_s2058_e2100_s2568_e2598_s2892_e2922_s2940_e2976,42,0.014084507042253521,0,pos
FUN_009024,42,0.25,1,pos_s102_e144,0,0.0,0,pos
FUN_016784,0,0.0,0,pos,0,0.0,0,pos
FUN_006745,24,0.008264462809917356,0,pos,0,0.0,0,pos
FUN_016438,0,0.0,0,pos,0,0.0,0,pos
FUN_008753,6,0.0026455026455026454,0,pos,0,0.0,0,pos
FUN_015368,0,0.0,0,pos,0,0.0,0,pos
FUN_002565,96,0.15841584158415842,1,pos_s48_e138,54,0.0891089108910891,1,pos_s48_e84
FUN_008369,0,0.0,0,pos,0,0.0,0,pos
FUN_005544,0,0.0,0,pos,0,0.0,0,pos
FUN_002488,0,0.0,0,pos,0,0.0,0,pos
FUN_001188,0,0.0,0,pos,0,0.0,0,pos
FUN_009687,0,0.0,0,pos,0,0.0,0,pos
FUN_004217,66,0.015625,0,pos,0,0.0,0,pos
FUN_007303,0,0.0,0,pos,0,0.0,0,pos
FUN_007412,156,0.06598984771573604,3,pos_s822_e888_s1116_e1152_s1170_e1212,84,0.03553299492385787,2,pos_s828_e876_s1170_e1206
FUN_008392,0,0.0,0,pos,0,0.0,0,pos
FUN_002215,0,0.0,0,pos,0,0.0,0,pos
FUN_009256,0,0.0,0,pos,0,0.0,0,pos
FUN_012183,0,0.0,0,pos,0,0.0,0,pos
FUN_006158,0,0.0,0,pos,0,0.0,0,pos
FUN_010373,6,0.005319148936170213,0,pos,0,0.0,0,pos
FUN_002280,0,0.0,0,pos,0,0.0,0,pos
FUN_012466,24,0.008456659619450317,0,pos,0,0.0,0,pos
FUN_003529,30,0.018867924528301886,0,pos,6,0.0037735849056603774,0,pos
FUN_006175,0,0.0,0,pos,0,0.0,0,pos
FUN_005034,0,0.0,0,pos,0,0.0,0,pos
FUN_003626,0,0.0,0,pos,0,0.0,0,pos
FUN_000303,0,0.0,0,pos,0,0.0,0,pos
FUN_008410,36,0.006688963210702341,0,pos,24,0.004459308807134894,0,pos
FUN_004671,6,0.0019723865877712033,0,pos,0,0.0,0,pos
FUN_008193,0,0.0,0,pos,0,0.0,0,pos
FUN_015602,0,0.0,0,pos,0,0.0,0,pos
FUN_008787,0,0.0,0,pos,0,0.0,0,pos
FUN_016418,0,0.0,0,pos,0,0.0,0,pos
FUN_008204,0,0.0,0,pos,0,0.0,0,pos
FUN_003848,0,0.0,0,pos,0,0.0,0,pos
FUN_005008,18,0.0379746835443038,0,pos,0,0.0,0,pos
FUN_010033,654,0.07349966284558328,9,pos_s2208_e2304_s2658_e2760_s2886_e2928_s2952_e2982_s5190_e5280_s5724_e5820_s5904_e5946_s5982_e6048_s7248_e7284,228,0.02562373567093729,3,pos_s2214_e2304_s5196_e5256_s5904_e5940
FUN_000895,0,0.0,0,pos,0,0.0,0,pos
FUN_006572,126,0.05398457583547558,2,pos_s396_e450_s456_e498,0,0.0,0,pos
FUN_009688,48,0.049079754601226995,0,pos,0,0.0,0,pos
FUN_008036,0,0.0,0,pos,0,0.0,0,pos
FUN_008430,42,0.04430379746835443,1,pos_s240_e282,0,0.0,0,pos
FUN_000055,6,0.0040650406504065045,0,pos,0,0.0,0,pos
FUN_002869,0,0.0,0,pos,0,0.0,0,pos
FUN_002570,0,0.0,0,pos,0,0.0,0,pos
FUN_002380,84,0.10687022900763359,1,pos_s246_e288,0,0.0,0,pos
FUN_005552,0,0.0,0,pos,0,0.0,0,pos
FUN_003501,12,0.004576659038901602,0,pos,0,0.0,0,pos
FUN_008703,96,0.12121212121212122,1,pos_s624_e720,0,0.0,0,pos
FUN_001458,144,0.13043478260869565,1,pos_s354_e468,78,0.07065217391304347,1,pos_s354_e402
FUN_010117,156,0.02885682574916759,3,pos_s0_e48_s948_e1008_s1542_e1590,72,0.013318534961154272,1,pos_s0_e48
FUN_012067,0,0.0,0,pos,0,0.0,0,pos
FUN_007942,276,0.17557251908396945,2,pos_s966_e1080_s1368_e1500,132,0.08396946564885496,2,pos_s990_e1056_s1386_e1416
FUN_011303,0,0.0,0,pos,0,0.0,0,pos
FUN_011971,0,0.0,0,pos,0,0.0,0,pos
FUN_002694,0,0.0,0,pos,0,0.0,0,pos
FUN_001675,0,0.0,0,pos,0,0.0,0,pos
FUN_011857,0,0.0,0,pos,0,0.0,0,pos
FUN_004402,162,0.14361702127659576,1,pos_s756_e876,132,0.11702127659574468,1,pos_s756_e876
FUN_006178,120,0.11235955056179775,1,pos_s90_e186,30,0.028089887640449437,0,pos
FUN_016528,0,0.0,0,pos,0,0.0,0,pos
FUN_010480,0,0.0,0,pos,0,0.0,0,pos
FUN_005156,0,0.0,0,pos,0,0.0,0,pos
FUN_006971,78,0.09027777777777778,1,pos_s30_e72,0,0.0,0,pos
FUN_009380,0,0.0,0,pos,0,0.0,0,pos
FUN_001659,24,0.0392156862745098,0,pos,0,0.0,0,pos
FUN_001961,0,0.0,0,pos,0,0.0,0,pos
FUN_002881,6,0.0016611295681063123,0,pos,0,0.0,0,pos
FUN_015439,0,0.0,0,pos,0,0.0,0,pos
FUN_009615,12,0.05128205128205128,0,pos,0,0.0,0,pos
FUN_006627,0,0.0,0,pos,0,0.0,0,pos
FUN_010814,0,0.0,0,pos,0,0.0,0,pos
FUN_005639,0,0.0,0,pos,0,0.0,0,pos
FUN_009392,0,0.0,0,pos,0,0.0,0,pos
FUN_011773,0,0.0,0,pos,0,0.0,0,pos
FUN_006418,126,0.14583333333333334,1,pos_s264_e378,6,0.006944444444444444,0,pos
FUN_010079,156,0.12871287128712872,2,pos_s240_e360_s396_e426,78,0.06435643564356436,1,pos_s312_e354
FUN_016384,0,0.0,0,pos,0,0.0,0,pos
FUN_002370,0,0.0,0,pos,0,0.0,0,pos
FUN_015309,0,0.0,0,pos,0,0.0,0,pos
FUN_008541,204,0.09115281501340483,4,pos_s90_e174_s354_e390_s528_e564_s570_e606,18,0.00804289544235925,0,pos
FUN_015331,0,0.0,0,pos,0,0.0,0,pos
FUN_002673,30,0.01644736842105263,0,pos,0,0.0,0,pos
FUN_000528,12,0.011235955056179775,0,pos,0,0.0,0,pos
FUN_004584,0,0.0,0,pos,0,0.0,0,pos
FUN_004789,0,0.0,0,pos,0,0.0,0,pos
FUN_006243,12,0.015503875968992248,0,pos,0,0.0,0,pos
FUN_012154,114,0.02606310013717421,1,pos_s1638_e1752,102,0.023319615912208505,1,pos_s1638_e1740
FUN_000673,0,0.0,0,pos,0,0.0,0,pos
FUN_016615,0,0.0,0,pos,0,0.0,0,pos
FUN_007691,0,0.0,0,pos,0,0.0,0,pos
FUN_004936,0,0.0,0,pos,0,0.0,0,pos
FUN_008917,0,0.0,0,pos,0,0.0,0,pos
FUN_010161,0,0.0,0,pos,0,0.0,0,pos
FUN_001336,0,0.0,0,pos,0,0.0,0,pos
FUN_016068,0,0.0,0,pos,0,0.0,0,pos
FUN_007564,0,0.0,0,pos,0,0.0,0,pos
FUN_016877,0,0.0,0,pos,0,0.0,0,pos
FUN_015700,0,0.0,0,pos,0,0.0,0,pos
FUN_008598,0,0.0,0,pos,0,0.0,0,pos
FUN_010402,36,0.03870967741935484,1,pos_s750_e786,0,0.0,0,pos
FUN_002443,0,0.0,0,pos,0,0.0,0,pos
FUN_007684,0,0.0,0,pos,0,0.0,0,pos
FUN_004237,0,0.0,0,pos,0,0.0,0,pos
FUN_010864,0,0.0,0,pos,0,0.0,0,pos
FUN_010557,102,0.04228855721393035,2,pos_s1992_e2034_s2088_e2124,0,0.0,0,pos
FUN_000995,0,0.0,0,pos,0,0.0,0,pos
FUN_007337,0,0.0,0,pos,0,0.0,0,pos
FUN_010756,0,0.0,0,pos,0,0.0,0,pos
FUN_011111,144,0.06315789473684211,2,pos_s366_e468_s690_e732,102,0.04473684210526316,1,pos_s366_e468
FUN_002751,0,0.0,0,pos,0,0.0,0,pos
FUN_016029,0,0.0,0,pos,0,0.0,0,pos
FUN_002276,0,0.0,0,pos,0,0.0,0,pos
FUN_006308,0,0.0,0,pos,0,0.0,0,pos
FUN_009701,0,0.0,0,pos,0,0.0,0,pos
FUN_004813,0,0.0,0,pos,0,0.0,0,pos
FUN_006685,0,0.0,0,pos,0,0.0,0,pos
FUN_011369,228,0.12709030100334448,3,pos_s300_e360_s912_e948_s1488_e1620,168,0.09364548494983277,2,pos_s318_e354_s1500_e1608
FUN_009595,0,0.0,0,pos,0,0.0,0,pos
FUN_009413,0,0.0,0,pos,0,0.0,0,pos
FUN_000095,0,0.0,0,pos,0,0.0,0,pos
FUN_005390,12,0.012422360248447204,0,pos,12,0.012422360248447204,0,pos
FUN_009334,0,0.0,0,pos,0,0.0,0,pos
FUN_015669,0,0.0,0,pos,0,0.0,0,pos
FUN_007178,0,0.0,0,pos,0,0.0,0,pos
FUN_005841,60,0.059880239520958084,2,pos_s642_e672_s726_e756,18,0.017964071856287425,0,pos
FUN_011527,0,0.0,0,pos,0,0.0,0,pos
FUN_011262,24,0.02072538860103627,0,pos,12,0.010362694300518135,0,pos
FUN_005292,12,0.0026490066225165563,0,pos,0,0.0,0,pos
FUN_009185,0,0.0,0,pos,0,0.0,0,pos
FUN_011226,0,0.0,0,pos,0,0.0,0,pos
FUN_000265,0,0.0,0,pos,0,0.0,0,pos
FUN_003536,294,0.18846153846153846,3,pos_s312_e342_s432_e480_s564_e762,90,0.057692307692307696,1,pos_s570_e618
FUN_012331,0,0.0,0,pos,0,0.0,0,pos
FUN_011032,150,0.04770992366412214,1,pos_s930_e1044,114,0.03625954198473282,1,pos_s930_e1044
FUN_001965,0,0.0,0,pos,0,0.0,0,pos
FUN_000672,0,0.0,0,pos,0,0.0,0,pos
FUN_001393,0,0.0,0,pos,0,0.0,0,pos
FUN_010873,0,0.0,0,pos,0,0.0,0,pos
FUN_000956,114,0.11728395061728394,1,pos_s666_e780,108,0.1111111111111111,1,pos_s666_e774
FUN_004586,0,0.0,0,pos,0,0.0,0,pos
FUN_008927,0,0.0,0,pos,0,0.0,0,pos
FUN_011169,0,0.0,0,pos,0,0.0,0,pos
FUN_016843,0,0.0,0,pos,0,0.0,0,pos
FUN_000787,0,0.0,0,pos,0,0.0,0,pos
FUN_005024,0,0.0,0,pos,0,0.0,0,pos
FUN_004318,30,0.020491803278688523,0,pos,0,0.0,0,pos
FUN_005682,0,0.0,0,pos,0,0.0,0,pos
FUN_015396,0,0.0,0,pos,0,0.0,0,pos
FUN_010821,0,0.0,0,pos,0,0.0,0,pos
FUN_011822,54,0.016363636363636365,1,pos_s1038_e1092,0,0.0,0,pos
FUN_003567,0,0.0,0,pos,0,0.0,0,pos
FUN_002184,0,0.0,0,pos,0,0.0,0,pos
FUN_009891,0,0.0,0,pos,0,0.0,0,pos
FUN_001270,12,0.009478672985781991,0,pos,0,0.0,0,pos
FUN_005454,42,0.009845288326300985,0,pos,6,0.0014064697609001407,0,pos
FUN_004699,198,0.12643678160919541,2,pos_s276_e342_s558_e672,84,0.05363984674329502,1,pos_s588_e672
FUN_006164,102,0.34,1,pos_s210_e282,48,0.16,1,pos_s234_e282
FUN_011590,0,0.0,0,pos,0,0.0,0,pos
FUN_007276,0,0.0,0,pos,0,0.0,0,pos
FUN_005510,0,0.0,0,pos,0,0.0,0,pos
FUN_002865,6,0.001968503937007874,0,pos,0,0.0,0,pos
FUN_003872,0,0.0,0,pos,0,0.0,0,pos
FUN_000599,24,0.01680672268907563,0,pos,0,0.0,0,pos
FUN_003682,84,0.12727272727272726,1,pos_s138_e210,30,0.045454545454545456,1,pos_s180_e210
FUN_005191,0,0.0,0,pos,0,0.0,0,pos
FUN_006197,0,0.0,0,pos,0,0.0,0,pos
FUN_015494,0,0.0,0,pos,0,0.0,0,pos
FUN_008147,0,0.0,0,pos,0,0.0,0,pos
FUN_008385,0,0.0,0,pos,0,0.0,0,pos
FUN_005576,0,0.0,0,pos,0,0.0,0,pos
FUN_006658,24,0.029850746268656716,0,pos,0,0.0,0,pos
FUN_007856,36,0.020618556701030927,1,pos_s960_e996,0,0.0,0,pos
FUN_008485,0,0.0,0,pos,0,0.0,0,pos
FUN_002205,6,0.006896551724137931,0,pos,0,0.0,0,pos
FUN_016530,0,0.0,0,pos,0,0.0,0,pos
FUN_007345,390,0.17955801104972377,4,pos_s72_e186_s462_e558_s1260_e1314_s1878_e1908,222,0.10220994475138122,2,pos_s72_e150_s462_e558
FUN_009360,42,0.04794520547945205,1,pos_s678_e708,0,0.0,0,pos
FUN_009991,0,0.0,0,pos,0,0.0,0,pos
FUN_004912,0,0.0,0,pos,0,0.0,0,pos
FUN_016471,0,0.0,0,pos,0,0.0,0,pos
FUN_008891,264,0.08494208494208494,1,pos_s1734_e1830,24,0.007722007722007722,0,pos
FUN_000545,0,0.0,0,pos,0,0.0,0,pos
FUN_016851,0,0.0,0,pos,0,0.0,0,pos
FUN_004576,0,0.0,0,pos,0,0.0,0,pos
FUN_004259,0,0.0,0,pos,0,0.0,0,pos
FUN_011355,0,0.0,0,pos,0,0.0,0,pos
FUN_000066,96,0.0975609756097561,1,pos_s234_e276,36,0.036585365853658534,1,pos_s234_e264
FUN_006263,0,0.0,0,pos,0,0.0,0,pos
FUN_002987,42,0.028688524590163935,1,pos_s930_e972,0,0.0,0,pos
FUN_016705,0,0.0,0,pos,0,0.0,0,pos
FUN_008611,0,0.0,0,pos,0,0.0,0,pos
FUN_001644,0,0.0,0,pos,0,0.0,0,pos
FUN_005763,0,0.0,0,pos,0,0.0,0,pos
FUN_003653,0,0.0,0,pos,0,0.0,0,pos
FUN_005611,0,0.0,0,pos,0,0.0,0,pos
FUN_011384,0,0.0,0,pos,0,0.0,0,pos
FUN_007167,0,0.0,0,pos,0,0.0,0,pos
FUN_010409,0,0.0,0,pos,0,0.0,0,pos
FUN_004867,30,0.078125,1,pos_s30_e60,0,0.0,0,pos
FUN_003792,0,0.0,0,pos,0,0.0,0,pos
FUN_005221,0,0.0,0,pos,0,0.0,0,pos
FUN_015744,0,0.0,0,pos,0,0.0,0,pos
FUN_000442,0,0.0,0,pos,0,0.0,0,pos
FUN_008478,36,0.06896551724137931,1,pos_s396_e432,18,0.034482758620689655,0,pos
FUN_011821,0,0.0,0,pos,0,0.0,0,pos
FUN_015664,0,0.0,0,pos,0,0.0,0,pos
FUN_003348,90,0.19230769230769232,0,pos,24,0.05128205128205128,0,pos
FUN_000774,0,0.0,0,pos,0,0.0,0,pos
FUN_010181,0,0.0,0,pos,0,0.0,0,pos
FUN_006329,0,0.0,0,pos,0,0.0,0,pos
FUN_016712,0,0.0,0,pos,0,0.0,0,pos
FUN_016689,0,0.0,0,pos,0,0.0,0,pos
FUN_001037,0,0.0,0,pos,0,0.0,0,pos
FUN_004665,0,0.0,0,pos,0,0.0,0,pos
FUN_002467,0,0.0,0,pos,0,0.0,0,pos
FUN_002822,0,0.0,0,pos,0,0.0,0,pos
FUN_009203,42,0.015283842794759825,1,pos_s1932_e1962,0,0.0,0,pos
FUN_016863,0,0.0,0,pos,0,0.0,0,pos
FUN_001670,30,0.01773049645390071,1,pos_s18_e48,0,0.0,0,pos
FUN_010508,0,0.0,0,pos,0,0.0,0,pos
FUN_016706,0,0.0,0,pos,0,0.0,0,pos
FUN_009521,0,0.0,0,pos,0,0.0,0,pos
FUN_007405,0,0.0,0,pos,0,0.0,0,pos
FUN_003465,0,0.0,0,pos,0,0.0,0,pos
FUN_009089,48,0.023391812865497075,0,pos,0,0.0,0,pos
FUN_006778,0,0.0,0,pos,0,0.0,0,pos
FUN_002715,0,0.0,0,pos,0,0.0,0,pos
FUN_010809,0,0.0,0,pos,0,0.0,0,pos
FUN_000977,0,0.0,0,pos,0,0.0,0,pos
FUN_009752,0,0.0,0,pos,0,0.0,0,pos
FUN_008935,0,0.0,0,pos,0,0.0,0,pos
FUN_004732,156,0.0804953560371517,2,pos_s432_e480_s798_e828,6,0.0030959752321981426,0,pos
FUN_009103,6,0.005714285714285714,0,pos,0,0.0,0,pos
FUN_016677,0,0.0,0,pos,0,0.0,0,pos
FUN_007796,0,0.0,0,pos,0,0.0,0,pos
FUN_008984,126,0.10880829015544041,3,pos_s138_e186_s210_e240_s846_e882,48,0.04145077720207254,0,pos
FUN_011569,0,0.0,0,pos,0,0.0,0,pos
FUN_007554,0,0.0,0,pos,0,0.0,0,pos
FUN_003541,0,0.0,0,pos,0,0.0,0,pos
FUN_003941,36,0.02643171806167401,1,pos_s216_e252,0,0.0,0,pos
FUN_011808,0,0.0,0,pos,0,0.0,0,pos
FUN_001484,0,0.0,0,pos,0,0.0,0,pos
FUN_010457,72,0.047058823529411764,1,pos_s684_e726,6,0.00392156862745098,0,pos
FUN_001820,0,0.0,0,pos,0,0.0,0,pos
FUN_012227,0,0.0,0,pos,0,0.0,0,pos
FUN_008655,0,0.0,0,pos,0,0.0,0,pos
FUN_007768,0,0.0,0,pos,0,0.0,0,pos
FUN_015437,0,0.0,0,pos,0,0.0,0,pos
FUN_004296,0,0.0,0,pos,0,0.0,0,pos
FUN_006873,12,0.018867924528301886,0,pos,0,0.0,0,pos
FUN_002258,0,0.0,0,pos,0,0.0,0,pos
FUN_007821,84,0.018158236057068743,1,pos_s4338_e4410,24,0.005188067444876783,0,pos
FUN_002655,0,0.0,0,pos,0,0.0,0,pos
FUN_008515,36,0.015873015873015872,0,pos,0,0.0,0,pos
FUN_007620,0,0.0,0,pos,0,0.0,0,pos
FUN_016096,0,0.0,0,pos,0,0.0,0,pos
FUN_011290,6,0.009345794392523364,0,pos,0,0.0,0,pos
FUN_004281,234,0.09466019417475728,4,pos_s600_e630_s756_e792_s1368_e1404_s1440_e1512,102,0.0412621359223301,2,pos_s1368_e1404_s1440_e1506
FUN_011455,0,0.0,0,pos,0,0.0,0,pos
FUN_003638,30,0.04716981132075472,0,pos,0,0.0,0,pos
FUN_011493,0,0.0,0,pos,0,0.0,0,pos
FUN_000826,0,0.0,0,pos,0,0.0,0,pos
FUN_003875,0,0.0,0,pos,0,0.0,0,pos
FUN_007206,0,0.0,0,pos,0,0.0,0,pos
FUN_005387,0,0.0,0,pos,0,0.0,0,pos
FUN_003560,0,0.0,0,pos,0,0.0,0,pos
FUN_002958,318,0.029542920847268672,4,pos_s6906_e6948_s7224_e7320_s7632_e7746_s8940_e8988,210,0.01950947603121516,3,pos_s6918_e6948_s7248_e7320_s7632_e7722
FUN_002685,60,0.03717472118959108,1,pos_s1476_e1530,6,0.0037174721189591076,0,pos
FUN_006189,474,0.020498183705241306,6,pos_s3186_e3222_s6678_e6792_s15780_e15834_s18384_e18438_s20892_e20946_s21144_e21216,66,0.002854177477944992,1,pos_s6702_e6762
FUN_005916,0,0.0,0,pos,0,0.0,0,pos
FUN_005019,0,0.0,0,pos,0,0.0,0,pos
FUN_004444,84,0.07142857142857142,0,pos,0,0.0,0,pos
FUN_010038,0,0.0,0,pos,0,0.0,0,pos
FUN_012336,0,0.0,0,pos,0,0.0,0,pos
FUN_005847,0,0.0,0,pos,0,0.0,0,pos
FUN_003043,60,0.04291845493562232,1,pos_s174_e234,36,0.02575107296137339,1,pos_s186_e222
FUN_011963,0,0.0,0,pos,0,0.0,0,pos
FUN_005487,210,0.02527075812274368,3,pos_s3234_e3300_s4824_e4878_s6564_e6648,0,0.0,0,pos
FUN_000705,0,0.0,0,pos,0,0.0,0,pos
FUN_009582,408,0.18230563002680966,4,pos_s588_e618_s666_e702_s1026_e1158_s1188_e1308,126,0.05630026809651475,1,pos_s1068_e1158
FUN_016713,0,0.0,0,pos,0,0.0,0,pos
FUN_003300,0,0.0,0,pos,0,0.0,0,pos
FUN_009304,0,0.0,0,pos,0,0.0,0,pos
FUN_008233,42,0.020348837209302327,1,pos_s1308_e1350,0,0.0,0,pos
FUN_005311,0,0.0,0,pos,0,0.0,0,pos
FUN_004686,54,0.09375,1,pos_s114_e156,0,0.0,0,pos
FUN_009666,66,0.015089163237311385,1,pos_s1632_e1662,6,0.0013717421124828531,0,pos
FUN_001397,210,0.027602523659305992,4,pos_s3252_e3282_s5292_e5322_s5508_e5550_s5580_e5610,0,0.0,0,pos
FUN_008722,0,0.0,0,pos,0,0.0,0,pos
FUN_001161,12,0.009852216748768473,0,pos,0,0.0,0,pos
FUN_004819,12,0.015748031496062992,0,pos,0,0.0,0,pos
FUN_005453,0,0.0,0,pos,0,0.0,0,pos
FUN_016407,0,0.0,0,pos,0,0.0,0,pos
FUN_009151,0,0.0,0,pos,0,0.0,0,pos
FUN_004328,0,0.0,0,pos,0,0.0,0,pos
FUN_007601,0,0.0,0,pos,0,0.0,0,pos
FUN_008407,0,0.0,0,pos,0,0.0,0,pos
FUN_011269,54,0.04054054054054054,1,pos_s0_e54,0,0.0,0,pos
FUN_003459,0,0.0,0,pos,0,0.0,0,pos
FUN_008019,102,0.010506798516687269,0,pos,24,0.002472187886279357,0,pos
FUN_007718,0,0.0,0,pos,0,0.0,0,pos
FUN_001210,0,0.0,0,pos,0,0.0,0,pos
FUN_006666,0,0.0,0,pos,0,0.0,0,pos
FUN_009699,0,0.0,0,pos,0,0.0,0,pos
FUN_007372,162,0.108,3,pos_s342_e414_s1176_e1206_s1236_e1266,156,0.104,3,pos_s342_e414_s1176_e1206_s1236_e1266
FUN_004383,30,0.09803921568627451,1,pos_s36_e66,0,0.0,0,pos
FUN_000604,0,0.0,0,pos,0,0.0,0,pos
FUN_003520,0,0.0,0,pos,0,0.0,0,pos
FUN_004428,336,0.12095032397408208,4,pos_s804_e906_s1020_e1098_s1218_e1296_s1530_e1608,54,0.019438444924406047,1,pos_s1248_e1296
FUN_008537,0,0.0,0,pos,0,0.0,0,pos
FUN_002662,0,0.0,0,pos,0,0.0,0,pos
FUN_007572,0,0.0,0,pos,0,0.0,0,pos
FUN_012421,0,0.0,0,pos,0,0.0,0,pos
FUN_010360,0,0.0,0,pos,0,0.0,0,pos
FUN_004800,0,0.0,0,pos,0,0.0,0,pos
FUN_008696,0,0.0,0,pos,0,0.0,0,pos
FUN_008170,0,0.0,0,pos,0,0.0,0,pos
FUN_010674,0,0.0,0,pos,0,0.0,0,pos
FUN_009119,42,0.01348747591522158,1,pos_s2676_e2712,0,0.0,0,pos
FUN_005678,0,0.0,0,pos,0,0.0,0,pos
FUN_010414,72,0.02891566265060241,1,pos_s1542_e1578,0,0.0,0,pos
FUN_007155,0,0.0,0,pos,0,0.0,0,pos
FUN_011034,0,0.0,0,pos,0,0.0,0,pos
FUN_012075,0,0.0,0,pos,0,0.0,0,pos
FUN_002227,96,0.04664723032069971,2,pos_s522_e552_s1842_e1878,54,0.026239067055393587,1,pos_s1842_e1878
FUN_004801,0,0.0,0,pos,0,0.0,0,pos
FUN_009895,0,0.0,0,pos,0,0.0,0,pos
FUN_001449,0,0.0,0,pos,0,0.0,0,pos
FUN_011238,0,0.0,0,pos,0,0.0,0,pos
FUN_006036,0,0.0,0,pos,0,0.0,0,pos
FUN_003967,0,0.0,0,pos,0,0.0,0,pos
FUN_005430,0,0.0,0,pos,0,0.0,0,pos
FUN_008965,0,0.0,0,pos,0,0.0,0,pos
FUN_008041,0,0.0,0,pos,0,0.0,0,pos
FUN_005724,0,0.0,0,pos,0,0.0,0,pos
FUN_011312,0,0.0,0,pos,0,0.0,0,pos
FUN_008398,0,0.0,0,pos,0,0.0,0,pos
FUN_007834,402,0.09766763848396501,3,pos_s1044_e1224_s1728_e1866_s1884_e1956,246,0.0597667638483965,3,pos_s1104_e1146_s1764_e1866_s1884_e1932
FUN_007904,0,0.0,0,pos,0,0.0,0,pos
FUN_010377,0,0.0,0,pos,0,0.0,0,pos
FUN_002083,0,0.0,0,pos,0,0.0,0,pos
FUN_006131,0,0.0,0,pos,0,0.0,0,pos
FUN_002385,0,0.0,0,pos,0,0.0,0,pos
FUN_000283,84,0.06422018348623854,1,pos_s990_e1050,18,0.013761467889908258,0,pos
FUN_007908,0,0.0,0,pos,0,0.0,0,pos
FUN_002126,0,0.0,0,pos,0,0.0,0,pos
FUN_004517,0,0.0,0,pos,0,0.0,0,pos
FUN_006200,0,0.0,0,pos,0,0.0,0,pos
FUN_006419,378,0.07974683544303797,4,pos_s1464_e1506_s2340_e2382_s3558_e3588_s4008_e4104,60,0.012658227848101266,1,pos_s4008_e4050
FUN_005618,0,0.0,0,pos,0,0.0,0,pos
FUN_000015,0,0.0,0,pos,0,0.0,0,pos
FUN_005506,198,0.07875894988066826,2,pos_s264_e330_s1986_e2088,90,0.03579952267303103,1,pos_s2022_e2088
FUN_007987,42,0.07142857142857142,1,pos_s444_e474,0,0.0,0,pos
FUN_010170,0,0.0,0,pos,0,0.0,0,pos
FUN_008275,6,0.018867924528301886,0,pos,0,0.0,0,pos
FUN_002396,0,0.0,0,pos,0,0.0,0,pos
FUN_008789,30,0.045871559633027525,1,pos_s528_e558,12,0.01834862385321101,0,pos
FUN_004961,18,0.0051635111876075735,0,pos,0,0.0,0,pos
FUN_005378,0,0.0,0,pos,0,0.0,0,pos
FUN_001585,0,0.0,0,pos,0,0.0,0,pos
FUN_016602,0,0.0,0,pos,0,0.0,0,pos
FUN_009369,294,0.2784090909090909,1,pos_s720_e864,90,0.08522727272727272,1,pos_s774_e828
FUN_016323,0,0.0,0,pos,0,0.0,0,pos
FUN_002076,0,0.0,0,pos,0,0.0,0,pos
FUN_004649,0,0.0,0,pos,0,0.0,0,pos
FUN_004564,96,0.10666666666666667,1,pos_s444_e522,78,0.08666666666666667,1,pos_s462_e522
FUN_009438,0,0.0,0,pos,0,0.0,0,pos
FUN_015346,0,0.0,0,pos,0,0.0,0,pos
FUN_003590,0,0.0,0,pos,0,0.0,0,pos
FUN_011743,0,0.0,0,pos,0,0.0,0,pos
FUN_008643,0,0.0,0,pos,0,0.0,0,pos
FUN_004588,120,0.030211480362537766,2,pos_s276_e318_s1590_e1632,6,0.0015105740181268882,0,pos
FUN_011059,0,0.0,0,pos,0,0.0,0,pos
FUN_009257,180,0.189873417721519,1,pos_s60_e240,168,0.17721518987341772,1,pos_s72_e240
FUN_002674,0,0.0,0,pos,0,0.0,0,pos
FUN_009704,0,0.0,0,pos,0,0.0,0,pos
FUN_007009,0,0.0,0,pos,0,0.0,0,pos
FUN_011992,0,0.0,0,pos,0,0.0,0,pos
FUN_002882,0,0.0,0,pos,0,0.0,0,pos
FUN_003442,0,0.0,0,pos,0,0.0,0,pos
FUN_006328,90,0.6521739130434783,1,pos_s12_e90,18,0.13043478260869565,0,pos
FUN_001811,168,0.0681265206812652,2,pos_s414_e444_s2244_e2370,36,0.014598540145985401,0,pos
FUN_006336,0,0.0,0,pos,0,0.0,0,pos
FUN_005616,0,0.0,0,pos,0,0.0,0,pos
FUN_007624,0,0.0,0,pos,0,0.0,0,pos
FUN_015654,0,0.0,0,pos,0,0.0,0,pos
FUN_003032,0,0.0,0,pos,0,0.0,0,pos
FUN_008145,0,0.0,0,pos,0,0.0,0,pos
FUN_007280,0,0.0,0,pos,0,0.0,0,pos
FUN_016146,0,0.0,0,pos,0,0.0,0,pos
FUN_008479,0,0.0,0,pos,0,0.0,0,pos
FUN_006273,0,0.0,0,pos,0,0.0,0,pos
FUN_005836,6,0.0035335689045936395,0,pos,0,0.0,0,pos
FUN_002420,0,0.0,0,pos,0,0.0,0,pos
FUN_015250,0,0.0,0,pos,0,0.0,0,pos
FUN_007131,0,0.0,0,pos,0,0.0,0,pos
FUN_010171,114,0.059748427672955975,1,pos_s0_e114,90,0.04716981132075472,1,pos_s0_e90
FUN_016289,0,0.0,0,pos,0,0.0,0,pos
FUN_016476,0,0.0,0,pos,0,0.0,0,pos
FUN_002127,0,0.0,0,pos,0,0.0,0,pos
FUN_015866,0,0.0,0,pos,0,0.0,0,pos
FUN_009042,108,0.04054054054054054,1,pos_s1542_e1632,66,0.024774774774774775,1,pos_s1584_e1626
FUN_004775,0,0.0,0,pos,0,0.0,0,pos
FUN_016389,0,0.0,0,pos,0,0.0,0,pos
FUN_002419,24,0.03669724770642202,0,pos,0,0.0,0,pos
FUN_011398,30,0.017421602787456445,1,pos_s0_e30,30,0.017421602787456445,1,pos_s0_e30
FUN_011047,0,0.0,0,pos,0,0.0,0,pos
FUN_008267,18,0.006342494714587738,0,pos,0,0.0,0,pos
FUN_005071,60,0.08928571428571429,1,pos_s480_e534,0,0.0,0,pos
FUN_012479,24,0.0625,0,pos,0,0.0,0,pos
FUN_001514,0,0.0,0,pos,0,0.0,0,pos
FUN_015304,0,0.0,0,pos,0,0.0,0,pos
FUN_006050,0,0.0,0,pos,0,0.0,0,pos
FUN_009782,0,0.0,0,pos,0,0.0,0,pos
FUN_011955,0,0.0,0,pos,0,0.0,0,pos
FUN_015577,0,0.0,0,pos,0,0.0,0,pos
FUN_010940,18,0.004,0,pos,0,0.0,0,pos
FUN_009310,0,0.0,0,pos,0,0.0,0,pos
FUN_007400,0,0.0,0,pos,0,0.0,0,pos
FUN_009567,0,0.0,0,pos,0,0.0,0,pos
FUN_004320,0,0.0,0,pos,0,0.0,0,pos
FUN_007328,0,0.0,0,pos,0,0.0,0,pos
FUN_016489,0,0.0,0,pos,0,0.0,0,pos
FUN_003385,24,0.011661807580174927,0,pos,0,0.0,0,pos
FUN_009576,0,0.0,0,pos,0,0.0,0,pos
FUN_005538,150,0.10683760683760683,1,pos_s882_e1008,72,0.05128205128205128,1,pos_s882_e948
FUN_002847,0,0.0,0,pos,0,0.0,0,pos
FUN_003208,0,0.0,0,pos,0,0.0,0,pos
FUN_007098,0,0.0,0,pos,0,0.0,0,pos
FUN_016844,0,0.0,0,pos,0,0.0,0,pos
FUN_012334,0,0.0,0,pos,0,0.0,0,pos
FUN_015789,0,0.0,0,pos,0,0.0,0,pos
FUN_003288,0,0.0,0,pos,0,0.0,0,pos
FUN_000332,30,0.00794912559618442,0,pos,0,0.0,0,pos
FUN_008514,0,0.0,0,pos,0,0.0,0,pos
FUN_015478,0,0.0,0,pos,0,0.0,0,pos
FUN_004673,0,0.0,0,pos,0,0.0,0,pos
FUN_003795,0,0.0,0,pos,0,0.0,0,pos
FUN_005416,0,0.0,0,pos,0,0.0,0,pos
FUN_011484,0,0.0,0,pos,0,0.0,0,pos
FUN_009179,60,0.024330900243309004,1,pos_s528_e564,36,0.014598540145985401,1,pos_s528_e564
FUN_003987,0,0.0,0,pos,0,0.0,0,pos
FUN_009416,228,0.16033755274261605,2,pos_s306_e360_s642_e774,90,0.06329113924050633,1,pos_s660_e750
FUN_007401,78,0.1111111111111111,1,pos_s0_e78,0,0.0,0,pos
FUN_006474,0,0.0,0,pos,0,0.0,0,pos
FUN_004415,0,0.0,0,pos,0,0.0,0,pos
FUN_004186,30,0.06097560975609756,1,pos_s0_e30,0,0.0,0,pos
FUN_010081,330,0.13480392156862744,4,pos_s288_e324_s1014_e1110_s1122_e1158_s1224_e1374,138,0.056372549019607844,1,pos_s1284_e1368
FUN_005938,0,0.0,0,pos,0,0.0,0,pos
FUN_004762,0,0.0,0,pos,0,0.0,0,pos
FUN_011361,0,0.0,0,pos,0,0.0,0,pos
FUN_006697,0,0.0,0,pos,0,0.0,0,pos
FUN_001051,0,0.0,0,pos,0,0.0,0,pos
FUN_012447,0,0.0,0,pos,0,0.0,0,pos
FUN_004355,102,0.037694013303769404,1,pos_s1188_e1290,90,0.03325942350332594,1,pos_s1224_e1290
FUN_004642,0,0.0,0,pos,0,0.0,0,pos
FUN_010880,0,0.0,0,pos,0,0.0,0,pos
FUN_015487,0,0.0,0,pos,0,0.0,0,pos
FUN_006090,12,0.000992063492063492,0,pos,0,0.0,0,pos
FUN_003775,0,0.0,0,pos,0,0.0,0,pos
FUN_012161,0,0.0,0,pos,0,0.0,0,pos
FUN_008934,222,0.0880952380952381,2,pos_s1110_e1242_s1446_e1530,132,0.05238095238095238,2,pos_s1200_e1236_s1446_e1530
FUN_003523,0,0.0,0,pos,0,0.0,0,pos
FUN_007700,0,0.0,0,pos,0,0.0,0,pos
FUN_008124,138,0.025191675794085433,1,pos_s948_e1014,6,0.001095290251916758,0,pos
FUN_002953,24,0.03773584905660377,0,pos,0,0.0,0,pos
FUN_015995,0,0.0,0,pos,0,0.0,0,pos
FUN_001953,0,0.0,0,pos,0,0.0,0,pos
FUN_007963,0,0.0,0,pos,0,0.0,0,pos
FUN_016257,0,0.0,0,pos,0,0.0,0,pos
FUN_007561,138,0.04275092936802974,1,pos_s162_e276,54,0.016728624535315983,1,pos_s192_e246
FUN_016742,0,0.0,0,pos,0,0.0,0,pos
FUN_007751,6,0.005714285714285714,0,pos,0,0.0,0,pos
FUN_009486,0,0.0,0,pos,0,0.0,0,pos
FUN_010643,108,0.05844155844155844,2,pos_s1020_e1050_s1074_e1128,54,0.02922077922077922,1,pos_s1074_e1128
FUN_012241,0,0.0,0,pos,0,0.0,0,pos
FUN_004455,0,0.0,0,pos,0,0.0,0,pos
FUN_006536,0,0.0,0,pos,0,0.0,0,pos
FUN_010399,0,0.0,0,pos,0,0.0,0,pos
FUN_010927,0,0.0,0,pos,0,0.0,0,pos
FUN_007749,84,0.018691588785046728,1,pos_s4338_e4410,0,0.0,0,pos
FUN_002154,0,0.0,0,pos,0,0.0,0,pos
FUN_007946,30,0.019305019305019305,1,pos_s0_e30,18,0.011583011583011582,0,pos
FUN_005446,6,0.0037735849056603774,0,pos,0,0.0,0,pos
FUN_010640,12,0.004524886877828055,0,pos,0,0.0,0,pos
FUN_015665,0,0.0,0,pos,0,0.0,0,pos
FUN_012204,0,0.0,0,pos,0,0.0,0,pos
FUN_007242,318,0.5408163265306123,2,pos_s186_e324_s360_e474,288,0.4897959183673469,3,pos_s192_e264_s288_e324_s360_e474
FUN_012002,0,0.0,0,pos,0,0.0,0,pos
FUN_009145,18,0.03571428571428571,0,pos,0,0.0,0,pos
FUN_011889,0,0.0,0,pos,0,0.0,0,pos
FUN_008180,0,0.0,0,pos,0,0.0,0,pos
FUN_003681,6,0.008849557522123894,0,pos,0,0.0,0,pos
FUN_015638,0,0.0,0,pos,0,0.0,0,pos
FUN_003855,90,0.12195121951219512,2,pos_s234_e270_s276_e306,6,0.008130081300813009,0,pos
FUN_010219,0,0.0,0,pos,0,0.0,0,pos
FUN_008603,126,0.10096153846153846,2,pos_s858_e894_s1092_e1146,6,0.004807692307692308,0,pos
FUN_006582,48,0.01932367149758454,1,pos_s1980_e2016,0,0.0,0,pos
FUN_005372,108,0.07792207792207792,1,pos_s1116_e1224,84,0.06060606060606061,1,pos_s1116_e1170
FUN_002128,48,0.014414414414414415,1,pos_s2832_e2880,0,0.0,0,pos
FUN_008133,0,0.0,0,pos,0,0.0,0,pos
FUN_005273,0,0.0,0,pos,0,0.0,0,pos
FUN_011627,0,0.0,0,pos,0,0.0,0,pos
FUN_005035,0,0.0,0,pos,0,0.0,0,pos
FUN_010615,294,0.15806451612903225,3,pos_s324_e366_s372_e402_s504_e612,108,0.05806451612903226,1,pos_s504_e612
FUN_004285,0,0.0,0,pos,0,0.0,0,pos
FUN_001901,0,0.0,0,pos,0,0.0,0,pos
FUN_006350,0,0.0,0,pos,0,0.0,0,pos
FUN_008116,18,0.02727272727272727,0,pos,0,0.0,0,pos
FUN_000005,0,0.0,0,pos,0,0.0,0,pos
FUN_009566,36,0.13953488372093023,1,pos_s126_e162,0,0.0,0,pos
FUN_005051,0,0.0,0,pos,0,0.0,0,pos
FUN_003058,0,0.0,0,pos,0,0.0,0,pos
FUN_003027,0,0.0,0,pos,0,0.0,0,pos
FUN_005898,0,0.0,0,pos,0,0.0,0,pos
FUN_010460,0,0.0,0,pos,0,0.0,0,pos
FUN_009235,0,0.0,0,pos,0,0.0,0,pos
FUN_009894,0,0.0,0,pos,0,0.0,0,pos
FUN_015951,0,0.0,0,pos,0,0.0,0,pos
FUN_015674,0,0.0,0,pos,0,0.0,0,pos
FUN_009492,54,0.035856573705179286,0,pos,24,0.01593625498007968,0,pos
FUN_000432,174,0.12033195020746888,3,pos_s258_e330_s1302_e1332_s1338_e1386,60,0.04149377593360996,1,pos_s288_e330
FUN_007202,108,0.046632124352331605,2,pos_s0_e30_s1146_e1182,0,0.0,0,pos
FUN_009888,120,0.03663003663003663,2,pos_s162_e222_s270_e318,0,0.0,0,pos
FUN_011256,0,0.0,0,pos,0,0.0,0,pos
FUN_003750,24,0.013937282229965157,0,pos,0,0.0,0,pos
FUN_001042,0,0.0,0,pos,0,0.0,0,pos
FUN_006884,0,0.0,0,pos,0,0.0,0,pos
FUN_003645,0,0.0,0,pos,0,0.0,0,pos
FUN_016570,0,0.0,0,pos,0,0.0,0,pos
FUN_006565,0,0.0,0,pos,0,0.0,0,pos
FUN_000439,6,0.023809523809523808,0,pos,0,0.0,0,pos
FUN_007352,0,0.0,0,pos,0,0.0,0,pos
FUN_000163,0,0.0,0,pos,0,0.0,0,pos
FUN_006274,0,0.0,0,pos,0,0.0,0,pos
FUN_006641,0,0.0,0,pos,0,0.0,0,pos
FUN_009362,0,0.0,0,pos,0,0.0,0,pos
FUN_009972,216,0.11214953271028037,3,pos_s720_e804_s1020_e1068_s1110_e1152,30,0.01557632398753894,0,pos
FUN_000897,0,0.0,0,pos,0,0.0,0,pos
FUN_005891,18,0.014218009478672985,0,pos,0,0.0,0,pos
FUN_003627,0,0.0,0,pos,0,0.0,0,pos
FUN_006531,0,0.0,0,pos,0,0.0,0,pos
FUN_003119,18,0.012711864406779662,0,pos,0,0.0,0,pos
FUN_007720,0,0.0,0,pos,0,0.0,0,pos
FUN_008035,294,0.07585139318885449,3,pos_s570_e720_s2124_e2172_s2202_e2238,114,0.029411764705882353,1,pos_s576_e690
FUN_008994,0,0.0,0,pos,0,0.0,0,pos
FUN_002506,138,0.115,1,pos_s186_e294,48,0.04,1,pos_s234_e276
FUN_010811,66,0.05045871559633028,1,pos_s582_e630,0,0.0,0,pos
FUN_010546,0,0.0,0,pos,0,0.0,0,pos
FUN_000605,78,0.045774647887323945,1,pos_s624_e702,6,0.0035211267605633804,0,pos
FUN_006364,300,0.16447368421052633,3,pos_s462_e558_s648_e732_s762_e858,126,0.06907894736842106,1,pos_s780_e858
FUN_016163,0,0.0,0,pos,0,0.0,0,pos
FUN_007839,66,0.05699481865284974,1,pos_s198_e246,0,0.0,0,pos
FUN_011793,42,0.04895104895104895,1,pos_s678_e720,0,0.0,0,pos
FUN_000809,0,0.0,0,pos,0,0.0,0,pos
FUN_000338,0,0.0,0,pos,0,0.0,0,pos
FUN_002269,0,0.0,0,pos,0,0.0,0,pos
FUN_008535,18,0.00906344410876133,0,pos,0,0.0,0,pos
FUN_010595,0,0.0,0,pos,0,0.0,0,pos
FUN_011244,0,0.0,0,pos,0,0.0,0,pos
FUN_010939,0,0.0,0,pos,0,0.0,0,pos
FUN_003292,0,0.0,0,pos,0,0.0,0,pos
FUN_007035,0,0.0,0,pos,0,0.0,0,pos
FUN_004767,0,0.0,0,pos,0,0.0,0,pos
FUN_000751,0,0.0,0,pos,0,0.0,0,pos
FUN_003741,0,0.0,0,pos,0,0.0,0,pos
FUN_016733,0,0.0,0,pos,0,0.0,0,pos
FUN_005334,0,0.0,0,pos,0,0.0,0,pos
FUN_000035,114,0.08558558558558559,1,pos_s738_e852,18,0.013513513513513514,0,pos
FUN_003811,0,0.0,0,pos,0,0.0,0,pos
FUN_009142,0,0.0,0,pos,0,0.0,0,pos
FUN_006431,0,0.0,0,pos,0,0.0,0,pos
FUN_008312,0,0.0,0,pos,0,0.0,0,pos
FUN_002464,138,0.0352760736196319,3,pos_s3012_e3066_s3090_e3120_s3768_e3798,60,0.015337423312883436,1,pos_s3018_e3048
FUN_012408,0,0.0,0,pos,0,0.0,0,pos
FUN_009690,0,0.0,0,pos,0,0.0,0,pos
FUN_016516,0,0.0,0,pos,0,0.0,0,pos
FUN_006528,0,0.0,0,pos,0,0.0,0,pos
FUN_005282,0,0.0,0,pos,0,0.0,0,pos
FUN_016550,0,0.0,0,pos,0,0.0,0,pos
FUN_015805,0,0.0,0,pos,0,0.0,0,pos
FUN_000674,0,0.0,0,pos,0,0.0,0,pos
FUN_011141,0,0.0,0,pos,0,0.0,0,pos
FUN_008012,0,0.0,0,pos,0,0.0,0,pos
FUN_008255,0,0.0,0,pos,0,0.0,0,pos
FUN_009838,84,0.0137524557956778,1,pos_s3666_e3714,6,0.0009823182711198428,0,pos
FUN_011795,126,0.08300395256916997,1,pos_s852_e948,84,0.05533596837944664,1,pos_s852_e936
FUN_008697,0,0.0,0,pos,0,0.0,0,pos
FUN_002223,96,0.037383177570093455,1,pos_s1860_e1938,0,0.0,0,pos
FUN_001424,0,0.0,0,pos,0,0.0,0,pos
FUN_002564,36,0.016042780748663103,1,pos_s2184_e2214,0,0.0,0,pos
FUN_001939,126,0.08076923076923077,2,pos_s1338_e1374_s1386_e1446,30,0.019230769230769232,0,pos
FUN_003859,0,0.0,0,pos,0,0.0,0,pos
FUN_006643,0,0.0,0,pos,0,0.0,0,pos
FUN_009612,60,0.049019607843137254,1,pos_s624_e654,0,0.0,0,pos
FUN_009794,0,0.0,0,pos,0,0.0,0,pos
FUN_002284,0,0.0,0,pos,0,0.0,0,pos
FUN_004937,0,0.0,0,pos,0,0.0,0,pos
FUN_000832,108,0.125,2,pos_s492_e552_s576_e606,90,0.10416666666666667,2,pos_s492_e552_s576_e606
FUN_002758,0,0.0,0,pos,0,0.0,0,pos
FUN_011702,0,0.0,0,pos,0,0.0,0,pos
FUN_011491,0,0.0,0,pos,0,0.0,0,pos
FUN_004511,0,0.0,0,pos,0,0.0,0,pos
FUN_006662,0,0.0,0,pos,0,0.0,0,pos
FUN_003382,114,0.0871559633027523,2,pos_s462_e504_s990_e1062,0,0.0,0,pos
FUN_010957,30,0.011013215859030838,1,pos_s426_e456,0,0.0,0,pos
FUN_002641,0,0.0,0,pos,0,0.0,0,pos
FUN_006086,0,0.0,0,pos,0,0.0,0,pos
FUN_011347,126,0.23333333333333334,3,pos_s78_e114_s414_e456_s468_e498,12,0.022222222222222223,0,pos
FUN_001986,12,0.008658008658008658,0,pos,0,0.0,0,pos
FUN_016087,0,0.0,0,pos,0,0.0,0,pos
FUN_016259,0,0.0,0,pos,0,0.0,0,pos
FUN_009574,12,0.021505376344086023,0,pos,0,0.0,0,pos
FUN_008733,0,0.0,0,pos,0,0.0,0,pos
FUN_008125,0,0.0,0,pos,0,0.0,0,pos
FUN_011104,66,0.02689486552567237,1,pos_s1536_e1572,0,0.0,0,pos
FUN_007668,6,0.004347826086956522,0,pos,0,0.0,0,pos
FUN_008781,96,0.07272727272727272,1,pos_s372_e420,30,0.022727272727272728,0,pos
FUN_009746,0,0.0,0,pos,0,0.0,0,pos
FUN_005796,0,0.0,0,pos,0,0.0,0,pos
FUN_008584,108,0.12949640287769784,1,pos_s336_e444,96,0.11510791366906475,1,pos_s348_e444
FUN_011232,78,0.05701754385964912,1,pos_s618_e672,6,0.0043859649122807015,0,pos
FUN_006299,0,0.0,0,pos,0,0.0,0,pos
FUN_010751,0,0.0,0,pos,0,0.0,0,pos
FUN_003183,0,0.0,0,pos,0,0.0,0,pos
FUN_003906,6,0.002197802197802198,0,pos,0,0.0,0,pos
FUN_006123,0,0.0,0,pos,0,0.0,0,pos
FUN_004097,0,0.0,0,pos,0,0.0,0,pos
FUN_016046,0,0.0,0,pos,0,0.0,0,pos
FUN_002292,0,0.0,0,pos,0,0.0,0,pos
FUN_003447,0,0.0,0,pos,0,0.0,0,pos
FUN_008106,0,0.0,0,pos,0,0.0,0,pos
FUN_005136,0,0.0,0,pos,0,0.0,0,pos
FUN_003387,0,0.0,0,pos,0,0.0,0,pos
FUN_002548,0,0.0,0,pos,0,0.0,0,pos
FUN_001474,0,0.0,0,pos,0,0.0,0,pos
FUN_016021,0,0.0,0,pos,0,0.0,0,pos
FUN_007723,0,0.0,0,pos,0,0.0,0,pos
FUN_003873,0,0.0,0,pos,0,0.0,0,pos
FUN_009428,0,0.0,0,pos,0,0.0,0,pos
FUN_011611,0,0.0,0,pos,0,0.0,0,pos
FUN_005551,0,0.0,0,pos,0,0.0,0,pos
FUN_007291,0,0.0,0,pos,0,0.0,0,pos
FUN_004349,0,0.0,0,pos,0,0.0,0,pos
FUN_011885,0,0.0,0,pos,0,0.0,0,pos
FUN_007932,120,0.14925373134328357,1,pos_s0_e120,114,0.1417910447761194,1,pos_s6_e120
FUN_009635,0,0.0,0,pos,0,0.0,0,pos
FUN_011760,0,0.0,0,pos,0,0.0,0,pos
FUN_016113,0,0.0,0,pos,0,0.0,0,pos
FUN_007316,0,0.0,0,pos,0,0.0,0,pos
FUN_011268,0,0.0,0,pos,0,0.0,0,pos
FUN_016034,0,0.0,0,pos,0,0.0,0,pos
FUN_009809,54,0.05084745762711865,1,pos_s72_e102,0,0.0,0,pos
FUN_009052,0,0.0,0,pos,0,0.0,0,pos
FUN_003438,276,0.16606498194945848,3,pos_s198_e264_s774_e822_s924_e966,42,0.02527075812274368,1,pos_s780_e810
FUN_007765,48,0.07079646017699115,1,pos_s486_e528,0,0.0,0,pos
FUN_016830,0,0.0,0,pos,0,0.0,0,pos
FUN_000772,0,0.0,0,pos,0,0.0,0,pos
FUN_010620,0,0.0,0,pos,0,0.0,0,pos
FUN_001455,228,0.6031746031746031,3,pos_s90_e204_s216_e288_s306_e348,30,0.07936507936507936,0,pos
FUN_008115,0,0.0,0,pos,0,0.0,0,pos
FUN_000799,336,0.11991434689507495,4,pos_s372_e408_s492_e684_s690_e726_s930_e1002,78,0.027837259100642397,1,pos_s612_e660
FUN_000456,30,0.050505050505050504,0,pos,0,0.0,0,pos
FUN_004769,0,0.0,0,pos,0,0.0,0,pos
FUN_007584,0,0.0,0,pos,0,0.0,0,pos
FUN_002100,0,0.0,0,pos,0,0.0,0,pos
FUN_006248,0,0.0,0,pos,0,0.0,0,pos
FUN_007935,0,0.0,0,pos,0,0.0,0,pos
FUN_004028,0,0.0,0,pos,0,0.0,0,pos
FUN_015524,0,0.0,0,pos,0,0.0,0,pos
FUN_001434,0,0.0,0,pos,0,0.0,0,pos
FUN_007965,0,0.0,0,pos,0,0.0,0,pos
FUN_001580,0,0.0,0,pos,0,0.0,0,pos
FUN_001477,0,0.0,0,pos,0,0.0,0,pos
FUN_010183,0,0.0,0,pos,0,0.0,0,pos
FUN_009979,0,0.0,0,pos,0,0.0,0,pos
FUN_002485,36,0.01834862385321101,0,pos,0,0.0,0,pos
FUN_007226,0,0.0,0,pos,0,0.0,0,pos
FUN_001752,0,0.0,0,pos,0,0.0,0,pos
FUN_001825,0,0.0,0,pos,0,0.0,0,pos
FUN_007609,12,0.01818181818181818,0,pos,12,0.01818181818181818,0,pos
FUN_005994,18,0.008928571428571428,0,pos,0,0.0,0,pos
FUN_016518,0,0.0,0,pos,0,0.0,0,pos
FUN_008851,24,0.010958904109589041,0,pos,6,0.0027397260273972603,0,pos
FUN_001887,0,0.0,0,pos,0,0.0,0,pos
FUN_006702,18,0.012145748987854251,0,pos,0,0.0,0,pos
FUN_015793,0,0.0,0,pos,0,0.0,0,pos
FUN_003807,0,0.0,0,pos,0,0.0,0,pos
FUN_001015,0,0.0,0,pos,0,0.0,0,pos
FUN_009132,0,0.0,0,pos,0,0.0,0,pos
FUN_000486,0,0.0,0,pos,0,0.0,0,pos
FUN_008600,0,0.0,0,pos,0,0.0,0,pos
FUN_006546,0,0.0,0,pos,0,0.0,0,pos
FUN_003748,0,0.0,0,pos,0,0.0,0,pos
FUN_009218,0,0.0,0,pos,0,0.0,0,pos
FUN_011961,0,0.0,0,pos,0,0.0,0,pos
FUN_003346,0,0.0,0,pos,0,0.0,0,pos
FUN_000169,0,0.0,0,pos,0,0.0,0,pos
FUN_002404,0,0.0,0,pos,0,0.0,0,pos
FUN_009288,0,0.0,0,pos,0,0.0,0,pos
FUN_007462,0,0.0,0,pos,0,0.0,0,pos
FUN_004266,0,0.0,0,pos,0,0.0,0,pos
FUN_003130,6,0.001445086705202312,0,pos,0,0.0,0,pos
FUN_011283,186,0.07848101265822785,3,pos_s1332_e1440_s1458_e1494_s1602_e1638,102,0.043037974683544304,1,pos_s1332_e1434
FUN_001304,36,0.02459016393442623,0,pos,0,0.0,0,pos
FUN_000785,0,0.0,0,pos,0,0.0,0,pos
FUN_009281,0,0.0,0,pos,0,0.0,0,pos
FUN_012098,0,0.0,0,pos,0,0.0,0,pos
FUN_000126,0,0.0,0,pos,0,0.0,0,pos
FUN_004928,0,0.0,0,pos,0,0.0,0,pos
FUN_002199,0,0.0,0,pos,0,0.0,0,pos
FUN_005132,0,0.0,0,pos,0,0.0,0,pos
FUN_011315,786,0.30184331797235026,8,pos_s126_e252_s372_e402_s636_e708_s1080_e1194_s1212_e1302_s2004_e2070_s2178_e2310_s2400_e2508,420,0.16129032258064516,4,pos_s138_e252_s1080_e1194_s1212_e1248_s2400_e2466
FUN_001904,6,0.008849557522123894,0,pos,0,0.0,0,pos
FUN_006460,0,0.0,0,pos,0,0.0,0,pos
FUN_015976,0,0.0,0,pos,0,0.0,0,pos
FUN_002451,0,0.0,0,pos,0,0.0,0,pos
FUN_011257,6,0.0043859649122807015,0,pos,0,0.0,0,pos
FUN_012004,0,0.0,0,pos,0,0.0,0,pos
FUN_000216,0,0.0,0,pos,0,0.0,0,pos
FUN_000217,0,0.0,0,pos,0,0.0,0,pos
FUN_005466,0,0.0,0,pos,0,0.0,0,pos
FUN_002990,0,0.0,0,pos,0,0.0,0,pos
FUN_004567,42,0.02766798418972332,1,pos_s72_e102,0,0.0,0,pos
FUN_008184,0,0.0,0,pos,0,0.0,0,pos
FUN_012209,0,0.0,0,pos,0,0.0,0,pos
FUN_001510,0,0.0,0,pos,0,0.0,0,pos
FUN_009579,492,0.04720782959124928,6,pos_s702_e822_s2910_e2970_s8208_e8268_s8898_e8946_s9228_e9264_s9276_e9342,222,0.021301093839953943,3,pos_s702_e756_s8208_e8268_s9276_e9324
FUN_004585,0,0.0,0,pos,0,0.0,0,pos
FUN_008659,0,0.0,0,pos,0,0.0,0,pos
FUN_016167,0,0.0,0,pos,0,0.0,0,pos
FUN_001927,0,0.0,0,pos,0,0.0,0,pos
FUN_000122,0,0.0,0,pos,0,0.0,0,pos
FUN_007689,84,0.13592233009708737,1,pos_s6_e60,18,0.02912621359223301,0,pos
FUN_009403,0,0.0,0,pos,0,0.0,0,pos
FUN_008244,0,0.0,0,pos,0,0.0,0,pos
FUN_007465,0,0.0,0,pos,0,0.0,0,pos
FUN_007198,0,0.0,0,pos,0,0.0,0,pos
FUN_002246,36,0.03508771929824561,0,pos,0,0.0,0,pos
FUN_003233,0,0.0,0,pos,0,0.0,0,pos
FUN_001815,0,0.0,0,pos,0,0.0,0,pos
FUN_002378,0,0.0,0,pos,0,0.0,0,pos
FUN_001575,84,0.03482587064676617,1,pos_s792_e846,6,0.0024875621890547263,0,pos
FUN_000145,0,0.0,0,pos,0,0.0,0,pos
FUN_012465,0,0.0,0,pos,0,0.0,0,pos
FUN_004864,24,0.006756756756756757,0,pos,0,0.0,0,pos
FUN_016301,0,0.0,0,pos,0,0.0,0,pos
FUN_007278,0,0.0,0,pos,0,0.0,0,pos
FUN_001140,0,0.0,0,pos,0,0.0,0,pos
FUN_005168,18,0.013761467889908258,0,pos,0,0.0,0,pos
FUN_000973,36,0.04918032786885246,0,pos,0,0.0,0,pos
FUN_001516,18,0.004092769440654843,0,pos,0,0.0,0,pos
FUN_011460,0,0.0,0,pos,0,0.0,0,pos
FUN_007622,0,0.0,0,pos,0,0.0,0,pos
FUN_016601,0,0.0,0,pos,0,0.0,0,pos
FUN_005800,48,0.024615384615384615,1,pos_s348_e396,0,0.0,0,pos
FUN_010070,120,0.02577319587628866,2,pos_s4458_e4500_s4536_e4572,6,0.001288659793814433,0,pos
FUN_015410,0,0.0,0,pos,0,0.0,0,pos
FUN_000755,0,0.0,0,pos,0,0.0,0,pos
FUN_005457,0,0.0,0,pos,0,0.0,0,pos
FUN_012416,0,0.0,0,pos,0,0.0,0,pos
FUN_001314,0,0.0,0,pos,0,0.0,0,pos
FUN_001545,0,0.0,0,pos,0,0.0,0,pos
FUN_010801,162,0.03935860058309038,2,pos_s2520_e2562_s2568_e2640,12,0.0029154518950437317,0,pos
FUN_016661,0,0.0,0,pos,0,0.0,0,pos
FUN_003718,0,0.0,0,pos,0,0.0,0,pos
FUN_006497,0,0.0,0,pos,0,0.0,0,pos
FUN_015316,0,0.0,0,pos,0,0.0,0,pos
FUN_011633,0,0.0,0,pos,0,0.0,0,pos
FUN_015601,0,0.0,0,pos,0,0.0,0,pos
FUN_008907,0,0.0,0,pos,0,0.0,0,pos
FUN_008960,0,0.0,0,pos,0,0.0,0,pos
FUN_016682,0,0.0,0,pos,0,0.0,0,pos
FUN_011306,0,0.0,0,pos,0,0.0,0,pos
FUN_002737,66,0.03806228373702422,0,pos,66,0.03806228373702422,0,pos
FUN_007338,210,0.03391472868217054,3,pos_s1146_e1254_s2106_e2142_s2382_e2424,96,0.015503875968992248,1,pos_s1146_e1230
FUN_007896,0,0.0,0,pos,0,0.0,0,pos
FUN_010123,0,0.0,0,pos,0,0.0,0,pos
FUN_015618,0,0.0,0,pos,0,0.0,0,pos
FUN_004648,0,0.0,0,pos,0,0.0,0,pos
FUN_008482,30,0.010309278350515464,1,pos_s378_e408,18,0.006185567010309278,0,pos
FUN_001840,18,0.00967741935483871,0,pos,0,0.0,0,pos
FUN_001170,18,0.010309278350515464,0,pos,0,0.0,0,pos
FUN_008301,0,0.0,0,pos,0,0.0,0,pos
FUN_005751,0,0.0,0,pos,0,0.0,0,pos
FUN_010448,12,0.010416666666666666,0,pos,0,0.0,0,pos
FUN_005412,0,0.0,0,pos,0,0.0,0,pos
FUN_016642,0,0.0,0,pos,0,0.0,0,pos
FUN_012322,0,0.0,0,pos,0,0.0,0,pos
FUN_007044,72,0.05309734513274336,1,pos_s648_e696,0,0.0,0,pos
FUN_008551,18,0.01020408163265306,0,pos,0,0.0,0,pos
FUN_011089,0,0.0,0,pos,0,0.0,0,pos
FUN_006430,0,0.0,0,pos,0,0.0,0,pos
FUN_015635,0,0.0,0,pos,0,0.0,0,pos
FUN_016853,0,0.0,0,pos,0,0.0,0,pos
FUN_001034,0,0.0,0,pos,0,0.0,0,pos
FUN_003352,120,0.01881467544684854,1,pos_s3546_e3660,36,0.005644402634054563,0,pos
FUN_010639,30,0.014124293785310734,0,pos,0,0.0,0,pos
FUN_002274,0,0.0,0,pos,0,0.0,0,pos
FUN_004267,6,0.00847457627118644,0,pos,0,0.0,0,pos
FUN_004119,0,0.0,0,pos,0,0.0,0,pos
FUN_004035,0,0.0,0,pos,0,0.0,0,pos
FUN_005508,0,0.0,0,pos,0,0.0,0,pos
FUN_007940,204,0.13545816733067728,4,pos_s42_e78_s738_e768_s810_e852_s858_e942,24,0.01593625498007968,0,pos
FUN_000623,54,0.02857142857142857,1,pos_s1332_e1368,0,0.0,0,pos
FUN_007187,12,0.16666666666666666,0,pos,0,0.0,0,pos
FUN_011589,0,0.0,0,pos,0,0.0,0,pos
FUN_004246,0,0.0,0,pos,0,0.0,0,pos
FUN_001617,66,0.06321839080459771,1,pos_s300_e342,0,0.0,0,pos
FUN_012117,0,0.0,0,pos,0,0.0,0,pos
FUN_002257,18,0.013100436681222707,0,pos,0,0.0,0,pos
FUN_016098,0,0.0,0,pos,0,0.0,0,pos
FUN_005404,42,0.043478260869565216,1,pos_s126_e156,12,0.012422360248447204,0,pos
FUN_006555,144,0.019801980198019802,2,pos_s1362_e1440_s4656_e4692,78,0.010726072607260726,1,pos_s1362_e1440
FUN_002002,0,0.0,0,pos,0,0.0,0,pos
FUN_011124,0,0.0,0,pos,0,0.0,0,pos
FUN_016883,0,0.0,0,pos,0,0.0,0,pos
FUN_005474,54,0.020224719101123594,1,pos_s2268_e2310,0,0.0,0,pos
FUN_002778,0,0.0,0,pos,0,0.0,0,pos
FUN_001857,6,0.0034965034965034965,0,pos,0,0.0,0,pos
FUN_007777,0,0.0,0,pos,0,0.0,0,pos
FUN_002136,6,0.007462686567164179,0,pos,0,0.0,0,pos
FUN_002430,0,0.0,0,pos,0,0.0,0,pos
FUN_016878,0,0.0,0,pos,0,0.0,0,pos
FUN_010447,0,0.0,0,pos,0,0.0,0,pos
FUN_009016,0,0.0,0,pos,0,0.0,0,pos
FUN_000753,0,0.0,0,pos,0,0.0,0,pos
FUN_003016,0,0.0,0,pos,0,0.0,0,pos
FUN_002389,0,0.0,0,pos,0,0.0,0,pos
FUN_002264,0,0.0,0,pos,0,0.0,0,pos
FUN_003293,0,0.0,0,pos,0,0.0,0,pos
FUN_009770,0,0.0,0,pos,0,0.0,0,pos
FUN_007500,72,0.018867924528301886,1,pos_s2844_e2892,0,0.0,0,pos
FUN_001925,0,0.0,0,pos,0,0.0,0,pos
FUN_001226,0,0.0,0,pos,0,0.0,0,pos
FUN_006564,0,0.0,0,pos,0,0.0,0,pos
FUN_005428,0,0.0,0,pos,0,0.0,0,pos
FUN_006867,18,0.014705882352941176,0,pos,6,0.004901960784313725,0,pos
FUN_012086,0,0.0,0,pos,0,0.0,0,pos
FUN_000124,0,0.0,0,pos,0,0.0,0,pos
FUN_012424,0,0.0,0,pos,0,0.0,0,pos
FUN_000141,0,0.0,0,pos,0,0.0,0,pos
FUN_002653,0,0.0,0,pos,0,0.0,0,pos
FUN_000617,36,0.03428571428571429,0,pos,30,0.02857142857142857,0,pos
FUN_016239,0,0.0,0,pos,0,0.0,0,pos
FUN_009070,0,0.0,0,pos,0,0.0,0,pos
FUN_016492,0,0.0,0,pos,0,0.0,0,pos
FUN_016810,0,0.0,0,pos,0,0.0,0,pos
FUN_015452,0,0.0,0,pos,0,0.0,0,pos
FUN_015751,0,0.0,0,pos,0,0.0,0,pos
FUN_005951,0,0.0,0,pos,0,0.0,0,pos
FUN_010747,90,0.26785714285714285,1,pos_s240_e324,72,0.21428571428571427,1,pos_s252_e324
FUN_002053,6,0.0012406947890818859,0,pos,0,0.0,0,pos
FUN_008990,60,0.024271844660194174,1,pos_s1212_e1272,12,0.0048543689320388345,0,pos
FUN_009835,0,0.0,0,pos,0,0.0,0,pos
FUN_006376,36,0.02127659574468085,0,pos,0,0.0,0,pos
FUN_000790,0,0.0,0,pos,0,0.0,0,pos
FUN_016097,0,0.0,0,pos,0,0.0,0,pos
FUN_015484,0,0.0,0,pos,0,0.0,0,pos
FUN_001681,0,0.0,0,pos,0,0.0,0,pos
FUN_011873,0,0.0,0,pos,0,0.0,0,pos
FUN_008449,30,0.0684931506849315,0,pos,6,0.0136986301369863,0,pos
FUN_003215,24,0.021505376344086023,0,pos,6,0.005376344086021506,0,pos
FUN_000534,138,0.08550185873605948,1,pos_s672_e786,114,0.07063197026022305,1,pos_s672_e786
FUN_010461,0,0.0,0,pos,0,0.0,0,pos
FUN_010874,66,0.019538188277087035,1,pos_s1422_e1470,18,0.0053285968028419185,0,pos
FUN_016275,0,0.0,0,pos,0,0.0,0,pos
FUN_008816,0,0.0,0,pos,0,0.0,0,pos
FUN_006287,36,0.036585365853658534,1,pos_s102_e138,36,0.036585365853658534,1,pos_s102_e138
FUN_015686,0,0.0,0,pos,0,0.0,0,pos
FUN_006960,0,0.0,0,pos,0,0.0,0,pos
FUN_016876,0,0.0,0,pos,0,0.0,0,pos
FUN_015310,0,0.0,0,pos,0,0.0,0,pos
FUN_012110,0,0.0,0,pos,0,0.0,0,pos
FUN_001963,0,0.0,0,pos,0,0.0,0,pos
FUN_008104,0,0.0,0,pos,0,0.0,0,pos
FUN_002759,54,0.021176470588235293,1,pos_s2196_e2250,18,0.007058823529411765,0,pos
FUN_015569,0,0.0,0,pos,0,0.0,0,pos
FUN_008718,54,0.037037037037037035,1,pos_s18_e72,0,0.0,0,pos
FUN_000483,102,0.07456140350877193,1,pos_s1014_e1116,0,0.0,0,pos
FUN_004822,0,0.0,0,pos,0,0.0,0,pos
FUN_004578,42,0.010057471264367816,1,pos_s504_e540,0,0.0,0,pos
FUN_001697,0,0.0,0,pos,0,0.0,0,pos
FUN_008302,120,0.04739336492890995,1,pos_s2172_e2268,12,0.004739336492890996,0,pos
FUN_007255,24,0.06349206349206349,0,pos,0,0.0,0,pos
FUN_006509,0,0.0,0,pos,0,0.0,0,pos
FUN_016328,0,0.0,0,pos,0,0.0,0,pos
FUN_002250,0,0.0,0,pos,0,0.0,0,pos
FUN_011004,0,0.0,0,pos,0,0.0,0,pos
FUN_011286,12,0.008620689655172414,0,pos,12,0.008620689655172414,0,pos
FUN_011519,84,0.017326732673267328,1,pos_s4026_e4110,6,0.0012376237623762376,0,pos
FUN_005825,0,0.0,0,pos,0,0.0,0,pos
FUN_000151,174,0.025394045534150613,4,pos_s2640_e2676_s2754_e2808_s5496_e5526_s6018_e6054,18,0.002626970227670753,0,pos
FUN_008759,0,0.0,0,pos,0,0.0,0,pos
FUN_008650,36,0.011131725417439703,1,pos_s2640_e2670,24,0.0074211502782931356,0,pos
FUN_005747,54,0.041666666666666664,1,pos_s1236_e1284,48,0.037037037037037035,1,pos_s1236_e1284
FUN_011151,0,0.0,0,pos,0,0.0,0,pos
FUN_009678,0,0.0,0,pos,0,0.0,0,pos
FUN_016310,0,0.0,0,pos,0,0.0,0,pos
FUN_009685,0,0.0,0,pos,0,0.0,0,pos
FUN_009744,0,0.0,0,pos,0,0.0,0,pos
FUN_004375,0,0.0,0,pos,0,0.0,0,pos
FUN_009644,0,0.0,0,pos,0,0.0,0,pos
FUN_006541,0,0.0,0,pos,0,0.0,0,pos
FUN_016592,0,0.0,0,pos,0,0.0,0,pos
FUN_000294,0,0.0,0,pos,0,0.0,0,pos
FUN_015591,0,0.0,0,pos,0,0.0,0,pos
FUN_009309,0,0.0,0,pos,0,0.0,0,pos
FUN_008761,0,0.0,0,pos,0,0.0,0,pos
FUN_005542,6,0.005681818181818182,0,pos,0,0.0,0,pos
FUN_006833,30,0.01256281407035176,1,pos_s1026_e1056,0,0.0,0,pos
FUN_010947,84,0.059322033898305086,1,pos_s1344_e1404,24,0.01694915254237288,0,pos
FUN_001461,0,0.0,0,pos,0,0.0,0,pos
FUN_015775,0,0.0,0,pos,0,0.0,0,pos
FUN_002490,0,0.0,0,pos,0,0.0,0,pos
FUN_002870,18,0.018072289156626505,0,pos,0,0.0,0,pos
FUN_008852,0,0.0,0,pos,0,0.0,0,pos
FUN_002859,0,0.0,0,pos,0,0.0,0,pos
FUN_010891,138,0.07958477508650519,1,pos_s534_e606,0,0.0,0,pos
FUN_001296,0,0.0,0,pos,0,0.0,0,pos
FUN_010914,342,0.4222222222222222,3,pos_s0_e138_s282_e318_s390_e468,150,0.18518518518518517,2,pos_s54_e90_s396_e468
FUN_005002,0,0.0,0,pos,0,0.0,0,pos
FUN_006311,36,0.039473684210526314,1,pos_s450_e486,0,0.0,0,pos
FUN_000447,0,0.0,0,pos,0,0.0,0,pos
FUN_002892,0,0.0,0,pos,0,0.0,0,pos
FUN_001110,0,0.0,0,pos,0,0.0,0,pos
FUN_008658,6,0.0033333333333333335,0,pos,0,0.0,0,pos
FUN_009624,0,0.0,0,pos,0,0.0,0,pos
FUN_008510,0,0.0,0,pos,0,0.0,0,pos
FUN_000798,102,0.05964912280701754,2,pos_s24_e90_s768_e804,0,0.0,0,pos
FUN_011968,0,0.0,0,pos,0,0.0,0,pos
FUN_002351,240,0.05970149253731343,3,pos_s342_e432_s2406_e2448_s2472_e2508,12,0.0029850746268656717,0,pos
FUN_000715,0,0.0,0,pos,0,0.0,0,pos
FUN_001822,0,0.0,0,pos,0,0.0,0,pos
FUN_005297,54,0.039647577092511016,1,pos_s618_e660,0,0.0,0,pos
FUN_005928,0,0.0,0,pos,0,0.0,0,pos
FUN_003630,0,0.0,0,pos,0,0.0,0,pos
FUN_010894,54,0.02710843373493976,1,pos_s1560_e1614,6,0.0030120481927710845,0,pos
FUN_016564,0,0.0,0,pos,0,0.0,0,pos
FUN_008882,0,0.0,0,pos,0,0.0,0,pos
FUN_006441,156,0.03611111111111111,2,pos_s3558_e3600_s3738_e3768,12,0.002777777777777778,0,pos
FUN_015979,0,0.0,0,pos,0,0.0,0,pos
FUN_003012,0,0.0,0,pos,0,0.0,0,pos
FUN_006130,54,0.015625,1,pos_s1116_e1146,0,0.0,0,pos
FUN_016045,0,0.0,0,pos,0,0.0,0,pos
FUN_016687,0,0.0,0,pos,0,0.0,0,pos
FUN_003663,0,0.0,0,pos,0,0.0,0,pos
FUN_005521,102,0.03225806451612903,2,pos_s12_e42_s498_e534,6,0.0018975332068311196,0,pos
FUN_010108,0,0.0,0,pos,0,0.0,0,pos
FUN_015414,0,0.0,0,pos,0,0.0,0,pos
FUN_005676,0,0.0,0,pos,0,0.0,0,pos
FUN_006330,0,0.0,0,pos,0,0.0,0,pos
FUN_000212,0,0.0,0,pos,0,0.0,0,pos
FUN_002034,108,0.0759493670886076,2,pos_s828_e876_s1194_e1254,0,0.0,0,pos
FUN_003143,30,0.0641025641025641,1,pos_s366_e396,6,0.01282051282051282,0,pos
FUN_004538,0,0.0,0,pos,0,0.0,0,pos
FUN_004627,18,0.019230769230769232,0,pos,0,0.0,0,pos
FUN_007813,36,0.12244897959183673,0,pos,0,0.0,0,pos
FUN_012396,0,0.0,0,pos,0,0.0,0,pos
FUN_004531,42,0.10144927536231885,0,pos,0,0.0,0,pos
FUN_002603,0,0.0,0,pos,0,0.0,0,pos
FUN_006302,0,0.0,0,pos,0,0.0,0,pos
FUN_011965,0,0.0,0,pos,0,0.0,0,pos
FUN_008399,6,0.004545454545454545,0,pos,0,0.0,0,pos
FUN_003788,0,0.0,0,pos,0,0.0,0,pos
FUN_012247,0,0.0,0,pos,0,0.0,0,pos
FUN_015551,0,0.0,0,pos,0,0.0,0,pos
FUN_006057,0,0.0,0,pos,0,0.0,0,pos
FUN_015994,0,0.0,0,pos,0,0.0,0,pos
FUN_003325,156,0.021505376344086023,2,pos_s4290_e4326_s4350_e4392,24,0.0033085194375516956,0,pos
FUN_003314,0,0.0,0,pos,0,0.0,0,pos
FUN_008069,0,0.0,0,pos,0,0.0,0,pos
FUN_002062,12,0.009302325581395349,0,pos,0,0.0,0,pos
FUN_005895,222,0.01867743563856638,4,pos_s4308_e4350_s6936_e6972_s7014_e7050_s10122_e10158,60,0.005047955577990914,1,pos_s10122_e10152
FUN_007222,0,0.0,0,pos,0,0.0,0,pos
FUN_001459,0,0.0,0,pos,0,0.0,0,pos
FUN_009715,0,0.0,0,pos,0,0.0,0,pos
FUN_004547,0,0.0,0,pos,0,0.0,0,pos
FUN_002190,0,0.0,0,pos,0,0.0,0,pos
FUN_015971,0,0.0,0,pos,0,0.0,0,pos
FUN_010344,42,0.30434782608695654,0,pos,18,0.13043478260869565,0,pos
FUN_008294,0,0.0,0,pos,0,0.0,0,pos
FUN_007108,0,0.0,0,pos,0,0.0,0,pos
FUN_005080,0,0.0,0,pos,0,0.0,0,pos
FUN_002923,0,0.0,0,pos,0,0.0,0,pos
FUN_016585,0,0.0,0,pos,0,0.0,0,pos
FUN_002910,0,0.0,0,pos,0,0.0,0,pos
FUN_000450,0,0.0,0,pos,0,0.0,0,pos
FUN_000776,0,0.0,0,pos,0,0.0,0,pos
FUN_012174,0,0.0,0,pos,0,0.0,0,pos
FUN_010045,48,0.02888086642599278,1,pos_s954_e1002,0,0.0,0,pos
FUN_011524,0,0.0,0,pos,0,0.0,0,pos
FUN_007399,0,0.0,0,pos,0,0.0,0,pos
FUN_011096,0,0.0,0,pos,0,0.0,0,pos
FUN_011550,0,0.0,0,pos,0,0.0,0,pos
FUN_011012,0,0.0,0,pos,0,0.0,0,pos
FUN_016047,0,0.0,0,pos,0,0.0,0,pos
FUN_004607,42,0.01728395061728395,1,pos_s2160_e2202,0,0.0,0,pos
FUN_003805,0,0.0,0,pos,0,0.0,0,pos
FUN_006073,168,0.13270142180094788,2,pos_s42_e78_s114_e192,72,0.05687203791469194,1,pos_s114_e168
FUN_016553,0,0.0,0,pos,0,0.0,0,pos
FUN_000174,0,0.0,0,pos,0,0.0,0,pos
FUN_007010,54,0.014285714285714285,1,pos_s2970_e3006,24,0.006349206349206349,0,pos
FUN_011190,0,0.0,0,pos,0,0.0,0,pos
FUN_002455,96,0.034482758620689655,1,pos_s1740_e1836,0,0.0,0,pos
FUN_002012,0,0.0,0,pos,0,0.0,0,pos
FUN_006120,6,0.006211180124223602,0,pos,0,0.0,0,pos
FUN_015875,0,0.0,0,pos,0,0.0,0,pos
FUN_006579,54,0.019823788546255508,1,pos_s2658_e2694,0,0.0,0,pos
FUN_008436,6,0.02857142857142857,0,pos,0,0.0,0,pos
FUN_011148,96,0.16666666666666666,1,pos_s12_e96,42,0.07291666666666667,1,pos_s12_e48
FUN_008831,0,0.0,0,pos,0,0.0,0,pos
FUN_010128,0,0.0,0,pos,0,0.0,0,pos
FUN_001507,12,0.004866180048661801,0,pos,0,0.0,0,pos
FUN_009092,0,0.0,0,pos,0,0.0,0,pos
FUN_010846,0,0.0,0,pos,0,0.0,0,pos
FUN_010471,0,0.0,0,pos,0,0.0,0,pos
FUN_011526,0,0.0,0,pos,0,0.0,0,pos
FUN_006271,12,0.007905138339920948,0,pos,0,0.0,0,pos
FUN_008063,0,0.0,0,pos,0,0.0,0,pos
FUN_002454,0,0.0,0,pos,0,0.0,0,pos
FUN_004977,0,0.0,0,pos,0,0.0,0,pos
FUN_009796,0,0.0,0,pos,0,0.0,0,pos
FUN_003871,0,0.0,0,pos,0,0.0,0,pos
FUN_008278,0,0.0,0,pos,0,0.0,0,pos
FUN_007602,150,0.12626262626262627,1,pos_s990_e1140,48,0.04040404040404041,0,pos
FUN_003361,0,0.0,0,pos,0,0.0,0,pos
FUN_012353,0,0.0,0,pos,0,0.0,0,pos
FUN_009366,42,0.03888888888888889,1,pos_s594_e636,0,0.0,0,pos
FUN_005028,108,0.1487603305785124,1,pos_s504_e612,108,0.1487603305785124,1,pos_s504_e612
FUN_016283,0,0.0,0,pos,0,0.0,0,pos
FUN_011093,90,0.053763440860215055,1,pos_s1584_e1656,42,0.025089605734767026,1,pos_s1584_e1626
FUN_011069,96,0.04984423676012461,1,pos_s222_e282,54,0.028037383177570093,1,pos_s222_e276
FUN_005471,0,0.0,0,pos,0,0.0,0,pos
FUN_008667,0,0.0,0,pos,0,0.0,0,pos
FUN_006488,0,0.0,0,pos,0,0.0,0,pos
FUN_006502,0,0.0,0,pos,0,0.0,0,pos
FUN_005917,0,0.0,0,pos,0,0.0,0,pos
FUN_003392,0,0.0,0,pos,0,0.0,0,pos
FUN_003747,0,0.0,0,pos,0,0.0,0,pos
FUN_006352,0,0.0,0,pos,0,0.0,0,pos
FUN_007404,0,0.0,0,pos,0,0.0,0,pos
FUN_000481,0,0.0,0,pos,0,0.0,0,pos
FUN_003577,0,0.0,0,pos,0,0.0,0,pos
FUN_008307,162,0.05103969754253308,1,pos_s480_e546,30,0.00945179584120983,0,pos
FUN_004540,6,0.0048543689320388345,0,pos,0,0.0,0,pos
FUN_003753,0,0.0,0,pos,0,0.0,0,pos
FUN_007103,0,0.0,0,pos,0,0.0,0,pos
FUN_008855,228,0.09620253164556962,3,pos_s582_e696_s774_e828_s990_e1032,126,0.053164556962025315,2,pos_s582_e678_s774_e804
FUN_007847,18,0.01098901098901099,0,pos,0,0.0,0,pos
FUN_015973,0,0.0,0,pos,0,0.0,0,pos
FUN_003439,0,0.0,0,pos,0,0.0,0,pos
FUN_006298,0,0.0,0,pos,0,0.0,0,pos
FUN_009181,30,0.009157509157509158,0,pos,0,0.0,0,pos
FUN_007239,48,0.01340033500837521,1,pos_s3198_e3240,12,0.0033500837520938024,0,pos
FUN_006483,0,0.0,0,pos,0,0.0,0,pos
FUN_007018,96,0.1553398058252427,1,pos_s480_e576,24,0.038834951456310676,0,pos
FUN_007128,192,0.07729468599033816,4,pos_s918_e948_s1044_e1134_s1974_e2004_s2022_e2064,42,0.016908212560386472,0,pos
FUN_008150,0,0.0,0,pos,0,0.0,0,pos
FUN_005392,96,0.04199475065616798,1,pos_s390_e468,0,0.0,0,pos
FUN_004189,0,0.0,0,pos,0,0.0,0,pos
FUN_002330,0,0.0,0,pos,0,0.0,0,pos
FUN_001083,0,0.0,0,pos,0,0.0,0,pos
FUN_008690,0,0.0,0,pos,0,0.0,0,pos
FUN_003766,0,0.0,0,pos,0,0.0,0,pos
FUN_008317,60,0.029498525073746312,1,pos_s192_e228,6,0.0029498525073746312,0,pos
FUN_001321,96,0.03636363636363636,1,pos_s540_e588,12,0.004545454545454545,0,pos
FUN_005115,0,0.0,0,pos,0,0.0,0,pos
FUN_016483,0,0.0,0,pos,0,0.0,0,pos
FUN_010839,0,0.0,0,pos,0,0.0,0,pos
FUN_015806,0,0.0,0,pos,0,0.0,0,pos
FUN_003544,0,0.0,0,pos,0,0.0,0,pos
FUN_009523,0,0.0,0,pos,0,0.0,0,pos
FUN_005524,0,0.0,0,pos,0,0.0,0,pos
FUN_000981,0,0.0,0,pos,0,0.0,0,pos
FUN_011472,0,0.0,0,pos,0,0.0,0,pos
FUN_007523,108,0.16071428571428573,1,pos_s450_e546,60,0.08928571428571429,1,pos_s450_e510
FUN_000803,0,0.0,0,pos,0,0.0,0,pos
FUN_004950,90,0.13513513513513514,2,pos_s0_e54_s450_e486,6,0.009009009009009009,0,pos
FUN_001056,0,0.0,0,pos,0,0.0,0,pos
FUN_003886,0,0.0,0,pos,0,0.0,0,pos
FUN_016189,0,0.0,0,pos,0,0.0,0,pos
FUN_000400,0,0.0,0,pos,0,0.0,0,pos
FUN_003100,0,0.0,0,pos,0,0.0,0,pos
FUN_003313,0,0.0,0,pos,0,0.0,0,pos
FUN_007994,6,0.0020833333333333333,0,pos,0,0.0,0,pos
FUN_010847,24,0.019801980198019802,0,pos,0,0.0,0,pos
FUN_016182,0,0.0,0,pos,0,0.0,0,pos
FUN_009273,0,0.0,0,pos,0,0.0,0,pos
FUN_002504,18,0.03896103896103896,0,pos,0,0.0,0,pos
FUN_004405,24,0.017467248908296942,0,pos,0,0.0,0,pos
FUN_000106,0,0.0,0,pos,0,0.0,0,pos
FUN_003844,12,0.002509410288582183,0,pos,0,0.0,0,pos
FUN_012493,0,0.0,0,pos,0,0.0,0,pos
FUN_004277,0,0.0,0,pos,0,0.0,0,pos
FUN_008764,0,0.0,0,pos,0,0.0,0,pos
FUN_011584,0,0.0,0,pos,0,0.0,0,pos
FUN_004873,0,0.0,0,pos,0,0.0,0,pos
FUN_012162,0,0.0,0,pos,0,0.0,0,pos
FUN_008027,0,0.0,0,pos,0,0.0,0,pos
FUN_005500,0,0.0,0,pos,0,0.0,0,pos
FUN_004862,90,0.045317220543806644,1,pos_s1026_e1104,18,0.00906344410876133,0,pos
FUN_006762,294,0.02989627821842587,1,pos_s7710_e8004,252,0.025625381330079317,1,pos_s7758_e8004
FUN_010199,0,0.0,0,pos,0,0.0,0,pos
FUN_006613,0,0.0,0,pos,0,0.0,0,pos
FUN_010239,18,0.012987012987012988,0,pos,0,0.0,0,pos
FUN_004691,0,0.0,0,pos,0,0.0,0,pos
FUN_002314,48,0.009603841536614645,0,pos,0,0.0,0,pos
FUN_016276,0,0.0,0,pos,0,0.0,0,pos
FUN_007590,0,0.0,0,pos,0,0.0,0,pos
FUN_016188,0,0.0,0,pos,0,0.0,0,pos
FUN_008951,0,0.0,0,pos,0,0.0,0,pos
FUN_010074,0,0.0,0,pos,0,0.0,0,pos
FUN_008721,0,0.0,0,pos,0,0.0,0,pos
FUN_012073,0,0.0,0,pos,0,0.0,0,pos
FUN_010193,12,0.02040816326530612,0,pos,0,0.0,0,pos
FUN_011427,192,0.04086845466155811,2,pos_s1950_e2040_s3768_e3810,96,0.020434227330779056,2,pos_s1980_e2010_s3768_e3798
FUN_012081,0,0.0,0,pos,0,0.0,0,pos
FUN_015781,0,0.0,0,pos,0,0.0,0,pos
FUN_011117,24,0.08,0,pos,0,0.0,0,pos
FUN_003232,0,0.0,0,pos,0,0.0,0,pos
FUN_009364,48,0.19047619047619047,0,pos,0,0.0,0,pos
FUN_012155,0,0.0,0,pos,0,0.0,0,pos
FUN_005142,0,0.0,0,pos,0,0.0,0,pos
FUN_016539,0,0.0,0,pos,0,0.0,0,pos
FUN_010616,0,0.0,0,pos,0,0.0,0,pos
FUN_009329,60,0.02680965147453083,1,pos_s900_e954,0,0.0,0,pos
FUN_005303,0,0.0,0,pos,0,0.0,0,pos
FUN_005966,0,0.0,0,pos,0,0.0,0,pos
FUN_007880,0,0.0,0,pos,0,0.0,0,pos
FUN_016309,0,0.0,0,pos,0,0.0,0,pos
FUN_011435,0,0.0,0,pos,0,0.0,0,pos
FUN_005250,0,0.0,0,pos,0,0.0,0,pos
FUN_005353,36,0.02857142857142857,1,pos_s960_e996,0,0.0,0,pos
FUN_015655,0,0.0,0,pos,0,0.0,0,pos
FUN_002836,0,0.0,0,pos,0,0.0,0,pos
FUN_015998,0,0.0,0,pos,0,0.0,0,pos
FUN_010881,84,0.0673076923076923,0,pos,0,0.0,0,pos
FUN_000982,0,0.0,0,pos,0,0.0,0,pos
FUN_004147,0,0.0,0,pos,0,0.0,0,pos
FUN_012362,0,0.0,0,pos,0,0.0,0,pos
FUN_010608,0,0.0,0,pos,0,0.0,0,pos
FUN_007440,18,0.0036540803897685747,0,pos,6,0.001218026796589525,0,pos
FUN_016612,0,0.0,0,pos,0,0.0,0,pos
FUN_015427,0,0.0,0,pos,0,0.0,0,pos
FUN_000666,0,0.0,0,pos,0,0.0,0,pos
FUN_001208,114,0.08520179372197309,2,pos_s0_e42_s1254_e1320,48,0.03587443946188341,1,pos_s1260_e1308
FUN_015474,0,0.0,0,pos,0,0.0,0,pos
FUN_008670,0,0.0,0,pos,0,0.0,0,pos
FUN_004465,0,0.0,0,pos,0,0.0,0,pos
FUN_003956,0,0.0,0,pos,0,0.0,0,pos
FUN_003120,0,0.0,0,pos,0,0.0,0,pos
FUN_004711,0,0.0,0,pos,0,0.0,0,pos
FUN_008339,0,0.0,0,pos,0,0.0,0,pos
FUN_000589,0,0.0,0,pos,0,0.0,0,pos
FUN_010372,0,0.0,0,pos,0,0.0,0,pos
FUN_009251,0,0.0,0,pos,0,0.0,0,pos
FUN_004401,30,0.02040816326530612,0,pos,24,0.0163265306122449,0,pos
FUN_010464,0,0.0,0,pos,0,0.0,0,pos
FUN_000484,72,0.07407407407407407,1,pos_s30_e84,0,0.0,0,pos
FUN_006307,0,0.0,0,pos,0,0.0,0,pos
FUN_000964,0,0.0,0,pos,0,0.0,0,pos
FUN_008005,0,0.0,0,pos,0,0.0,0,pos
FUN_004432,60,0.07575757575757576,1,pos_s168_e210,0,0.0,0,pos
FUN_001372,0,0.0,0,pos,0,0.0,0,pos
FUN_008688,0,0.0,0,pos,0,0.0,0,pos
FUN_004431,114,0.04846938775510204,1,pos_s2220_e2334,72,0.030612244897959183,1,pos_s2280_e2334
FUN_005490,0,0.0,0,pos,0,0.0,0,pos
FUN_016834,0,0.0,0,pos,0,0.0,0,pos
FUN_001994,0,0.0,0,pos,0,0.0,0,pos
FUN_001135,0,0.0,0,pos,0,0.0,0,pos
FUN_010431,0,0.0,0,pos,0,0.0,0,pos
FUN_016666,0,0.0,0,pos,0,0.0,0,pos
FUN_012502,0,0.0,0,pos,0,0.0,0,pos
FUN_010990,0,0.0,0,pos,0,0.0,0,pos
FUN_008883,0,0.0,0,pos,0,0.0,0,pos
FUN_009077,0,0.0,0,pos,0,0.0,0,pos
FUN_006722,0,0.0,0,pos,0,0.0,0,pos
FUN_015362,0,0.0,0,pos,0,0.0,0,pos
FUN_015483,0,0.0,0,pos,0,0.0,0,pos
FUN_015681,0,0.0,0,pos,0,0.0,0,pos
FUN_009319,0,0.0,0,pos,0,0.0,0,pos
FUN_015385,0,0.0,0,pos,0,0.0,0,pos
FUN_006916,24,0.02040816326530612,0,pos,0,0.0,0,pos
FUN_009055,0,0.0,0,pos,0,0.0,0,pos
FUN_006675,0,0.0,0,pos,0,0.0,0,pos
FUN_008216,0,0.0,0,pos,0,0.0,0,pos
FUN_007012,0,0.0,0,pos,0,0.0,0,pos
FUN_009968,0,0.0,0,pos,0,0.0,0,pos
FUN_011776,0,0.0,0,pos,0,0.0,0,pos
FUN_011240,0,0.0,0,pos,0,0.0,0,pos
FUN_010969,6,0.004310344827586207,0,pos,0,0.0,0,pos
FUN_006784,0,0.0,0,pos,0,0.0,0,pos
FUN_002164,6,0.006369426751592357,0,pos,0,0.0,0,pos
FUN_011500,0,0.0,0,pos,0,0.0,0,pos
FUN_008196,0,0.0,0,pos,0,0.0,0,pos
FUN_016245,0,0.0,0,pos,0,0.0,0,pos
FUN_001558,18,0.007832898172323759,0,pos,0,0.0,0,pos
FUN_000022,0,0.0,0,pos,0,0.0,0,pos
FUN_003451,0,0.0,0,pos,0,0.0,0,pos
FUN_003055,48,0.005351170568561873,0,pos,0,0.0,0,pos
FUN_010736,0,0.0,0,pos,0,0.0,0,pos
FUN_008142,6,0.0032679738562091504,0,pos,0,0.0,0,pos
FUN_008604,0,0.0,0,pos,0,0.0,0,pos
FUN_003204,0,0.0,0,pos,0,0.0,0,pos
FUN_011706,114,0.03725490196078431,0,pos,6,0.00196078431372549,0,pos
FUN_008713,162,0.14673913043478262,3,pos_s408_e438_s792_e828_s900_e972,42,0.03804347826086957,1,pos_s918_e960
FUN_005534,0,0.0,0,pos,0,0.0,0,pos
FUN_001285,0,0.0,0,pos,0,0.0,0,pos
FUN_005383,168,0.03393939393939394,2,pos_s4530_e4560_s4584_e4632,30,0.006060606060606061,0,pos
FUN_008425,144,0.048,2,pos_s1518_e1566_s1572_e1662,48,0.016,1,pos_s1602_e1644
FUN_001164,42,0.027131782945736434,0,pos,24,0.015503875968992248,0,pos
FUN_005680,0,0.0,0,pos,0,0.0,0,pos
FUN_008169,0,0.0,0,pos,0,0.0,0,pos
FUN_002789,0,0.0,0,pos,0,0.0,0,pos
FUN_011844,0,0.0,0,pos,0,0.0,0,pos
FUN_002586,0,0.0,0,pos,0,0.0,0,pos
FUN_000600,0,0.0,0,pos,0,0.0,0,pos
FUN_005304,0,0.0,0,pos,0,0.0,0,pos
FUN_007898,90,0.08982035928143713,2,pos_s624_e666_s852_e882,0,0.0,0,pos
FUN_012113,0,0.0,0,pos,0,0.0,0,pos
FUN_009035,36,0.1276595744680851,1,pos_s180_e216,18,0.06382978723404255,0,pos
FUN_003038,162,0.19852941176470587,1,pos_s498_e576,48,0.058823529411764705,0,pos
FUN_007863,12,0.0026595744680851063,0,pos,0,0.0,0,pos
FUN_006734,0,0.0,0,pos,0,0.0,0,pos
FUN_010401,0,0.0,0,pos,0,0.0,0,pos
FUN_008135,0,0.0,0,pos,0,0.0,0,pos
FUN_003999,0,0.0,0,pos,0,0.0,0,pos
FUN_008383,0,0.0,0,pos,0,0.0,0,pos
FUN_004299,0,0.0,0,pos,0,0.0,0,pos
FUN_009508,0,0.0,0,pos,0,0.0,0,pos
FUN_015570,0,0.0,0,pos,0,0.0,0,pos
FUN_012388,0,0.0,0,pos,0,0.0,0,pos
FUN_010420,0,0.0,0,pos,0,0.0,0,pos
FUN_000987,0,0.0,0,pos,0,0.0,0,pos
FUN_006802,0,0.0,0,pos,0,0.0,0,pos
FUN_006795,0,0.0,0,pos,0,0.0,0,pos
FUN_008687,0,0.0,0,pos,0,0.0,0,pos
FUN_012170,0,0.0,0,pos,0,0.0,0,pos
FUN_016196,0,0.0,0,pos,0,0.0,0,pos
FUN_010071,0,0.0,0,pos,0,0.0,0,pos
FUN_012274,0,0.0,0,pos,0,0.0,0,pos
FUN_015364,0,0.0,0,pos,0,0.0,0,pos
FUN_008641,0,0.0,0,pos,0,0.0,0,pos
FUN_001883,0,0.0,0,pos,0,0.0,0,pos
FUN_001413,0,0.0,0,pos,0,0.0,0,pos
FUN_012514,0,0.0,0,pos,0,0.0,0,pos
FUN_003133,54,0.026865671641791045,1,pos_s720_e750,6,0.0029850746268656717,0,pos
FUN_000370,0,0.0,0,pos,0,0.0,0,pos
FUN_010126,0,0.0,0,pos,0,0.0,0,pos
FUN_004140,0,0.0,0,pos,0,0.0,0,pos
FUN_010475,66,0.009458297506448839,1,pos_s552_e582,0,0.0,0,pos
FUN_000613,0,0.0,0,pos,0,0.0,0,pos
FUN_009396,0,0.0,0,pos,0,0.0,0,pos
FUN_009831,0,0.0,0,pos,0,0.0,0,pos
FUN_004519,0,0.0,0,pos,0,0.0,0,pos
FUN_000611,0,0.0,0,pos,0,0.0,0,pos
FUN_010501,0,0.0,0,pos,0,0.0,0,pos
FUN_004274,12,0.006802721088435374,0,pos,0,0.0,0,pos
FUN_002591,0,0.0,0,pos,0,0.0,0,pos
FUN_008487,0,0.0,0,pos,0,0.0,0,pos
FUN_009659,0,0.0,0,pos,0,0.0,0,pos
FUN_016574,0,0.0,0,pos,0,0.0,0,pos
FUN_002771,66,0.08148148148148149,1,pos_s246_e300,18,0.022222222222222223,0,pos
FUN_009183,0,0.0,0,pos,0,0.0,0,pos
FUN_016364,0,0.0,0,pos,0,0.0,0,pos
FUN_007911,0,0.0,0,pos,0,0.0,0,pos
FUN_003302,54,0.04265402843601896,1,pos_s624_e678,42,0.03317535545023697,1,pos_s636_e678
FUN_009390,0,0.0,0,pos,0,0.0,0,pos
FUN_016334,0,0.0,0,pos,0,0.0,0,pos
FUN_006852,60,0.10416666666666667,1,pos_s60_e120,30,0.052083333333333336,1,pos_s60_e90
FUN_007423,0,0.0,0,pos,0,0.0,0,pos
FUN_008066,546,0.29449838187702265,9,pos_s792_e852_s882_e936_s1026_e1086_s1098_e1134_s1248_e1296_s1302_e1338_s1350_e1398_s1518_e1554_s1716_e1776,78,0.042071197411003236,2,pos_s1050_e1080_s1362_e1398
FUN_010353,0,0.0,0,pos,0,0.0,0,pos
FUN_011507,0,0.0,0,pos,0,0.0,0,pos
FUN_001648,0,0.0,0,pos,0,0.0,0,pos
FUN_010877,180,0.014932802389248382,2,pos_s2136_e2190_s10074_e10188,114,0.009457441513190641,1,pos_s10074_e10188
FUN_003351,132,0.04365079365079365,2,pos_s1824_e1872_s2328_e2358,24,0.007936507936507936,0,pos
FUN_010540,84,0.04844290657439446,2,pos_s348_e402_s414_e444,0,0.0,0,pos
FUN_008571,0,0.0,0,pos,0,0.0,0,pos
FUN_007463,0,0.0,0,pos,0,0.0,0,pos
FUN_003216,72,0.010075566750629723,1,pos_s1440_e1512,0,0.0,0,pos
FUN_008835,0,0.0,0,pos,0,0.0,0,pos
FUN_015571,0,0.0,0,pos,0,0.0,0,pos
FUN_002239,0,0.0,0,pos,0,0.0,0,pos
FUN_006312,0,0.0,0,pos,0,0.0,0,pos
FUN_010317,0,0.0,0,pos,0,0.0,0,pos
FUN_009209,0,0.0,0,pos,0,0.0,0,pos
FUN_008900,12,0.008403361344537815,0,pos,0,0.0,0,pos
FUN_007365,0,0.0,0,pos,0,0.0,0,pos
FUN_010757,12,0.014388489208633094,0,pos,0,0.0,0,pos
FUN_002841,0,0.0,0,pos,0,0.0,0,pos
FUN_001162,0,0.0,0,pos,0,0.0,0,pos
FUN_004693,0,0.0,0,pos,0,0.0,0,pos
FUN_012499,6,0.024390243902439025,0,pos,0,0.0,0,pos
FUN_003572,0,0.0,0,pos,0,0.0,0,pos
FUN_001093,156,0.15204678362573099,1,pos_s222_e348,126,0.12280701754385964,1,pos_s228_e342
FUN_005545,0,0.0,0,pos,0,0.0,0,pos
FUN_016338,0,0.0,0,pos,0,0.0,0,pos
FUN_006410,0,0.0,0,pos,0,0.0,0,pos
FUN_002311,0,0.0,0,pos,0,0.0,0,pos
FUN_001416,78,0.10077519379844961,1,pos_s372_e450,78,0.10077519379844961,1,pos_s372_e450
FUN_000319,0,0.0,0,pos,0,0.0,0,pos
FUN_002442,0,0.0,0,pos,0,0.0,0,pos
FUN_000890,0,0.0,0,pos,0,0.0,0,pos
FUN_012556,0,0.0,0,pos,0,0.0,0,pos
FUN_001328,0,0.0,0,pos,0,0.0,0,pos
FUN_011176,0,0.0,0,pos,0,0.0,0,pos
FUN_003495,0,0.0,0,pos,0,0.0,0,pos
FUN_007588,0,0.0,0,pos,0,0.0,0,pos
FUN_016631,0,0.0,0,pos,0,0.0,0,pos
FUN_006783,0,0.0,0,pos,0,0.0,0,pos
FUN_010107,0,0.0,0,pos,0,0.0,0,pos
FUN_005581,0,0.0,0,pos,0,0.0,0,pos
FUN_001257,0,0.0,0,pos,0,0.0,0,pos
FUN_006642,0,0.0,0,pos,0,0.0,0,pos
FUN_004570,0,0.0,0,pos,0,0.0,0,pos
FUN_009753,0,0.0,0,pos,0,0.0,0,pos
FUN_000585,0,0.0,0,pos,0,0.0,0,pos
FUN_008089,0,0.0,0,pos,0,0.0,0,pos
FUN_008234,0,0.0,0,pos,0,0.0,0,pos
FUN_004596,0,0.0,0,pos,0,0.0,0,pos
FUN_007675,0,0.0,0,pos,0,0.0,0,pos
FUN_006399,0,0.0,0,pos,0,0.0,0,pos
FUN_004225,0,0.0,0,pos,0,0.0,0,pos
FUN_004321,0,0.0,0,pos,0,0.0,0,pos
FUN_004697,30,0.0390625,1,pos_s0_e30,0,0.0,0,pos
FUN_012306,0,0.0,0,pos,0,0.0,0,pos
FUN_000110,0,0.0,0,pos,0,0.0,0,pos
FUN_011193,348,0.09897610921501707,5,pos_s348_e414_s1254_e1326_s2208_e2274_s2520_e2568_s2604_e2634,42,0.011945392491467578,1,pos_s2520_e2556
FUN_016326,0,0.0,0,pos,0,0.0,0,pos
FUN_008921,0,0.0,0,pos,0,0.0,0,pos
FUN_010679,12,0.0017683465959328027,0,pos,0,0.0,0,pos
FUN_012420,0,0.0,0,pos,0,0.0,0,pos
FUN_007797,6,0.002070393374741201,0,pos,0,0.0,0,pos
FUN_005725,0,0.0,0,pos,0,0.0,0,pos
FUN_007807,0,0.0,0,pos,0,0.0,0,pos
FUN_008841,0,0.0,0,pos,0,0.0,0,pos
FUN_012406,0,0.0,0,pos,0,0.0,0,pos
FUN_005097,0,0.0,0,pos,0,0.0,0,pos
FUN_011267,12,0.01639344262295082,0,pos,0,0.0,0,pos
FUN_010027,0,0.0,0,pos,0,0.0,0,pos
FUN_001967,0,0.0,0,pos,0,0.0,0,pos
FUN_011738,0,0.0,0,pos,0,0.0,0,pos
FUN_010316,216,0.05357142857142857,2,pos_s3534_e3594_s3864_e3960,30,0.00744047619047619,0,pos
FUN_002216,0,0.0,0,pos,0,0.0,0,pos
FUN_016206,0,0.0,0,pos,0,0.0,0,pos
FUN_015344,0,0.0,0,pos,0,0.0,0,pos
FUN_001020,0,0.0,0,pos,0,0.0,0,pos
FUN_010972,0,0.0,0,pos,0,0.0,0,pos
FUN_003836,0,0.0,0,pos,0,0.0,0,pos
FUN_004712,0,0.0,0,pos,0,0.0,0,pos
FUN_016524,0,0.0,0,pos,0,0.0,0,pos
FUN_002382,222,0.1069364161849711,2,pos_s6_e120_s228_e318,174,0.0838150289017341,2,pos_s6_e120_s258_e318
FUN_000911,0,0.0,0,pos,0,0.0,0,pos
FUN_009733,0,0.0,0,pos,0,0.0,0,pos
FUN_004506,0,0.0,0,pos,0,0.0,0,pos
FUN_016727,0,0.0,0,pos,0,0.0,0,pos
FUN_004005,18,0.02830188679245283,0,pos,0,0.0,0,pos
FUN_015359,0,0.0,0,pos,0,0.0,0,pos
FUN_002732,114,0.06291390728476821,1,pos_s1044_e1158,78,0.04304635761589404,1,pos_s1098_e1158
FUN_006054,0,0.0,0,pos,0,0.0,0,pos
FUN_007430,72,0.029197080291970802,1,pos_s1734_e1776,6,0.0024330900243309003,0,pos
FUN_007548,84,0.043343653250773995,1,pos_s1152_e1230,0,0.0,0,pos
FUN_007645,0,0.0,0,pos,0,0.0,0,pos
FUN_001138,36,0.003838771593090211,0,pos,0,0.0,0,pos
FUN_005082,0,0.0,0,pos,0,0.0,0,pos
FUN_005513,0,0.0,0,pos,0,0.0,0,pos
FUN_010933,0,0.0,0,pos,0,0.0,0,pos
FUN_008640,24,0.03773584905660377,0,pos,0,0.0,0,pos
FUN_004730,0,0.0,0,pos,0,0.0,0,pos
FUN_000821,84,0.05907172995780591,1,pos_s954_e1020,0,0.0,0,pos
FUN_011540,0,0.0,0,pos,0,0.0,0,pos
FUN_010091,0,0.0,0,pos,0,0.0,0,pos
FUN_000667,0,0.0,0,pos,0,0.0,0,pos
FUN_009153,30,0.00544069640914037,0,pos,0,0.0,0,pos
FUN_009538,0,0.0,0,pos,0,0.0,0,pos
FUN_001664,0,0.0,0,pos,0,0.0,0,pos
FUN_001259,210,0.15350877192982457,2,pos_s234_e294_s492_e594,114,0.08333333333333333,2,pos_s234_e294_s516_e570
FUN_012552,60,0.08547008547008547,1,pos_s498_e528,0,0.0,0,pos
FUN_002394,0,0.0,0,pos,0,0.0,0,pos
FUN_011000,132,0.04271844660194175,1,pos_s2886_e2994,120,0.038834951456310676,1,pos_s2898_e2994
FUN_011503,0,0.0,0,pos,0,0.0,0,pos
FUN_000413,0,0.0,0,pos,0,0.0,0,pos
FUN_001525,0,0.0,0,pos,0,0.0,0,pos
FUN_003808,0,0.0,0,pos,0,0.0,0,pos
FUN_011969,0,0.0,0,pos,0,0.0,0,pos
FUN_000435,564,0.0479347271800102,9,pos_s1572_e1656_s2202_e2244_s3096_e3156_s3288_e3330_s3336_e3378_s3528_e3588_s4236_e4308_s4350_e4380_s10968_e10998,84,0.0071392146863844975,2,pos_s3096_e3132_s4254_e4284
FUN_001346,78,0.11926605504587157,1,pos_s510_e570,42,0.06422018348623854,0,pos
FUN_012264,0,0.0,0,pos,0,0.0,0,pos
FUN_010793,0,0.0,0,pos,0,0.0,0,pos
FUN_001305,0,0.0,0,pos,0,0.0,0,pos
FUN_009023,60,0.03676470588235294,1,pos_s690_e744,6,0.003676470588235294,0,pos
FUN_009858,114,0.034545454545454546,2,pos_s570_e618_s2754_e2796,0,0.0,0,pos
FUN_002839,6,0.0022123893805309734,0,pos,0,0.0,0,pos
FUN_010159,6,0.0024875621890547263,0,pos,0,0.0,0,pos
FUN_001166,0,0.0,0,pos,0,0.0,0,pos
FUN_008358,0,0.0,0,pos,0,0.0,0,pos
FUN_007754,0,0.0,0,pos,0,0.0,0,pos
FUN_000051,0,0.0,0,pos,0,0.0,0,pos
FUN_007348,0,0.0,0,pos,0,0.0,0,pos
FUN_010813,252,0.08045977011494253,3,pos_s1080_e1140_s1902_e1938_s2424_e2472,18,0.005747126436781609,0,pos
FUN_003049,0,0.0,0,pos,0,0.0,0,pos
FUN_012107,0,0.0,0,pos,0,0.0,0,pos
FUN_011424,0,0.0,0,pos,0,0.0,0,pos
FUN_002520,108,0.11764705882352941,1,pos_s450_e558,48,0.05228758169934641,1,pos_s498_e540
FUN_004863,114,0.08189655172413793,1,pos_s774_e888,6,0.004310344827586207,0,pos
FUN_012359,30,0.04950495049504951,0,pos,0,0.0,0,pos
FUN_002460,0,0.0,0,pos,0,0.0,0,pos
FUN_006979,0,0.0,0,pos,0,0.0,0,pos
FUN_000555,0,0.0,0,pos,0,0.0,0,pos
FUN_000581,0,0.0,0,pos,0,0.0,0,pos
FUN_002180,6,0.004830917874396135,0,pos,0,0.0,0,pos
FUN_004624,18,0.008264462809917356,0,pos,0,0.0,0,pos
FUN_006603,0,0.0,0,pos,0,0.0,0,pos
FUN_011835,0,0.0,0,pos,0,0.0,0,pos
FUN_004537,300,0.21551724137931033,3,pos_s846_e924_s1008_e1092_s1182_e1272,78,0.05603448275862069,2,pos_s1008_e1044_s1200_e1230
FUN_007661,102,0.08056872037914692,1,pos_s276_e378,0,0.0,0,pos
FUN_011403,0,0.0,0,pos,0,0.0,0,pos
FUN_008262,0,0.0,0,pos,0,0.0,0,pos
FUN_006956,0,0.0,0,pos,0,0.0,0,pos
FUN_012411,0,0.0,0,pos,0,0.0,0,pos
FUN_000482,36,0.011857707509881422,1,pos_s2364_e2394,0,0.0,0,pos
FUN_001435,0,0.0,0,pos,0,0.0,0,pos
FUN_000958,0,0.0,0,pos,0,0.0,0,pos
FUN_004837,0,0.0,0,pos,0,0.0,0,pos
FUN_016070,0,0.0,0,pos,0,0.0,0,pos
FUN_002840,0,0.0,0,pos,0,0.0,0,pos
FUN_002130,372,0.03202479338842975,4,pos_s348_e426_s5448_e5562_s9444_e9546_s10164_e10212,144,0.012396694214876033,1,pos_s5448_e5562
FUN_001712,0,0.0,0,pos,0,0.0,0,pos
FUN_007476,0,0.0,0,pos,0,0.0,0,pos
FUN_008073,0,0.0,0,pos,0,0.0,0,pos
FUN_011496,0,0.0,0,pos,0,0.0,0,pos
FUN_000238,0,0.0,0,pos,0,0.0,0,pos
FUN_015758,0,0.0,0,pos,0,0.0,0,pos
FUN_001172,0,0.0,0,pos,0,0.0,0,pos
FUN_003477,84,0.03535353535353535,1,pos_s2250_e2316,12,0.005050505050505051,0,pos
FUN_001881,0,0.0,0,pos,0,0.0,0,pos
FUN_015850,0,0.0,0,pos,0,0.0,0,pos
FUN_010734,0,0.0,0,pos,0,0.0,0,pos
FUN_005374,0,0.0,0,pos,0,0.0,0,pos
FUN_000626,18,0.009615384615384616,0,pos,0,0.0,0,pos
FUN_004017,0,0.0,0,pos,0,0.0,0,pos
FUN_010436,12,0.005050505050505051,0,pos,12,0.005050505050505051,0,pos
FUN_005587,402,0.18457300275482094,5,pos_s504_e546_s666_e702_s816_e900_s912_e972_s1878_e1944,132,0.06060606060606061,2,pos_s816_e870_s924_e972
FUN_010351,0,0.0,0,pos,0,0.0,0,pos
FUN_007680,0,0.0,0,pos,0,0.0,0,pos
FUN_005240,0,0.0,0,pos,0,0.0,0,pos
FUN_004020,0,0.0,0,pos,0,0.0,0,pos
FUN_012401,0,0.0,0,pos,0,0.0,0,pos
FUN_016542,0,0.0,0,pos,0,0.0,0,pos
FUN_005685,0,0.0,0,pos,0,0.0,0,pos
FUN_004436,0,0.0,0,pos,0,0.0,0,pos
FUN_012260,0,0.0,0,pos,0,0.0,0,pos
FUN_000540,0,0.0,0,pos,0,0.0,0,pos
FUN_010655,6,0.003257328990228013,0,pos,0,0.0,0,pos
FUN_000187,0,0.0,0,pos,0,0.0,0,pos
FUN_002077,48,0.11594202898550725,1,pos_s282_e312,18,0.043478260869565216,0,pos
FUN_010459,0,0.0,0,pos,0,0.0,0,pos
FUN_001306,0,0.0,0,pos,0,0.0,0,pos
FUN_000258,0,0.0,0,pos,0,0.0,0,pos
FUN_011335,0,0.0,0,pos,0,0.0,0,pos
FUN_007072,0,0.0,0,pos,0,0.0,0,pos
FUN_004248,0,0.0,0,pos,0,0.0,0,pos
FUN_016577,0,0.0,0,pos,0,0.0,0,pos
FUN_011123,0,0.0,0,pos,0,0.0,0,pos
FUN_007118,96,0.07511737089201878,2,pos_s24_e84_s114_e144,0,0.0,0,pos
FUN_001011,90,0.12295081967213115,1,pos_s486_e570,6,0.00819672131147541,0,pos
FUN_006014,0,0.0,0,pos,0,0.0,0,pos
FUN_016044,0,0.0,0,pos,0,0.0,0,pos
FUN_004841,0,0.0,0,pos,0,0.0,0,pos
FUN_000846,0,0.0,0,pos,0,0.0,0,pos
FUN_011320,0,0.0,0,pos,0,0.0,0,pos
FUN_006317,0,0.0,0,pos,0,0.0,0,pos
FUN_005862,0,0.0,0,pos,0,0.0,0,pos
FUN_007136,0,0.0,0,pos,0,0.0,0,pos
FUN_009630,138,0.019896193771626297,1,pos_s6576_e6642,0,0.0,0,pos
FUN_003995,0,0.0,0,pos,0,0.0,0,pos
FUN_016176,0,0.0,0,pos,0,0.0,0,pos
FUN_016506,0,0.0,0,pos,0,0.0,0,pos
FUN_009123,96,0.23880597014925373,2,pos_s108_e162_s168_e210,6,0.014925373134328358,0,pos
FUN_010050,0,0.0,0,pos,0,0.0,0,pos
FUN_003507,66,0.026829268292682926,1,pos_s1236_e1302,48,0.01951219512195122,1,pos_s1254_e1302
FUN_006822,0,0.0,0,pos,0,0.0,0,pos
FUN_010200,66,0.0069356872635561164,1,pos_s9312_e9378,0,0.0,0,pos
FUN_000250,0,0.0,0,pos,0,0.0,0,pos
FUN_005729,0,0.0,0,pos,0,0.0,0,pos
FUN_007562,0,0.0,0,pos,0,0.0,0,pos
FUN_000827,0,0.0,0,pos,0,0.0,0,pos
FUN_015790,0,0.0,0,pos,0,0.0,0,pos
FUN_004880,18,0.05454545454545454,0,pos,6,0.01818181818181818,0,pos
FUN_009252,0,0.0,0,pos,0,0.0,0,pos
FUN_012467,0,0.0,0,pos,0,0.0,0,pos
FUN_006099,660,0.07751937984496124,6,pos_s2208_e2274_s2418_e2526_s3246_e3348_s3528_e3630_s3870_e3978_s5274_e5352,210,0.02466525722339676,2,pos_s3252_e3342_s3900_e3942
FUN_007397,0,0.0,0,pos,0,0.0,0,pos
FUN_011368,6,0.0035335689045936395,0,pos,0,0.0,0,pos
FUN_006969,0,0.0,0,pos,0,0.0,0,pos
FUN_001650,6,0.0023094688221709007,0,pos,0,0.0,0,pos
FUN_001236,0,0.0,0,pos,0,0.0,0,pos
FUN_008389,0,0.0,0,pos,0,0.0,0,pos
FUN_002478,0,0.0,0,pos,0,0.0,0,pos
FUN_004985,0,0.0,0,pos,0,0.0,0,pos
FUN_007955,132,0.022703818369453045,1,pos_s4476_e4554,30,0.005159958720330237,1,pos_s4494_e4524
FUN_015330,0,0.0,0,pos,0,0.0,0,pos
FUN_004316,0,0.0,0,pos,0,0.0,0,pos
FUN_006708,36,0.004842615012106538,1,pos_s3150_e3186,0,0.0,0,pos
FUN_009529,0,0.0,0,pos,0,0.0,0,pos
FUN_008977,84,0.041916167664670656,2,pos_s744_e792_s1020_e1056,0,0.0,0,pos
FUN_011553,0,0.0,0,pos,0,0.0,0,pos
FUN_003164,0,0.0,0,pos,0,0.0,0,pos
FUN_003211,0,0.0,0,pos,0,0.0,0,pos
FUN_008865,0,0.0,0,pos,0,0.0,0,pos
FUN_007162,0,0.0,0,pos,0,0.0,0,pos
FUN_003619,0,0.0,0,pos,0,0.0,0,pos
FUN_006144,0,0.0,0,pos,0,0.0,0,pos
FUN_011328,0,0.0,0,pos,0,0.0,0,pos
FUN_002006,0,0.0,0,pos,0,0.0,0,pos
FUN_002995,0,0.0,0,pos,0,0.0,0,pos
FUN_010211,0,0.0,0,pos,0,0.0,0,pos
FUN_003336,0,0.0,0,pos,0,0.0,0,pos
FUN_003810,18,0.019736842105263157,0,pos,0,0.0,0,pos
FUN_000324,12,0.004,0,pos,0,0.0,0,pos
FUN_010122,0,0.0,0,pos,0,0.0,0,pos
FUN_002932,0,0.0,0,pos,0,0.0,0,pos
FUN_006856,0,0.0,0,pos,0,0.0,0,pos
FUN_007711,0,0.0,0,pos,0,0.0,0,pos
FUN_004874,0,0.0,0,pos,0,0.0,0,pos
FUN_015522,0,0.0,0,pos,0,0.0,0,pos
FUN_002150,0,0.0,0,pos,0,0.0,0,pos
FUN_006215,0,0.0,0,pos,0,0.0,0,pos
FUN_001482,84,0.06542056074766354,1,pos_s30_e108,0,0.0,0,pos
FUN_002508,0,0.0,0,pos,0,0.0,0,pos
FUN_008555,156,0.04701627486437613,2,pos_s624_e660_s852_e906,72,0.0216998191681736,1,pos_s624_e660
FUN_008434,12,0.01680672268907563,0,pos,0,0.0,0,pos
FUN_011585,0,0.0,0,pos,0,0.0,0,pos
FUN_003003,30,0.035211267605633804,0,pos,30,0.035211267605633804,0,pos
FUN_006696,318,0.09584086799276673,5,pos_s624_e684_s1068_e1104_s1524_e1590_s2106_e2136_s2268_e2316,96,0.028933092224231464,2,pos_s1524_e1560_s2106_e2136
FUN_010215,96,0.07881773399014778,1,pos_s912_e990,12,0.009852216748768473,0,pos
FUN_001671,0,0.0,0,pos,0,0.0,0,pos
FUN_009420,0,0.0,0,pos,0,0.0,0,pos
FUN_005808,0,0.0,0,pos,0,0.0,0,pos
FUN_006179,228,0.0692167577413479,3,pos_s1230_e1266_s2226_e2286_s2982_e3096,48,0.014571948998178506,0,pos
FUN_005244,0,0.0,0,pos,0,0.0,0,pos
FUN_000616,72,0.028985507246376812,1,pos_s0_e48,24,0.00966183574879227,0,pos
FUN_001598,48,0.18604651162790697,0,pos,18,0.06976744186046512,0,pos
FUN_016497,0,0.0,0,pos,0,0.0,0,pos
FUN_002589,0,0.0,0,pos,0,0.0,0,pos
FUN_000099,6,0.0009149130832570906,0,pos,0,0.0,0,pos
FUN_002195,54,0.047872340425531915,1,pos_s588_e642,0,0.0,0,pos
FUN_000208,102,0.10559006211180125,1,pos_s558_e660,66,0.06832298136645963,1,pos_s558_e624
FUN_011224,60,0.01972386587771203,1,pos_s1722_e1758,0,0.0,0,pos
FUN_003106,0,0.0,0,pos,0,0.0,0,pos
FUN_010521,0,0.0,0,pos,0,0.0,0,pos
FUN_005852,816,0.14300736067297581,9,pos_s12_e150_s540_e612_s810_e852_s2916_e2946_s3084_e3114_s3978_e4032_s4536_e4620_s5028_e5286_s5580_e5616,324,0.056782334384858045,3,pos_s12_e114_s564_e612_s5046_e5184
FUN_003342,36,0.016483516483516484,0,pos,0,0.0,0,pos
FUN_000157,0,0.0,0,pos,0,0.0,0,pos
FUN_007978,0,0.0,0,pos,0,0.0,0,pos
FUN_006857,0,0.0,0,pos,0,0.0,0,pos
FUN_010691,0,0.0,0,pos,0,0.0,0,pos
FUN_016605,0,0.0,0,pos,0,0.0,0,pos
FUN_001253,0,0.0,0,pos,0,0.0,0,pos
FUN_002035,42,0.03414634146341464,1,pos_s204_e234,0,0.0,0,pos
FUN_007742,0,0.0,0,pos,0,0.0,0,pos
FUN_004622,0,0.0,0,pos,0,0.0,0,pos
FUN_006936,6,0.009615384615384616,0,pos,0,0.0,0,pos
FUN_011179,96,0.026272577996715927,1,pos_s3144_e3240,96,0.026272577996715927,1,pos_s3144_e3240
FUN_011634,0,0.0,0,pos,0,0.0,0,pos
FUN_016273,0,0.0,0,pos,0,0.0,0,pos
FUN_001302,0,0.0,0,pos,0,0.0,0,pos
FUN_010758,0,0.0,0,pos,0,0.0,0,pos
FUN_003657,72,0.059113300492610835,2,pos_s378_e408_s1020_e1062,0,0.0,0,pos
FUN_000302,0,0.0,0,pos,0,0.0,0,pos
FUN_007454,6,0.008771929824561403,0,pos,0,0.0,0,pos
FUN_000759,0,0.0,0,pos,0,0.0,0,pos
FUN_002538,60,0.050761421319796954,1,pos_s660_e708,0,0.0,0,pos
FUN_007432,0,0.0,0,pos,0,0.0,0,pos
FUN_008549,0,0.0,0,pos,0,0.0,0,pos
FUN_004983,30,0.015105740181268883,0,pos,0,0.0,0,pos
FUN_004372,0,0.0,0,pos,0,0.0,0,pos
FUN_003260,0,0.0,0,pos,0,0.0,0,pos
FUN_008797,0,0.0,0,pos,0,0.0,0,pos
FUN_012238,0,0.0,0,pos,0,0.0,0,pos
FUN_004335,0,0.0,0,pos,0,0.0,0,pos
FUN_007636,0,0.0,0,pos,0,0.0,0,pos
FUN_000610,0,0.0,0,pos,0,0.0,0,pos
FUN_005257,0,0.0,0,pos,0,0.0,0,pos
FUN_005597,18,0.019867549668874173,0,pos,0,0.0,0,pos
FUN_006100,36,0.17142857142857143,1,pos_s42_e78,0,0.0,0,pos
FUN_009692,0,0.0,0,pos,0,0.0,0,pos
FUN_016579,0,0.0,0,pos,0,0.0,0,pos
FUN_012222,438,0.17464114832535885,5,pos_s492_e534_s618_e726_s762_e792_s1602_e1746_s2094_e2142,102,0.04066985645933014,1,pos_s654_e690
FUN_006906,0,0.0,0,pos,0,0.0,0,pos
FUN_007351,0,0.0,0,pos,0,0.0,0,pos
FUN_005997,0,0.0,0,pos,0,0.0,0,pos
FUN_000908,0,0.0,0,pos,0,0.0,0,pos
FUN_006678,0,0.0,0,pos,0,0.0,0,pos
FUN_000129,0,0.0,0,pos,0,0.0,0,pos
FUN_007637,72,0.06857142857142857,1,pos_s540_e606,0,0.0,0,pos
FUN_005473,0,0.0,0,pos,0,0.0,0,pos
FUN_006751,0,0.0,0,pos,0,0.0,0,pos
FUN_004074,0,0.0,0,pos,0,0.0,0,pos
FUN_016007,0,0.0,0,pos,0,0.0,0,pos
FUN_007879,0,0.0,0,pos,0,0.0,0,pos
FUN_006595,24,0.006269592476489028,0,pos,18,0.004702194357366771,0,pos
FUN_009686,0,0.0,0,pos,0,0.0,0,pos
FUN_010346,0,0.0,0,pos,0,0.0,0,pos
FUN_006972,0,0.0,0,pos,0,0.0,0,pos
FUN_011833,0,0.0,0,pos,0,0.0,0,pos
FUN_016210,0,0.0,0,pos,0,0.0,0,pos
FUN_009730,102,0.07456140350877193,1,pos_s414_e462,6,0.0043859649122807015,0,pos
FUN_006909,0,0.0,0,pos,0,0.0,0,pos
FUN_016690,0,0.0,0,pos,0,0.0,0,pos
FUN_015394,0,0.0,0,pos,0,0.0,0,pos
FUN_004987,42,0.029914529914529916,1,pos_s258_e288,6,0.004273504273504274,0,pos
FUN_004332,0,0.0,0,pos,0,0.0,0,pos
FUN_010506,0,0.0,0,pos,0,0.0,0,pos
FUN_004072,0,0.0,0,pos,0,0.0,0,pos
FUN_003390,0,0.0,0,pos,0,0.0,0,pos
FUN_004573,0,0.0,0,pos,0,0.0,0,pos
FUN_012131,0,0.0,0,pos,0,0.0,0,pos
FUN_008013,0,0.0,0,pos,0,0.0,0,pos
FUN_010419,0,0.0,0,pos,0,0.0,0,pos
FUN_008689,42,0.019662921348314606,0,pos,6,0.0028089887640449437,0,pos
FUN_007496,72,0.0375,1,pos_s990_e1026,0,0.0,0,pos
FUN_006212,0,0.0,0,pos,0,0.0,0,pos
FUN_004457,0,0.0,0,pos,0,0.0,0,pos
FUN_011580,0,0.0,0,pos,0,0.0,0,pos
FUN_000686,0,0.0,0,pos,0,0.0,0,pos
FUN_011730,0,0.0,0,pos,0,0.0,0,pos
FUN_005575,0,0.0,0,pos,0,0.0,0,pos
FUN_010424,0,0.0,0,pos,0,0.0,0,pos
FUN_007495,0,0.0,0,pos,0,0.0,0,pos
FUN_016848,0,0.0,0,pos,0,0.0,0,pos
FUN_015840,0,0.0,0,pos,0,0.0,0,pos
FUN_000701,0,0.0,0,pos,0,0.0,0,pos
FUN_005186,0,0.0,0,pos,0,0.0,0,pos
FUN_011858,0,0.0,0,pos,0,0.0,0,pos
FUN_012091,0,0.0,0,pos,0,0.0,0,pos
FUN_001831,0,0.0,0,pos,0,0.0,0,pos
FUN_002245,132,0.034482758620689655,1,pos_s654_e786,102,0.02664576802507837,1,pos_s654_e756
FUN_010082,54,0.011538461538461539,0,pos,6,0.001282051282051282,0,pos
FUN_001243,0,0.0,0,pos,0,0.0,0,pos
FUN_003035,0,0.0,0,pos,0,0.0,0,pos
FUN_003246,0,0.0,0,pos,0,0.0,0,pos
FUN_000986,0,0.0,0,pos,0,0.0,0,pos
FUN_007040,0,0.0,0,pos,0,0.0,0,pos
FUN_006426,0,0.0,0,pos,0,0.0,0,pos
FUN_016614,0,0.0,0,pos,0,0.0,0,pos
FUN_004687,0,0.0,0,pos,0,0.0,0,pos
FUN_002183,0,0.0,0,pos,0,0.0,0,pos
FUN_003163,84,0.03626943005181347,1,pos_s2034_e2094,24,0.010362694300518135,0,pos
FUN_002403,0,0.0,0,pos,0,0.0,0,pos
FUN_009619,42,0.09090909090909091,1,pos_s198_e240,12,0.025974025974025976,0,pos
FUN_006205,6,0.002770083102493075,0,pos,0,0.0,0,pos
FUN_005099,60,0.03194888178913738,1,pos_s474_e504,6,0.003194888178913738,0,pos
FUN_002368,0,0.0,0,pos,0,0.0,0,pos
FUN_005778,0,0.0,0,pos,0,0.0,0,pos
FUN_007591,0,0.0,0,pos,0,0.0,0,pos
FUN_002486,0,0.0,0,pos,0,0.0,0,pos
FUN_015724,0,0.0,0,pos,0,0.0,0,pos
FUN_000404,0,0.0,0,pos,0,0.0,0,pos
FUN_002523,0,0.0,0,pos,0,0.0,0,pos
FUN_010806,0,0.0,0,pos,0,0.0,0,pos
FUN_007156,24,0.05063291139240506,0,pos,0,0.0,0,pos
FUN_001221,0,0.0,0,pos,0,0.0,0,pos
FUN_010104,0,0.0,0,pos,0,0.0,0,pos
FUN_011809,0,0.0,0,pos,0,0.0,0,pos
FUN_009025,60,0.09009009009009009,0,pos,12,0.018018018018018018,0,pos
FUN_006128,0,0.0,0,pos,0,0.0,0,pos
FUN_010005,0,0.0,0,pos,0,0.0,0,pos
FUN_000856,0,0.0,0,pos,0,0.0,0,pos
FUN_001408,0,0.0,0,pos,0,0.0,0,pos
FUN_003432,60,0.033003300330033,1,pos_s1626_e1668,6,0.0033003300330033004,0,pos
FUN_007196,0,0.0,0,pos,0,0.0,0,pos
FUN_008711,84,0.06363636363636363,1,pos_s786_e870,18,0.013636363636363636,0,pos
FUN_007617,132,0.007472826086956522,2,pos_s13326_e13380_s13908_e13956,18,0.0010190217391304348,0,pos
FUN_006319,78,0.09558823529411764,1,pos_s432_e480,0,0.0,0,pos
FUN_000191,0,0.0,0,pos,0,0.0,0,pos
FUN_009803,24,0.017391304347826087,0,pos,6,0.004347826086956522,0,pos
FUN_003641,0,0.0,0,pos,0,0.0,0,pos
FUN_000570,0,0.0,0,pos,0,0.0,0,pos
FUN_004737,0,0.0,0,pos,0,0.0,0,pos
FUN_006152,0,0.0,0,pos,0,0.0,0,pos
FUN_009917,0,0.0,0,pos,0,0.0,0,pos
FUN_003597,0,0.0,0,pos,0,0.0,0,pos
FUN_008226,24,0.0625,0,pos,6,0.015625,0,pos
FUN_010422,0,0.0,0,pos,0,0.0,0,pos
FUN_011635,0,0.0,0,pos,0,0.0,0,pos
FUN_009839,48,0.01702127659574468,1,pos_s1758_e1806,18,0.006382978723404255,0,pos
FUN_004980,36,0.02459016393442623,1,pos_s156_e192,0,0.0,0,pos
FUN_008631,0,0.0,0,pos,0,0.0,0,pos
FUN_009745,0,0.0,0,pos,0,0.0,0,pos
FUN_003421,0,0.0,0,pos,0,0.0,0,pos
FUN_002143,54,0.026785714285714284,1,pos_s714_e768,0,0.0,0,pos
FUN_006136,0,0.0,0,pos,0,0.0,0,pos
FUN_015312,0,0.0,0,pos,0,0.0,0,pos
FUN_001639,0,0.0,0,pos,0,0.0,0,pos
FUN_011160,0,0.0,0,pos,0,0.0,0,pos
FUN_015367,0,0.0,0,pos,0,0.0,0,pos
FUN_016331,0,0.0,0,pos,0,0.0,0,pos
FUN_012326,42,0.020172910662824207,1,pos_s1932_e1968,0,0.0,0,pos
FUN_005753,0,0.0,0,pos,0,0.0,0,pos
FUN_006091,18,0.03333333333333333,0,pos,0,0.0,0,pos
FUN_016503,0,0.0,0,pos,0,0.0,0,pos
FUN_004322,0,0.0,0,pos,0,0.0,0,pos
FUN_007448,42,0.014,0,pos,0,0.0,0,pos
FUN_000378,0,0.0,0,pos,0,0.0,0,pos
FUN_012513,0,0.0,0,pos,0,0.0,0,pos
FUN_003021,0,0.0,0,pos,0,0.0,0,pos
FUN_007508,18,0.16666666666666666,0,pos,0,0.0,0,pos
FUN_003623,0,0.0,0,pos,0,0.0,0,pos
FUN_016837,0,0.0,0,pos,0,0.0,0,pos
FUN_010725,0,0.0,0,pos,0,0.0,0,pos
FUN_005064,12,0.010471204188481676,0,pos,12,0.010471204188481676,0,pos
FUN_006522,6,0.002777777777777778,0,pos,6,0.002777777777777778,0,pos
FUN_004614,402,0.27459016393442626,4,pos_s0_e60_s384_e450_s486_e648_s762_e804,120,0.08196721311475409,1,pos_s564_e600
FUN_006143,12,0.030303030303030304,0,pos,0,0.0,0,pos
FUN_011292,0,0.0,0,pos,0,0.0,0,pos
FUN_016221,0,0.0,0,pos,0,0.0,0,pos
FUN_015501,0,0.0,0,pos,0,0.0,0,pos
FUN_008949,0,0.0,0,pos,0,0.0,0,pos
FUN_006995,0,0.0,0,pos,0,0.0,0,pos
FUN_003373,0,0.0,0,pos,0,0.0,0,pos
FUN_009505,0,0.0,0,pos,0,0.0,0,pos
FUN_005332,84,0.033734939759036145,1,pos_s1506_e1590,48,0.01927710843373494,1,pos_s1524_e1566
FUN_011751,0,0.0,0,pos,0,0.0,0,pos
FUN_000939,0,0.0,0,pos,0,0.0,0,pos
FUN_002819,18,0.022900763358778626,0,pos,0,0.0,0,pos
FUN_007753,0,0.0,0,pos,0,0.0,0,pos
FUN_006495,48,0.027586206896551724,0,pos,0,0.0,0,pos
FUN_010802,6,0.002053388090349076,0,pos,0,0.0,0,pos
FUN_005598,0,0.0,0,pos,0,0.0,0,pos
FUN_008743,0,0.0,0,pos,0,0.0,0,pos
FUN_004472,0,0.0,0,pos,0,0.0,0,pos
FUN_002611,0,0.0,0,pos,0,0.0,0,pos
FUN_000661,0,0.0,0,pos,0,0.0,0,pos
FUN_001604,0,0.0,0,pos,0,0.0,0,pos
FUN_005632,0,0.0,0,pos,0,0.0,0,pos
FUN_006220,0,0.0,0,pos,0,0.0,0,pos
FUN_002860,0,0.0,0,pos,0,0.0,0,pos
FUN_009054,12,0.00258732212160414,0,pos,0,0.0,0,pos
FUN_001863,108,0.13333333333333333,1,pos_s648_e732,90,0.1111111111111111,1,pos_s648_e726
FUN_015791,0,0.0,0,pos,0,0.0,0,pos
FUN_005985,0,0.0,0,pos,0,0.0,0,pos
FUN_015503,48,0.03389830508474576,1,pos_s438_e468,0,0.0,0,pos
FUN_003540,0,0.0,0,pos,0,0.0,0,pos
FUN_008247,0,0.0,0,pos,0,0.0,0,pos
FUN_010310,114,0.009639776763064434,1,pos_s10884_e10920,12,0.0010147133434804667,0,pos
FUN_006672,0,0.0,0,pos,0,0.0,0,pos
FUN_003892,48,0.07476635514018691,1,pos_s438_e486,0,0.0,0,pos
FUN_011870,0,0.0,0,pos,0,0.0,0,pos
FUN_012365,0,0.0,0,pos,0,0.0,0,pos
FUN_007867,0,0.0,0,pos,0,0.0,0,pos
FUN_015808,0,0.0,0,pos,0,0.0,0,pos
FUN_011510,0,0.0,0,pos,0,0.0,0,pos
FUN_004706,0,0.0,0,pos,0,0.0,0,pos
FUN_000171,0,0.0,0,pos,0,0.0,0,pos
FUN_007022,72,0.12631578947368421,0,pos,30,0.05263157894736842,0,pos
FUN_002600,0,0.0,0,pos,0,0.0,0,pos
FUN_005307,0,0.0,0,pos,0,0.0,0,pos
FUN_010688,0,0.0,0,pos,0,0.0,0,pos
FUN_004236,0,0.0,0,pos,0,0.0,0,pos
FUN_005550,0,0.0,0,pos,0,0.0,0,pos
FUN_001691,0,0.0,0,pos,0,0.0,0,pos
FUN_011459,96,0.020486555697823303,1,pos_s966_e1026,0,0.0,0,pos
FUN_004052,0,0.0,0,pos,0,0.0,0,pos
FUN_002567,12,0.008264462809917356,0,pos,0,0.0,0,pos
FUN_009349,6,0.004629629629629629,0,pos,0,0.0,0,pos
FUN_007843,0,0.0,0,pos,0,0.0,0,pos
FUN_005654,0,0.0,0,pos,0,0.0,0,pos
FUN_007169,54,0.06818181818181818,1,pos_s108_e150,0,0.0,0,pos
FUN_009999,0,0.0,0,pos,0,0.0,0,pos
FUN_010449,0,0.0,0,pos,0,0.0,0,pos
FUN_009718,0,0.0,0,pos,0,0.0,0,pos
FUN_005021,0,0.0,0,pos,0,0.0,0,pos
FUN_009454,120,0.2127659574468085,1,pos_s444_e510,66,0.11702127659574468,1,pos_s444_e498
FUN_011010,0,0.0,0,pos,0,0.0,0,pos
FUN_008837,54,0.04455445544554455,1,pos_s126_e174,0,0.0,0,pos
FUN_008370,0,0.0,0,pos,0,0.0,0,pos
FUN_010089,0,0.0,0,pos,0,0.0,0,pos
FUN_007791,0,0.0,0,pos,0,0.0,0,pos
FUN_001638,72,0.038834951456310676,1,pos_s318_e384,12,0.006472491909385114,0,pos
FUN_004403,0,0.0,0,pos,0,0.0,0,pos
FUN_004952,0,0.0,0,pos,0,0.0,0,pos
FUN_009234,0,0.0,0,pos,0,0.0,0,pos
FUN_000210,0,0.0,0,pos,0,0.0,0,pos
FUN_005600,0,0.0,0,pos,0,0.0,0,pos
FUN_009065,0,0.0,0,pos,0,0.0,0,pos
FUN_006249,78,0.016709511568123392,1,pos_s2814_e2844,12,0.002570694087403599,0,pos
FUN_012314,0,0.0,0,pos,0,0.0,0,pos
FUN_000346,0,0.0,0,pos,0,0.0,0,pos
FUN_011288,0,0.0,0,pos,0,0.0,0,pos
FUN_007780,78,0.02813852813852814,1,pos_s1296_e1374,12,0.004329004329004329,0,pos
FUN_005901,0,0.0,0,pos,0,0.0,0,pos
FUN_001946,0,0.0,0,pos,0,0.0,0,pos
FUN_001468,72,0.06521739130434782,1,pos_s78_e150,48,0.043478260869565216,0,pos
FUN_010963,0,0.0,0,pos,0,0.0,0,pos
FUN_011341,84,0.2413793103448276,1,pos_s48_e108,18,0.05172413793103448,0,pos
FUN_002823,0,0.0,0,pos,0,0.0,0,pos
FUN_006719,0,0.0,0,pos,0,0.0,0,pos
FUN_002624,0,0.0,0,pos,0,0.0,0,pos
FUN_003821,0,0.0,0,pos,0,0.0,0,pos
FUN_008239,90,0.15306122448979592,1,pos_s186_e258,30,0.05102040816326531,1,pos_s204_e234
FUN_009548,612,0.12099644128113879,9,pos_s1104_e1176_s1740_e1824_s2076_e2124_s2130_e2166_s2196_e2244_s2310_e2376_s2382_e2424_s2538_e2610_s2616_e2652,54,0.010676156583629894,1,pos_s2328_e2364
FUN_016807,6,0.007575757575757576,0,pos,0,0.0,0,pos
FUN_006264,228,0.04108108108108108,3,pos_s24_e120_s2322_e2352_s3948_e3984,6,0.001081081081081081,0,pos
FUN_011334,306,0.06684141546526867,4,pos_s1164_e1266_s2574_e2616_s3396_e3456_s4176_e4242,138,0.03014416775884666,2,pos_s1170_e1218_s4176_e4218
FUN_016065,0,0.0,0,pos,0,0.0,0,pos
FUN_005188,0,0.0,0,pos,0,0.0,0,pos
FUN_007920,72,0.024291497975708502,1,pos_s1536_e1608,24,0.008097165991902834,0,pos
FUN_006354,0,0.0,0,pos,0,0.0,0,pos
FUN_004058,0,0.0,0,pos,0,0.0,0,pos
FUN_007183,0,0.0,0,pos,0,0.0,0,pos
FUN_000232,0,0.0,0,pos,0,0.0,0,pos
FUN_008197,0,0.0,0,pos,0,0.0,0,pos
FUN_008173,0,0.0,0,pos,0,0.0,0,pos
FUN_008160,108,0.05373134328358209,2,pos_s528_e564_s870_e942,12,0.005970149253731343,0,pos
FUN_010515,0,0.0,0,pos,0,0.0,0,pos
FUN_010765,36,0.028169014084507043,1,pos_s1200_e1236,0,0.0,0,pos
FUN_008857,0,0.0,0,pos,0,0.0,0,pos
FUN_009205,18,0.014634146341463415,0,pos,0,0.0,0,pos
FUN_012498,0,0.0,0,pos,0,0.0,0,pos
FUN_000725,0,0.0,0,pos,0,0.0,0,pos
FUN_010095,0,0.0,0,pos,0,0.0,0,pos
FUN_003109,0,0.0,0,pos,0,0.0,0,pos
FUN_008575,0,0.0,0,pos,0,0.0,0,pos
FUN_003678,0,0.0,0,pos,0,0.0,0,pos
FUN_003594,0,0.0,0,pos,0,0.0,0,pos
FUN_006235,0,0.0,0,pos,0,0.0,0,pos
FUN_015332,0,0.0,0,pos,0,0.0,0,pos
FUN_004805,18,0.003444316877152698,0,pos,0,0.0,0,pos
FUN_000224,0,0.0,0,pos,0,0.0,0,pos
FUN_004079,0,0.0,0,pos,0,0.0,0,pos
FUN_010915,114,0.04922279792746114,2,pos_s1836_e1902_s1956_e2004,12,0.0051813471502590676,0,pos
FUN_007949,12,0.0058823529411764705,0,pos,0,0.0,0,pos
FUN_004179,0,0.0,0,pos,0,0.0,0,pos
FUN_011622,0,0.0,0,pos,0,0.0,0,pos
FUN_006484,0,0.0,0,pos,0,0.0,0,pos
FUN_009342,84,0.09722222222222222,1,pos_s648_e702,0,0.0,0,pos
FUN_004102,168,0.08139534883720931,3,pos_s1314_e1362_s1374_e1410_s1602_e1656,18,0.00872093023255814,0,pos
FUN_005750,0,0.0,0,pos,0,0.0,0,pos
FUN_015525,0,0.0,0,pos,0,0.0,0,pos
FUN_004752,0,0.0,0,pos,0,0.0,0,pos
FUN_004748,0,0.0,0,pos,0,0.0,0,pos
FUN_005687,0,0.0,0,pos,0,0.0,0,pos
FUN_010160,0,0.0,0,pos,0,0.0,0,pos
FUN_010272,0,0.0,0,pos,0,0.0,0,pos
FUN_015457,0,0.0,0,pos,0,0.0,0,pos
FUN_009460,84,0.08187134502923976,2,pos_s276_e318_s330_e372,24,0.023391812865497075,0,pos
FUN_007317,0,0.0,0,pos,0,0.0,0,pos
FUN_008981,276,0.1010989010989011,2,pos_s258_e360_s2364_e2538,90,0.03296703296703297,1,pos_s2424_e2460
FUN_006349,0,0.0,0,pos,0,0.0,0,pos
FUN_006813,0,0.0,0,pos,0,0.0,0,pos
FUN_000658,0,0.0,0,pos,0,0.0,0,pos
FUN_011571,0,0.0,0,pos,0,0.0,0,pos
FUN_005851,0,0.0,0,pos,0,0.0,0,pos
FUN_007228,0,0.0,0,pos,0,0.0,0,pos
FUN_009732,0,0.0,0,pos,0,0.0,0,pos
FUN_015778,0,0.0,0,pos,0,0.0,0,pos
FUN_003698,0,0.0,0,pos,0,0.0,0,pos
FUN_009113,36,0.004694835680751174,0,pos,0,0.0,0,pos
FUN_008108,0,0.0,0,pos,0,0.0,0,pos
FUN_016095,0,0.0,0,pos,0,0.0,0,pos
FUN_011173,0,0.0,0,pos,0,0.0,0,pos
FUN_009829,0,0.0,0,pos,0,0.0,0,pos
FUN_010775,0,0.0,0,pos,0,0.0,0,pos
FUN_001107,0,0.0,0,pos,0,0.0,0,pos
FUN_002098,0,0.0,0,pos,0,0.0,0,pos
FUN_001007,54,0.012195121951219513,1,pos_s3138_e3180,0,0.0,0,pos
FUN_004154,0,0.0,0,pos,0,0.0,0,pos
FUN_000390,0,0.0,0,pos,0,0.0,0,pos
FUN_006255,0,0.0,0,pos,0,0.0,0,pos
FUN_004947,0,0.0,0,pos,0,0.0,0,pos
FUN_000314,0,0.0,0,pos,0,0.0,0,pos
FUN_002963,0,0.0,0,pos,0,0.0,0,pos
FUN_016439,0,0.0,0,pos,0,0.0,0,pos
FUN_008734,0,0.0,0,pos,0,0.0,0,pos
FUN_008959,216,0.09399477806788512,3,pos_s228_e270_s660_e762_s2232_e2268,132,0.057441253263707574,2,pos_s240_e270_s666_e762
FUN_003876,24,0.05263157894736842,0,pos,0,0.0,0,pos
FUN_007149,156,0.52,1,pos_s102_e138,108,0.36,2,pos_s108_e138_s180_e222
FUN_010311,6,0.005714285714285714,0,pos,0,0.0,0,pos
FUN_002349,102,0.015843429636533086,1,pos_s5748_e5832,0,0.0,0,pos
FUN_008080,24,0.02564102564102564,0,pos,24,0.02564102564102564,0,pos
FUN_006342,240,0.132890365448505,3,pos_s726_e774_s1338_e1428_s1434_e1500,84,0.046511627906976744,2,pos_s1344_e1386_s1452_e1494
FUN_009110,0,0.0,0,pos,0,0.0,0,pos
FUN_002087,6,0.0033444816053511705,0,pos,0,0.0,0,pos
FUN_001772,0,0.0,0,pos,0,0.0,0,pos
FUN_008422,0,0.0,0,pos,0,0.0,0,pos
FUN_006850,36,0.03468208092485549,1,pos_s24_e54,0,0.0,0,pos
FUN_007647,0,0.0,0,pos,0,0.0,0,pos
FUN_015397,0,0.0,0,pos,0,0.0,0,pos
FUN_001273,0,0.0,0,pos,0,0.0,0,pos
FUN_006731,0,0.0,0,pos,0,0.0,0,pos
FUN_002093,0,0.0,0,pos,0,0.0,0,pos
FUN_002158,0,0.0,0,pos,0,0.0,0,pos
FUN_004999,0,0.0,0,pos,0,0.0,0,pos
FUN_011700,0,0.0,0,pos,0,0.0,0,pos
FUN_002966,0,0.0,0,pos,0,0.0,0,pos
FUN_003434,0,0.0,0,pos,0,0.0,0,pos
FUN_001026,654,0.1646525679758308,8,pos_s288_e336_s1044_e1098_s1362_e1458_s1740_e1824_s2592_e2700_s2820_e2946_s3006_e3036_s3852_e3906,234,0.05891238670694864,5,pos_s288_e318_s1380_e1410_s1740_e1770_s2628_e2682_s2820_e2892
FUN_004906,162,0.19285714285714287,2,pos_s120_e180_s504_e552,18,0.02142857142857143,0,pos
FUN_006754,0,0.0,0,pos,0,0.0,0,pos
FUN_003942,0,0.0,0,pos,0,0.0,0,pos
FUN_001837,96,0.05693950177935943,1,pos_s486_e576,48,0.028469750889679714,1,pos_s486_e534
FUN_006545,0,0.0,0,pos,0,0.0,0,pos
FUN_012089,0,0.0,0,pos,0,0.0,0,pos
FUN_007519,132,0.09821428571428571,1,pos_s318_e420,42,0.03125,1,pos_s318_e360
FUN_010185,0,0.0,0,pos,0,0.0,0,pos
FUN_015273,114,0.25,1,pos_s210_e324,114,0.25,1,pos_s210_e324
FUN_015509,0,0.0,0,pos,0,0.0,0,pos
FUN_001995,0,0.0,0,pos,0,0.0,0,pos
FUN_005017,0,0.0,0,pos,0,0.0,0,pos
FUN_012337,0,0.0,0,pos,0,0.0,0,pos
FUN_009884,0,0.0,0,pos,0,0.0,0,pos
FUN_010060,0,0.0,0,pos,0,0.0,0,pos
FUN_008151,0,0.0,0,pos,0,0.0,0,pos
FUN_004251,0,0.0,0,pos,0,0.0,0,pos
FUN_012180,0,0.0,0,pos,0,0.0,0,pos
FUN_009810,0,0.0,0,pos,0,0.0,0,pos
FUN_003978,0,0.0,0,pos,0,0.0,0,pos
FUN_010669,0,0.0,0,pos,0,0.0,0,pos
FUN_002267,0,0.0,0,pos,0,0.0,0,pos
FUN_009171,0,0.0,0,pos,0,0.0,0,pos
FUN_004218,0,0.0,0,pos,0,0.0,0,pos
FUN_004601,78,0.06878306878306878,1,pos_s294_e366,0,0.0,0,pos
FUN_000702,0,0.0,0,pos,0,0.0,0,pos
FUN_010474,0,0.0,0,pos,0,0.0,0,pos
FUN_011874,0,0.0,0,pos,0,0.0,0,pos
FUN_005417,0,0.0,0,pos,0,0.0,0,pos
FUN_009609,0,0.0,0,pos,0,0.0,0,pos
FUN_003202,36,0.04580152671755725,1,pos_s498_e528,0,0.0,0,pos
FUN_001192,30,0.0211864406779661,0,pos,0,0.0,0,pos
FUN_004022,0,0.0,0,pos,0,0.0,0,pos
FUN_011333,0,0.0,0,pos,0,0.0,0,pos
FUN_007141,0,0.0,0,pos,0,0.0,0,pos
FUN_000154,0,0.0,0,pos,0,0.0,0,pos
FUN_015599,0,0.0,0,pos,0,0.0,0,pos
FUN_016124,0,0.0,0,pos,0,0.0,0,pos
FUN_010543,36,0.35294117647058826,1,pos_s48_e84,0,0.0,0,pos
FUN_003207,48,0.017660044150110375,0,pos,0,0.0,0,pos
FUN_004968,0,0.0,0,pos,0,0.0,0,pos
FUN_006935,0,0.0,0,pos,0,0.0,0,pos
FUN_000316,0,0.0,0,pos,0,0.0,0,pos
FUN_016479,0,0.0,0,pos,0,0.0,0,pos
FUN_005675,0,0.0,0,pos,0,0.0,0,pos
FUN_006390,42,0.03139013452914798,0,pos,6,0.004484304932735426,0,pos
FUN_007059,30,0.015625,1,pos_s552_e582,0,0.0,0,pos
FUN_016451,96,0.12121212121212122,0,pos,60,0.07575757575757576,0,pos
FUN_009785,0,0.0,0,pos,0,0.0,0,pos
FUN_008261,0,0.0,0,pos,0,0.0,0,pos
FUN_007434,0,0.0,0,pos,0,0.0,0,pos
FUN_008566,0,0.0,0,pos,0,0.0,0,pos
FUN_003535,0,0.0,0,pos,0,0.0,0,pos
FUN_003647,0,0.0,0,pos,0,0.0,0,pos
FUN_008521,0,0.0,0,pos,0,0.0,0,pos
FUN_003998,12,0.004338394793926247,0,pos,0,0.0,0,pos
FUN_016717,0,0.0,0,pos,0,0.0,0,pos
FUN_008796,0,0.0,0,pos,0,0.0,0,pos
FUN_010298,390,0.057624113475177305,3,pos_s1152_e1212_s5736_e5844_s5868_e6030,102,0.015070921985815602,1,pos_s5760_e5802
FUN_001862,0,0.0,0,pos,0,0.0,0,pos
FUN_000888,0,0.0,0,pos,0,0.0,0,pos
FUN_008416,0,0.0,0,pos,0,0.0,0,pos
FUN_000011,324,0.06060606060606061,5,pos_s3336_e3396_s3636_e3672_s3690_e3726_s4674_e4716_s4902_e5004,66,0.012345679012345678,0,pos
FUN_001888,18,0.011029411764705883,0,pos,0,0.0,0,pos
FUN_010056,0,0.0,0,pos,0,0.0,0,pos
FUN_007786,0,0.0,0,pos,0,0.0,0,pos
FUN_015839,0,0.0,0,pos,0,0.0,0,pos
FUN_003157,0,0.0,0,pos,0,0.0,0,pos
FUN_007123,30,0.01597444089456869,0,pos,0,0.0,0,pos
FUN_016562,0,0.0,0,pos,0,0.0,0,pos
FUN_001061,0,0.0,0,pos,0,0.0,0,pos
FUN_015311,0,0.0,0,pos,0,0.0,0,pos
FUN_001255,12,0.07407407407407407,0,pos,0,0.0,0,pos
FUN_008989,204,0.049132947976878616,3,pos_s1944_e2010_s2070_e2124_s3348_e3378,42,0.010115606936416185,0,pos
FUN_008771,0,0.0,0,pos,0,0.0,0,pos
FUN_015929,0,0.0,0,pos,0,0.0,0,pos
FUN_010805,48,0.07476635514018691,1,pos_s576_e624,0,0.0,0,pos
FUN_000945,0,0.0,0,pos,0,0.0,0,pos
FUN_016242,0,0.0,0,pos,0,0.0,0,pos
FUN_004847,0,0.0,0,pos,0,0.0,0,pos
FUN_015477,0,0.0,0,pos,0,0.0,0,pos
FUN_016374,0,0.0,0,pos,0,0.0,0,pos
FUN_009573,0,0.0,0,pos,0,0.0,0,pos
FUN_000464,0,0.0,0,pos,0,0.0,0,pos
FUN_001789,24,0.010810810810810811,0,pos,0,0.0,0,pos
FUN_004618,6,0.002421307506053269,0,pos,0,0.0,0,pos
FUN_002683,0,0.0,0,pos,0,0.0,0,pos
FUN_008092,42,0.007945516458569807,1,pos_s1800_e1842,30,0.0056753688989784334,1,pos_s1800_e1830
FUN_008159,24,0.021739130434782608,0,pos,0,0.0,0,pos
FUN_006044,0,0.0,0,pos,0,0.0,0,pos
FUN_008652,0,0.0,0,pos,0,0.0,0,pos
FUN_004759,0,0.0,0,pos,0,0.0,0,pos
FUN_008674,84,0.05223880597014925,0,pos,0,0.0,0,pos
FUN_007921,18,0.008086253369272238,0,pos,0,0.0,0,pos
FUN_003033,30,0.020080321285140562,0,pos,0,0.0,0,pos
FUN_005986,0,0.0,0,pos,0,0.0,0,pos
FUN_002787,0,0.0,0,pos,0,0.0,0,pos
FUN_002573,0,0.0,0,pos,0,0.0,0,pos
FUN_002300,102,0.006601941747572815,1,pos_s11946_e11976,24,0.0015533980582524273,0,pos
FUN_004766,0,0.0,0,pos,0,0.0,0,pos
FUN_011964,0,0.0,0,pos,0,0.0,0,pos
FUN_002614,0,0.0,0,pos,0,0.0,0,pos
FUN_006985,0,0.0,0,pos,0,0.0,0,pos
FUN_004323,0,0.0,0,pos,0,0.0,0,pos
FUN_001570,0,0.0,0,pos,0,0.0,0,pos
FUN_015352,0,0.0,0,pos,0,0.0,0,pos
FUN_003596,0,0.0,0,pos,0,0.0,0,pos
FUN_000040,0,0.0,0,pos,0,0.0,0,pos
FUN_009800,0,0.0,0,pos,0,0.0,0,pos
FUN_002137,42,0.046357615894039736,1,pos_s234_e276,0,0.0,0,pos
FUN_007727,0,0.0,0,pos,0,0.0,0,pos
FUN_005284,0,0.0,0,pos,0,0.0,0,pos
FUN_006370,0,0.0,0,pos,0,0.0,0,pos
FUN_010013,0,0.0,0,pos,0,0.0,0,pos
FUN_002310,0,0.0,0,pos,0,0.0,0,pos
FUN_012536,0,0.0,0,pos,0,0.0,0,pos
FUN_003087,0,0.0,0,pos,0,0.0,0,pos
FUN_009271,6,0.021739130434782608,0,pos,0,0.0,0,pos
FUN_010197,12,0.03508771929824561,0,pos,12,0.03508771929824561,0,pos
FUN_005254,42,0.014767932489451477,1,pos_s2124_e2160,0,0.0,0,pos
FUN_004554,6,0.007692307692307693,0,pos,6,0.007692307692307693,0,pos
FUN_009044,0,0.0,0,pos,0,0.0,0,pos
FUN_011480,0,0.0,0,pos,0,0.0,0,pos
FUN_009464,0,0.0,0,pos,0,0.0,0,pos
FUN_015528,0,0.0,0,pos,0,0.0,0,pos
FUN_016378,0,0.0,0,pos,0,0.0,0,pos
FUN_001805,0,0.0,0,pos,0,0.0,0,pos
FUN_012329,0,0.0,0,pos,0,0.0,0,pos
FUN_008868,138,0.05974025974025974,1,pos_s1986_e2106,54,0.023376623376623377,1,pos_s2070_e2106
FUN_005245,0,0.0,0,pos,0,0.0,0,pos
FUN_006289,78,0.06770833333333333,1,pos_s756_e816,48,0.041666666666666664,0,pos
FUN_010206,0,0.0,0,pos,0,0.0,0,pos
FUN_015500,0,0.0,0,pos,0,0.0,0,pos
FUN_006539,0,0.0,0,pos,0,0.0,0,pos
FUN_016572,0,0.0,0,pos,0,0.0,0,pos
FUN_009975,0,0.0,0,pos,0,0.0,0,pos
FUN_011249,24,0.031496062992125984,0,pos,0,0.0,0,pos
FUN_003368,0,0.0,0,pos,0,0.0,0,pos
FUN_006121,12,0.06896551724137931,0,pos,0,0.0,0,pos
FUN_002244,0,0.0,0,pos,0,0.0,0,pos
FUN_000380,0,0.0,0,pos,0,0.0,0,pos
FUN_003789,126,0.11538461538461539,2,pos_s774_e816_s876_e924,0,0.0,0,pos
FUN_002699,12,0.024096385542168676,0,pos,6,0.012048192771084338,0,pos
FUN_000797,0,0.0,0,pos,0,0.0,0,pos
FUN_011345,60,0.3333333333333333,1,pos_s84_e132,0,0.0,0,pos
FUN_005640,0,0.0,0,pos,0,0.0,0,pos
FUN_010759,0,0.0,0,pos,0,0.0,0,pos
FUN_015908,0,0.0,0,pos,0,0.0,0,pos
FUN_012478,0,0.0,0,pos,0,0.0,0,pos
FUN_004690,0,0.0,0,pos,0,0.0,0,pos
FUN_011766,0,0.0,0,pos,0,0.0,0,pos
FUN_011017,0,0.0,0,pos,0,0.0,0,pos
FUN_007775,48,0.1111111111111111,1,pos_s216_e246,0,0.0,0,pos
FUN_015697,0,0.0,0,pos,0,0.0,0,pos
FUN_008187,0,0.0,0,pos,0,0.0,0,pos
FUN_006543,0,0.0,0,pos,0,0.0,0,pos
FUN_009269,6,0.02702702702702703,0,pos,0,0.0,0,pos
FUN_002744,0,0.0,0,pos,0,0.0,0,pos
FUN_007851,0,0.0,0,pos,0,0.0,0,pos
FUN_001539,132,0.06875,2,pos_s1272_e1332_s1548_e1620,0,0.0,0,pos
FUN_003857,0,0.0,0,pos,0,0.0,0,pos
FUN_012253,0,0.0,0,pos,0,0.0,0,pos
FUN_002602,192,0.05925925925925926,2,pos_s42_e144_s492_e582,0,0.0,0,pos
FUN_009170,0,0.0,0,pos,0,0.0,0,pos
FUN_001949,0,0.0,0,pos,0,0.0,0,pos
FUN_005914,0,0.0,0,pos,0,0.0,0,pos
FUN_011547,0,0.0,0,pos,0,0.0,0,pos
FUN_015334,0,0.0,0,pos,0,0.0,0,pos
FUN_010964,0,0.0,0,pos,0,0.0,0,pos
FUN_009637,36,0.02142857142857143,1,pos_s978_e1008,0,0.0,0,pos
FUN_008634,12,0.004415011037527594,0,pos,0,0.0,0,pos
FUN_002556,0,0.0,0,pos,0,0.0,0,pos
FUN_016599,0,0.0,0,pos,0,0.0,0,pos
FUN_015640,0,0.0,0,pos,0,0.0,0,pos
FUN_009652,330,0.0208018154311649,4,pos_s2898_e2946_s2952_e3006_s11424_e11508_s14454_e14502,42,0.00264750378214826,0,pos
FUN_004075,0,0.0,0,pos,0,0.0,0,pos
FUN_012547,0,0.0,0,pos,0,0.0,0,pos
FUN_008046,126,0.15789473684210525,2,pos_s330_e396_s648_e702,12,0.015037593984962405,0,pos
FUN_016632,0,0.0,0,pos,0,0.0,0,pos
FUN_006915,402,0.08043217286914765,4,pos_s1254_e1368_s1452_e1566_s1986_e2076_s2100_e2148,294,0.058823529411764705,3,pos_s1266_e1368_s1452_e1566_s1998_e2070
FUN_002563,192,0.0862533692722372,2,pos_s870_e972_s984_e1062,54,0.02425876010781671,1,pos_s870_e900
FUN_015683,0,0.0,0,pos,0,0.0,0,pos
FUN_000695,0,0.0,0,pos,0,0.0,0,pos
FUN_000139,66,0.07692307692307693,0,pos,0,0.0,0,pos
FUN_010192,0,0.0,0,pos,0,0.0,0,pos
FUN_003099,114,0.03104575163398693,1,pos_s1698_e1806,90,0.024509803921568627,2,pos_s1698_e1728_s1764_e1806
FUN_010828,0,0.0,0,pos,0,0.0,0,pos
FUN_005223,90,0.05136986301369863,1,pos_s306_e342,36,0.02054794520547945,1,pos_s306_e342
FUN_015282,0,0.0,0,pos,0,0.0,0,pos
FUN_000738,18,0.014018691588785047,0,pos,12,0.009345794392523364,0,pos
FUN_001859,0,0.0,0,pos,0,0.0,0,pos
FUN_005037,0,0.0,0,pos,0,0.0,0,pos
FUN_016400,6,0.007194244604316547,0,pos,6,0.007194244604316547,0,pos
FUN_008878,0,0.0,0,pos,0,0.0,0,pos
FUN_007115,66,0.020146520146520148,1,pos_s1302_e1356,0,0.0,0,pos
FUN_012549,0,0.0,0,pos,0,0.0,0,pos
FUN_003609,0,0.0,0,pos,0,0.0,0,pos
FUN_006611,6,0.011363636363636364,0,pos,0,0.0,0,pos
FUN_006553,0,0.0,0,pos,0,0.0,0,pos
FUN_003013,0,0.0,0,pos,0,0.0,0,pos
FUN_002253,132,0.3384615384615385,1,pos_s6_e138,126,0.3230769230769231,2,pos_s6_e96_s102_e138
FUN_015843,0,0.0,0,pos,0,0.0,0,pos
FUN_006821,0,0.0,0,pos,0,0.0,0,pos
FUN_005403,0,0.0,0,pos,0,0.0,0,pos
FUN_009201,0,0.0,0,pos,0,0.0,0,pos
FUN_015324,0,0.0,0,pos,0,0.0,0,pos
FUN_007568,0,0.0,0,pos,0,0.0,0,pos
FUN_015656,0,0.0,0,pos,0,0.0,0,pos
FUN_003254,0,0.0,0,pos,0,0.0,0,pos
FUN_007208,30,0.013477088948787063,0,pos,0,0.0,0,pos
FUN_001993,0,0.0,0,pos,0,0.0,0,pos
FUN_005271,0,0.0,0,pos,0,0.0,0,pos
FUN_007212,54,0.05521472392638037,1,pos_s30_e78,36,0.03680981595092025,1,pos_s30_e66
FUN_000514,258,0.02538370720188902,3,pos_s558_e588_s606_e684_s2028_e2118,18,0.0017709563164108619,0,pos
FUN_015495,0,0.0,0,pos,0,0.0,0,pos
FUN_002905,0,0.0,0,pos,0,0.0,0,pos
FUN_016434,0,0.0,0,pos,0,0.0,0,pos
FUN_002399,0,0.0,0,pos,0,0.0,0,pos
FUN_003141,0,0.0,0,pos,0,0.0,0,pos
FUN_004674,0,0.0,0,pos,0,0.0,0,pos
FUN_015897,0,0.0,0,pos,0,0.0,0,pos
FUN_007824,18,0.014634146341463415,0,pos,0,0.0,0,pos
FUN_007707,510,0.4473684210526316,3,pos_s12_e126_s648_e792_s816_e1044,342,0.3,3,pos_s12_e126_s720_e792_s816_e918
FUN_007732,0,0.0,0,pos,0,0.0,0,pos
FUN_008945,0,0.0,0,pos,0,0.0,0,pos
FUN_015988,0,0.0,0,pos,0,0.0,0,pos
FUN_006283,0,0.0,0,pos,0,0.0,0,pos
FUN_008543,12,0.029850746268656716,0,pos,0,0.0,0,pos
FUN_012305,0,0.0,0,pos,0,0.0,0,pos
FUN_003328,0,0.0,0,pos,0,0.0,0,pos
FUN_005737,0,0.0,0,pos,0,0.0,0,pos
FUN_008054,42,0.1,0,pos,6,0.014285714285714285,0,pos
FUN_008729,12,0.017241379310344827,0,pos,0,0.0,0,pos
FUN_000984,48,0.36363636363636365,1,pos_s54_e84,0,0.0,0,pos
FUN_012459,0,0.0,0,pos,0,0.0,0,pos
FUN_004796,0,0.0,0,pos,0,0.0,0,pos
FUN_005555,0,0.0,0,pos,0,0.0,0,pos
FUN_012143,0,0.0,0,pos,0,0.0,0,pos
FUN_016785,0,0.0,0,pos,0,0.0,0,pos
FUN_005970,0,0.0,0,pos,0,0.0,0,pos
FUN_012003,0,0.0,0,pos,0,0.0,0,pos
FUN_002028,0,0.0,0,pos,0,0.0,0,pos
FUN_002116,0,0.0,0,pos,0,0.0,0,pos
FUN_006053,0,0.0,0,pos,0,0.0,0,pos
FUN_007406,0,0.0,0,pos,0,0.0,0,pos
FUN_003283,0,0.0,0,pos,0,0.0,0,pos
FUN_016606,0,0.0,0,pos,0,0.0,0,pos
FUN_001330,0,0.0,0,pos,0,0.0,0,pos
FUN_006694,0,0.0,0,pos,0,0.0,0,pos
FUN_005179,0,0.0,0,pos,0,0.0,0,pos
FUN_003261,96,0.16161616161616163,2,pos_s132_e180_s186_e234,0,0.0,0,pos
FUN_016003,0,0.0,0,pos,0,0.0,0,pos
FUN_004849,0,0.0,0,pos,0,0.0,0,pos
FUN_002004,0,0.0,0,pos,0,0.0,0,pos
FUN_016494,0,0.0,0,pos,0,0.0,0,pos
FUN_006824,48,0.014925373134328358,0,pos,0,0.0,0,pos
FUN_000594,0,0.0,0,pos,0,0.0,0,pos
FUN_004258,0,0.0,0,pos,0,0.0,0,pos
FUN_006557,0,0.0,0,pos,0,0.0,0,pos
FUN_015792,0,0.0,0,pos,0,0.0,0,pos
FUN_009583,0,0.0,0,pos,0,0.0,0,pos
FUN_005187,6,0.005319148936170213,0,pos,0,0.0,0,pos
FUN_000385,66,0.03678929765886288,1,pos_s1470_e1536,0,0.0,0,pos
FUN_000537,18,0.004934210526315789,0,pos,0,0.0,0,pos
FUN_007662,0,0.0,0,pos,0,0.0,0,pos
FUN_000038,54,0.04390243902439024,1,pos_s552_e588,0,0.0,0,pos
FUN_001522,0,0.0,0,pos,0,0.0,0,pos
FUN_003613,0,0.0,0,pos,0,0.0,0,pos
FUN_003307,0,0.0,0,pos,0,0.0,0,pos
FUN_005296,96,0.0427807486631016,1,pos_s1458_e1542,54,0.02406417112299465,1,pos_s1500_e1542
FUN_005458,0,0.0,0,pos,0,0.0,0,pos
FUN_000104,30,0.10204081632653061,1,pos_s12_e42,30,0.10204081632653061,1,pos_s12_e42
FUN_009210,90,0.06465517241379311,0,pos,78,0.05603448275862069,1,pos_s1302_e1380
FUN_007956,0,0.0,0,pos,0,0.0,0,pos
FUN_010738,0,0.0,0,pos,0,0.0,0,pos
FUN_007783,84,0.08484848484848485,2,pos_s438_e480_s486_e522,42,0.04242424242424243,1,pos_s438_e480
FUN_007816,0,0.0,0,pos,0,0.0,0,pos
FUN_010054,120,0.08849557522123894,2,pos_s552_e630_s1302_e1338,78,0.05752212389380531,1,pos_s552_e630
FUN_012203,0,0.0,0,pos,0,0.0,0,pos
FUN_012223,0,0.0,0,pos,0,0.0,0,pos
FUN_000792,36,0.046153846153846156,0,pos,0,0.0,0,pos
FUN_003830,0,0.0,0,pos,0,0.0,0,pos
FUN_009173,0,0.0,0,pos,0,0.0,0,pos
FUN_016531,0,0.0,0,pos,0,0.0,0,pos
FUN_006905,30,0.078125,1,pos_s330_e360,0,0.0,0,pos
FUN_003905,0,0.0,0,pos,0,0.0,0,pos
FUN_007225,0,0.0,0,pos,0,0.0,0,pos
FUN_011813,0,0.0,0,pos,0,0.0,0,pos
FUN_008982,0,0.0,0,pos,0,0.0,0,pos
FUN_003689,0,0.0,0,pos,0,0.0,0,pos
FUN_008218,0,0.0,0,pos,0,0.0,0,pos
FUN_015401,0,0.0,0,pos,0,0.0,0,pos
FUN_001091,0,0.0,0,pos,0,0.0,0,pos
FUN_002469,0,0.0,0,pos,0,0.0,0,pos
FUN_015652,0,0.0,0,pos,0,0.0,0,pos
FUN_002769,0,0.0,0,pos,0,0.0,0,pos
FUN_000709,0,0.0,0,pos,0,0.0,0,pos
FUN_011189,0,0.0,0,pos,0,0.0,0,pos
FUN_010484,0,0.0,0,pos,0,0.0,0,pos
FUN_005327,0,0.0,0,pos,0,0.0,0,pos
FUN_015423,0,0.0,0,pos,0,0.0,0,pos
FUN_015275,0,0.0,0,pos,0,0.0,0,pos
FUN_003863,0,0.0,0,pos,0,0.0,0,pos
FUN_016763,0,0.0,0,pos,0,0.0,0,pos
FUN_009503,0,0.0,0,pos,0,0.0,0,pos
FUN_003190,0,0.0,0,pos,0,0.0,0,pos
FUN_001376,0,0.0,0,pos,0,0.0,0,pos
FUN_009716,0,0.0,0,pos,0,0.0,0,pos
FUN_005230,0,0.0,0,pos,0,0.0,0,pos
FUN_008692,0,0.0,0,pos,0,0.0,0,pos
FUN_009167,0,0.0,0,pos,0,0.0,0,pos
FUN_011512,0,0.0,0,pos,0,0.0,0,pos
FUN_016584,0,0.0,0,pos,0,0.0,0,pos
FUN_009086,0,0.0,0,pos,0,0.0,0,pos
FUN_015990,0,0.0,0,pos,0,0.0,0,pos
FUN_008231,18,0.02112676056338028,0,pos,0,0.0,0,pos
FUN_009571,0,0.0,0,pos,0,0.0,0,pos
FUN_000108,48,0.034482758620689655,1,pos_s300_e348,0,0.0,0,pos
FUN_007234,0,0.0,0,pos,0,0.0,0,pos
FUN_000264,42,0.1111111111111111,1,pos_s168_e210,0,0.0,0,pos
FUN_006946,0,0.0,0,pos,0,0.0,0,pos
FUN_007567,0,0.0,0,pos,0,0.0,0,pos
FUN_016391,0,0.0,0,pos,0,0.0,0,pos
FUN_011823,0,0.0,0,pos,0,0.0,0,pos
FUN_007100,12,0.017699115044247787,0,pos,0,0.0,0,pos
FUN_009992,18,0.00684931506849315,0,pos,0,0.0,0,pos
FUN_006167,30,0.047619047619047616,1,pos_s564_e594,0,0.0,0,pos
FUN_007589,42,0.10144927536231885,1,pos_s258_e300,0,0.0,0,pos
FUN_001542,0,0.0,0,pos,0,0.0,0,pos
FUN_011851,0,0.0,0,pos,0,0.0,0,pos
FUN_002773,150,0.1388888888888889,2,pos_s636_e666_s840_e936,0,0.0,0,pos
FUN_009777,0,0.0,0,pos,0,0.0,0,pos
FUN_002001,0,0.0,0,pos,0,0.0,0,pos
FUN_007774,0,0.0,0,pos,0,0.0,0,pos
FUN_016363,0,0.0,0,pos,0,0.0,0,pos
FUN_012302,0,0.0,0,pos,0,0.0,0,pos
FUN_002390,0,0.0,0,pos,0,0.0,0,pos
FUN_007411,0,0.0,0,pos,0,0.0,0,pos
FUN_002638,0,0.0,0,pos,0,0.0,0,pos
FUN_011620,0,0.0,0,pos,0,0.0,0,pos
FUN_008647,0,0.0,0,pos,0,0.0,0,pos
FUN_016470,96,0.09411764705882353,1,pos_s504_e600,84,0.08235294117647059,1,pos_s516_e600
FUN_006934,0,0.0,0,pos,0,0.0,0,pos
FUN_007150,66,0.275,1,pos_s0_e66,6,0.025,0,pos
FUN_009030,0,0.0,0,pos,0,0.0,0,pos
FUN_015603,144,0.10126582278481013,1,pos_s876_e1020,114,0.08016877637130802,1,pos_s876_e990
FUN_012141,0,0.0,0,pos,0,0.0,0,pos
FUN_001833,24,0.010582010582010581,0,pos,18,0.007936507936507936,0,pos
FUN_004337,0,0.0,0,pos,0,0.0,0,pos
FUN_000461,0,0.0,0,pos,0,0.0,0,pos
FUN_007246,12,0.011428571428571429,0,pos,6,0.005714285714285714,0,pos
FUN_002432,12,0.017241379310344827,0,pos,0,0.0,0,pos
FUN_008155,0,0.0,0,pos,0,0.0,0,pos
FUN_010552,0,0.0,0,pos,0,0.0,0,pos
FUN_010831,0,0.0,0,pos,0,0.0,0,pos
FUN_009417,0,0.0,0,pos,0,0.0,0,pos
FUN_009905,24,0.07407407407407407,0,pos,12,0.037037037037037035,0,pos
FUN_001380,192,0.023443223443223443,2,pos_s4566_e4620_s5934_e5988,6,0.0007326007326007326,0,pos
FUN_000105,0,0.0,0,pos,0,0.0,0,pos
FUN_011001,36,0.09230769230769231,1,pos_s252_e288,0,0.0,0,pos
FUN_007486,0,0.0,0,pos,0,0.0,0,pos
FUN_010560,72,0.08,1,pos_s690_e738,0,0.0,0,pos
FUN_005926,0,0.0,0,pos,0,0.0,0,pos
FUN_012446,0,0.0,0,pos,0,0.0,0,pos
FUN_010035,0,0.0,0,pos,0,0.0,0,pos
FUN_005981,126,0.2413793103448276,2,pos_s228_e276_s294_e336,24,0.04597701149425287,0,pos
FUN_008055,0,0.0,0,pos,0,0.0,0,pos
FUN_009133,6,0.004347826086956522,0,pos,0,0.0,0,pos
FUN_002930,66,0.06748466257668712,1,pos_s702_e768,0,0.0,0,pos
FUN_000221,0,0.0,0,pos,0,0.0,0,pos
FUN_002447,0,0.0,0,pos,0,0.0,0,pos
FUN_008456,0,0.0,0,pos,0,0.0,0,pos
FUN_015658,0,0.0,0,pos,0,0.0,0,pos
FUN_016424,0,0.0,0,pos,0,0.0,0,pos
FUN_006230,60,0.053475935828877004,1,pos_s624_e672,6,0.0053475935828877,0,pos
FUN_005067,0,0.0,0,pos,0,0.0,0,pos
FUN_005154,0,0.0,0,pos,0,0.0,0,pos
FUN_008979,30,0.014044943820224719,0,pos,0,0.0,0,pos
FUN_006895,0,0.0,0,pos,0,0.0,0,pos
FUN_009791,0,0.0,0,pos,0,0.0,0,pos
FUN_003903,0,0.0,0,pos,0,0.0,0,pos
FUN_003777,42,0.007423117709437964,0,pos,0,0.0,0,pos
FUN_006305,0,0.0,0,pos,0,0.0,0,pos
FUN_016238,0,0.0,0,pos,0,0.0,0,pos
FUN_011402,66,0.0421455938697318,1,pos_s846_e912,0,0.0,0,pos
FUN_005470,0,0.0,0,pos,0,0.0,0,pos
FUN_001909,84,0.019230769230769232,2,pos_s2010_e2046_s2082_e2124,6,0.0013736263736263737,0,pos
FUN_007873,102,0.057432432432432436,1,pos_s288_e348,0,0.0,0,pos
FUN_001145,0,0.0,0,pos,0,0.0,0,pos
FUN_015770,0,0.0,0,pos,0,0.0,0,pos
FUN_000073,30,0.043859649122807015,0,pos,0,0.0,0,pos
FUN_000291,0,0.0,0,pos,0,0.0,0,pos
FUN_004791,54,0.013574660633484163,1,pos_s1692_e1746,0,0.0,0,pos
FUN_009893,0,0.0,0,pos,0,0.0,0,pos
FUN_002951,0,0.0,0,pos,0,0.0,0,pos
FUN_016554,0,0.0,0,pos,0,0.0,0,pos
FUN_015308,0,0.0,0,pos,0,0.0,0,pos
FUN_004676,0,0.0,0,pos,0,0.0,0,pos
FUN_010361,84,0.027777777777777776,1,pos_s2118_e2160,6,0.001984126984126984,0,pos
FUN_008599,0,0.0,0,pos,0,0.0,0,pos
FUN_008940,0,0.0,0,pos,0,0.0,0,pos
FUN_008032,126,0.11475409836065574,1,pos_s498_e606,78,0.07103825136612021,1,pos_s552_e600
FUN_006997,0,0.0,0,pos,0,0.0,0,pos
FUN_009419,894,0.14974874371859295,8,pos_s1926_e2022_s2814_e2874_s3600_e3810_s4200_e4308_s4950_e5040_s5058_e5154_s5172_e5232_s5826_e5922,594,0.09949748743718594,7,pos_s1956_e2022_s2814_e2868_s3624_e3810_s4224_e4308_s5064_e5106_s5112_e5154_s5826_e5904
FUN_016230,0,0.0,0,pos,0,0.0,0,pos
FUN_011545,0,0.0,0,pos,0,0.0,0,pos
FUN_005451,0,0.0,0,pos,0,0.0,0,pos
FUN_005027,0,0.0,0,pos,0,0.0,0,pos
FUN_001024,0,0.0,0,pos,0,0.0,0,pos
FUN_005326,0,0.0,0,pos,0,0.0,0,pos
FUN_007067,0,0.0,0,pos,0,0.0,0,pos
FUN_005526,0,0.0,0,pos,0,0.0,0,pos
FUN_015880,0,0.0,0,pos,0,0.0,0,pos
FUN_001734,0,0.0,0,pos,0,0.0,0,pos
FUN_001652,0,0.0,0,pos,0,0.0,0,pos
FUN_010766,0,0.0,0,pos,0,0.0,0,pos
FUN_015957,0,0.0,0,pos,0,0.0,0,pos
FUN_009552,0,0.0,0,pos,0,0.0,0,pos
FUN_009772,0,0.0,0,pos,0,0.0,0,pos
FUN_009162,0,0.0,0,pos,0,0.0,0,pos
FUN_004393,30,0.00648508430609598,0,pos,0,0.0,0,pos
FUN_000193,0,0.0,0,pos,0,0.0,0,pos
FUN_003020,0,0.0,0,pos,0,0.0,0,pos
FUN_003634,1518,0.1956689868522815,16,pos_s1158_e1218_s1386_e1650_s1758_e1842_s1974_e2052_s2436_e2514_s3384_e3558_s3630_e3666_s3744_e3798_s3822_e3864_s3870_e3912_s4098_e4236_s4704_e4794_s4818_e4854_s5376_e5484_s7542_e7572_s7656_e7710,600,0.07733952049497293,8,pos_s1566_e1644_s1764_e1842_s3492_e3558_s4140_e4218_s4704_e4740_s4824_e4854_s5424_e5460_s7656_e7698
FUN_000246,0,0.0,0,pos,0,0.0,0,pos
FUN_002940,0,0.0,0,pos,0,0.0,0,pos
FUN_015698,0,0.0,0,pos,0,0.0,0,pos
FUN_002982,0,0.0,0,pos,0,0.0,0,pos
FUN_008580,18,0.016574585635359115,0,pos,0,0.0,0,pos
FUN_011790,0,0.0,0,pos,0,0.0,0,pos
FUN_004978,0,0.0,0,pos,0,0.0,0,pos
FUN_007335,0,0.0,0,pos,0,0.0,0,pos
FUN_005003,0,0.0,0,pos,0,0.0,0,pos
FUN_001378,0,0.0,0,pos,0,0.0,0,pos
FUN_005517,0,0.0,0,pos,0,0.0,0,pos
FUN_006882,0,0.0,0,pos,0,0.0,0,pos
FUN_002533,0,0.0,0,pos,0,0.0,0,pos
FUN_001524,0,0.0,0,pos,0,0.0,0,pos
FUN_004924,114,0.22093023255813954,1,pos_s246_e342,60,0.11627906976744186,1,pos_s282_e342
FUN_016355,0,0.0,0,pos,0,0.0,0,pos
FUN_003658,0,0.0,0,pos,0,0.0,0,pos
FUN_006580,0,0.0,0,pos,0,0.0,0,pos
FUN_007144,0,0.0,0,pos,0,0.0,0,pos
FUN_002877,0,0.0,0,pos,0,0.0,0,pos
FUN_016823,0,0.0,0,pos,0,0.0,0,pos
FUN_016608,0,0.0,0,pos,0,0.0,0,pos
FUN_000713,0,0.0,0,pos,0,0.0,0,pos
FUN_004021,150,0.04911591355599214,2,pos_s1050_e1128_s2748_e2778,42,0.0137524557956778,1,pos_s1086_e1116
FUN_001499,0,0.0,0,pos,0,0.0,0,pos
FUN_007928,132,0.026862026862026864,1,pos_s54_e180,120,0.02442002442002442,1,pos_s54_e168
FUN_004572,0,0.0,0,pos,0,0.0,0,pos
FUN_007258,0,0.0,0,pos,0,0.0,0,pos
FUN_011316,36,0.06741573033707865,0,pos,0,0.0,0,pos
FUN_012505,0,0.0,0,pos,0,0.0,0,pos
FUN_008552,30,0.022935779816513763,0,pos,0,0.0,0,pos
FUN_002057,888,0.10954848260547742,7,pos_s180_e522_s618_e660_s1044_e1170_s1176_e1224_s1230_e1296_s1308_e1338_s5922_e6036,492,0.06069578090303479,5,pos_s180_e264_s360_e522_s618_e660_s1080_e1134_s5928_e5994
FUN_006028,30,0.011961722488038277,1,pos_s2070_e2100,0,0.0,0,pos
FUN_015256,0,0.0,0,pos,0,0.0,0,pos
FUN_015579,0,0.0,0,pos,0,0.0,0,pos
FUN_005629,0,0.0,0,pos,0,0.0,0,pos
FUN_011577,0,0.0,0,pos,0,0.0,0,pos
FUN_007111,0,0.0,0,pos,0,0.0,0,pos
FUN_005974,0,0.0,0,pos,0,0.0,0,pos
FUN_008188,84,0.208955223880597,2,pos_s216_e246_s252_e294,6,0.014925373134328358,0,pos
FUN_006269,0,0.0,0,pos,0,0.0,0,pos
FUN_002218,0,0.0,0,pos,0,0.0,0,pos
FUN_009516,0,0.0,0,pos,0,0.0,0,pos
FUN_015677,0,0.0,0,pos,0,0.0,0,pos
FUN_015629,0,0.0,0,pos,0,0.0,0,pos
FUN_009431,0,0.0,0,pos,0,0.0,0,pos
FUN_008676,0,0.0,0,pos,0,0.0,0,pos
FUN_004667,0,0.0,0,pos,0,0.0,0,pos
FUN_004229,0,0.0,0,pos,0,0.0,0,pos
FUN_002706,0,0.0,0,pos,0,0.0,0,pos
FUN_003493,0,0.0,0,pos,0,0.0,0,pos
FUN_016258,0,0.0,0,pos,0,0.0,0,pos
FUN_009361,0,0.0,0,pos,0,0.0,0,pos
FUN_004254,0,0.0,0,pos,0,0.0,0,pos
FUN_005818,204,0.04018912529550828,2,pos_s3684_e3762_s4416_e4530,60,0.01182033096926714,1,pos_s4476_e4530
FUN_010421,0,0.0,0,pos,0,0.0,0,pos
FUN_001937,84,0.25925925925925924,1,pos_s18_e102,60,0.18518518518518517,1,pos_s18_e78
FUN_003353,0,0.0,0,pos,0,0.0,0,pos
FUN_012455,72,0.07058823529411765,2,pos_s486_e516_s552_e588,12,0.011764705882352941,0,pos
FUN_001224,108,0.09137055837563451,1,pos_s714_e822,18,0.015228426395939087,0,pos
FUN_005288,0,0.0,0,pos,0,0.0,0,pos
FUN_001538,0,0.0,0,pos,0,0.0,0,pos
FUN_007643,0,0.0,0,pos,0,0.0,0,pos
FUN_001375,0,0.0,0,pos,0,0.0,0,pos
FUN_005127,0,0.0,0,pos,0,0.0,0,pos
FUN_001858,0,0.0,0,pos,0,0.0,0,pos
FUN_010531,0,0.0,0,pos,0,0.0,0,pos
FUN_011239,48,0.04819277108433735,1,pos_s912_e960,30,0.030120481927710843,1,pos_s918_e948
FUN_016380,0,0.0,0,pos,0,0.0,0,pos
FUN_002514,516,0.30824372759856633,4,pos_s144_e222_s816_e846_s882_e1224_s1338_e1368,210,0.12544802867383512,3,pos_s882_e918_s1044_e1110_s1152_e1182
FUN_005880,132,0.04365079365079365,2,pos_s2556_e2652_s2658_e2688,96,0.031746031746031744,1,pos_s2556_e2652
FUN_002724,12,0.04081632653061224,0,pos,0,0.0,0,pos
FUN_001974,0,0.0,0,pos,0,0.0,0,pos
FUN_000505,0,0.0,0,pos,0,0.0,0,pos
FUN_001771,0,0.0,0,pos,0,0.0,0,pos
FUN_005090,0,0.0,0,pos,0,0.0,0,pos
FUN_002354,0,0.0,0,pos,0,0.0,0,pos
FUN_004705,0,0.0,0,pos,0,0.0,0,pos
FUN_002015,132,0.13333333333333333,2,pos_s198_e234_s408_e456,6,0.006060606060606061,0,pos
FUN_008390,0,0.0,0,pos,0,0.0,0,pos
FUN_007787,0,0.0,0,pos,0,0.0,0,pos
FUN_005443,66,0.023206751054852322,1,pos_s630_e666,0,0.0,0,pos
FUN_012294,0,0.0,0,pos,0,0.0,0,pos
FUN_016728,0,0.0,0,pos,0,0.0,0,pos
FUN_000601,0,0.0,0,pos,0,0.0,0,pos
FUN_010985,0,0.0,0,pos,0,0.0,0,pos
FUN_005089,0,0.0,0,pos,0,0.0,0,pos
FUN_007095,84,0.0330188679245283,1,pos_s1626_e1704,0,0.0,0,pos
FUN_010340,18,0.005597014925373134,0,pos,0,0.0,0,pos
FUN_006489,0,0.0,0,pos,0,0.0,0,pos
FUN_003062,12,0.006191950464396285,0,pos,0,0.0,0,pos
FUN_015730,0,0.0,0,pos,0,0.0,0,pos
FUN_010666,0,0.0,0,pos,0,0.0,0,pos
FUN_005514,0,0.0,0,pos,0,0.0,0,pos
FUN_012224,0,0.0,0,pos,0,0.0,0,pos
FUN_003895,0,0.0,0,pos,0,0.0,0,pos
FUN_002643,0,0.0,0,pos,0,0.0,0,pos
FUN_001972,36,0.01680672268907563,1,pos_s606_e642,0,0.0,0,pos
FUN_008624,0,0.0,0,pos,0,0.0,0,pos
FUN_009957,54,0.02710843373493976,1,pos_s174_e210,0,0.0,0,pos
FUN_004943,450,0.05426917510853835,3,pos_s3234_e3306_s4362_e4548_s5850_e5958,132,0.015918958031837915,1,pos_s4362_e4434
FUN_002208,138,0.07641196013289037,2,pos_s90_e138_s1026_e1062,18,0.009966777408637873,0,pos
FUN_005375,0,0.0,0,pos,0,0.0,0,pos
FUN_001971,0,0.0,0,pos,0,0.0,0,pos
FUN_015785,0,0.0,0,pos,0,0.0,0,pos
FUN_010254,0,0.0,0,pos,0,0.0,0,pos
FUN_011829,0,0.0,0,pos,0,0.0,0,pos
FUN_015329,0,0.0,0,pos,0,0.0,0,pos
FUN_000254,0,0.0,0,pos,0,0.0,0,pos
FUN_006859,0,0.0,0,pos,0,0.0,0,pos
FUN_004836,48,0.47058823529411764,0,pos,12,0.11764705882352941,0,pos
FUN_011132,48,0.13793103448275862,1,pos_s216_e246,6,0.017241379310344827,0,pos
FUN_009488,0,0.0,0,pos,0,0.0,0,pos
FUN_005499,0,0.0,0,pos,0,0.0,0,pos
FUN_016179,0,0.0,0,pos,0,0.0,0,pos
FUN_008418,0,0.0,0,pos,0,0.0,0,pos
FUN_006777,78,0.048507462686567165,2,pos_s90_e120_s1200_e1248,18,0.011194029850746268,0,pos
FUN_005123,0,0.0,0,pos,0,0.0,0,pos
FUN_006578,0,0.0,0,pos,0,0.0,0,pos
FUN_005039,0,0.0,0,pos,0,0.0,0,pos
FUN_005401,0,0.0,0,pos,0,0.0,0,pos
FUN_002491,0,0.0,0,pos,0,0.0,0,pos
FUN_012267,0,0.0,0,pos,0,0.0,0,pos
FUN_002273,54,0.07627118644067797,1,pos_s114_e162,0,0.0,0,pos
FUN_010435,6,0.0011507479861910242,0,pos,0,0.0,0,pos
FUN_011422,54,0.008840864440078585,1,pos_s3414_e3450,6,0.0009823182711198428,0,pos
FUN_008088,0,0.0,0,pos,0,0.0,0,pos
FUN_007475,0,0.0,0,pos,0,0.0,0,pos
FUN_015828,0,0.0,0,pos,0,0.0,0,pos
FUN_006074,0,0.0,0,pos,0,0.0,0,pos
FUN_011433,384,0.061010486177311724,4,pos_s1626_e1740_s2898_e2988_s4548_e4626_s5778_e5826,198,0.03145853193517636,2,pos_s1644_e1740_s4566_e4626
FUN_012194,0,0.0,0,pos,0,0.0,0,pos
FUN_004859,0,0.0,0,pos,0,0.0,0,pos
FUN_004284,6,0.007194244604316547,0,pos,0,0.0,0,pos
FUN_001123,0,0.0,0,pos,0,0.0,0,pos
FUN_002433,36,0.017964071856287425,0,pos,0,0.0,0,pos
FUN_001334,0,0.0,0,pos,0,0.0,0,pos
FUN_004510,0,0.0,0,pos,0,0.0,0,pos
FUN_007038,0,0.0,0,pos,0,0.0,0,pos
FUN_006029,0,0.0,0,pos,0,0.0,0,pos
FUN_007245,114,0.0811965811965812,1,pos_s912_e1008,0,0.0,0,pos
FUN_011356,0,0.0,0,pos,0,0.0,0,pos
FUN_007740,0,0.0,0,pos,0,0.0,0,pos
FUN_006170,156,0.09558823529411764,2,pos_s1422_e1470_s1476_e1572,66,0.04044117647058824,1,pos_s1506_e1536
FUN_005159,0,0.0,0,pos,0,0.0,0,pos
FUN_006748,0,0.0,0,pos,0,0.0,0,pos
FUN_003367,0,0.0,0,pos,0,0.0,0,pos
FUN_012288,0,0.0,0,pos,0,0.0,0,pos
FUN_002329,0,0.0,0,pos,0,0.0,0,pos
FUN_010867,0,0.0,0,pos,0,0.0,0,pos
FUN_008367,0,0.0,0,pos,0,0.0,0,pos
FUN_000706,0,0.0,0,pos,0,0.0,0,pos
FUN_011712,0,0.0,0,pos,0,0.0,0,pos
FUN_008396,66,0.04198473282442748,1,pos_s1056_e1104,0,0.0,0,pos
FUN_007472,0,0.0,0,pos,0,0.0,0,pos
FUN_008863,0,0.0,0,pos,0,0.0,0,pos
FUN_003985,252,0.07058823529411765,3,pos_s762_e804_s942_e1056_s2940_e2982,120,0.03361344537815126,1,pos_s942_e1038
FUN_006464,48,0.008998875140607425,1,pos_s3942_e3990,12,0.0022497187851518562,0,pos
FUN_010430,30,0.06666666666666667,1,pos_s330_e360,0,0.0,0,pos
FUN_015540,0,0.0,0,pos,0,0.0,0,pos
FUN_006614,12,0.0625,0,pos,0,0.0,0,pos
FUN_007616,0,0.0,0,pos,0,0.0,0,pos
FUN_016623,0,0.0,0,pos,0,0.0,0,pos
FUN_002089,0,0.0,0,pos,0,0.0,0,pos
FUN_000391,78,0.09352517985611511,1,pos_s0_e78,0,0.0,0,pos
FUN_012240,0,0.0,0,pos,0,0.0,0,pos
FUN_001277,6,0.006666666666666667,0,pos,0,0.0,0,pos
FUN_016261,0,0.0,0,pos,0,0.0,0,pos
FUN_005330,0,0.0,0,pos,0,0.0,0,pos
FUN_008060,0,0.0,0,pos,0,0.0,0,pos
FUN_015583,0,0.0,0,pos,0,0.0,0,pos
FUN_005194,0,0.0,0,pos,0,0.0,0,pos
FUN_012313,0,0.0,0,pos,0,0.0,0,pos
FUN_000350,102,0.22666666666666666,1,pos_s174_e258,12,0.02666666666666667,0,pos
FUN_011893,0,0.0,0,pos,0,0.0,0,pos
FUN_001141,30,0.0021008403361344537,0,pos,0,0.0,0,pos
FUN_010354,0,0.0,0,pos,0,0.0,0,pos
FUN_008567,138,0.0732484076433121,3,pos_s0_e36_s972_e1002_s1032_e1080,42,0.022292993630573247,1,pos_s0_e30
FUN_011200,84,0.03398058252427184,1,pos_s2016_e2064,54,0.021844660194174758,1,pos_s2022_e2064
FUN_005000,0,0.0,0,pos,0,0.0,0,pos
FUN_009215,72,0.005813953488372093,1,pos_s11964_e12012,0,0.0,0,pos
FUN_007734,0,0.0,0,pos,0,0.0,0,pos
FUN_012301,0,0.0,0,pos,0,0.0,0,pos
FUN_011139,0,0.0,0,pos,0,0.0,0,pos
FUN_010371,0,0.0,0,pos,0,0.0,0,pos
FUN_004559,492,0.14721723518850988,3,pos_s1092_e1194_s1224_e1332_s3096_e3270,312,0.0933572710951526,3,pos_s1116_e1194_s1224_e1332_s3180_e3270
FUN_010903,0,0.0,0,pos,0,0.0,0,pos
FUN_004532,0,0.0,0,pos,0,0.0,0,pos
FUN_015302,0,0.0,0,pos,0,0.0,0,pos
FUN_012218,0,0.0,0,pos,0,0.0,0,pos
FUN_008003,0,0.0,0,pos,0,0.0,0,pos
FUN_007203,48,0.03319502074688797,1,pos_s1044_e1092,0,0.0,0,pos
FUN_016284,0,0.0,0,pos,0,0.0,0,pos
FUN_008983,0,0.0,0,pos,0,0.0,0,pos
FUN_003510,234,0.17488789237668162,4,pos_s66_e102_s888_e948_s1032_e1080_s1134_e1206,12,0.008968609865470852,0,pos
FUN_010942,48,0.11428571428571428,1,pos_s42_e90,18,0.04285714285714286,0,pos
FUN_016675,0,0.0,0,pos,0,0.0,0,pos
FUN_000933,0,0.0,0,pos,0,0.0,0,pos
FUN_015799,0,0.0,0,pos,0,0.0,0,pos
FUN_004213,0,0.0,0,pos,0,0.0,0,pos
FUN_002812,0,0.0,0,pos,0,0.0,0,pos
FUN_015469,0,0.0,0,pos,0,0.0,0,pos
FUN_006233,0,0.0,0,pos,0,0.0,0,pos
FUN_000737,0,0.0,0,pos,0,0.0,0,pos
FUN_015715,0,0.0,0,pos,0,0.0,0,pos
FUN_003744,54,0.041666666666666664,0,pos,0,0.0,0,pos
FUN_001088,0,0.0,0,pos,0,0.0,0,pos
FUN_015749,0,0.0,0,pos,0,0.0,0,pos
FUN_004107,0,0.0,0,pos,0,0.0,0,pos
FUN_002969,0,0.0,0,pos,0,0.0,0,pos
FUN_016212,108,0.06691449814126393,1,pos_s480_e576,30,0.01858736059479554,0,pos
FUN_008468,42,0.021739130434782608,0,pos,18,0.009316770186335404,0,pos
FUN_011986,6,0.0035714285714285713,0,pos,0,0.0,0,pos
FUN_002793,0,0.0,0,pos,0,0.0,0,pos
FUN_002142,0,0.0,0,pos,0,0.0,0,pos
FUN_001550,54,0.08571428571428572,0,pos,24,0.0380952380952381,0,pos
FUN_004012,0,0.0,0,pos,0,0.0,0,pos
FUN_006876,0,0.0,0,pos,0,0.0,0,pos
FUN_003679,0,0.0,0,pos,0,0.0,0,pos
FUN_006267,48,0.017582417582417582,1,pos_s1032_e1080,6,0.002197802197802198,0,pos
FUN_005889,0,0.0,0,pos,0,0.0,0,pos
FUN_009445,0,0.0,0,pos,0,0.0,0,pos
FUN_009322,0,0.0,0,pos,0,0.0,0,pos
FUN_011787,0,0.0,0,pos,0,0.0,0,pos
FUN_011608,0,0.0,0,pos,0,0.0,0,pos
FUN_011381,0,0.0,0,pos,0,0.0,0,pos
FUN_016313,0,0.0,0,pos,0,0.0,0,pos
FUN_003923,0,0.0,0,pos,0,0.0,0,pos
FUN_012324,0,0.0,0,pos,0,0.0,0,pos
FUN_009297,0,0.0,0,pos,0,0.0,0,pos
FUN_000158,0,0.0,0,pos,0,0.0,0,pos
FUN_010568,0,0.0,0,pos,0,0.0,0,pos
FUN_008517,78,0.06951871657754011,2,pos_s996_e1026_s1032_e1080,0,0.0,0,pos
FUN_010212,0,0.0,0,pos,0,0.0,0,pos
FUN_005520,6,0.002583979328165375,0,pos,0,0.0,0,pos
FUN_001247,0,0.0,0,pos,0,0.0,0,pos
FUN_016667,0,0.0,0,pos,0,0.0,0,pos
FUN_007919,0,0.0,0,pos,0,0.0,0,pos
FUN_001536,0,0.0,0,pos,0,0.0,0,pos
FUN_015318,0,0.0,0,pos,0,0.0,0,pos
FUN_008864,240,0.05822416302765648,3,pos_s2196_e2232_s2406_e2448_s2478_e2574,84,0.020378457059679767,1,pos_s2502_e2568
FUN_006246,18,0.010526315789473684,0,pos,0,0.0,0,pos
FUN_006670,48,0.01609657947686117,1,pos_s2712_e2742,0,0.0,0,pos
FUN_000173,0,0.0,0,pos,0,0.0,0,pos
FUN_003628,0,0.0,0,pos,0,0.0,0,pos
FUN_000687,90,0.01838235294117647,1,pos_s3732_e3804,6,0.0012254901960784314,0,pos
FUN_006838,0,0.0,0,pos,0,0.0,0,pos
FUN_005427,114,0.0521978021978022,1,pos_s1338_e1434,6,0.0027472527472527475,0,pos
FUN_011413,0,0.0,0,pos,0,0.0,0,pos
FUN_010673,42,0.019498607242339833,1,pos_s912_e954,0,0.0,0,pos
FUN_009695,0,0.0,0,pos,0,0.0,0,pos
FUN_010694,0,0.0,0,pos,0,0.0,0,pos
FUN_009680,0,0.0,0,pos,0,0.0,0,pos
FUN_006367,0,0.0,0,pos,0,0.0,0,pos
FUN_008732,204,0.06451612903225806,2,pos_s1014_e1182_s1854_e1890,138,0.04364326375711575,1,pos_s1068_e1182
FUN_015468,0,0.0,0,pos,0,0.0,0,pos
FUN_007859,0,0.0,0,pos,0,0.0,0,pos
FUN_006868,0,0.0,0,pos,0,0.0,0,pos
FUN_010941,0,0.0,0,pos,0,0.0,0,pos
FUN_003815,72,0.024896265560165973,1,pos_s426_e456,6,0.002074688796680498,0,pos
FUN_004608,6,0.0011210762331838565,0,pos,0,0.0,0,pos
FUN_001761,144,0.24742268041237114,2,pos_s48_e90_s132_e228,72,0.12371134020618557,1,pos_s174_e228
FUN_008906,48,0.00997506234413965,1,pos_s330_e372,0,0.0,0,pos
FUN_008245,0,0.0,0,pos,0,0.0,0,pos
FUN_015327,0,0.0,0,pos,0,0.0,0,pos
FUN_002384,0,0.0,0,pos,0,0.0,0,pos
FUN_001506,0,0.0,0,pos,0,0.0,0,pos
FUN_011302,0,0.0,0,pos,0,0.0,0,pos
FUN_008224,0,0.0,0,pos,0,0.0,0,pos
FUN_007891,0,0.0,0,pos,0,0.0,0,pos
FUN_005860,0,0.0,0,pos,0,0.0,0,pos
FUN_002561,60,0.03663003663003663,1,pos_s180_e216,0,0.0,0,pos
FUN_003137,0,0.0,0,pos,0,0.0,0,pos
FUN_008362,84,0.17721518987341772,2,pos_s336_e378_s420_e456,36,0.0759493670886076,1,pos_s342_e378
FUN_005817,0,0.0,0,pos,0,0.0,0,pos
FUN_002171,0,0.0,0,pos,0,0.0,0,pos
FUN_011617,0,0.0,0,pos,0,0.0,0,pos
FUN_007504,24,0.007380073800738007,0,pos,6,0.0018450184501845018,0,pos
FUN_003415,0,0.0,0,pos,0,0.0,0,pos
FUN_002024,0,0.0,0,pos,0,0.0,0,pos
FUN_006043,0,0.0,0,pos,0,0.0,0,pos
FUN_006385,0,0.0,0,pos,0,0.0,0,pos
FUN_001948,0,0.0,0,pos,0,0.0,0,pos
FUN_003559,180,0.053003533568904596,2,pos_s1146_e1206_s2004_e2046,96,0.028268551236749116,1,pos_s1152_e1206
FUN_002838,0,0.0,0,pos,0,0.0,0,pos
FUN_001132,0,0.0,0,pos,0,0.0,0,pos
FUN_016456,0,0.0,0,pos,0,0.0,0,pos
FUN_011618,0,0.0,0,pos,0,0.0,0,pos
FUN_009946,0,0.0,0,pos,0,0.0,0,pos
FUN_004037,0,0.0,0,pos,0,0.0,0,pos
FUN_000926,0,0.0,0,pos,0,0.0,0,pos
FUN_012182,0,0.0,0,pos,0,0.0,0,pos
FUN_006132,0,0.0,0,pos,0,0.0,0,pos
FUN_009272,0,0.0,0,pos,0,0.0,0,pos
FUN_004909,0,0.0,0,pos,0,0.0,0,pos
FUN_002776,0,0.0,0,pos,0,0.0,0,pos
FUN_008254,0,0.0,0,pos,0,0.0,0,pos
FUN_002507,0,0.0,0,pos,0,0.0,0,pos
FUN_010315,66,0.013924050632911392,1,pos_s2862_e2922,0,0.0,0,pos
FUN_005279,0,0.0,0,pos,0,0.0,0,pos
FUN_000415,42,0.015659955257270694,1,pos_s1740_e1782,0,0.0,0,pos
FUN_003505,0,0.0,0,pos,0,0.0,0,pos
FUN_016833,0,0.0,0,pos,0,0.0,0,pos
FUN_003952,156,0.09420289855072464,2,pos_s396_e438_s1008_e1068,6,0.0036231884057971015,0,pos
FUN_009614,126,0.23076923076923078,1,pos_s276_e324,24,0.04395604395604396,0,pos
FUN_001235,0,0.0,0,pos,0,0.0,0,pos
FUN_016215,0,0.0,0,pos,0,0.0,0,pos
FUN_005087,42,0.08536585365853659,0,pos,12,0.024390243902439025,0,pos
FUN_003988,0,0.0,0,pos,0,0.0,0,pos
FUN_009849,0,0.0,0,pos,0,0.0,0,pos
FUN_006585,0,0.0,0,pos,0,0.0,0,pos
FUN_005247,0,0.0,0,pos,0,0.0,0,pos
FUN_015461,0,0.0,0,pos,0,0.0,0,pos
FUN_012167,0,0.0,0,pos,0,0.0,0,pos
FUN_000607,0,0.0,0,pos,0,0.0,0,pos
FUN_016760,0,0.0,0,pos,0,0.0,0,pos
FUN_003856,432,0.12478336221837089,2,pos_s246_e498_s750_e912,276,0.07972270363951472,2,pos_s306_e498_s840_e900
FUN_005088,0,0.0,0,pos,0,0.0,0,pos
FUN_016010,0,0.0,0,pos,0,0.0,0,pos
FUN_001631,0,0.0,0,pos,0,0.0,0,pos
FUN_000716,0,0.0,0,pos,0,0.0,0,pos
FUN_006548,0,0.0,0,pos,0,0.0,0,pos
FUN_015319,0,0.0,0,pos,0,0.0,0,pos
FUN_000645,0,0.0,0,pos,0,0.0,0,pos
FUN_002960,180,0.11194029850746269,3,pos_s18_e48_s246_e318_s894_e948,66,0.041044776119402986,1,pos_s252_e318
FUN_007939,66,0.05555555555555555,1,pos_s624_e690,0,0.0,0,pos
FUN_006173,0,0.0,0,pos,0,0.0,0,pos
FUN_000215,0,0.0,0,pos,0,0.0,0,pos
FUN_010943,0,0.0,0,pos,0,0.0,0,pos
FUN_005783,0,0.0,0,pos,0,0.0,0,pos
FUN_000045,0,0.0,0,pos,0,0.0,0,pos
FUN_000833,120,0.015432098765432098,2,pos_s1530_e1596_s6588_e6642,54,0.006944444444444444,1,pos_s6588_e6642
FUN_006860,0,0.0,0,pos,0,0.0,0,pos
FUN_016122,0,0.0,0,pos,0,0.0,0,pos
FUN_009830,0,0.0,0,pos,0,0.0,0,pos
FUN_003846,90,0.006313131313131313,1,pos_s6660_e6708,60,0.004208754208754209,1,pos_s6660_e6690
FUN_004685,0,0.0,0,pos,0,0.0,0,pos
FUN_000761,42,0.032407407407407406,1,pos_s96_e138,0,0.0,0,pos
FUN_008386,0,0.0,0,pos,0,0.0,0,pos
FUN_001566,0,0.0,0,pos,0,0.0,0,pos
FUN_001232,48,0.010050251256281407,1,pos_s534_e570,0,0.0,0,pos
FUN_015682,0,0.0,0,pos,0,0.0,0,pos
FUN_004441,0,0.0,0,pos,0,0.0,0,pos
FUN_009502,12,0.015503875968992248,0,pos,0,0.0,0,pos
FUN_008838,558,0.12722298221614228,7,pos_s618_e720_s828_e858_s1062_e1176_s2592_e2670_s3060_e3174_s3234_e3294_s3348_e3384,216,0.049247606019151846,2,pos_s1080_e1176_s3084_e3174
FUN_001703,0,0.0,0,pos,0,0.0,0,pos
FUN_012165,0,0.0,0,pos,0,0.0,0,pos
FUN_006767,30,0.013123359580052493,1,pos_s1704_e1734,0,0.0,0,pos
FUN_011397,6,0.004166666666666667,0,pos,0,0.0,0,pos
FUN_016825,0,0.0,0,pos,0,0.0,0,pos
FUN_016419,0,0.0,0,pos,0,0.0,0,pos
FUN_015779,0,0.0,0,pos,0,0.0,0,pos
FUN_011836,0,0.0,0,pos,0,0.0,0,pos
FUN_016119,0,0.0,0,pos,0,0.0,0,pos
FUN_007805,0,0.0,0,pos,0,0.0,0,pos
FUN_002756,0,0.0,0,pos,0,0.0,0,pos
FUN_004728,0,0.0,0,pos,0,0.0,0,pos
FUN_012368,0,0.0,0,pos,0,0.0,0,pos
FUN_002922,0,0.0,0,pos,0,0.0,0,pos
FUN_005399,0,0.0,0,pos,0,0.0,0,pos
FUN_007424,0,0.0,0,pos,0,0.0,0,pos
FUN_010611,702,0.2154696132596685,5,pos_s246_e360_s1578_e1728_s1974_e2178_s2382_e2460_s2856_e2964,126,0.03867403314917127,1,pos_s2382_e2448
FUN_006094,0,0.0,0,pos,0,0.0,0,pos
FUN_001632,0,0.0,0,pos,0,0.0,0,pos
FUN_001658,60,0.006199628022318661,1,pos_s9510_e9546,6,0.0006199628022318661,0,pos
FUN_000903,0,0.0,0,pos,0,0.0,0,pos
FUN_007170,510,0.14604810996563575,7,pos_s798_e906_s1332_e1386_s1446_e1500_s2322_e2370_s2376_e2472_s2718_e2790_s3336_e3366,132,0.037800687285223365,2,pos_s852_e894_s2424_e2472
FUN_000227,30,0.020161290322580645,0,pos,24,0.016129032258064516,0,pos
FUN_005892,120,0.0851063829787234,2,pos_s90_e138_s534_e600,0,0.0,0,pos
FUN_007428,18,0.005714285714285714,0,pos,0,0.0,0,pos
FUN_011110,24,0.02857142857142857,0,pos,0,0.0,0,pos
FUN_006901,78,0.13,1,pos_s450_e528,24,0.04,0,pos
FUN_007148,0,0.0,0,pos,0,0.0,0,pos
FUN_009111,0,0.0,0,pos,0,0.0,0,pos
FUN_008894,0,0.0,0,pos,0,0.0,0,pos
FUN_009163,0,0.0,0,pos,0,0.0,0,pos
FUN_008228,78,0.019756838905775075,1,pos_s3540_e3594,12,0.00303951367781155,0,pos
FUN_015535,0,0.0,0,pos,0,0.0,0,pos
FUN_016647,0,0.0,0,pos,0,0.0,0,pos
FUN_008609,0,0.0,0,pos,0,0.0,0,pos
FUN_009717,0,0.0,0,pos,0,0.0,0,pos
FUN_005436,0,0.0,0,pos,0,0.0,0,pos
FUN_009261,0,0.0,0,pos,0,0.0,0,pos
FUN_010468,0,0.0,0,pos,0,0.0,0,pos
FUN_001320,0,0.0,0,pos,0,0.0,0,pos
FUN_005711,0,0.0,0,pos,0,0.0,0,pos
FUN_009703,0,0.0,0,pos,0,0.0,0,pos
FUN_002946,0,0.0,0,pos,0,0.0,0,pos
FUN_000125,0,0.0,0,pos,0,0.0,0,pos
FUN_002047,0,0.0,0,pos,0,0.0,0,pos
FUN_006469,0,0.0,0,pos,0,0.0,0,pos
FUN_015572,0,0.0,0,pos,0,0.0,0,pos
FUN_016502,0,0.0,0,pos,0,0.0,0,pos
FUN_003252,30,0.024875621890547265,1,pos_s264_e294,0,0.0,0,pos
FUN_002581,0,0.0,0,pos,0,0.0,0,pos
FUN_011350,108,0.391304347826087,1,pos_s126_e234,0,0.0,0,pos
FUN_007416,78,0.0045871559633027525,1,pos_s16482_e16530,0,0.0,0,pos
FUN_010025,6,0.0058823529411764705,0,pos,0,0.0,0,pos
FUN_007995,12,0.019801980198019802,0,pos,0,0.0,0,pos
FUN_010857,0,0.0,0,pos,0,0.0,0,pos
FUN_006540,72,0.08108108108108109,1,pos_s660_e690,0,0.0,0,pos
FUN_006794,0,0.0,0,pos,0,0.0,0,pos
FUN_007113,0,0.0,0,pos,0,0.0,0,pos
FUN_009540,0,0.0,0,pos,0,0.0,0,pos
FUN_000592,18,0.011627906976744186,0,pos,0,0.0,0,pos
FUN_007380,276,0.07087827426810478,4,pos_s1602_e1680_s2406_e2454_s2652_e2700_s3324_e3372,30,0.007704160246533128,0,pos
FUN_001590,90,0.020242914979757085,1,pos_s2022_e2070,0,0.0,0,pos
FUN_007193,390,0.2653061224489796,3,pos_s30_e186_s480_e522_s876_e990,162,0.11020408163265306,1,pos_s42_e186
FUN_010184,6,0.0038910505836575876,0,pos,0,0.0,0,pos
FUN_007549,0,0.0,0,pos,0,0.0,0,pos
FUN_011054,0,0.0,0,pos,0,0.0,0,pos
FUN_001364,0,0.0,0,pos,0,0.0,0,pos
FUN_001003,66,0.017713365539452495,1,pos_s534_e576,0,0.0,0,pos
FUN_000103,0,0.0,0,pos,0,0.0,0,pos
FUN_006896,0,0.0,0,pos,0,0.0,0,pos
FUN_005049,0,0.0,0,pos,0,0.0,0,pos
FUN_016536,0,0.0,0,pos,0,0.0,0,pos
FUN_010072,0,0.0,0,pos,0,0.0,0,pos
FUN_011866,0,0.0,0,pos,0,0.0,0,pos
FUN_000078,0,0.0,0,pos,0,0.0,0,pos
FUN_000731,0,0.0,0,pos,0,0.0,0,pos
FUN_003238,0,0.0,0,pos,0,0.0,0,pos
FUN_007973,0,0.0,0,pos,0,0.0,0,pos
FUN_010527,0,0.0,0,pos,0,0.0,0,pos
FUN_005681,0,0.0,0,pos,0,0.0,0,pos
FUN_008997,24,0.021739130434782608,0,pos,12,0.010869565217391304,0,pos
FUN_010716,24,0.032520325203252036,0,pos,0,0.0,0,pos
FUN_008931,0,0.0,0,pos,0,0.0,0,pos
FUN_001912,12,0.06060606060606061,0,pos,0,0.0,0,pos
FUN_010281,90,0.15,1,pos_s60_e144,0,0.0,0,pos
FUN_009099,54,0.03461538461538462,1,pos_s0_e54,12,0.007692307692307693,0,pos
FUN_004830,0,0.0,0,pos,0,0.0,0,pos
FUN_007547,0,0.0,0,pos,0,0.0,0,pos
FUN_011295,18,0.005474452554744526,0,pos,0,0.0,0,pos
FUN_000235,174,0.02262090483619345,2,pos_s2124_e2172_s3762_e3852,54,0.0070202808112324495,1,pos_s2124_e2172
FUN_005811,6,0.0022624434389140274,0,pos,0,0.0,0,pos
FUN_012487,42,0.021021021021021023,0,pos,12,0.006006006006006006,0,pos
FUN_012150,0,0.0,0,pos,0,0.0,0,pos
FUN_016551,0,0.0,0,pos,0,0.0,0,pos
FUN_000280,0,0.0,0,pos,0,0.0,0,pos
FUN_015737,0,0.0,0,pos,0,0.0,0,pos
FUN_007368,84,0.03664921465968586,1,pos_s54_e120,0,0.0,0,pos
FUN_009013,0,0.0,0,pos,0,0.0,0,pos
FUN_008946,0,0.0,0,pos,0,0.0,0,pos
FUN_000277,6,0.0035211267605633804,0,pos,0,0.0,0,pos
FUN_006304,0,0.0,0,pos,0,0.0,0,pos
FUN_008149,54,0.08333333333333333,1,pos_s0_e54,36,0.05555555555555555,1,pos_s6_e42
FUN_016819,0,0.0,0,pos,0,0.0,0,pos
FUN_005561,0,0.0,0,pos,0,0.0,0,pos
FUN_010588,0,0.0,0,pos,0,0.0,0,pos
FUN_010178,0,0.0,0,pos,0,0.0,0,pos
FUN_008808,0,0.0,0,pos,0,0.0,0,pos
FUN_016864,0,0.0,0,pos,0,0.0,0,pos
FUN_004255,0,0.0,0,pos,0,0.0,0,pos
FUN_005932,276,0.5054945054945055,2,pos_s96_e288_s342_e402,72,0.13186813186813187,1,pos_s102_e138
FUN_003870,132,0.05392156862745098,2,pos_s1956_e1998_s2034_e2112,66,0.02696078431372549,1,pos_s2052_e2112
FUN_006893,24,0.00823045267489712,0,pos,0,0.0,0,pos
FUN_003150,0,0.0,0,pos,0,0.0,0,pos
FUN_000831,0,0.0,0,pos,0,0.0,0,pos
FUN_001718,12,0.03076923076923077,0,pos,0,0.0,0,pos
FUN_010263,756,0.2012779552715655,7,pos_s1404_e1566_s2010_e2064_s2274_e2364_s2526_e2622_s2718_e2754_s2838_e3030_s3072_e3108,366,0.09744408945686901,4,pos_s2304_e2364_s2550_e2622_s2838_e2916_s2952_e3000
FUN_007341,198,0.11785714285714285,2,pos_s174_e228_s1254_e1326,0,0.0,0,pos
FUN_010768,0,0.0,0,pos,0,0.0,0,pos
FUN_016109,0,0.0,0,pos,0,0.0,0,pos
FUN_002707,0,0.0,0,pos,0,0.0,0,pos
FUN_009866,6,0.0044444444444444444,0,pos,0,0.0,0,pos
FUN_010745,0,0.0,0,pos,0,0.0,0,pos
FUN_001642,48,0.03292181069958848,1,pos_s666_e714,18,0.012345679012345678,0,pos
FUN_012349,0,0.0,0,pos,0,0.0,0,pos
FUN_005016,0,0.0,0,pos,0,0.0,0,pos
FUN_005978,0,0.0,0,pos,0,0.0,0,pos
FUN_009048,0,0.0,0,pos,0,0.0,0,pos
FUN_002688,54,0.02710843373493976,1,pos_s1140_e1182,24,0.012048192771084338,0,pos
FUN_008211,54,0.05357142857142857,0,pos,6,0.005952380952380952,0,pos
FUN_001782,66,0.0291005291005291,1,pos_s906_e936,6,0.0026455026455026454,0,pos
FUN_006561,0,0.0,0,pos,0,0.0,0,pos
FUN_008546,0,0.0,0,pos,0,0.0,0,pos
FUN_003455,234,0.16810344827586207,4,pos_s522_e564_s1008_e1044_s1092_e1128_s1308_e1374,48,0.034482758620689655,1,pos_s1320_e1368
FUN_009318,0,0.0,0,pos,0,0.0,0,pos
FUN_009974,0,0.0,0,pos,0,0.0,0,pos
FUN_009927,0,0.0,0,pos,0,0.0,0,pos
FUN_001072,0,0.0,0,pos,0,0.0,0,pos
FUN_003983,42,0.014644351464435146,1,pos_s2208_e2250,0,0.0,0,pos
FUN_010134,0,0.0,0,pos,0,0.0,0,pos
FUN_007439,498,0.08654848800834203,5,pos_s936_e966_s2010_e2094_s2382_e2490_s5250_e5280_s5310_e5508,240,0.04171011470281543,3,pos_s936_e966_s2382_e2478_s5310_e5364
FUN_005020,0,0.0,0,pos,0,0.0,0,pos
FUN_008811,0,0.0,0,pos,0,0.0,0,pos
FUN_012193,0,0.0,0,pos,0,0.0,0,pos
FUN_008825,480,0.11173184357541899,6,pos_s30_e90_s354_e402_s1008_e1056_s2640_e2712_s2892_e2922_s3816_e3936,48,0.0111731843575419,1,pos_s2640_e2688
FUN_003064,0,0.0,0,pos,0,0.0,0,pos
FUN_007032,0,0.0,0,pos,0,0.0,0,pos
FUN_009374,372,0.49206349206349204,4,pos_s204_e234_s240_e318_s324_e510_s546_e576,162,0.21428571428571427,2,pos_s270_e306_s432_e510
FUN_009774,18,0.005119453924914676,0,pos,0,0.0,0,pos
FUN_002407,0,0.0,0,pos,0,0.0,0,pos
FUN_015936,0,0.0,0,pos,0,0.0,0,pos
FUN_006727,48,0.0226628895184136,0,pos,6,0.0028328611898017,0,pos
FUN_003549,162,0.11440677966101695,2,pos_s546_e594_s726_e840,108,0.07627118644067797,1,pos_s750_e840
FUN_003914,288,0.027649769585253458,3,pos_s174_e246_s2424_e2526_s9498_e9576,66,0.006336405529953917,1,pos_s2466_e2526
FUN_010403,84,0.04827586206896552,1,pos_s612_e678,0,0.0,0,pos
FUN_003695,0,0.0,0,pos,0,0.0,0,pos
FUN_010699,48,0.14545454545454545,0,pos,0,0.0,0,pos
FUN_010482,0,0.0,0,pos,0,0.0,0,pos
FUN_003515,0,0.0,0,pos,0,0.0,0,pos
FUN_005754,0,0.0,0,pos,0,0.0,0,pos
FUN_010991,0,0.0,0,pos,0,0.0,0,pos
FUN_001312,0,0.0,0,pos,0,0.0,0,pos
FUN_011053,0,0.0,0,pos,0,0.0,0,pos
FUN_004092,6,0.003289473684210526,0,pos,0,0.0,0,pos
FUN_009121,0,0.0,0,pos,0,0.0,0,pos
FUN_008854,0,0.0,0,pos,0,0.0,0,pos
FUN_009553,84,0.014736842105263158,1,pos_s3864_e3948,0,0.0,0,pos
FUN_005647,0,0.0,0,pos,0,0.0,0,pos
FUN_006780,0,0.0,0,pos,0,0.0,0,pos
FUN_008148,102,0.27419354838709675,2,pos_s258_e324_s330_e366,6,0.016129032258064516,0,pos
FUN_005439,0,0.0,0,pos,0,0.0,0,pos
FUN_009395,0,0.0,0,pos,0,0.0,0,pos
FUN_002550,0,0.0,0,pos,0,0.0,0,pos
FUN_004127,12,0.011494252873563218,0,pos,0,0.0,0,pos
FUN_000509,6,0.005494505494505495,0,pos,0,0.0,0,pos
FUN_009598,0,0.0,0,pos,0,0.0,0,pos
FUN_003435,102,0.06439393939393939,1,pos_s30_e126,78,0.04924242424242424,1,pos_s66_e126
FUN_015786,0,0.0,0,pos,0,0.0,0,pos
FUN_007801,90,0.02242152466367713,1,pos_s1368_e1428,24,0.005979073243647235,0,pos
FUN_003284,84,0.0457516339869281,1,pos_s1200_e1230,0,0.0,0,pos
FUN_009860,0,0.0,0,pos,0,0.0,0,pos
FUN_010637,150,0.45454545454545453,2,pos_s0_e48_s168_e270,132,0.4,2,pos_s0_e48_s186_e270
FUN_006576,0,0.0,0,pos,0,0.0,0,pos
FUN_003592,0,0.0,0,pos,0,0.0,0,pos
FUN_004123,102,0.07112970711297072,2,pos_s960_e990_s1002_e1050,30,0.02092050209205021,0,pos
FUN_000451,174,0.052346570397111915,2,pos_s774_e822_s864_e942,36,0.010830324909747292,0,pos
FUN_002402,0,0.0,0,pos,0,0.0,0,pos
FUN_007809,30,0.022123893805309734,0,pos,0,0.0,0,pos
FUN_005073,0,0.0,0,pos,0,0.0,0,pos
FUN_001301,0,0.0,0,pos,0,0.0,0,pos
FUN_008072,6,0.004878048780487805,0,pos,0,0.0,0,pos
FUN_000196,0,0.0,0,pos,0,0.0,0,pos
FUN_002217,0,0.0,0,pos,0,0.0,0,pos
FUN_010017,0,0.0,0,pos,0,0.0,0,pos
FUN_016453,0,0.0,0,pos,0,0.0,0,pos
FUN_012190,0,0.0,0,pos,0,0.0,0,pos
FUN_015726,0,0.0,0,pos,0,0.0,0,pos
FUN_010384,0,0.0,0,pos,0,0.0,0,pos
FUN_002583,102,0.061371841155234655,1,pos_s1056_e1128,0,0.0,0,pos
FUN_005656,0,0.0,0,pos,0,0.0,0,pos
FUN_012220,168,0.2616822429906542,2,pos_s12_e90_s162_e246,156,0.24299065420560748,2,pos_s18_e90_s162_e246
FUN_006829,0,0.0,0,pos,0,0.0,0,pos
FUN_008014,132,0.009666080843585237,1,pos_s5166_e5280,102,0.007469244288224956,1,pos_s5190_e5280
FUN_007236,0,0.0,0,pos,0,0.0,0,pos
FUN_006656,0,0.0,0,pos,0,0.0,0,pos
FUN_003234,0,0.0,0,pos,0,0.0,0,pos
FUN_003624,0,0.0,0,pos,0,0.0,0,pos
FUN_005174,0,0.0,0,pos,0,0.0,0,pos
FUN_007648,264,0.23404255319148937,2,pos_s588_e666_s894_e1038,120,0.10638297872340426,1,pos_s894_e972
FUN_004529,0,0.0,0,pos,0,0.0,0,pos
FUN_001414,6,0.01818181818181818,0,pos,0,0.0,0,pos
FUN_009469,0,0.0,0,pos,0,0.0,0,pos
FUN_006040,0,0.0,0,pos,0,0.0,0,pos
FUN_004566,6,0.003215434083601286,0,pos,0,0.0,0,pos
FUN_000033,0,0.0,0,pos,0,0.0,0,pos
FUN_009073,78,0.020766773162939296,1,pos_s2922_e2964,18,0.004792332268370607,0,pos
FUN_002288,30,0.02512562814070352,1,pos_s852_e882,0,0.0,0,pos
FUN_000076,42,0.020958083832335328,0,pos,0,0.0,0,pos
FUN_004808,0,0.0,0,pos,0,0.0,0,pos
FUN_001187,12,0.02040816326530612,0,pos,0,0.0,0,pos
FUN_000924,0,0.0,0,pos,0,0.0,0,pos
FUN_011838,0,0.0,0,pos,0,0.0,0,pos
FUN_016820,0,0.0,0,pos,0,0.0,0,pos
FUN_011208,0,0.0,0,pos,0,0.0,0,pos
FUN_012205,0,0.0,0,pos,0,0.0,0,pos
FUN_012255,0,0.0,0,pos,0,0.0,0,pos
FUN_001686,6,0.004149377593360996,0,pos,0,0.0,0,pos
FUN_007204,0,0.0,0,pos,0,0.0,0,pos
FUN_015884,0,0.0,0,pos,0,0.0,0,pos
FUN_003584,0,0.0,0,pos,0,0.0,0,pos
FUN_000475,120,0.035842293906810034,2,pos_s732_e786_s918_e960,0,0.0,0,pos
FUN_002675,24,0.006546644844517185,0,pos,0,0.0,0,pos
FUN_016595,0,0.0,0,pos,0,0.0,0,pos
FUN_006604,48,0.04,1,pos_s906_e948,0,0.0,0,pos
FUN_008162,0,0.0,0,pos,0,0.0,0,pos
FUN_002270,0,0.0,0,pos,0,0.0,0,pos
FUN_004749,12,0.0055248618784530384,0,pos,0,0.0,0,pos
FUN_001530,54,0.04054054054054054,1,pos_s1056_e1086,0,0.0,0,pos
FUN_006679,0,0.0,0,pos,0,0.0,0,pos
FUN_004739,84,0.024263431542461005,1,pos_s198_e276,48,0.01386481802426343,1,pos_s240_e276
FUN_001608,0,0.0,0,pos,0,0.0,0,pos
FUN_009004,96,0.09876543209876543,1,pos_s744_e840,12,0.012345679012345678,0,pos
FUN_006225,0,0.0,0,pos,0,0.0,0,pos
FUN_003887,30,0.023923444976076555,0,pos,0,0.0,0,pos
FUN_003962,0,0.0,0,pos,0,0.0,0,pos
FUN_008976,0,0.0,0,pos,0,0.0,0,pos
FUN_000622,0,0.0,0,pos,0,0.0,0,pos
FUN_008381,0,0.0,0,pos,0,0.0,0,pos
FUN_009079,0,0.0,0,pos,0,0.0,0,pos
FUN_000204,0,0.0,0,pos,0,0.0,0,pos
FUN_007185,60,0.040983606557377046,1,pos_s246_e306,0,0.0,0,pos
FUN_012243,0,0.0,0,pos,0,0.0,0,pos
FUN_004765,48,0.01288244766505636,0,pos,0,0.0,0,pos
FUN_000161,0,0.0,0,pos,0,0.0,0,pos
FUN_000318,0,0.0,0,pos,0,0.0,0,pos
FUN_004238,0,0.0,0,pos,0,0.0,0,pos
FUN_000446,0,0.0,0,pos,0,0.0,0,pos
FUN_000305,0,0.0,0,pos,0,0.0,0,pos
FUN_002955,264,0.36363636363636365,2,pos_s186_e288_s408_e528,54,0.0743801652892562,0,pos
FUN_009515,24,0.005979073243647235,0,pos,0,0.0,0,pos
FUN_000312,0,0.0,0,pos,0,0.0,0,pos
FUN_016543,0,0.0,0,pos,0,0.0,0,pos
FUN_016018,0,0.0,0,pos,0,0.0,0,pos
FUN_009336,0,0.0,0,pos,0,0.0,0,pos
FUN_011539,0,0.0,0,pos,0,0.0,0,pos
FUN_016285,0,0.0,0,pos,0,0.0,0,pos
FUN_009691,0,0.0,0,pos,0,0.0,0,pos
FUN_005391,0,0.0,0,pos,0,0.0,0,pos
FUN_011114,0,0.0,0,pos,0,0.0,0,pos
FUN_011212,0,0.0,0,pos,0,0.0,0,pos
FUN_001125,0,0.0,0,pos,0,0.0,0,pos
FUN_011155,0,0.0,0,pos,0,0.0,0,pos
FUN_003303,0,0.0,0,pos,0,0.0,0,pos
FUN_009646,0,0.0,0,pos,0,0.0,0,pos
FUN_012504,0,0.0,0,pos,0,0.0,0,pos
FUN_010466,0,0.0,0,pos,0,0.0,0,pos
FUN_016776,0,0.0,0,pos,0,0.0,0,pos
FUN_010478,108,0.05172413793103448,1,pos_s180_e264,42,0.020114942528735632,1,pos_s192_e228
FUN_001599,0,0.0,0,pos,0,0.0,0,pos
FUN_010696,0,0.0,0,pos,0,0.0,0,pos
FUN_001669,0,0.0,0,pos,0,0.0,0,pos
FUN_011824,0,0.0,0,pos,0,0.0,0,pos
FUN_002072,0,0.0,0,pos,0,0.0,0,pos
FUN_001004,696,0.20640569395017794,6,pos_s78_e288_s480_e528_s594_e708_s768_e882_s906_e1062_s1254_e1296,486,0.14412811387900357,4,pos_s594_e630_s672_e702_s768_e882_s906_e1062
FUN_011727,0,0.0,0,pos,0,0.0,0,pos
FUN_011229,324,0.09137055837563451,4,pos_s576_e606_s1014_e1086_s1428_e1488_s1890_e1920,48,0.01353637901861252,1,pos_s1038_e1086
FUN_009811,0,0.0,0,pos,0,0.0,0,pos
FUN_008776,12,0.004975124378109453,0,pos,0,0.0,0,pos
FUN_000728,30,0.043478260869565216,0,pos,0,0.0,0,pos
FUN_010069,12,0.007575757575757576,0,pos,0,0.0,0,pos
FUN_002135,0,0.0,0,pos,0,0.0,0,pos
FUN_001142,0,0.0,0,pos,0,0.0,0,pos
FUN_002036,0,0.0,0,pos,0,0.0,0,pos
FUN_015867,0,0.0,0,pos,0,0.0,0,pos
FUN_011050,0,0.0,0,pos,0,0.0,0,pos
FUN_000823,0,0.0,0,pos,0,0.0,0,pos
FUN_000295,0,0.0,0,pos,0,0.0,0,pos
FUN_015355,0,0.0,0,pos,0,0.0,0,pos
FUN_004153,6,0.007142857142857143,0,pos,0,0.0,0,pos
FUN_006686,0,0.0,0,pos,0,0.0,0,pos
FUN_005450,0,0.0,0,pos,0,0.0,0,pos
FUN_000930,24,0.006069802731411229,0,pos,0,0.0,0,pos
FUN_008520,0,0.0,0,pos,0,0.0,0,pos
FUN_015621,0,0.0,0,pos,0,0.0,0,pos
FUN_004935,228,0.10052910052910052,2,pos_s390_e504_s1656_e1770,126,0.05555555555555555,2,pos_s438_e468_s1692_e1770
FUN_002761,0,0.0,0,pos,0,0.0,0,pos
FUN_016227,0,0.0,0,pos,0,0.0,0,pos
FUN_003674,0,0.0,0,pos,0,0.0,0,pos
FUN_016038,0,0.0,0,pos,0,0.0,0,pos
FUN_000836,60,0.08620689655172414,1,pos_s384_e444,0,0.0,0,pos
FUN_015549,0,0.0,0,pos,0,0.0,0,pos
FUN_001711,0,0.0,0,pos,0,0.0,0,pos
FUN_000907,0,0.0,0,pos,0,0.0,0,pos
FUN_006980,0,0.0,0,pos,0,0.0,0,pos
FUN_001303,0,0.0,0,pos,0,0.0,0,pos
FUN_009022,0,0.0,0,pos,0,0.0,0,pos
FUN_008936,0,0.0,0,pos,0,0.0,0,pos
FUN_008134,0,0.0,0,pos,0,0.0,0,pos
FUN_006710,0,0.0,0,pos,0,0.0,0,pos
FUN_004696,6,0.0026455026455026454,0,pos,0,0.0,0,pos
FUN_006190,48,0.13333333333333333,1,pos_s156_e204,48,0.13333333333333333,1,pos_s156_e204
FUN_001559,48,0.03333333333333333,1,pos_s1392_e1428,6,0.004166666666666667,0,pos
FUN_006518,6,0.0022624434389140274,0,pos,0,0.0,0,pos
FUN_010233,90,0.14150943396226415,1,pos_s18_e108,0,0.0,0,pos
FUN_007627,0,0.0,0,pos,0,0.0,0,pos
FUN_000862,336,0.109375,3,pos_s318_e432_s528_e624_s1218_e1314,120,0.0390625,1,pos_s324_e420
FUN_000627,0,0.0,0,pos,0,0.0,0,pos
FUN_007583,0,0.0,0,pos,0,0.0,0,pos
FUN_011966,0,0.0,0,pos,0,0.0,0,pos
FUN_001496,0,0.0,0,pos,0,0.0,0,pos
FUN_009197,444,0.09523809523809523,5,pos_s84_e144_s1656_e1704_s1896_e1962_s1968_e2016_s3696_e3852,156,0.03346203346203346,2,pos_s84_e144_s3768_e3798
FUN_008132,0,0.0,0,pos,0,0.0,0,pos
FUN_008348,0,0.0,0,pos,0,0.0,0,pos
FUN_009409,42,0.014799154334038054,1,pos_s564_e594,0,0.0,0,pos
FUN_004138,0,0.0,0,pos,0,0.0,0,pos
FUN_016100,0,0.0,0,pos,0,0.0,0,pos
FUN_000747,24,0.037037037037037035,0,pos,0,0.0,0,pos
FUN_011116,102,0.15315315315315314,1,pos_s138_e210,60,0.09009009009009009,1,pos_s138_e198
FUN_011732,0,0.0,0,pos,0,0.0,0,pos
FUN_004879,36,0.03614457831325301,1,pos_s102_e138,0,0.0,0,pos
FUN_008282,0,0.0,0,pos,0,0.0,0,pos
FUN_009343,0,0.0,0,pos,0,0.0,0,pos
FUN_001569,0,0.0,0,pos,0,0.0,0,pos
FUN_002473,0,0.0,0,pos,0,0.0,0,pos
FUN_011298,348,0.14910025706940874,3,pos_s1398_e1434_s1458_e1542_s2076_e2280,204,0.08740359897172237,1,pos_s2076_e2262
FUN_002429,90,0.03488372093023256,1,pos_s1794_e1872,42,0.01627906976744186,1,pos_s1830_e1872
FUN_005418,0,0.0,0,pos,0,0.0,0,pos
FUN_012191,0,0.0,0,pos,0,0.0,0,pos
FUN_008128,0,0.0,0,pos,0,0.0,0,pos
FUN_006924,78,0.04024767801857585,1,pos_s1428_e1506,6,0.0030959752321981426,0,pos
FUN_006771,0,0.0,0,pos,0,0.0,0,pos
FUN_007829,156,0.02594810379241517,3,pos_s330_e360_s864_e900_s3480_e3528,18,0.0029940119760479044,0,pos
FUN_011478,0,0.0,0,pos,0,0.0,0,pos
FUN_010150,0,0.0,0,pos,0,0.0,0,pos
FUN_011248,0,0.0,0,pos,0,0.0,0,pos
FUN_011146,90,0.12096774193548387,2,pos_s564_e594_s642_e684,42,0.056451612903225805,1,pos_s642_e684
FUN_004331,0,0.0,0,pos,0,0.0,0,pos
FUN_005770,6,0.007352941176470588,0,pos,0,0.0,0,pos
FUN_006126,0,0.0,0,pos,0,0.0,0,pos
FUN_006011,0,0.0,0,pos,0,0.0,0,pos
FUN_005119,120,0.07547169811320754,2,pos_s156_e192_s222_e306,78,0.04905660377358491,2,pos_s156_e192_s222_e252
FUN_000839,0,0.0,0,pos,0,0.0,0,pos
FUN_012397,0,0.0,0,pos,0,0.0,0,pos
FUN_016138,0,0.0,0,pos,0,0.0,0,pos
FUN_015911,0,0.0,0,pos,0,0.0,0,pos
FUN_006573,36,0.017142857142857144,0,pos,0,0.0,0,pos
FUN_009912,0,0.0,0,pos,0,0.0,0,pos
FUN_001502,12,0.0039447731755424065,0,pos,0,0.0,0,pos
FUN_002532,0,0.0,0,pos,0,0.0,0,pos
FUN_015800,0,0.0,0,pos,0,0.0,0,pos
FUN_007544,0,0.0,0,pos,0,0.0,0,pos
FUN_005199,0,0.0,0,pos,0,0.0,0,pos
FUN_012433,0,0.0,0,pos,0,0.0,0,pos
FUN_016607,0,0.0,0,pos,0,0.0,0,pos
FUN_003409,0,0.0,0,pos,0,0.0,0,pos
FUN_007133,0,0.0,0,pos,0,0.0,0,pos
FUN_016644,0,0.0,0,pos,0,0.0,0,pos
FUN_008547,0,0.0,0,pos,0,0.0,0,pos
FUN_002376,12,0.013793103448275862,0,pos,0,0.0,0,pos
FUN_006898,84,0.09271523178807947,1,pos_s810_e876,6,0.006622516556291391,0,pos
FUN_005207,0,0.0,0,pos,0,0.0,0,pos
FUN_004552,108,0.043478260869565216,1,pos_s534_e642,6,0.0024154589371980675,0,pos
FUN_005722,0,0.0,0,pos,0,0.0,0,pos
FUN_016813,0,0.0,0,pos,0,0.0,0,pos
FUN_008495,18,0.009523809523809525,0,pos,18,0.009523809523809525,0,pos
FUN_007218,312,0.05915813424345848,4,pos_s108_e162_s312_e366_s1680_e1710_s2910_e2976,48,0.009101251422070534,1,pos_s330_e366
FUN_009468,78,0.13978494623655913,1,pos_s150_e216,6,0.010752688172043012,0,pos
FUN_007043,0,0.0,0,pos,0,0.0,0,pos
FUN_006930,18,0.014285714285714285,0,pos,0,0.0,0,pos
FUN_004639,0,0.0,0,pos,0,0.0,0,pos
FUN_003173,0,0.0,0,pos,0,0.0,0,pos
FUN_010556,342,0.14921465968586387,6,pos_s480_e522_s606_e636_s684_e720_s1998_e2034_s2106_e2172_s2208_e2244,90,0.03926701570680628,1,pos_s2208_e2244
FUN_011996,0,0.0,0,pos,0,0.0,0,pos
FUN_005948,0,0.0,0,pos,0,0.0,0,pos
FUN_010804,0,0.0,0,pos,0,0.0,0,pos
FUN_002067,0,0.0,0,pos,0,0.0,0,pos
FUN_016292,0,0.0,0,pos,0,0.0,0,pos
FUN_016125,0,0.0,0,pos,0,0.0,0,pos
FUN_016714,0,0.0,0,pos,0,0.0,0,pos
FUN_012127,0,0.0,0,pos,0,0.0,0,pos
FUN_003621,0,0.0,0,pos,0,0.0,0,pos
FUN_010796,0,0.0,0,pos,0,0.0,0,pos
FUN_011479,0,0.0,0,pos,0,0.0,0,pos
FUN_016436,6,0.006535947712418301,0,pos,6,0.006535947712418301,0,pos
FUN_004141,0,0.0,0,pos,0,0.0,0,pos
FUN_006056,0,0.0,0,pos,0,0.0,0,pos
FUN_008340,0,0.0,0,pos,0,0.0,0,pos
FUN_001714,0,0.0,0,pos,0,0.0,0,pos
FUN_015582,0,0.0,0,pos,0,0.0,0,pos
FUN_011112,0,0.0,0,pos,0,0.0,0,pos
FUN_004512,54,0.02349869451697128,1,pos_s378_e414,0,0.0,0,pos
FUN_002810,0,0.0,0,pos,0,0.0,0,pos
FUN_007243,0,0.0,0,pos,0,0.0,0,pos
FUN_010547,0,0.0,0,pos,0,0.0,0,pos
FUN_005509,0,0.0,0,pos,0,0.0,0,pos
FUN_001627,0,0.0,0,pos,0,0.0,0,pos
FUN_004249,0,0.0,0,pos,0,0.0,0,pos
FUN_002568,0,0.0,0,pos,0,0.0,0,pos
FUN_010497,0,0.0,0,pos,0,0.0,0,pos
FUN_009639,0,0.0,0,pos,0,0.0,0,pos
FUN_006674,48,0.015873015873015872,0,pos,0,0.0,0,pos
FUN_002290,0,0.0,0,pos,0,0.0,0,pos
FUN_001519,0,0.0,0,pos,0,0.0,0,pos
FUN_008908,0,0.0,0,pos,0,0.0,0,pos
FUN_005201,0,0.0,0,pos,0,0.0,0,pos
FUN_001266,0,0.0,0,pos,0,0.0,0,pos
FUN_012298,0,0.0,0,pos,0,0.0,0,pos
FUN_003054,0,0.0,0,pos,0,0.0,0,pos
FUN_012163,0,0.0,0,pos,0,0.0,0,pos
FUN_006369,0,0.0,0,pos,0,0.0,0,pos
FUN_015748,0,0.0,0,pos,0,0.0,0,pos
FUN_003546,102,0.03434343434343434,1,pos_s2454_e2556,102,0.03434343434343434,1,pos_s2454_e2556
FUN_009470,0,0.0,0,pos,0,0.0,0,pos
FUN_016546,12,0.008849557522123894,0,pos,0,0.0,0,pos
FUN_002517,0,0.0,0,pos,0,0.0,0,pos
FUN_012372,0,0.0,0,pos,0,0.0,0,pos
FUN_010111,126,0.04976303317535545,3,pos_s204_e234_s1596_e1662_s2370_e2400,18,0.0071090047393364926,0,pos
FUN_010244,18,0.013452914798206279,0,pos,0,0.0,0,pos
FUN_016754,0,0.0,0,pos,0,0.0,0,pos
FUN_004278,18,0.0026954177897574125,0,pos,0,0.0,0,pos
FUN_006534,0,0.0,0,pos,0,0.0,0,pos
FUN_005014,0,0.0,0,pos,0,0.0,0,pos
FUN_011184,0,0.0,0,pos,0,0.0,0,pos
FUN_011416,0,0.0,0,pos,0,0.0,0,pos
FUN_006761,6,0.003436426116838488,0,pos,0,0.0,0,pos
FUN_010121,6,0.006369426751592357,0,pos,0,0.0,0,pos
FUN_012425,504,0.22764227642276422,6,pos_s156_e282_s294_e342_s510_e564_s768_e798_s804_e924_s1296_e1398,264,0.11924119241192412,3,pos_s174_e282_s804_e858_s1338_e1398
FUN_002608,0,0.0,0,pos,0,0.0,0,pos
FUN_012056,0,0.0,0,pos,0,0.0,0,pos
FUN_011596,0,0.0,0,pos,0,0.0,0,pos
FUN_008058,0,0.0,0,pos,0,0.0,0,pos
FUN_001008,0,0.0,0,pos,0,0.0,0,pos
FUN_007259,0,0.0,0,pos,0,0.0,0,pos
FUN_009892,0,0.0,0,pos,0,0.0,0,pos
FUN_002114,0,0.0,0,pos,0,0.0,0,pos
FUN_000749,0,0.0,0,pos,0,0.0,0,pos
FUN_010780,6,0.030303030303030304,0,pos,0,0.0,0,pos
FUN_002055,0,0.0,0,pos,0,0.0,0,pos
FUN_011481,0,0.0,0,pos,0,0.0,0,pos
FUN_003770,0,0.0,0,pos,0,0.0,0,pos
FUN_005993,0,0.0,0,pos,0,0.0,0,pos
FUN_000529,0,0.0,0,pos,0,0.0,0,pos
FUN_003117,0,0.0,0,pos,0,0.0,0,pos
FUN_010115,6,0.004149377593360996,0,pos,0,0.0,0,pos
FUN_015518,0,0.0,0,pos,0,0.0,0,pos
FUN_016447,0,0.0,0,pos,0,0.0,0,pos
FUN_011149,0,0.0,0,pos,0,0.0,0,pos
FUN_005788,54,0.05454545454545454,1,pos_s408_e438,0,0.0,0,pos
FUN_000843,0,0.0,0,pos,0,0.0,0,pos
FUN_008766,12,0.023809523809523808,0,pos,0,0.0,0,pos
FUN_008143,288,0.031746031746031744,3,pos_s618_e720_s8100_e8202_s8784_e8814,24,0.0026455026455026454,0,pos
FUN_002119,0,0.0,0,pos,0,0.0,0,pos
FUN_001184,0,0.0,0,pos,0,0.0,0,pos
FUN_007595,54,0.06716417910447761,1,pos_s120_e174,42,0.05223880597014925,1,pos_s120_e162
FUN_001966,0,0.0,0,pos,0,0.0,0,pos
FUN_008136,0,0.0,0,pos,0,0.0,0,pos
FUN_008801,102,0.05263157894736842,1,pos_s624_e672,0,0.0,0,pos
FUN_010270,0,0.0,0,pos,0,0.0,0,pos
FUN_004352,0,0.0,0,pos,0,0.0,0,pos
FUN_011178,0,0.0,0,pos,0,0.0,0,pos
FUN_010151,0,0.0,0,pos,0,0.0,0,pos
FUN_011803,0,0.0,0,pos,0,0.0,0,pos
FUN_012377,0,0.0,0,pos,0,0.0,0,pos
FUN_007651,0,0.0,0,pos,0,0.0,0,pos
FUN_012084,0,0.0,0,pos,0,0.0,0,pos
FUN_003954,102,0.1118421052631579,1,pos_s714_e810,90,0.09868421052631579,1,pos_s714_e804
FUN_010539,0,0.0,0,pos,0,0.0,0,pos
FUN_008455,54,0.03515625,0,pos,0,0.0,0,pos
FUN_004764,6,0.0017482517482517483,0,pos,0,0.0,0,pos
FUN_008445,0,0.0,0,pos,0,0.0,0,pos
FUN_016151,0,0.0,0,pos,0,0.0,0,pos
FUN_005621,78,0.04693140794223827,1,pos_s342_e390,12,0.007220216606498195,0,pos
FUN_003551,360,0.40540540540540543,4,pos_s132_e216_s252_e366_s462_e552_s594_e630,132,0.14864864864864866,1,pos_s252_e366
FUN_016586,0,0.0,0,pos,0,0.0,0,pos
FUN_002950,0,0.0,0,pos,0,0.0,0,pos
FUN_007223,0,0.0,0,pos,0,0.0,0,pos
FUN_011568,0,0.0,0,pos,0,0.0,0,pos
FUN_009845,6,0.0055248618784530384,0,pos,0,0.0,0,pos
FUN_005480,0,0.0,0,pos,0,0.0,0,pos
FUN_005276,0,0.0,0,pos,0,0.0,0,pos
FUN_004589,246,0.03391232423490488,2,pos_s3126_e3240_s5694_e5808,114,0.015715467328370553,1,pos_s3126_e3234
FUN_008534,0,0.0,0,pos,0,0.0,0,pos
FUN_007376,0,0.0,0,pos,0,0.0,0,pos
FUN_011246,0,0.0,0,pos,0,0.0,0,pos
FUN_007068,6,0.014285714285714285,0,pos,0,0.0,0,pos
FUN_015527,0,0.0,0,pos,0,0.0,0,pos
FUN_006079,102,0.04521276595744681,2,pos_s1482_e1542_s1992_e2022,0,0.0,0,pos
FUN_008798,0,0.0,0,pos,0,0.0,0,pos
FUN_003086,6,0.005405405405405406,0,pos,0,0.0,0,pos
FUN_006625,0,0.0,0,pos,0,0.0,0,pos
FUN_011936,0,0.0,0,pos,0,0.0,0,pos
FUN_000739,0,0.0,0,pos,0,0.0,0,pos
FUN_012328,0,0.0,0,pos,0,0.0,0,pos
FUN_015759,0,0.0,0,pos,0,0.0,0,pos
FUN_011374,0,0.0,0,pos,0,0.0,0,pos
FUN_016360,0,0.0,0,pos,0,0.0,0,pos
FUN_008198,228,0.05006587615283267,4,pos_s0_e36_s270_e300_s324_e354_s852_e942,84,0.01844532279314888,1,pos_s888_e942
FUN_004740,222,0.148,4,pos_s354_e384_s396_e462_s648_e702_s846_e918,0,0.0,0,pos
FUN_008038,0,0.0,0,pos,0,0.0,0,pos
FUN_006156,24,0.0106951871657754,0,pos,0,0.0,0,pos
FUN_012557,0,0.0,0,pos,0,0.0,0,pos
FUN_015253,0,0.0,0,pos,0,0.0,0,pos
FUN_000637,0,0.0,0,pos,0,0.0,0,pos
FUN_011726,0,0.0,0,pos,0,0.0,0,pos
FUN_008725,24,0.05405405405405406,0,pos,6,0.013513513513513514,0,pos
FUN_015753,0,0.0,0,pos,0,0.0,0,pos
FUN_008438,1032,0.06461307287753569,13,pos_s1692_e1758_s3672_e3708_s4404_e4434_s5076_e5142_s6018_e6048_s6426_e6498_s9834_e9888_s9918_e9948_s12240_e12336_s13026_e13062_s13236_e13284_s13878_e13986_s14652_e14688,90,0.005634861006761833,1,pos_s6438_e6492
FUN_004664,0,0.0,0,pos,0,0.0,0,pos
FUN_001780,258,0.056578947368421055,4,pos_s702_e804_s948_e978_s1266_e1314_s2478_e2550,48,0.010526315789473684,1,pos_s1266_e1302
FUN_011393,60,0.07874015748031496,0,pos,18,0.023622047244094488,0,pos
FUN_007263,0,0.0,0,pos,0,0.0,0,pos
FUN_000249,0,0.0,0,pos,0,0.0,0,pos
FUN_016016,0,0.0,0,pos,0,0.0,0,pos
FUN_006932,138,0.08846153846153847,2,pos_s918_e948_s1464_e1536,60,0.038461538461538464,1,pos_s1464_e1524
FUN_009813,0,0.0,0,pos,0,0.0,0,pos
FUN_015411,0,0.0,0,pos,0,0.0,0,pos
FUN_008472,0,0.0,0,pos,0,0.0,0,pos
FUN_001915,0,0.0,0,pos,0,0.0,0,pos
FUN_004710,0,0.0,0,pos,0,0.0,0,pos
FUN_007065,0,0.0,0,pos,0,0.0,0,pos
FUN_010405,0,0.0,0,pos,0,0.0,0,pos
FUN_012510,12,0.005934718100890208,0,pos,0,0.0,0,pos
FUN_004479,0,0.0,0,pos,0,0.0,0,pos
FUN_016715,0,0.0,0,pos,0,0.0,0,pos
FUN_006874,0,0.0,0,pos,0,0.0,0,pos
FUN_005125,0,0.0,0,pos,0,0.0,0,pos
FUN_000130,0,0.0,0,pos,0,0.0,0,pos
FUN_006532,0,0.0,0,pos,0,0.0,0,pos
FUN_000998,54,0.005878510777269758,1,pos_s4290_e4332,0,0.0,0,pos
FUN_002441,42,0.14893617021276595,1,pos_s222_e258,0,0.0,0,pos
FUN_010647,456,0.16964285714285715,3,pos_s744_e858_s864_e1032_s1110_e1176,246,0.09151785714285714,2,pos_s744_e858_s864_e990
FUN_010851,0,0.0,0,pos,0,0.0,0,pos
FUN_016477,0,0.0,0,pos,0,0.0,0,pos
FUN_008992,66,0.03754266211604096,1,pos_s1134_e1182,24,0.013651877133105802,0,pos
FUN_004628,24,0.004581901489117984,0,pos,6,0.001145475372279496,0,pos
FUN_015399,0,0.0,0,pos,0,0.0,0,pos
FUN_010861,0,0.0,0,pos,0,0.0,0,pos
FUN_004169,0,0.0,0,pos,0,0.0,0,pos
FUN_011979,0,0.0,0,pos,0,0.0,0,pos
FUN_002623,0,0.0,0,pos,0,0.0,0,pos
FUN_010282,0,0.0,0,pos,0,0.0,0,pos
FUN_015707,0,0.0,0,pos,0,0.0,0,pos
FUN_009924,0,0.0,0,pos,0,0.0,0,pos
FUN_004484,0,0.0,0,pos,0,0.0,0,pos
FUN_004521,0,0.0,0,pos,0,0.0,0,pos
FUN_011186,108,0.16363636363636364,1,pos_s480_e546,60,0.09090909090909091,1,pos_s480_e528
FUN_002463,0,0.0,0,pos,0,0.0,0,pos
FUN_008374,12,0.003968253968253968,0,pos,6,0.001984126984126984,0,pos
FUN_012269,0,0.0,0,pos,0,0.0,0,pos
FUN_005211,0,0.0,0,pos,0,0.0,0,pos
FUN_002752,0,0.0,0,pos,0,0.0,0,pos
FUN_001385,0,0.0,0,pos,0,0.0,0,pos
FUN_015849,0,0.0,0,pos,0,0.0,0,pos
FUN_001206,0,0.0,0,pos,0,0.0,0,pos
FUN_002903,0,0.0,0,pos,0,0.0,0,pos
FUN_009049,204,0.13934426229508196,2,pos_s0_e108_s726_e822,186,0.12704918032786885,2,pos_s0_e90_s726_e822
FUN_006211,0,0.0,0,pos,0,0.0,0,pos
FUN_015642,0,0.0,0,pos,0,0.0,0,pos
FUN_007326,6,0.005376344086021506,0,pos,0,0.0,0,pos
FUN_015607,0,0.0,0,pos,0,0.0,0,pos
FUN_004050,0,0.0,0,pos,0,0.0,0,pos
FUN_000968,54,0.017013232514177693,1,pos_s3006_e3060,0,0.0,0,pos
FUN_016741,0,0.0,0,pos,0,0.0,0,pos
FUN_010922,0,0.0,0,pos,0,0.0,0,pos
FUN_016296,0,0.0,0,pos,0,0.0,0,pos
FUN_007540,0,0.0,0,pos,0,0.0,0,pos
FUN_005591,138,0.1796875,2,pos_s504_e540_s588_e618,6,0.0078125,0,pos
FUN_012249,0,0.0,0,pos,0,0.0,0,pos
FUN_004782,0,0.0,0,pos,0,0.0,0,pos
FUN_005484,36,0.015544041450777202,1,pos_s1932_e1968,0,0.0,0,pos
FUN_016633,0,0.0,0,pos,0,0.0,0,pos
FUN_016696,0,0.0,0,pos,0,0.0,0,pos
FUN_003933,0,0.0,0,pos,0,0.0,0,pos
FUN_008230,18,0.009523809523809525,0,pos,0,0.0,0,pos
FUN_010321,48,0.0273972602739726,1,pos_s1320_e1356,6,0.003424657534246575,0,pos
FUN_010008,78,0.037142857142857144,1,pos_s612_e660,36,0.017142857142857144,0,pos
FUN_012470,0,0.0,0,pos,0,0.0,0,pos
FUN_005812,0,0.0,0,pos,0,0.0,0,pos
FUN_015338,0,0.0,0,pos,0,0.0,0,pos
FUN_002678,0,0.0,0,pos,0,0.0,0,pos
FUN_006961,0,0.0,0,pos,0,0.0,0,pos
FUN_004387,0,0.0,0,pos,0,0.0,0,pos
FUN_004334,96,0.025,1,pos_s3090_e3120,6,0.0015625,0,pos
FUN_016634,0,0.0,0,pos,0,0.0,0,pos
FUN_001668,0,0.0,0,pos,0,0.0,0,pos
FUN_006444,0,0.0,0,pos,0,0.0,0,pos
FUN_008332,0,0.0,0,pos,0,0.0,0,pos
FUN_006257,6,0.045454545454545456,0,pos,0,0.0,0,pos
FUN_003165,6,0.002770083102493075,0,pos,0,0.0,0,pos
FUN_008110,0,0.0,0,pos,0,0.0,0,pos
FUN_009254,84,0.08974358974358974,1,pos_s414_e486,0,0.0,0,pos
FUN_003322,0,0.0,0,pos,0,0.0,0,pos
FUN_009114,0,0.0,0,pos,0,0.0,0,pos
FUN_000430,30,0.01730103806228374,0,pos,0,0.0,0,pos
FUN_005659,0,0.0,0,pos,0,0.0,0,pos
FUN_001629,0,0.0,0,pos,0,0.0,0,pos
FUN_007298,6,0.006944444444444444,0,pos,0,0.0,0,pos
FUN_009282,0,0.0,0,pos,0,0.0,0,pos
FUN_003414,54,0.034482758620689655,1,pos_s744_e774,0,0.0,0,pos
FUN_000382,0,0.0,0,pos,0,0.0,0,pos
FUN_010214,174,0.10507246376811594,0,pos,0,0.0,0,pos
FUN_002439,0,0.0,0,pos,0,0.0,0,pos
FUN_008791,0,0.0,0,pos,0,0.0,0,pos
FUN_002734,18,0.01090909090909091,0,pos,0,0.0,0,pos
FUN_006337,0,0.0,0,pos,0,0.0,0,pos
FUN_010427,0,0.0,0,pos,0,0.0,0,pos
FUN_003919,0,0.0,0,pos,0,0.0,0,pos
FUN_011780,0,0.0,0,pos,0,0.0,0,pos
FUN_010993,0,0.0,0,pos,0,0.0,0,pos
FUN_016020,0,0.0,0,pos,0,0.0,0,pos
FUN_001679,132,0.1,1,pos_s1194_e1308,114,0.08636363636363636,1,pos_s1194_e1308
FUN_009291,6,0.00398406374501992,0,pos,0,0.0,0,pos
FUN_011698,0,0.0,0,pos,0,0.0,0,pos
FUN_007281,198,0.11785714285714285,3,pos_s342_e456_s1410_e1446_s1476_e1524,60,0.03571428571428571,1,pos_s408_e456
FUN_009500,24,0.012539184952978056,0,pos,0,0.0,0,pos
FUN_016874,0,0.0,0,pos,0,0.0,0,pos
FUN_002252,0,0.0,0,pos,0,0.0,0,pos
FUN_015942,0,0.0,0,pos,0,0.0,0,pos
FUN_002301,54,0.006016042780748663,1,pos_s8898_e8946,0,0.0,0,pos
FUN_005593,30,0.013888888888888888,0,pos,0,0.0,0,pos
FUN_004086,0,0.0,0,pos,0,0.0,0,pos
FUN_005317,0,0.0,0,pos,0,0.0,0,pos
FUN_000786,108,0.043478260869565216,2,pos_s222_e270_s564_e612,0,0.0,0,pos
FUN_007810,300,0.09090909090909091,4,pos_s1044_e1098_s1284_e1320_s1326_e1446_s1596_e1632,36,0.01090909090909091,0,pos
FUN_015541,0,0.0,0,pos,0,0.0,0,pos
FUN_008163,60,0.01996007984031936,1,pos_s1938_e1974,6,0.001996007984031936,0,pos
FUN_007011,0,0.0,0,pos,0,0.0,0,pos
FUN_006911,6,0.0058823529411764705,0,pos,0,0.0,0,pos
FUN_002992,0,0.0,0,pos,0,0.0,0,pos
FUN_008238,42,0.0319634703196347,1,pos_s768_e804,0,0.0,0,pos
FUN_012317,0,0.0,0,pos,0,0.0,0,pos
FUN_001241,0,0.0,0,pos,0,0.0,0,pos
FUN_004227,0,0.0,0,pos,0,0.0,0,pos
FUN_000899,0,0.0,0,pos,0,0.0,0,pos
FUN_002497,18,0.00964630225080386,0,pos,0,0.0,0,pos
FUN_016402,0,0.0,0,pos,0,0.0,0,pos
FUN_012456,0,0.0,0,pos,0,0.0,0,pos
FUN_002572,216,0.061224489795918366,3,pos_s888_e948_s1320_e1398_s1962_e2010,96,0.027210884353741496,1,pos_s1320_e1398
FUN_010135,0,0.0,0,pos,0,0.0,0,pos
FUN_004146,180,0.00794912559618442,3,pos_s1140_e1200_s15654_e15702_s16800_e16830,12,0.0005299417064122947,0,pos
FUN_012072,0,0.0,0,pos,0,0.0,0,pos
FUN_004044,0,0.0,0,pos,0,0.0,0,pos
FUN_006883,0,0.0,0,pos,0,0.0,0,pos
FUN_007948,0,0.0,0,pos,0,0.0,0,pos
FUN_015678,0,0.0,0,pos,0,0.0,0,pos
FUN_004374,0,0.0,0,pos,0,0.0,0,pos
FUN_002770,60,0.021834061135371178,1,pos_s2586_e2640,0,0.0,0,pos
FUN_002742,0,0.0,0,pos,0,0.0,0,pos
FUN_006210,0,0.0,0,pos,0,0.0,0,pos
FUN_004783,0,0.0,0,pos,0,0.0,0,pos
FUN_004234,0,0.0,0,pos,0,0.0,0,pos
FUN_008028,0,0.0,0,pos,0,0.0,0,pos
FUN_006214,0,0.0,0,pos,0,0.0,0,pos
FUN_006498,0,0.0,0,pos,0,0.0,0,pos
FUN_007312,0,0.0,0,pos,0,0.0,0,pos
FUN_000991,0,0.0,0,pos,0,0.0,0,pos
FUN_000205,0,0.0,0,pos,0,0.0,0,pos
FUN_010454,0,0.0,0,pos,0,0.0,0,pos
FUN_015619,0,0.0,0,pos,0,0.0,0,pos
FUN_009240,0,0.0,0,pos,0,0.0,0,pos
FUN_010016,0,0.0,0,pos,0,0.0,0,pos
FUN_004898,276,0.09292929292929293,4,pos_s2112_e2148_s2256_e2298_s2418_e2448_s2568_e2682,138,0.046464646464646465,1,pos_s2568_e2682
FUN_006951,0,0.0,0,pos,0,0.0,0,pos
FUN_008304,108,0.06338028169014084,2,pos_s936_e966_s990_e1020,6,0.0035211267605633804,0,pos
FUN_011344,0,0.0,0,pos,0,0.0,0,pos
FUN_008644,0,0.0,0,pos,0,0.0,0,pos
FUN_003907,12,0.0044444444444444444,0,pos,0,0.0,0,pos
FUN_000802,0,0.0,0,pos,0,0.0,0,pos
FUN_002571,216,0.12121212121212122,2,pos_s18_e120_s528_e630,24,0.013468013468013467,0,pos
FUN_004240,24,0.1111111111111111,0,pos,0,0.0,0,pos
FUN_003687,0,0.0,0,pos,0,0.0,0,pos
FUN_007232,0,0.0,0,pos,0,0.0,0,pos
FUN_016507,0,0.0,0,pos,0,0.0,0,pos
FUN_006494,0,0.0,0,pos,0,0.0,0,pos
FUN_007007,378,0.08192457737321196,6,pos_s1866_e1926_s2550_e2604_s2868_e2910_s2922_e2958_s3204_e3234_s4488_e4536,42,0.009102730819245773,0,pos
FUN_010229,522,0.12831858407079647,7,pos_s1014_e1104_s1602_e1638_s3048_e3108_s3126_e3216_s3360_e3396_s3420_e3468_s3474_e3510,60,0.014749262536873156,0,pos
FUN_001587,0,0.0,0,pos,0,0.0,0,pos
FUN_003927,0,0.0,0,pos,0,0.0,0,pos
FUN_000816,0,0.0,0,pos,0,0.0,0,pos
FUN_011469,0,0.0,0,pos,0,0.0,0,pos
FUN_001929,0,0.0,0,pos,0,0.0,0,pos
FUN_015590,0,0.0,0,pos,0,0.0,0,pos
FUN_007039,0,0.0,0,pos,0,0.0,0,pos
FUN_002984,0,0.0,0,pos,0,0.0,0,pos
FUN_016744,0,0.0,0,pos,0,0.0,0,pos
FUN_007892,0,0.0,0,pos,0,0.0,0,pos
FUN_010721,294,0.08974358974358974,2,pos_s1554_e1668_s3066_e3150,132,0.040293040293040296,1,pos_s1554_e1668
FUN_011375,0,0.0,0,pos,0,0.0,0,pos
FUN_015687,0,0.0,0,pos,0,0.0,0,pos
FUN_009335,0,0.0,0,pos,0,0.0,0,pos
FUN_015631,0,0.0,0,pos,0,0.0,0,pos
FUN_002177,102,0.09883720930232558,1,pos_s528_e582,12,0.011627906976744186,0,pos
FUN_004963,0,0.0,0,pos,0,0.0,0,pos
FUN_010708,78,0.06666666666666667,1,pos_s954_e1032,24,0.020512820512820513,0,pos
FUN_015354,0,0.0,0,pos,0,0.0,0,pos
FUN_016051,0,0.0,0,pos,0,0.0,0,pos
FUN_007938,0,0.0,0,pos,0,0.0,0,pos
FUN_002448,0,0.0,0,pos,0,0.0,0,pos
FUN_011942,0,0.0,0,pos,0,0.0,0,pos
FUN_011241,0,0.0,0,pos,0,0.0,0,pos
FUN_011530,0,0.0,0,pos,0,0.0,0,pos
FUN_010719,0,0.0,0,pos,0,0.0,0,pos
FUN_002760,0,0.0,0,pos,0,0.0,0,pos
FUN_005867,6,0.004464285714285714,0,pos,0,0.0,0,pos
FUN_009761,102,0.13178294573643412,1,pos_s408_e438,42,0.05426356589147287,0,pos
FUN_009220,0,0.0,0,pos,0,0.0,0,pos
FUN_000849,60,0.01277139208173691,1,pos_s2376_e2436,0,0.0,0,pos
FUN_001520,0,0.0,0,pos,0,0.0,0,pos
FUN_002782,0,0.0,0,pos,0,0.0,0,pos
FUN_016806,0,0.0,0,pos,0,0.0,0,pos
FUN_016136,0,0.0,0,pos,0,0.0,0,pos
FUN_008471,0,0.0,0,pos,0,0.0,0,pos
FUN_007385,174,0.03562653562653563,4,pos_s2130_e2160_s2166_e2196_s3558_e3588_s3606_e3648,12,0.002457002457002457,0,pos
FUN_007127,0,0.0,0,pos,0,0.0,0,pos
FUN_007471,120,0.20618556701030927,2,pos_s30_e72_s78_e132,18,0.030927835051546393,0,pos
FUN_015709,0,0.0,0,pos,0,0.0,0,pos
FUN_007413,198,0.06088560885608856,2,pos_s2148_e2292_s3204_e3240,114,0.03505535055350553,1,pos_s2172_e2286
FUN_001332,0,0.0,0,pos,0,0.0,0,pos
FUN_001058,24,0.012539184952978056,0,pos,0,0.0,0,pos
FUN_001016,0,0.0,0,pos,0,0.0,0,pos
FUN_008559,12,0.020618556701030927,0,pos,0,0.0,0,pos
FUN_008774,60,0.020703933747412008,1,pos_s0_e30,6,0.002070393374741201,0,pos
FUN_006045,0,0.0,0,pos,0,0.0,0,pos
FUN_002395,0,0.0,0,pos,0,0.0,0,pos
FUN_016361,0,0.0,0,pos,0,0.0,0,pos
FUN_008404,0,0.0,0,pos,0,0.0,0,pos
FUN_009867,0,0.0,0,pos,0,0.0,0,pos
FUN_009112,0,0.0,0,pos,0,0.0,0,pos
FUN_008034,0,0.0,0,pos,0,0.0,0,pos
FUN_010140,0,0.0,0,pos,0,0.0,0,pos
FUN_009451,186,0.5961538461538461,1,pos_s24_e90,96,0.3076923076923077,0,pos
FUN_016707,0,0.0,0,pos,0,0.0,0,pos
FUN_015374,0,0.0,0,pos,0,0.0,0,pos
FUN_003285,0,0.0,0,pos,0,0.0,0,pos
FUN_010379,0,0.0,0,pos,0,0.0,0,pos
FUN_006842,72,0.043478260869565216,1,pos_s306_e366,0,0.0,0,pos
FUN_003503,102,0.06746031746031746,1,pos_s912_e990,48,0.031746031746031744,1,pos_s930_e978
FUN_003922,0,0.0,0,pos,0,0.0,0,pos
FUN_015333,0,0.0,0,pos,0,0.0,0,pos
FUN_005477,0,0.0,0,pos,0,0.0,0,pos
FUN_001381,0,0.0,0,pos,0,0.0,0,pos
FUN_010923,0,0.0,0,pos,0,0.0,0,pos
FUN_006435,78,0.0783132530120482,2,pos_s192_e228_s234_e270,0,0.0,0,pos
FUN_008879,276,0.10478359908883828,4,pos_s852_e894_s1008_e1110_s1404_e1434_s1962_e2046,66,0.025056947608200455,0,pos
FUN_003416,54,0.022277227722772276,1,pos_s1764_e1806,0,0.0,0,pos
FUN_003176,30,0.025,1,pos_s960_e990,0,0.0,0,pos
FUN_009727,0,0.0,0,pos,0,0.0,0,pos
FUN_015641,0,0.0,0,pos,0,0.0,0,pos
FUN_009176,258,0.08237547892720307,3,pos_s606_e672_s1368_e1470_s2496_e2532,0,0.0,0,pos
FUN_006373,18,0.0039011703511053317,0,pos,18,0.0039011703511053317,0,pos
FUN_011091,42,0.02127659574468085,1,pos_s12_e42,0,0.0,0,pos
FUN_001286,12,0.01834862385321101,0,pos,0,0.0,0,pos
FUN_009815,0,0.0,0,pos,0,0.0,0,pos
FUN_001794,0,0.0,0,pos,0,0.0,0,pos
FUN_005135,0,0.0,0,pos,0,0.0,0,pos
FUN_002475,0,0.0,0,pos,0,0.0,0,pos
FUN_005893,0,0.0,0,pos,0,0.0,0,pos
FUN_016183,0,0.0,0,pos,0,0.0,0,pos
FUN_007142,0,0.0,0,pos,0,0.0,0,pos
FUN_004039,0,0.0,0,pos,0,0.0,0,pos
FUN_001137,0,0.0,0,pos,0,0.0,0,pos
FUN_009010,0,0.0,0,pos,0,0.0,0,pos
FUN_008742,0,0.0,0,pos,0,0.0,0,pos
FUN_010835,0,0.0,0,pos,0,0.0,0,pos
FUN_005586,78,0.0755813953488372,1,pos_s198_e240,0,0.0,0,pos
FUN_001475,0,0.0,0,pos,0,0.0,0,pos
FUN_015807,0,0.0,0,pos,0,0.0,0,pos
FUN_002575,0,0.0,0,pos,0,0.0,0,pos
FUN_004357,108,0.05660377358490566,2,pos_s1488_e1554_s1560_e1596,0,0.0,0,pos
FUN_004758,42,0.02880658436213992,1,pos_s1296_e1338,6,0.00411522633744856,0,pos
FUN_010561,0,0.0,0,pos,0,0.0,0,pos
FUN_005609,162,0.058315334773218146,3,pos_s1104_e1152_s1158_e1188_s2082_e2118,18,0.0064794816414686825,0,pos
FUN_002633,6,0.006802721088435374,0,pos,0,0.0,0,pos
FUN_002010,0,0.0,0,pos,0,0.0,0,pos
FUN_007933,0,0.0,0,pos,0,0.0,0,pos
FUN_015714,0,0.0,0,pos,0,0.0,0,pos
FUN_015467,78,0.06666666666666667,1,pos_s738_e816,78,0.06666666666666667,1,pos_s738_e816
FUN_007885,0,0.0,0,pos,0,0.0,0,pos
FUN_010186,0,0.0,0,pos,0,0.0,0,pos
FUN_005810,0,0.0,0,pos,0,0.0,0,pos
FUN_011353,0,0.0,0,pos,0,0.0,0,pos
FUN_009168,0,0.0,0,pos,0,0.0,0,pos
FUN_008451,330,0.270935960591133,3,pos_s666_e792_s864_e912_s936_e1032,78,0.06403940886699508,1,pos_s732_e774
FUN_015969,0,0.0,0,pos,0,0.0,0,pos
FUN_003514,0,0.0,0,pos,0,0.0,0,pos
FUN_010182,0,0.0,0,pos,0,0.0,0,pos
FUN_016827,42,0.019830028328611898,0,pos,0,0.0,0,pos
FUN_000848,0,0.0,0,pos,0,0.0,0,pos
FUN_006097,42,0.02356902356902357,0,pos,0,0.0,0,pos
FUN_006703,0,0.0,0,pos,0,0.0,0,pos
FUN_007537,288,0.11428571428571428,2,pos_s624_e756_s966_e1080,174,0.06904761904761905,2,pos_s654_e756_s966_e1014
FUN_004798,150,0.033602150537634407,1,pos_s4206_e4308,48,0.010752688172043012,1,pos_s4224_e4272
FUN_004207,114,0.0811965811965812,1,pos_s138_e252,90,0.0641025641025641,1,pos_s156_e246
FUN_000460,12,0.010256410256410256,0,pos,0,0.0,0,pos
FUN_002942,48,0.015841584158415842,1,pos_s2574_e2610,0,0.0,0,pos
FUN_002893,0,0.0,0,pos,0,0.0,0,pos
FUN_007042,222,0.04920212765957447,1,pos_s3474_e3690,198,0.043882978723404256,1,pos_s3480_e3666
FUN_000516,198,0.040293040293040296,2,pos_s2556_e2586_s4146_e4206,18,0.003663003663003663,0,pos
FUN_011952,0,0.0,0,pos,0,0.0,0,pos
FUN_008491,120,0.08849557522123894,1,pos_s636_e738,30,0.022123893805309734,1,pos_s696_e726
FUN_002232,0,0.0,0,pos,0,0.0,0,pos
FUN_003489,168,0.17391304347826086,2,pos_s222_e270_s276_e372,78,0.08074534161490683,1,pos_s276_e324
FUN_004498,0,0.0,0,pos,0,0.0,0,pos
FUN_012138,0,0.0,0,pos,0,0.0,0,pos
FUN_009804,0,0.0,0,pos,0,0.0,0,pos
FUN_015722,0,0.0,0,pos,0,0.0,0,pos
FUN_003917,0,0.0,0,pos,0,0.0,0,pos
FUN_012104,0,0.0,0,pos,0,0.0,0,pos
FUN_010238,60,0.04310344827586207,1,pos_s390_e438,0,0.0,0,pos
FUN_001861,0,0.0,0,pos,0,0.0,0,pos
FUN_015366,0,0.0,0,pos,0,0.0,0,pos
FUN_006292,0,0.0,0,pos,0,0.0,0,pos
FUN_011998,0,0.0,0,pos,0,0.0,0,pos
FUN_001121,0,0.0,0,pos,0,0.0,0,pos
FUN_000272,90,0.07317073170731707,1,pos_s1068_e1158,84,0.06829268292682927,1,pos_s1074_e1158
FUN_015538,0,0.0,0,pos,0,0.0,0,pos
FUN_005055,0,0.0,0,pos,0,0.0,0,pos
FUN_015896,0,0.0,0,pos,0,0.0,0,pos
FUN_007598,0,0.0,0,pos,0,0.0,0,pos
FUN_011150,0,0.0,0,pos,0,0.0,0,pos
FUN_015653,0,0.0,0,pos,0,0.0,0,pos
FUN_005601,0,0.0,0,pos,0,0.0,0,pos
FUN_011154,0,0.0,0,pos,0,0.0,0,pos
FUN_001345,0,0.0,0,pos,0,0.0,0,pos
FUN_011958,0,0.0,0,pos,0,0.0,0,pos
FUN_002680,0,0.0,0,pos,0,0.0,0,pos
FUN_008784,0,0.0,0,pos,0,0.0,0,pos
FUN_003668,0,0.0,0,pos,0,0.0,0,pos
FUN_007991,0,0.0,0,pos,0,0.0,0,pos
FUN_009731,0,0.0,0,pos,0,0.0,0,pos
FUN_010271,24,0.021621621621621623,0,pos,0,0.0,0,pos
FUN_007862,0,0.0,0,pos,0,0.0,0,pos
FUN_016372,0,0.0,0,pos,0,0.0,0,pos
FUN_016164,0,0.0,0,pos,0,0.0,0,pos
FUN_001987,0,0.0,0,pos,0,0.0,0,pos
FUN_004890,0,0.0,0,pos,0,0.0,0,pos
FUN_011185,0,0.0,0,pos,0,0.0,0,pos
FUN_006204,0,0.0,0,pos,0,0.0,0,pos
FUN_012356,402,0.10983606557377049,4,pos_s342_e384_s618_e672_s1056_e1188_s3228_e3276,234,0.06393442622950819,4,pos_s348_e384_s1080_e1164_s3540_e3570_s3612_e3654
FUN_005252,0,0.0,0,pos,0,0.0,0,pos
FUN_001921,0,0.0,0,pos,0,0.0,0,pos
FUN_008673,30,0.008680555555555556,0,pos,0,0.0,0,pos
FUN_006224,0,0.0,0,pos,0,0.0,0,pos
FUN_003519,0,0.0,0,pos,0,0.0,0,pos
FUN_007654,6,0.004273504273504274,0,pos,0,0.0,0,pos
FUN_012384,0,0.0,0,pos,0,0.0,0,pos
FUN_003957,168,0.08832807570977919,4,pos_s318_e366_s432_e462_s660_e696_s1002_e1056,42,0.022082018927444796,1,pos_s660_e696
FUN_007151,0,0.0,0,pos,0,0.0,0,pos
FUN_004417,6,0.0017301038062283738,0,pos,0,0.0,0,pos
FUN_003129,0,0.0,0,pos,0,0.0,0,pos
FUN_005377,0,0.0,0,pos,0,0.0,0,pos
FUN_002973,0,0.0,0,pos,0,0.0,0,pos
FUN_012488,0,0.0,0,pos,0,0.0,0,pos
FUN_007066,0,0.0,0,pos,0,0.0,0,pos
FUN_001978,0,0.0,0,pos,0,0.0,0,pos
FUN_010665,0,0.0,0,pos,0,0.0,0,pos
FUN_010110,0,0.0,0,pos,0,0.0,0,pos
FUN_008309,0,0.0,0,pos,0,0.0,0,pos
FUN_000233,0,0.0,0,pos,0,0.0,0,pos
FUN_004934,0,0.0,0,pos,0,0.0,0,pos
FUN_006864,0,0.0,0,pos,0,0.0,0,pos
FUN_008752,0,0.0,0,pos,0,0.0,0,pos
FUN_016734,0,0.0,0,pos,0,0.0,0,pos
FUN_009483,12,0.007042253521126761,0,pos,0,0.0,0,pos
FUN_011573,0,0.0,0,pos,0,0.0,0,pos
FUN_010191,0,0.0,0,pos,0,0.0,0,pos
FUN_011390,312,0.28415300546448086,3,pos_s96_e132_s246_e342_s378_e462,162,0.14754098360655737,2,pos_s258_e306_s378_e456
FUN_011223,0,0.0,0,pos,0,0.0,0,pos
FUN_005093,0,0.0,0,pos,0,0.0,0,pos
FUN_010158,0,0.0,0,pos,0,0.0,0,pos
FUN_008860,0,0.0,0,pos,0,0.0,0,pos
FUN_006926,72,0.0736196319018405,1,pos_s300_e372,0,0.0,0,pos
FUN_007941,0,0.0,0,pos,0,0.0,0,pos
FUN_015255,0,0.0,0,pos,0,0.0,0,pos
FUN_002348,0,0.0,0,pos,0,0.0,0,pos
FUN_006491,0,0.0,0,pos,0,0.0,0,pos
FUN_007641,0,0.0,0,pos,0,0.0,0,pos
FUN_004613,0,0.0,0,pos,0,0.0,0,pos
FUN_001578,12,0.005208333333333333,0,pos,0,0.0,0,pos
FUN_015919,0,0.0,0,pos,0,0.0,0,pos
FUN_006465,0,0.0,0,pos,0,0.0,0,pos
FUN_004208,0,0.0,0,pos,0,0.0,0,pos
FUN_005968,0,0.0,0,pos,0,0.0,0,pos
FUN_003989,168,0.12334801762114538,1,pos_s1200_e1356,150,0.11013215859030837,1,pos_s1200_e1350
FUN_002700,0,0.0,0,pos,0,0.0,0,pos
FUN_008617,0,0.0,0,pos,0,0.0,0,pos
FUN_007308,0,0.0,0,pos,0,0.0,0,pos
FUN_012106,0,0.0,0,pos,0,0.0,0,pos
FUN_007541,0,0.0,0,pos,0,0.0,0,pos
FUN_009331,84,0.06930693069306931,1,pos_s282_e366,12,0.009900990099009901,0,pos
FUN_003498,0,0.0,0,pos,0,0.0,0,pos
FUN_004053,0,0.0,0,pos,0,0.0,0,pos
FUN_005266,0,0.0,0,pos,0,0.0,0,pos
FUN_004899,0,0.0,0,pos,0,0.0,0,pos
FUN_000213,0,0.0,0,pos,0,0.0,0,pos
FUN_016076,0,0.0,0,pos,0,0.0,0,pos
FUN_008102,0,0.0,0,pos,0,0.0,0,pos
FUN_000317,60,0.045454545454545456,1,pos_s522_e582,0,0.0,0,pos
FUN_000393,288,0.20425531914893616,3,pos_s18_e108_s822_e924_s1332_e1362,78,0.05531914893617021,1,pos_s54_e90
FUN_007173,228,0.1347517730496454,3,pos_s930_e966_s984_e1116_s1176_e1212,120,0.07092198581560284,1,pos_s990_e1110
FUN_002821,0,0.0,0,pos,0,0.0,0,pos
FUN_010638,258,0.0763765541740675,2,pos_s1122_e1206_s1512_e1602,48,0.014209591474245116,0,pos
FUN_007046,18,0.06976744186046512,0,pos,0,0.0,0,pos
FUN_009720,66,0.049107142857142856,1,pos_s504_e564,0,0.0,0,pos
FUN_008694,0,0.0,0,pos,0,0.0,0,pos
FUN_008504,0,0.0,0,pos,0,0.0,0,pos
FUN_007329,0,0.0,0,pos,0,0.0,0,pos
FUN_001806,0,0.0,0,pos,0,0.0,0,pos
FUN_001392,1056,0.04533745492014426,13,pos_s3582_e3630_s4122_e4152_s6990_e7020_s12126_e12210_s12216_e12348_s15684_e15738_s17892_e17922_s17934_e18006_s18090_e18204_s18744_e18858_s20100_e20214_s20388_e20430_s21588_e21624,390,0.016743946419371457,5,pos_s12126_e12204_s12264_e12342_s17958_e18006_s18174_e18204_s20100_e20196
FUN_015728,0,0.0,0,pos,0,0.0,0,pos
FUN_000056,72,0.045112781954887216,1,pos_s378_e414,0,0.0,0,pos
FUN_007181,30,0.013404825737265416,0,pos,0,0.0,0,pos
FUN_000489,0,0.0,0,pos,0,0.0,0,pos
FUN_001073,0,0.0,0,pos,0,0.0,0,pos
FUN_004641,0,0.0,0,pos,0,0.0,0,pos
FUN_008223,0,0.0,0,pos,0,0.0,0,pos
FUN_001310,0,0.0,0,pos,0,0.0,0,pos
FUN_009694,0,0.0,0,pos,0,0.0,0,pos
FUN_007251,0,0.0,0,pos,0,0.0,0,pos
FUN_003245,0,0.0,0,pos,0,0.0,0,pos
FUN_015284,0,0.0,0,pos,0,0.0,0,pos
FUN_002710,0,0.0,0,pos,0,0.0,0,pos
FUN_012212,0,0.0,0,pos,0,0.0,0,pos
FUN_002540,0,0.0,0,pos,0,0.0,0,pos
FUN_001715,0,0.0,0,pos,0,0.0,0,pos
FUN_006222,72,0.04285714285714286,0,pos,0,0.0,0,pos
FUN_005485,12,0.011363636363636364,0,pos,6,0.005681818181818182,0,pos
FUN_010735,6,0.006329113924050633,0,pos,0,0.0,0,pos
FUN_007256,0,0.0,0,pos,0,0.0,0,pos
FUN_007349,0,0.0,0,pos,0,0.0,0,pos
FUN_008353,0,0.0,0,pos,0,0.0,0,pos
FUN_001148,42,0.013972055888223553,1,pos_s2292_e2334,0,0.0,0,pos
FUN_006291,0,0.0,0,pos,0,0.0,0,pos
FUN_000819,0,0.0,0,pos,0,0.0,0,pos
FUN_003078,0,0.0,0,pos,0,0.0,0,pos
FUN_006904,0,0.0,0,pos,0,0.0,0,pos
FUN_015550,0,0.0,0,pos,0,0.0,0,pos
FUN_007573,0,0.0,0,pos,0,0.0,0,pos
FUN_001741,6,0.007751937984496124,0,pos,0,0.0,0,pos
FUN_011170,60,0.02849002849002849,1,pos_s1776_e1818,0,0.0,0,pos
FUN_007514,0,0.0,0,pos,0,0.0,0,pos
FUN_002069,90,0.075,1,pos_s1050_e1116,0,0.0,0,pos
FUN_008444,0,0.0,0,pos,0,0.0,0,pos
FUN_001127,0,0.0,0,pos,0,0.0,0,pos
FUN_003136,108,0.16981132075471697,1,pos_s138_e234,102,0.16037735849056603,1,pos_s138_e228
FUN_007762,48,0.027777777777777776,1,pos_s1062_e1092,0,0.0,0,pos
FUN_005393,0,0.0,0,pos,0,0.0,0,pos
FUN_002357,0,0.0,0,pos,0,0.0,0,pos
FUN_007683,0,0.0,0,pos,0,0.0,0,pos
FUN_006996,0,0.0,0,pos,0,0.0,0,pos
FUN_010442,0,0.0,0,pos,0,0.0,0,pos
FUN_005572,0,0.0,0,pos,0,0.0,0,pos
FUN_016641,0,0.0,0,pos,0,0.0,0,pos
FUN_006730,54,0.19148936170212766,1,pos_s84_e132,6,0.02127659574468085,0,pos
FUN_002318,0,0.0,0,pos,0,0.0,0,pos
FUN_003548,0,0.0,0,pos,0,0.0,0,pos
FUN_005256,126,0.025362318840579712,2,pos_s1200_e1230_s1554_e1632,42,0.008454106280193236,0,pos
FUN_005735,24,0.015873015873015872,0,pos,0,0.0,0,pos
FUN_010548,6,0.016129032258064516,0,pos,0,0.0,0,pos
FUN_015754,0,0.0,0,pos,0,0.0,0,pos
FUN_001103,90,0.01764705882352941,1,pos_s3522_e3600,12,0.002352941176470588,0,pos
FUN_007837,48,0.12903225806451613,1,pos_s30_e78,18,0.04838709677419355,0,pos
FUN_016627,0,0.0,0,pos,0,0.0,0,pos
FUN_000524,0,0.0,0,pos,0,0.0,0,pos
FUN_000086,150,0.06578947368421052,2,pos_s222_e258_s696_e810,60,0.02631578947368421,1,pos_s696_e738
FUN_003092,0,0.0,0,pos,0,0.0,0,pos
FUN_011058,90,0.03722084367245657,2,pos_s816_e846_s1218_e1254,12,0.004962779156327543,0,pos
FUN_007937,0,0.0,0,pos,0,0.0,0,pos
FUN_011486,0,0.0,0,pos,0,0.0,0,pos
FUN_009410,30,0.06329113924050633,0,pos,24,0.05063291139240506,0,pos
FUN_000685,0,0.0,0,pos,0,0.0,0,pos
FUN_005058,0,0.0,0,pos,0,0.0,0,pos
FUN_009669,0,0.0,0,pos,0,0.0,0,pos
FUN_006358,0,0.0,0,pos,0,0.0,0,pos
FUN_015356,0,0.0,0,pos,0,0.0,0,pos
FUN_008042,0,0.0,0,pos,0,0.0,0,pos
FUN_010255,6,0.005988023952095809,0,pos,0,0.0,0,pos
FUN_000837,0,0.0,0,pos,0,0.0,0,pos
FUN_012404,0,0.0,0,pos,0,0.0,0,pos
FUN_003790,0,0.0,0,pos,0,0.0,0,pos
FUN_005908,0,0.0,0,pos,0,0.0,0,pos
FUN_006397,0,0.0,0,pos,0,0.0,0,pos
FUN_009067,204,0.10397553516819572,2,pos_s378_e438_s846_e960,114,0.0581039755351682,1,pos_s846_e960
FUN_009160,0,0.0,0,pos,0,0.0,0,pos
FUN_015657,0,0.0,0,pos,0,0.0,0,pos
FUN_006986,0,0.0,0,pos,0,0.0,0,pos
FUN_009330,282,0.06184210526315789,5,pos_s60_e90_s2028_e2112_s2184_e2226_s2508_e2562_s3528_e3576,114,0.025,3,pos_s60_e90_s2028_e2058_s2532_e2562
FUN_001804,0,0.0,0,pos,0,0.0,0,pos
FUN_004825,0,0.0,0,pos,0,0.0,0,pos
FUN_000506,0,0.0,0,pos,0,0.0,0,pos
FUN_001010,0,0.0,0,pos,0,0.0,0,pos
FUN_009542,24,0.01904761904761905,0,pos,0,0.0,0,pos
FUN_002907,0,0.0,0,pos,0,0.0,0,pos
FUN_011982,0,0.0,0,pos,0,0.0,0,pos
FUN_004659,0,0.0,0,pos,0,0.0,0,pos
FUN_005805,0,0.0,0,pos,0,0.0,0,pos
FUN_016082,0,0.0,0,pos,0,0.0,0,pos
FUN_008009,0,0.0,0,pos,0,0.0,0,pos
FUN_000822,0,0.0,0,pos,0,0.0,0,pos
FUN_009388,0,0.0,0,pos,0,0.0,0,pos
FUN_009385,0,0.0,0,pos,0,0.0,0,pos
FUN_002386,0,0.0,0,pos,0,0.0,0,pos
FUN_002493,144,0.02318840579710145,3,pos_s906_e954_s2352_e2382_s6000_e6042,12,0.001932367149758454,0,pos
FUN_000336,0,0.0,0,pos,0,0.0,0,pos
FUN_007997,120,0.05181347150259067,2,pos_s102_e150_s2238_e2280,0,0.0,0,pos
FUN_006988,0,0.0,0,pos,0,0.0,0,pos
FUN_011985,0,0.0,0,pos,0,0.0,0,pos
FUN_016080,0,0.0,0,pos,0,0.0,0,pos
FUN_011949,0,0.0,0,pos,0,0.0,0,pos
FUN_006122,0,0.0,0,pos,0,0.0,0,pos
FUN_012115,0,0.0,0,pos,0,0.0,0,pos
FUN_004485,0,0.0,0,pos,0,0.0,0,pos
FUN_010367,96,0.04984423676012461,1,pos_s1224_e1284,54,0.028037383177570093,0,pos
FUN_009305,0,0.0,0,pos,0,0.0,0,pos
FUN_005762,36,0.038461538461538464,0,pos,0,0.0,0,pos
FUN_001816,0,0.0,0,pos,0,0.0,0,pos
FUN_000289,0,0.0,0,pos,0,0.0,0,pos
FUN_007121,18,0.01,0,pos,0,0.0,0,pos
FUN_000936,48,0.03755868544600939,1,pos_s906_e942,0,0.0,0,pos
FUN_001628,0,0.0,0,pos,0,0.0,0,pos
FUN_009938,420,0.28,6,pos_s0_e30_s168_e228_s660_e696_s738_e852_s894_e954_s1290_e1320,144,0.096,3,pos_s0_e30_s186_e228_s738_e786
FUN_005130,0,0.0,0,pos,0,0.0,0,pos
FUN_011291,18,0.013215859030837005,0,pos,0,0.0,0,pos
FUN_002894,0,0.0,0,pos,0,0.0,0,pos
FUN_007979,78,0.35135135135135137,1,pos_s132_e204,0,0.0,0,pos
FUN_008412,0,0.0,0,pos,0,0.0,0,pos
FUN_005350,0,0.0,0,pos,0,0.0,0,pos
FUN_001278,0,0.0,0,pos,0,0.0,0,pos
FUN_008628,0,0.0,0,pos,0,0.0,0,pos
FUN_008666,0,0.0,0,pos,0,0.0,0,pos
FUN_005919,306,0.18214285714285713,5,pos_s90_e126_s204_e240_s984_e1020_s1026_e1074_s1530_e1644,108,0.06428571428571428,2,pos_s1530_e1566_s1584_e1620
FUN_010075,0,0.0,0,pos,0,0.0,0,pos
FUN_008469,0,0.0,0,pos,0,0.0,0,pos
FUN_007709,0,0.0,0,pos,0,0.0,0,pos
FUN_005197,6,0.0022988505747126436,0,pos,0,0.0,0,pos
FUN_002952,6,0.003861003861003861,0,pos,0,0.0,0,pos
FUN_009204,0,0.0,0,pos,0,0.0,0,pos
FUN_008241,0,0.0,0,pos,0,0.0,0,pos
FUN_016815,0,0.0,0,pos,0,0.0,0,pos
FUN_006453,6,0.0125,0,pos,0,0.0,0,pos
FUN_004235,0,0.0,0,pos,0,0.0,0,pos
FUN_016352,0,0.0,0,pos,0,0.0,0,pos
FUN_001043,288,0.07373271889400922,3,pos_s1830_e1860_s1884_e1974_s1980_e2022,90,0.02304147465437788,1,pos_s1938_e1974
FUN_000900,0,0.0,0,pos,0,0.0,0,pos
FUN_011252,180,0.24390243902439024,2,pos_s162_e246_s498_e594,0,0.0,0,pos
FUN_006482,0,0.0,0,pos,0,0.0,0,pos
FUN_003290,0,0.0,0,pos,0,0.0,0,pos
FUN_010176,0,0.0,0,pos,0,0.0,0,pos
FUN_016172,0,0.0,0,pos,0,0.0,0,pos
FUN_015667,0,0.0,0,pos,0,0.0,0,pos
FUN_007357,0,0.0,0,pos,0,0.0,0,pos
FUN_015322,0,0.0,0,pos,0,0.0,0,pos
FUN_006486,0,0.0,0,pos,0,0.0,0,pos
FUN_000330,24,0.023121387283236993,0,pos,12,0.011560693641618497,0,pos
FUN_003673,30,0.056818181818181816,0,pos,0,0.0,0,pos
FUN_000081,0,0.0,0,pos,0,0.0,0,pos
FUN_003112,0,0.0,0,pos,0,0.0,0,pos
FUN_003417,0,0.0,0,pos,0,0.0,0,pos
FUN_007890,0,0.0,0,pos,0,0.0,0,pos
FUN_007477,12,0.0026109660574412533,0,pos,0,0.0,0,pos
FUN_011846,0,0.0,0,pos,0,0.0,0,pos
FUN_003111,6,0.009900990099009901,0,pos,0,0.0,0,pos
FUN_016679,0,0.0,0,pos,0,0.0,0,pos
FUN_012351,0,0.0,0,pos,0,0.0,0,pos
FUN_012164,0,0.0,0,pos,0,0.0,0,pos
FUN_008508,36,0.018867924528301886,1,pos_s318_e354,0,0.0,0,pos
FUN_008969,0,0.0,0,pos,0,0.0,0,pos
FUN_001405,90,0.027777777777777776,1,pos_s900_e954,6,0.001851851851851852,0,pos
FUN_000443,0,0.0,0,pos,0,0.0,0,pos
FUN_009491,0,0.0,0,pos,0,0.0,0,pos
FUN_003496,0,0.0,0,pos,0,0.0,0,pos
FUN_015586,0,0.0,0,pos,0,0.0,0,pos
FUN_015685,0,0.0,0,pos,0,0.0,0,pos
FUN_004002,0,0.0,0,pos,0,0.0,0,pos
FUN_011525,0,0.0,0,pos,0,0.0,0,pos
FUN_008200,0,0.0,0,pos,0,0.0,0,pos
FUN_012197,0,0.0,0,pos,0,0.0,0,pos
FUN_003218,0,0.0,0,pos,0,0.0,0,pos
FUN_002421,0,0.0,0,pos,0,0.0,0,pos
FUN_008616,42,0.011884550084889643,0,pos,0,0.0,0,pos
FUN_007112,36,0.046153846153846156,0,pos,12,0.015384615384615385,0,pos
FUN_007687,108,0.049723756906077346,2,pos_s48_e102_s1848_e1896,54,0.024861878453038673,1,pos_s48_e96
FUN_008813,306,0.24285714285714285,5,pos_s126_e156_s204_e240_s456_e558_s786_e828_s1182_e1218,102,0.08095238095238096,1,pos_s462_e558
FUN_003940,0,0.0,0,pos,0,0.0,0,pos
FUN_015733,0,0.0,0,pos,0,0.0,0,pos
FUN_008306,12,0.006329113924050633,0,pos,0,0.0,0,pos
FUN_001903,0,0.0,0,pos,0,0.0,0,pos
FUN_004105,0,0.0,0,pos,0,0.0,0,pos
FUN_016017,0,0.0,0,pos,0,0.0,0,pos
FUN_001892,0,0.0,0,pos,0,0.0,0,pos
FUN_001295,0,0.0,0,pos,0,0.0,0,pos
FUN_011318,0,0.0,0,pos,0,0.0,0,pos
FUN_006651,0,0.0,0,pos,0,0.0,0,pos
FUN_008355,0,0.0,0,pos,0,0.0,0,pos
FUN_002993,0,0.0,0,pos,0,0.0,0,pos
FUN_004640,24,0.00816326530612245,0,pos,0,0.0,0,pos
FUN_001421,0,0.0,0,pos,0,0.0,0,pos
FUN_000128,66,0.015151515151515152,1,pos_s2862_e2892,12,0.0027548209366391185,0,pos
FUN_003295,78,0.037900874635568516,1,pos_s144_e222,48,0.023323615160349854,1,pos_s144_e192
FUN_004112,0,0.0,0,pos,0,0.0,0,pos
FUN_004447,0,0.0,0,pos,0,0.0,0,pos
FUN_005760,0,0.0,0,pos,0,0.0,0,pos
FUN_001517,0,0.0,0,pos,0,0.0,0,pos
FUN_009626,102,0.0913978494623656,1,pos_s948_e1026,18,0.016129032258064516,0,pos
FUN_008952,0,0.0,0,pos,0,0.0,0,pos
FUN_008802,0,0.0,0,pos,0,0.0,0,pos
FUN_012559,0,0.0,0,pos,0,0.0,0,pos
FUN_007000,0,0.0,0,pos,0,0.0,0,pos
FUN_004250,0,0.0,0,pos,0,0.0,0,pos
FUN_011072,0,0.0,0,pos,0,0.0,0,pos
FUN_005577,0,0.0,0,pos,0,0.0,0,pos
FUN_007327,0,0.0,0,pos,0,0.0,0,pos
FUN_016826,0,0.0,0,pos,0,0.0,0,pos
FUN_004492,0,0.0,0,pos,0,0.0,0,pos
FUN_009960,108,0.13138686131386862,1,pos_s150_e258,66,0.08029197080291971,1,pos_s174_e240
FUN_016866,6,0.008547008547008548,0,pos,0,0.0,0,pos
FUN_015378,0,0.0,0,pos,0,0.0,0,pos
FUN_002149,0,0.0,0,pos,0,0.0,0,pos
FUN_006195,6,0.005813953488372093,0,pos,0,0.0,0,pos
FUN_009707,0,0.0,0,pos,0,0.0,0,pos
FUN_009487,18,0.005758157389635317,0,pos,0,0.0,0,pos
FUN_000044,126,0.1510791366906475,1,pos_s216_e324,6,0.007194244604316547,0,pos
FUN_003347,30,0.06172839506172839,1,pos_s168_e198,30,0.06172839506172839,1,pos_s168_e198
FUN_010043,6,0.0012121212121212121,0,pos,0,0.0,0,pos
FUN_008533,0,0.0,0,pos,0,0.0,0,pos
FUN_003402,0,0.0,0,pos,0,0.0,0,pos
FUN_011742,0,0.0,0,pos,0,0.0,0,pos
FUN_009923,0,0.0,0,pos,0,0.0,0,pos
FUN_015705,0,0.0,0,pos,0,0.0,0,pos
FUN_006601,0,0.0,0,pos,0,0.0,0,pos
FUN_009971,12,0.00966183574879227,0,pos,0,0.0,0,pos
FUN_000644,0,0.0,0,pos,0,0.0,0,pos
FUN_006231,138,0.018533440773569703,2,pos_s0_e42_s798_e834,36,0.004834810636583401,1,pos_s804_e834
FUN_001643,0,0.0,0,pos,0,0.0,0,pos
FUN_010007,0,0.0,0,pos,0,0.0,0,pos
FUN_011255,0,0.0,0,pos,0,0.0,0,pos
FUN_016609,0,0.0,0,pos,0,0.0,0,pos
FUN_002915,0,0.0,0,pos,0,0.0,0,pos
FUN_015984,0,0.0,0,pos,0,0.0,0,pos
FUN_011741,0,0.0,0,pos,0,0.0,0,pos
FUN_009012,0,0.0,0,pos,0,0.0,0,pos
FUN_001078,6,0.003134796238244514,0,pos,0,0.0,0,pos
FUN_003379,6,0.001834862385321101,0,pos,6,0.001834862385321101,0,pos
FUN_015281,0,0.0,0,pos,0,0.0,0,pos
FUN_009423,0,0.0,0,pos,0,0.0,0,pos
FUN_005139,0,0.0,0,pos,0,0.0,0,pos
FUN_002307,0,0.0,0,pos,0,0.0,0,pos
FUN_003845,6,0.0009057971014492754,0,pos,0,0.0,0,pos
FUN_012099,0,0.0,0,pos,0,0.0,0,pos
FUN_004222,0,0.0,0,pos,0,0.0,0,pos
FUN_002868,0,0.0,0,pos,0,0.0,0,pos
FUN_016430,0,0.0,0,pos,0,0.0,0,pos
FUN_008240,0,0.0,0,pos,0,0.0,0,pos
FUN_004117,0,0.0,0,pos,0,0.0,0,pos
FUN_011263,0,0.0,0,pos,0,0.0,0,pos
FUN_004831,0,0.0,0,pos,0,0.0,0,pos
FUN_004717,0,0.0,0,pos,0,0.0,0,pos
FUN_016297,0,0.0,0,pos,0,0.0,0,pos
FUN_004132,0,0.0,0,pos,0,0.0,0,pos
FUN_003636,18,0.022388059701492536,0,pos,0,0.0,0,pos
FUN_007755,0,0.0,0,pos,0,0.0,0,pos
FUN_002957,162,0.5510204081632653,2,pos_s0_e78_s216_e264,18,0.061224489795918366,0,pos
FUN_016525,0,0.0,0,pos,0,0.0,0,pos
FUN_007442,18,0.01485148514851485,0,pos,6,0.0049504950495049506,0,pos
FUN_011868,0,0.0,0,pos,0,0.0,0,pos
FUN_006966,0,0.0,0,pos,0,0.0,0,pos
FUN_003122,48,0.03137254901960784,1,pos_s330_e372,30,0.0196078431372549,0,pos
FUN_004014,0,0.0,0,pos,0,0.0,0,pos
FUN_008885,0,0.0,0,pos,0,0.0,0,pos
FUN_007886,0,0.0,0,pos,0,0.0,0,pos
FUN_004660,2886,0.14566929133858267,21,pos_s1548_e1764_s1878_e1974_s2478_e2592_s4470_e4596_s4620_e4728_s4818_e4968_s4974_e5004_s5160_e5310_s5376_e5502_s5544_e5712_s6324_e6438_s6738_e6792_s6936_e7050_s7098_e7200_s11958_e11994_s12048_e12126_s12144_e12240_s12294_e12384_s17064_e17232_s17274_e17538_s17826_e18108,1674,0.08449424591156875,18,pos_s1566_e1764_s1878_e1956_s2478_e2592_s4482_e4584_s4920_e4956_s5160_e5310_s5472_e5502_s5544_e5664_s6348_e6438_s6960_e7050_s12048_e12078_s12162_e12210_s12294_e12360_s17064_e17100_s17274_e17346_s17388_e17424_s17838_e17976_s17994_e18078
FUN_011260,0,0.0,0,pos,0,0.0,0,pos
FUN_015695,0,0.0,0,pos,0,0.0,0,pos
FUN_008524,0,0.0,0,pos,0,0.0,0,pos
FUN_011464,0,0.0,0,pos,0,0.0,0,pos
FUN_012006,0,0.0,0,pos,0,0.0,0,pos
FUN_000444,18,0.11538461538461539,0,pos,0,0.0,0,pos
FUN_001155,0,0.0,0,pos,0,0.0,0,pos
FUN_012307,0,0.0,0,pos,0,0.0,0,pos
FUN_011567,24,0.16,0,pos,0,0.0,0,pos
FUN_009985,0,0.0,0,pos,0,0.0,0,pos
FUN_010818,0,0.0,0,pos,0,0.0,0,pos
FUN_009554,66,0.06547619047619048,2,pos_s270_e306_s570_e600,12,0.011904761904761904,0,pos
FUN_009262,0,0.0,0,pos,0,0.0,0,pos
FUN_002622,0,0.0,0,pos,0,0.0,0,pos
FUN_015611,0,0.0,0,pos,0,0.0,0,pos
FUN_002513,0,0.0,0,pos,0,0.0,0,pos
FUN_010534,0,0.0,0,pos,0,0.0,0,pos
FUN_005939,0,0.0,0,pos,0,0.0,0,pos
FUN_003888,0,0.0,0,pos,0,0.0,0,pos
FUN_003040,0,0.0,0,pos,0,0.0,0,pos
FUN_003139,84,0.07954545454545454,1,pos_s894_e948,6,0.005681818181818182,0,pos
FUN_001775,0,0.0,0,pos,0,0.0,0,pos
FUN_003398,0,0.0,0,pos,0,0.0,0,pos
FUN_002159,0,0.0,0,pos,0,0.0,0,pos
FUN_016740,0,0.0,0,pos,0,0.0,0,pos
FUN_006424,252,0.0621301775147929,4,pos_s2262_e2292_s2568_e2598_s3444_e3480_s3702_e3852,24,0.005917159763313609,0,pos
FUN_009195,24,0.018779342723004695,0,pos,24,0.018779342723004695,0,pos
FUN_004175,0,0.0,0,pos,0,0.0,0,pos
FUN_002938,72,0.07792207792207792,1,pos_s732_e792,0,0.0,0,pos
FUN_016463,0,0.0,0,pos,0,0.0,0,pos
FUN_005835,0,0.0,0,pos,0,0.0,0,pos
FUN_015920,0,0.0,0,pos,0,0.0,0,pos
FUN_006707,0,0.0,0,pos,0,0.0,0,pos
FUN_001383,0,0.0,0,pos,0,0.0,0,pos
FUN_012394,0,0.0,0,pos,0,0.0,0,pos
FUN_011831,108,0.029459901800327332,1,pos_s3468_e3528,18,0.004909983633387889,0,pos
FUN_010520,0,0.0,0,pos,0,0.0,0,pos
FUN_009003,174,0.10740740740740741,1,pos_s1188_e1356,90,0.05555555555555555,1,pos_s1272_e1356
FUN_016013,0,0.0,0,pos,0,0.0,0,pos
FUN_002367,0,0.0,0,pos,0,0.0,0,pos
FUN_001085,18,0.017341040462427744,0,pos,0,0.0,0,pos
FUN_012258,0,0.0,0,pos,0,0.0,0,pos
FUN_016159,0,0.0,0,pos,0,0.0,0,pos
FUN_015825,0,0.0,0,pos,0,0.0,0,pos
FUN_007360,0,0.0,0,pos,0,0.0,0,pos
FUN_006947,180,0.17142857142857143,3,pos_s282_e318_s444_e480_s804_e912,78,0.07428571428571429,1,pos_s804_e882
FUN_002649,0,0.0,0,pos,0,0.0,0,pos
FUN_009956,0,0.0,0,pos,0,0.0,0,pos
FUN_005433,0,0.0,0,pos,0,0.0,0,pos
FUN_012495,0,0.0,0,pos,0,0.0,0,pos
FUN_008037,0,0.0,0,pos,0,0.0,0,pos
FUN_005910,0,0.0,0,pos,0,0.0,0,pos
FUN_009373,12,0.08695652173913043,0,pos,0,0.0,0,pos
FUN_008968,6,0.005988023952095809,0,pos,0,0.0,0,pos
FUN_012443,0,0.0,0,pos,0,0.0,0,pos
FUN_000315,0,0.0,0,pos,0,0.0,0,pos
FUN_016573,0,0.0,0,pos,0,0.0,0,pos
FUN_005234,0,0.0,0,pos,0,0.0,0,pos
FUN_007489,0,0.0,0,pos,0,0.0,0,pos
FUN_011549,0,0.0,0,pos,0,0.0,0,pos
FUN_006154,0,0.0,0,pos,0,0.0,0,pos
FUN_009903,0,0.0,0,pos,0,0.0,0,pos
FUN_016431,0,0.0,0,pos,0,0.0,0,pos
FUN_007581,0,0.0,0,pos,0,0.0,0,pos
FUN_002097,0,0.0,0,pos,0,0.0,0,pos
FUN_007250,72,0.04979253112033195,1,pos_s1314_e1380,0,0.0,0,pos
FUN_002534,0,0.0,0,pos,0,0.0,0,pos
FUN_000873,6,0.0010256410256410256,0,pos,0,0.0,0,pos
FUN_010247,0,0.0,0,pos,0,0.0,0,pos
FUN_002811,90,0.055350553505535055,1,pos_s144_e234,0,0.0,0,pos
FUN_005858,0,0.0,0,pos,0,0.0,0,pos
FUN_009202,0,0.0,0,pos,0,0.0,0,pos
FUN_009316,0,0.0,0,pos,0,0.0,0,pos
FUN_016613,0,0.0,0,pos,0,0.0,0,pos
FUN_005313,24,0.007155635062611807,0,pos,6,0.0017889087656529517,0,pos
FUN_004170,0,0.0,0,pos,0,0.0,0,pos
FUN_011005,0,0.0,0,pos,0,0.0,0,pos
FUN_005940,0,0.0,0,pos,0,0.0,0,pos
FUN_011888,0,0.0,0,pos,0,0.0,0,pos
FUN_004996,12,0.0037243947858473,0,pos,0,0.0,0,pos
FUN_016444,0,0.0,0,pos,0,0.0,0,pos
FUN_000062,0,0.0,0,pos,0,0.0,0,pos
FUN_002551,0,0.0,0,pos,0,0.0,0,pos
FUN_007019,0,0.0,0,pos,0,0.0,0,pos
FUN_015497,0,0.0,0,pos,0,0.0,0,pos
FUN_016081,0,0.0,0,pos,0,0.0,0,pos
FUN_012376,0,0.0,0,pos,0,0.0,0,pos
FUN_009535,0,0.0,0,pos,0,0.0,0,pos
FUN_011528,0,0.0,0,pos,0,0.0,0,pos
FUN_001747,0,0.0,0,pos,0,0.0,0,pos
FUN_008314,0,0.0,0,pos,0,0.0,0,pos
FUN_005448,0,0.0,0,pos,0,0.0,0,pos
FUN_012257,0,0.0,0,pos,0,0.0,0,pos
FUN_008082,0,0.0,0,pos,0,0.0,0,pos
FUN_010304,78,0.02610441767068273,2,pos_s1164_e1194_s2034_e2070,6,0.002008032128514056,0,pos
FUN_009682,0,0.0,0,pos,0,0.0,0,pos
FUN_004700,6,0.003105590062111801,0,pos,0,0.0,0,pos
FUN_015337,0,0.0,0,pos,0,0.0,0,pos
FUN_005213,198,0.061452513966480445,2,pos_s2154_e2220_s2640_e2712,60,0.0186219739292365,1,pos_s2682_e2712
FUN_008782,0,0.0,0,pos,0,0.0,0,pos
FUN_010223,12,0.013157894736842105,0,pos,12,0.013157894736842105,0,pos
FUN_008168,18,0.09090909090909091,0,pos,0,0.0,0,pos
FUN_002392,228,0.20652173913043478,2,pos_s822_e864_s870_e1050,180,0.16304347826086957,1,pos_s882_e1050
FUN_015277,0,0.0,0,pos,0,0.0,0,pos
FUN_015542,0,0.0,0,pos,0,0.0,0,pos
FUN_001651,0,0.0,0,pos,0,0.0,0,pos
FUN_009344,6,0.004694835680751174,0,pos,0,0.0,0,pos
FUN_010334,108,0.075,1,pos_s396_e504,0,0.0,0,pos
FUN_000255,0,0.0,0,pos,0,0.0,0,pos
FUN_006111,0,0.0,0,pos,0,0.0,0,pos
FUN_005052,6,0.0125,0,pos,6,0.0125,0,pos
FUN_001754,0,0.0,0,pos,0,0.0,0,pos
FUN_005698,0,0.0,0,pos,0,0.0,0,pos
FUN_007085,0,0.0,0,pos,0,0.0,0,pos
FUN_004910,0,0.0,0,pos,0,0.0,0,pos
FUN_007220,72,0.05286343612334802,2,pos_s834_e870_s1074_e1110,30,0.022026431718061675,1,pos_s1074_e1104
FUN_012094,0,0.0,0,pos,0,0.0,0,pos
FUN_002050,0,0.0,0,pos,0,0.0,0,pos
FUN_001700,0,0.0,0,pos,0,0.0,0,pos
FUN_005950,0,0.0,0,pos,0,0.0,0,pos
FUN_009062,0,0.0,0,pos,0,0.0,0,pos
FUN_015637,0,0.0,0,pos,0,0.0,0,pos
FUN_011740,42,0.07526881720430108,1,pos_s492_e522,0,0.0,0,pos
FUN_002531,24,0.01694915254237288,0,pos,0,0.0,0,pos
FUN_001441,0,0.0,0,pos,0,0.0,0,pos
FUN_011951,0,0.0,0,pos,0,0.0,0,pos
FUN_012363,0,0.0,0,pos,0,0.0,0,pos
FUN_002719,102,0.10759493670886076,1,pos_s0_e66,30,0.03164556962025317,0,pos
FUN_004557,150,0.12195121951219512,2,pos_s966_e1080_s1104_e1134,42,0.03414634146341464,1,pos_s984_e1020
FUN_008790,6,0.0028011204481792717,0,pos,0,0.0,0,pos
FUN_004031,0,0.0,0,pos,0,0.0,0,pos
FUN_004268,162,0.18,2,pos_s348_e462_s708_e756,126,0.14,1,pos_s348_e462
FUN_006347,0,0.0,0,pos,0,0.0,0,pos
FUN_006786,6,0.0018248175182481751,0,pos,0,0.0,0,pos
FUN_000699,0,0.0,0,pos,0,0.0,0,pos
FUN_007293,6,0.014492753623188406,0,pos,0,0.0,0,pos
FUN_015704,0,0.0,0,pos,0,0.0,0,pos
FUN_002346,360,0.16172506738544473,4,pos_s240_e360_s396_e432_s630_e660_s810_e948,168,0.07547169811320754,2,pos_s312_e360_s396_e432
FUN_004420,36,0.07407407407407407,0,pos,0,0.0,0,pos
FUN_015745,0,0.0,0,pos,0,0.0,0,pos
FUN_009212,0,0.0,0,pos,0,0.0,0,pos
FUN_007061,282,0.09873949579831932,3,pos_s540_e576_s1362_e1440_s1788_e1878,90,0.031512605042016806,1,pos_s1788_e1860
FUN_008031,60,0.014705882352941176,1,pos_s3036_e3066,0,0.0,0,pos
FUN_004064,0,0.0,0,pos,0,0.0,0,pos
FUN_006140,0,0.0,0,pos,0,0.0,0,pos
FUN_006413,0,0.0,0,pos,0,0.0,0,pos
FUN_000654,0,0.0,0,pos,0,0.0,0,pos
FUN_009308,0,0.0,0,pos,0,0.0,0,pos
FUN_005906,0,0.0,0,pos,0,0.0,0,pos
FUN_005511,0,0.0,0,pos,0,0.0,0,pos
FUN_011378,72,0.026200873362445413,1,pos_s2628_e2700,0,0.0,0,pos
FUN_012157,0,0.0,0,pos,0,0.0,0,pos
FUN_006616,0,0.0,0,pos,0,0.0,0,pos
FUN_008714,12,0.0020060180541624875,0,pos,12,0.0020060180541624875,0,pos
FUN_006462,72,0.06451612903225806,1,pos_s612_e684,72,0.06451612903225806,1,pos_s612_e684
FUN_004026,24,0.03508771929824561,0,pos,0,0.0,0,pos
FUN_008760,42,0.017766497461928935,0,pos,0,0.0,0,pos
FUN_004877,48,0.06451612903225806,1,pos_s60_e96,0,0.0,0,pos
FUN_005525,60,0.02544529262086514,0,pos,0,0.0,0,pos
FUN_004239,0,0.0,0,pos,0,0.0,0,pos
FUN_016723,0,0.0,0,pos,0,0.0,0,pos
FUN_000474,0,0.0,0,pos,0,0.0,0,pos
FUN_001032,0,0.0,0,pos,0,0.0,0,pos
FUN_003126,0,0.0,0,pos,0,0.0,0,pos
FUN_007377,264,0.048726467331118496,4,pos_s456_e516_s540_e570_s1602_e1662_s3870_e3984,12,0.0022148394241417496,0,pos
FUN_006232,12,0.00819672131147541,0,pos,0,0.0,0,pos
FUN_004260,0,0.0,0,pos,0,0.0,0,pos
FUN_011499,0,0.0,0,pos,0,0.0,0,pos
FUN_000861,0,0.0,0,pos,0,0.0,0,pos
FUN_005996,12,0.0392156862745098,0,pos,0,0.0,0,pos
FUN_011387,0,0.0,0,pos,0,0.0,0,pos
FUN_016664,0,0.0,0,pos,0,0.0,0,pos
FUN_007391,144,0.07017543859649122,2,pos_s1782_e1890_s2010_e2046,18,0.008771929824561403,0,pos
FUN_012297,0,0.0,0,pos,0,0.0,0,pos
FUN_005665,0,0.0,0,pos,0,0.0,0,pos
FUN_002834,0,0.0,0,pos,0,0.0,0,pos
FUN_008225,6,0.004081632653061225,0,pos,0,0.0,0,pos
FUN_005912,0,0.0,0,pos,0,0.0,0,pos
FUN_003444,0,0.0,0,pos,0,0.0,0,pos
FUN_006240,0,0.0,0,pos,0,0.0,0,pos
FUN_005539,0,0.0,0,pos,0,0.0,0,pos
FUN_012471,0,0.0,0,pos,0,0.0,0,pos
FUN_016603,0,0.0,0,pos,0,0.0,0,pos
FUN_004411,0,0.0,0,pos,0,0.0,0,pos
FUN_005015,0,0.0,0,pos,0,0.0,0,pos
FUN_005599,0,0.0,0,pos,0,0.0,0,pos
FUN_000543,0,0.0,0,pos,0,0.0,0,pos
FUN_003772,24,0.03669724770642202,0,pos,0,0.0,0,pos
FUN_016157,0,0.0,0,pos,0,0.0,0,pos
FUN_011523,0,0.0,0,pos,0,0.0,0,pos
FUN_009537,0,0.0,0,pos,0,0.0,0,pos
FUN_003921,0,0.0,0,pos,0,0.0,0,pos
FUN_002936,132,0.06853582554517133,1,pos_s426_e534,84,0.04361370716510903,1,pos_s450_e534
FUN_010959,0,0.0,0,pos,0,0.0,0,pos
FUN_008078,42,0.0440251572327044,1,pos_s516_e546,30,0.031446540880503145,1,pos_s516_e546
FUN_007201,312,0.026571282575370465,3,pos_s1380_e1434_s8274_e8322_s11274_e11370,108,0.009197751660705161,1,pos_s11280_e11346
FUN_004760,0,0.0,0,pos,0,0.0,0,pos
FUN_004824,0,0.0,0,pos,0,0.0,0,pos
FUN_004946,0,0.0,0,pos,0,0.0,0,pos
FUN_004777,30,0.044642857142857144,1,pos_s522_e552,30,0.044642857142857144,1,pos_s522_e552
FUN_010909,0,0.0,0,pos,0,0.0,0,pos
FUN_007951,0,0.0,0,pos,0,0.0,0,pos
FUN_009853,0,0.0,0,pos,0,0.0,0,pos
FUN_011156,0,0.0,0,pos,0,0.0,0,pos
FUN_008272,30,0.008064516129032258,0,pos,0,0.0,0,pos
FUN_002501,0,0.0,0,pos,0,0.0,0,pos
FUN_006743,0,0.0,0,pos,0,0.0,0,pos
FUN_007694,0,0.0,0,pos,0,0.0,0,pos
FUN_004625,0,0.0,0,pos,0,0.0,0,pos
FUN_009512,234,0.23076923076923078,2,pos_s48_e114_s534_e648,162,0.15976331360946747,2,pos_s48_e114_s552_e630
FUN_011294,0,0.0,0,pos,0,0.0,0,pos
FUN_003267,0,0.0,0,pos,0,0.0,0,pos
FUN_016735,0,0.0,0,pos,0,0.0,0,pos
FUN_004763,0,0.0,0,pos,0,0.0,0,pos
FUN_010584,228,0.1386861313868613,3,pos_s66_e144_s186_e240_s876_e948,66,0.040145985401459854,1,pos_s186_e228
FUN_003289,0,0.0,0,pos,0,0.0,0,pos
FUN_011940,0,0.0,0,pos,0,0.0,0,pos
FUN_008607,6,0.0016313213703099511,0,pos,0,0.0,0,pos
FUN_011311,18,0.009433962264150943,0,pos,6,0.0031446540880503146,0,pos
FUN_003365,108,0.019801980198019802,2,pos_s2352_e2382_s3114_e3186,0,0.0,0,pos
FUN_003517,42,0.0374331550802139,1,pos_s798_e828,0,0.0,0,pos
FUN_007122,108,0.07468879668049792,2,pos_s0_e72_s744_e780,72,0.04979253112033195,1,pos_s0_e72
FUN_005212,0,0.0,0,pos,0,0.0,0,pos
FUN_006112,0,0.0,0,pos,0,0.0,0,pos
FUN_012304,0,0.0,0,pos,0,0.0,0,pos
FUN_002408,0,0.0,0,pos,0,0.0,0,pos
FUN_015444,0,0.0,0,pos,0,0.0,0,pos
FUN_006628,0,0.0,0,pos,0,0.0,0,pos
FUN_004386,0,0.0,0,pos,0,0.0,0,pos
FUN_009993,0,0.0,0,pos,0,0.0,0,pos
FUN_016027,0,0.0,0,pos,0,0.0,0,pos
FUN_007656,0,0.0,0,pos,0,0.0,0,pos
FUN_000595,0,0.0,0,pos,0,0.0,0,pos
FUN_000546,0,0.0,0,pos,0,0.0,0,pos
FUN_000896,0,0.0,0,pos,0,0.0,0,pos
FUN_000603,0,0.0,0,pos,0,0.0,0,pos
FUN_003316,0,0.0,0,pos,0,0.0,0,pos
FUN_010932,0,0.0,0,pos,0,0.0,0,pos
FUN_007660,378,0.2202797202797203,2,pos_s1020_e1116_s1410_e1440,216,0.1258741258741259,2,pos_s1044_e1080_s1518_e1686
FUN_004333,0,0.0,0,pos,0,0.0,0,pos
FUN_000237,0,0.0,0,pos,0,0.0,0,pos
FUN_000548,0,0.0,0,pos,0,0.0,0,pos
FUN_003605,0,0.0,0,pos,0,0.0,0,pos
FUN_009450,0,0.0,0,pos,0,0.0,0,pos
FUN_006085,0,0.0,0,pos,0,0.0,0,pos
FUN_003097,0,0.0,0,pos,0,0.0,0,pos
FUN_012515,0,0.0,0,pos,0,0.0,0,pos
FUN_001680,0,0.0,0,pos,0,0.0,0,pos
FUN_006472,0,0.0,0,pos,0,0.0,0,pos
FUN_015691,0,0.0,0,pos,0,0.0,0,pos
FUN_005478,0,0.0,0,pos,0,0.0,0,pos
FUN_005496,66,0.039285714285714285,1,pos_s726_e786,0,0.0,0,pos
FUN_009155,36,0.009884678747940691,1,pos_s1800_e1836,24,0.006589785831960461,0,pos
FUN_006606,18,0.03614457831325301,0,pos,0,0.0,0,pos
FUN_008948,0,0.0,0,pos,0,0.0,0,pos
FUN_007426,0,0.0,0,pos,0,0.0,0,pos
FUN_008341,0,0.0,0,pos,0,0.0,0,pos
FUN_008269,318,0.08702791461412152,4,pos_s636_e684_s3156_e3186_s3204_e3264_s3390_e3540,108,0.029556650246305417,1,pos_s3390_e3498
FUN_012429,0,0.0,0,pos,0,0.0,0,pos
FUN_007953,0,0.0,0,pos,0,0.0,0,pos
FUN_003460,198,0.03319919517102616,2,pos_s1482_e1584_s5370_e5406,54,0.009054325955734407,0,pos
FUN_008542,0,0.0,0,pos,0,0.0,0,pos
FUN_016341,0,0.0,0,pos,0,0.0,0,pos
FUN_004425,0,0.0,0,pos,0,0.0,0,pos
FUN_000273,0,0.0,0,pos,0,0.0,0,pos
FUN_015357,0,0.0,0,pos,0,0.0,0,pos
FUN_007542,216,0.0661764705882353,2,pos_s894_e984_s1920_e1992,36,0.011029411764705883,0,pos
FUN_016448,0,0.0,0,pos,0,0.0,0,pos
FUN_007852,84,0.07216494845360824,1,pos_s258_e342,0,0.0,0,pos
FUN_009634,0,0.0,0,pos,0,0.0,0,pos
FUN_006569,6,0.009433962264150943,0,pos,6,0.009433962264150943,0,pos
FUN_004399,300,0.045829514207149404,2,pos_s984_e1140_s1890_e2010,138,0.021081576535288724,1,pos_s1020_e1128
FUN_007924,966,0.04672083575159605,12,pos_s618_e696_s7314_e7344_s13194_e13260_s14232_e14298_s14688_e14754_s14856_e14958_s15720_e15828_s16524_e16572_s16860_e16974_s17376_e17442_s17982_e18012_s19992_e20040,336,0.01625072547881602,4,pos_s14874_e14958_s15750_e15798_s16542_e16572_s16860_e16974
FUN_015532,0,0.0,0,pos,0,0.0,0,pos
FUN_009494,30,0.013404825737265416,1,pos_s774_e804,0,0.0,0,pos
FUN_006436,72,0.16901408450704225,1,pos_s306_e378,54,0.1267605633802817,1,pos_s306_e360
FUN_011802,30,0.015625,0,pos,0,0.0,0,pos
FUN_001928,72,0.07453416149068323,1,pos_s474_e546,0,0.0,0,pos
FUN_006654,0,0.0,0,pos,0,0.0,0,pos
FUN_007570,0,0.0,0,pos,0,0.0,0,pos
FUN_016845,0,0.0,0,pos,0,0.0,0,pos
FUN_006574,0,0.0,0,pos,0,0.0,0,pos
FUN_002851,0,0.0,0,pos,0,0.0,0,pos
FUN_016128,0,0.0,0,pos,0,0.0,0,pos
FUN_007545,30,0.006234413965087282,1,pos_s1170_e1200,30,0.006234413965087282,1,pos_s1170_e1200
FUN_010387,30,0.005924170616113744,0,pos,30,0.005924170616113744,0,pos
FUN_001124,0,0.0,0,pos,0,0.0,0,pos
FUN_009528,0,0.0,0,pos,0,0.0,0,pos
FUN_001040,0,0.0,0,pos,0,0.0,0,pos
FUN_009851,0,0.0,0,pos,0,0.0,0,pos
FUN_010494,0,0.0,0,pos,0,0.0,0,pos
FUN_012068,0,0.0,0,pos,0,0.0,0,pos
FUN_009846,66,0.004747518342684506,1,pos_s1170_e1224,54,0.003884333189469141,1,pos_s1170_e1224
FUN_007294,0,0.0,0,pos,0,0.0,0,pos
FUN_008099,0,0.0,0,pos,0,0.0,0,pos
FUN_010583,18,0.09090909090909091,0,pos,0,0.0,0,pos
FUN_000918,12,0.018867924528301886,0,pos,0,0.0,0,pos
FUN_009763,0,0.0,0,pos,0,0.0,0,pos
FUN_007378,12,0.002333722287047841,0,pos,0,0.0,0,pos
FUN_000419,0,0.0,0,pos,0,0.0,0,pos
FUN_015625,0,0.0,0,pos,0,0.0,0,pos
FUN_015261,0,0.0,0,pos,0,0.0,0,pos
FUN_008209,0,0.0,0,pos,0,0.0,0,pos
FUN_011791,0,0.0,0,pos,0,0.0,0,pos
FUN_011401,0,0.0,0,pos,0,0.0,0,pos
FUN_011348,0,0.0,0,pos,0,0.0,0,pos
FUN_008300,0,0.0,0,pos,0,0.0,0,pos
FUN_006447,0,0.0,0,pos,0,0.0,0,pos
FUN_012528,0,0.0,0,pos,0,0.0,0,pos
FUN_011575,0,0.0,0,pos,0,0.0,0,pos
FUN_000167,96,0.06557377049180328,1,pos_s876_e936,18,0.012295081967213115,0,pos
FUN_008693,0,0.0,0,pos,0,0.0,0,pos
FUN_010445,144,0.02063628546861565,2,pos_s3696_e3738_s4554_e4656,12,0.0017196904557179708,0,pos
FUN_012234,0,0.0,0,pos,0,0.0,0,pos
FUN_008971,24,0.024096385542168676,0,pos,0,0.0,0,pos
FUN_011711,0,0.0,0,pos,0,0.0,0,pos
FUN_008439,6,0.007936507936507936,0,pos,0,0.0,0,pos
FUN_011537,0,0.0,0,pos,0,0.0,0,pos
FUN_004363,0,0.0,0,pos,0,0.0,0,pos
FUN_003525,84,0.0343980343980344,1,pos_s2340_e2382,0,0.0,0,pos
FUN_009466,54,0.05172413793103448,1,pos_s786_e828,0,0.0,0,pos
FUN_009008,0,0.0,0,pos,0,0.0,0,pos
FUN_009441,0,0.0,0,pos,0,0.0,0,pos
FUN_001744,0,0.0,0,pos,0,0.0,0,pos
FUN_004891,84,0.06060606060606061,1,pos_s180_e252,0,0.0,0,pos
FUN_002482,0,0.0,0,pos,0,0.0,0,pos
FUN_007403,36,0.05555555555555555,0,pos,0,0.0,0,pos
FUN_003943,0,0.0,0,pos,0,0.0,0,pos
FUN_000091,0,0.0,0,pos,0,0.0,0,pos
FUN_015962,0,0.0,0,pos,0,0.0,0,pos
FUN_016746,0,0.0,0,pos,0,0.0,0,pos
FUN_000727,162,0.047957371225577264,3,pos_s48_e78_s138_e174_s192_e228,54,0.015985790408525755,1,pos_s138_e168
FUN_005899,0,0.0,0,pos,0,0.0,0,pos
FUN_002544,0,0.0,0,pos,0,0.0,0,pos
FUN_005004,0,0.0,0,pos,0,0.0,0,pos
FUN_015930,0,0.0,0,pos,0,0.0,0,pos
FUN_001403,0,0.0,0,pos,0,0.0,0,pos
FUN_007419,0,0.0,0,pos,0,0.0,0,pos
FUN_007638,0,0.0,0,pos,0,0.0,0,pos
FUN_003704,0,0.0,0,pos,0,0.0,0,pos
FUN_007828,18,0.018867924528301886,0,pos,0,0.0,0,pos
FUN_002340,0,0.0,0,pos,0,0.0,0,pos
FUN_010865,6,0.004405286343612335,0,pos,0,0.0,0,pos
FUN_012208,0,0.0,0,pos,0,0.0,0,pos
FUN_004293,48,0.023809523809523808,0,pos,18,0.008928571428571428,0,pos
FUN_007021,120,0.16666666666666666,1,pos_s336_e456,72,0.1,2,pos_s342_e372_s384_e426
FUN_010493,0,0.0,0,pos,0,0.0,0,pos
FUN_001068,48,0.02346041055718475,1,pos_s1878_e1926,0,0.0,0,pos
FUN_007982,0,0.0,0,pos,0,0.0,0,pos
FUN_000119,0,0.0,0,pos,0,0.0,0,pos
FUN_000729,0,0.0,0,pos,0,0.0,0,pos
FUN_005048,0,0.0,0,pos,0,0.0,0,pos
FUN_001156,0,0.0,0,pos,0,0.0,0,pos
FUN_012369,0,0.0,0,pos,0,0.0,0,pos
FUN_012380,0,0.0,0,pos,0,0.0,0,pos
FUN_010391,0,0.0,0,pos,0,0.0,0,pos
FUN_015668,0,0.0,0,pos,0,0.0,0,pos
FUN_012284,0,0.0,0,pos,0,0.0,0,pos
FUN_006262,198,0.1493212669683258,2,pos_s150_e228_s366_e456,90,0.06787330316742081,1,pos_s366_e426
FUN_001294,156,0.18705035971223022,1,pos_s204_e306,48,0.05755395683453238,1,pos_s258_e306
FUN_001591,0,0.0,0,pos,0,0.0,0,pos
FUN_016304,0,0.0,0,pos,0,0.0,0,pos
FUN_006766,0,0.0,0,pos,0,0.0,0,pos
FUN_004675,6,0.006289308176100629,0,pos,0,0.0,0,pos
FUN_000160,102,0.046703296703296704,1,pos_s0_e90,6,0.0027472527472527475,0,pos
FUN_004727,0,0.0,0,pos,0,0.0,0,pos
FUN_004661,210,0.12727272727272726,2,pos_s1038_e1086_s1122_e1242,84,0.05090909090909091,1,pos_s1194_e1236
FUN_012153,0,0.0,0,pos,0,0.0,0,pos
FUN_011083,0,0.0,0,pos,0,0.0,0,pos
FUN_001276,0,0.0,0,pos,0,0.0,0,pos
FUN_010960,0,0.0,0,pos,0,0.0,0,pos
FUN_006877,0,0.0,0,pos,0,0.0,0,pos
FUN_012202,0,0.0,0,pos,0,0.0,0,pos
FUN_002625,0,0.0,0,pos,0,0.0,0,pos
FUN_001574,12,0.0034782608695652175,0,pos,0,0.0,0,pos
FUN_007894,0,0.0,0,pos,0,0.0,0,pos
FUN_007772,0,0.0,0,pos,0,0.0,0,pos
FUN_011839,0,0.0,0,pos,0,0.0,0,pos
FUN_010577,0,0.0,0,pos,0,0.0,0,pos
FUN_003894,0,0.0,0,pos,0,0.0,0,pos
FUN_009328,402,0.21895424836601307,5,pos_s450_e552_s1140_e1176_s1308_e1344_s1380_e1458_s1566_e1650,198,0.10784313725490197,2,pos_s450_e552_s1422_e1458
FUN_008710,42,0.06363636363636363,0,pos,0,0.0,0,pos
FUN_004076,0,0.0,0,pos,0,0.0,0,pos
FUN_006700,0,0.0,0,pos,0,0.0,0,pos
FUN_009351,24,0.21052631578947367,0,pos,0,0.0,0,pos
FUN_000497,108,0.13740458015267176,1,pos_s114_e204,24,0.030534351145038167,0,pos
FUN_011747,0,0.0,0,pos,0,0.0,0,pos
FUN_000994,0,0.0,0,pos,0,0.0,0,pos
FUN_015761,0,0.0,0,pos,0,0.0,0,pos
FUN_016653,0,0.0,0,pos,0,0.0,0,pos
FUN_002900,18,0.01675977653631285,0,pos,0,0.0,0,pos
FUN_001581,0,0.0,0,pos,0,0.0,0,pos
FUN_005748,0,0.0,0,pos,0,0.0,0,pos
FUN_005065,0,0.0,0,pos,0,0.0,0,pos
FUN_009200,0,0.0,0,pos,0,0.0,0,pos
FUN_007394,0,0.0,0,pos,0,0.0,0,pos
FUN_005822,162,0.03884892086330935,2,pos_s3450_e3540_s3852_e3912,96,0.02302158273381295,1,pos_s3492_e3540
FUN_006649,0,0.0,0,pos,0,0.0,0,pos
FUN_002162,0,0.0,0,pos,0,0.0,0,pos
FUN_004494,0,0.0,0,pos,0,0.0,0,pos
FUN_005734,90,0.049019607843137254,2,pos_s708_e744_s1740_e1794,54,0.029411764705882353,1,pos_s1740_e1794
FUN_001426,0,0.0,0,pos,0,0.0,0,pos
FUN_009662,0,0.0,0,pos,0,0.0,0,pos
FUN_004894,0,0.0,0,pos,0,0.0,0,pos
FUN_008360,0,0.0,0,pos,0,0.0,0,pos
FUN_009741,0,0.0,0,pos,0,0.0,0,pos
FUN_011750,0,0.0,0,pos,0,0.0,0,pos
FUN_001396,0,0.0,0,pos,0,0.0,0,pos
FUN_003761,0,0.0,0,pos,0,0.0,0,pos
FUN_009778,0,0.0,0,pos,0,0.0,0,pos
FUN_001725,0,0.0,0,pos,0,0.0,0,pos
FUN_010166,0,0.0,0,pos,0,0.0,0,pos
FUN_004778,0,0.0,0,pos,0,0.0,0,pos
FUN_006740,0,0.0,0,pos,0,0.0,0,pos
FUN_009398,0,0.0,0,pos,0,0.0,0,pos
FUN_003110,0,0.0,0,pos,0,0.0,0,pos
FUN_012451,0,0.0,0,pos,0,0.0,0,pos
FUN_002333,66,0.125,0,pos,0,0.0,0,pos
FUN_016725,0,0.0,0,pos,0,0.0,0,pos
FUN_009920,0,0.0,0,pos,0,0.0,0,pos
FUN_007634,0,0.0,0,pos,0,0.0,0,pos
FUN_000735,6,0.015384615384615385,0,pos,0,0.0,0,pos
FUN_010362,0,0.0,0,pos,0,0.0,0,pos
FUN_010253,36,0.01488833746898263,1,pos_s2058_e2094,0,0.0,0,pos
FUN_000202,0,0.0,0,pos,0,0.0,0,pos
FUN_003944,0,0.0,0,pos,0,0.0,0,pos
FUN_001760,138,0.2804878048780488,1,pos_s144_e228,42,0.08536585365853659,0,pos
FUN_001689,42,0.007276507276507277,1,pos_s870_e906,0,0.0,0,pos
FUN_008669,0,0.0,0,pos,0,0.0,0,pos
FUN_002873,30,0.02252252252252252,1,pos_s174_e204,0,0.0,0,pos
FUN_003014,114,0.08085106382978724,3,pos_s270_e318_s336_e366_s1092_e1122,0,0.0,0,pos
FUN_008588,0,0.0,0,pos,0,0.0,0,pos
FUN_001512,0,0.0,0,pos,0,0.0,0,pos
FUN_015485,0,0.0,0,pos,0,0.0,0,pos
FUN_003935,18,0.03488372093023256,0,pos,0,0.0,0,pos
FUN_008925,114,0.06333333333333334,1,pos_s1056_e1170,48,0.02666666666666667,1,pos_s1056_e1104
FUN_007114,0,0.0,0,pos,0,0.0,0,pos
FUN_004956,0,0.0,0,pos,0,0.0,0,pos
FUN_000257,0,0.0,0,pos,0,0.0,0,pos
FUN_016368,0,0.0,0,pos,0,0.0,0,pos
FUN_002740,0,0.0,0,pos,0,0.0,0,pos
FUN_008579,108,0.05921052631578947,1,pos_s1314_e1422,84,0.046052631578947366,1,pos_s1338_e1422
FUN_010240,0,0.0,0,pos,0,0.0,0,pos
FUN_015372,0,0.0,0,pos,0,0.0,0,pos
FUN_005424,0,0.0,0,pos,0,0.0,0,pos
FUN_015702,0,0.0,0,pos,0,0.0,0,pos
FUN_011555,0,0.0,0,pos,0,0.0,0,pos
FUN_011892,0,0.0,0,pos,0,0.0,0,pos
FUN_002434,0,0.0,0,pos,0,0.0,0,pos
FUN_009784,6,0.0011185682326621924,0,pos,0,0.0,0,pos
FUN_007270,0,0.0,0,pos,0,0.0,0,pos
FUN_010297,0,0.0,0,pos,0,0.0,0,pos
FUN_002379,204,0.2809917355371901,2,pos_s168_e294_s570_e648,126,0.17355371900826447,2,pos_s234_e270_s576_e648
FUN_000144,24,0.01702127659574468,0,pos,0,0.0,0,pos
FUN_011106,402,0.04724964739069112,6,pos_s324_e366_s1008_e1038_s2280_e2376_s4896_e5010_s5430_e5460_s7410_e7440,120,0.014104372355430184,2,pos_s4896_e4944_s4974_e5010
FUN_012136,0,0.0,0,pos,0,0.0,0,pos
FUN_010138,0,0.0,0,pos,0,0.0,0,pos
FUN_006321,0,0.0,0,pos,0,0.0,0,pos
FUN_015983,0,0.0,0,pos,0,0.0,0,pos
FUN_005608,0,0.0,0,pos,0,0.0,0,pos
FUN_004868,0,0.0,0,pos,0,0.0,0,pos
FUN_007015,0,0.0,0,pos,0,0.0,0,pos
FUN_016181,0,0.0,0,pos,0,0.0,0,pos
FUN_010331,114,0.15966386554621848,2,pos_s336_e366_s504_e570,18,0.025210084033613446,0,pos
FUN_008740,0,0.0,0,pos,0,0.0,0,pos
FUN_006380,0,0.0,0,pos,0,0.0,0,pos
FUN_009499,72,0.0425531914893617,1,pos_s1602_e1662,60,0.03546099290780142,1,pos_s1602_e1662
FUN_004745,18,0.004893964110929853,0,pos,0,0.0,0,pos
FUN_004948,0,0.0,0,pos,0,0.0,0,pos
FUN_000409,12,0.004,0,pos,0,0.0,0,pos
FUN_016691,0,0.0,0,pos,0,0.0,0,pos
FUN_001577,108,0.05521472392638037,1,pos_s1296_e1368,12,0.006134969325153374,0,pos
FUN_001636,0,0.0,0,pos,0,0.0,0,pos
FUN_016379,0,0.0,0,pos,0,0.0,0,pos
FUN_006819,0,0.0,0,pos,0,0.0,0,pos
FUN_000388,0,0.0,0,pos,0,0.0,0,pos
FUN_003470,0,0.0,0,pos,0,0.0,0,pos
FUN_003250,42,0.018421052631578946,1,pos_s2088_e2130,12,0.005263157894736842,0,pos
FUN_002011,132,0.2268041237113402,1,pos_s30_e162,114,0.1958762886597938,1,pos_s54_e138
FUN_009227,0,0.0,0,pos,0,0.0,0,pos
FUN_006862,18,0.009036144578313253,0,pos,0,0.0,0,pos
FUN_008232,90,0.14563106796116504,1,pos_s420_e450,0,0.0,0,pos
FUN_005190,0,0.0,0,pos,0,0.0,0,pos
FUN_009928,0,0.0,0,pos,0,0.0,0,pos
FUN_007820,216,0.0989010989010989,2,pos_s1386_e1446_s2022_e2154,108,0.04945054945054945,1,pos_s2046_e2154
FUN_006899,0,0.0,0,pos,0,0.0,0,pos
FUN_003558,0,0.0,0,pos,0,0.0,0,pos
FUN_010099,42,0.08235294117647059,1,pos_s234_e270,0,0.0,0,pos
FUN_016583,0,0.0,0,pos,0,0.0,0,pos
FUN_008461,36,0.04477611940298507,0,pos,0,0.0,0,pos
FUN_004568,0,0.0,0,pos,0,0.0,0,pos
FUN_005845,18,0.0379746835443038,0,pos,0,0.0,0,pos
FUN_009852,0,0.0,0,pos,0,0.0,0,pos
FUN_004418,0,0.0,0,pos,0,0.0,0,pos
FUN_002106,72,0.045454545454545456,1,pos_s486_e516,0,0.0,0,pos
FUN_005745,0,0.0,0,pos,0,0.0,0,pos
FUN_003932,54,0.03435114503816794,1,pos_s774_e822,0,0.0,0,pos
FUN_008589,0,0.0,0,pos,0,0.0,0,pos
FUN_008892,0,0.0,0,pos,0,0.0,0,pos
FUN_001710,0,0.0,0,pos,0,0.0,0,pos
FUN_009572,0,0.0,0,pos,0,0.0,0,pos
FUN_000530,462,0.228486646884273,4,pos_s1272_e1398_s1428_e1464_s1500_e1536_s1770_e1902,162,0.08011869436201781,3,pos_s1290_e1326_s1776_e1824_s1830_e1866
FUN_003866,0,0.0,0,pos,0,0.0,0,pos
FUN_010624,0,0.0,0,pos,0,0.0,0,pos
FUN_002303,0,0.0,0,pos,0,0.0,0,pos
FUN_004895,36,0.022304832713754646,1,pos_s12_e48,0,0.0,0,pos
FUN_004338,18,0.031914893617021274,0,pos,0,0.0,0,pos
FUN_004341,108,0.08,1,pos_s570_e636,12,0.008888888888888889,0,pos
FUN_007343,0,0.0,0,pos,0,0.0,0,pos
FUN_002677,0,0.0,0,pos,0,0.0,0,pos
FUN_008246,12,0.015267175572519083,0,pos,0,0.0,0,pos
FUN_010822,0,0.0,0,pos,0,0.0,0,pos
FUN_001878,96,0.023088023088023088,1,pos_s288_e378,60,0.01443001443001443,1,pos_s300_e360
FUN_007800,0,0.0,0,pos,0,0.0,0,pos
FUN_003088,6,0.00641025641025641,0,pos,0,0.0,0,pos
FUN_004065,84,0.09523809523809523,1,pos_s156_e186,0,0.0,0,pos
FUN_003323,0,0.0,0,pos,0,0.0,0,pos
FUN_002627,0,0.0,0,pos,0,0.0,0,pos
FUN_000310,210,0.23178807947019867,1,pos_s36_e246,132,0.1456953642384106,2,pos_s36_e96_s210_e246
FUN_001212,0,0.0,0,pos,0,0.0,0,pos
FUN_000696,0,0.0,0,pos,0,0.0,0,pos
FUN_011974,0,0.0,0,pos,0,0.0,0,pos
FUN_005085,108,0.18947368421052632,1,pos_s0_e48,60,0.10526315789473684,1,pos_s0_e48
FUN_008914,0,0.0,0,pos,0,0.0,0,pos
FUN_011748,0,0.0,0,pos,0,0.0,0,pos
FUN_009628,0,0.0,0,pos,0,0.0,0,pos
FUN_000913,126,0.07167235494880546,2,pos_s132_e204_s402_e432,6,0.0034129692832764505,0,pos
FUN_010590,0,0.0,0,pos,0,0.0,0,pos
FUN_005249,0,0.0,0,pos,0,0.0,0,pos
FUN_002875,0,0.0,0,pos,0,0.0,0,pos
FUN_005233,0,0.0,0,pos,0,0.0,0,pos
FUN_002974,0,0.0,0,pos,0,0.0,0,pos
FUN_006793,18,0.10714285714285714,0,pos,0,0.0,0,pos
FUN_016882,0,0.0,0,pos,0,0.0,0,pos
FUN_004389,0,0.0,0,pos,0,0.0,0,pos
FUN_011753,0,0.0,0,pos,0,0.0,0,pos
FUN_007849,270,0.16917293233082706,3,pos_s0_e48_s690_e726_s738_e924,120,0.07518796992481203,1,pos_s810_e918
FUN_007052,12,0.007782101167315175,0,pos,0,0.0,0,pos
FUN_004932,36,0.006335797254487857,1,pos_s5544_e5574,0,0.0,0,pos
FUN_008974,0,0.0,0,pos,0,0.0,0,pos
FUN_011276,0,0.0,0,pos,0,0.0,0,pos
FUN_011061,0,0.0,0,pos,0,0.0,0,pos
FUN_009266,0,0.0,0,pos,0,0.0,0,pos
FUN_009063,0,0.0,0,pos,0,0.0,0,pos
FUN_016472,0,0.0,0,pos,0,0.0,0,pos
FUN_000887,0,0.0,0,pos,0,0.0,0,pos
FUN_010589,0,0.0,0,pos,0,0.0,0,pos
FUN_003965,0,0.0,0,pos,0,0.0,0,pos
FUN_008765,0,0.0,0,pos,0,0.0,0,pos
FUN_004133,0,0.0,0,pos,0,0.0,0,pos
FUN_007811,390,0.24904214559386972,3,pos_s378_e420_s954_e1134_s1158_e1272,270,0.1724137931034483,2,pos_s954_e1134_s1194_e1272
FUN_009919,0,0.0,0,pos,0,0.0,0,pos
FUN_000180,12,0.0056657223796034,0,pos,0,0.0,0,pos
FUN_015917,0,0.0,0,pos,0,0.0,0,pos
FUN_001410,114,0.02383939774153074,1,pos_s1638_e1752,60,0.012547051442910916,1,pos_s1650_e1710
FUN_003813,42,0.03333333333333333,1,pos_s36_e66,30,0.023809523809523808,1,pos_s36_e66
FUN_000500,0,0.0,0,pos,0,0.0,0,pos
FUN_003369,12,0.02666666666666667,0,pos,0,0.0,0,pos
FUN_011027,84,0.02531645569620253,0,pos,0,0.0,0,pos
FUN_003908,0,0.0,0,pos,0,0.0,0,pos
FUN_005012,18,0.006024096385542169,0,pos,0,0.0,0,pos
FUN_006668,0,0.0,0,pos,0,0.0,0,pos
FUN_002061,66,0.07692307692307693,1,pos_s660_e708,18,0.02097902097902098,0,pos
FUN_003818,0,0.0,0,pos,0,0.0,0,pos
FUN_009463,0,0.0,0,pos,0,0.0,0,pos
FUN_012469,0,0.0,0,pos,0,0.0,0,pos
FUN_002779,36,0.02510460251046025,0,pos,0,0.0,0,pos
FUN_002391,0,0.0,0,pos,0,0.0,0,pos
FUN_005881,0,0.0,0,pos,0,0.0,0,pos
FUN_005512,6,0.0051813471502590676,0,pos,0,0.0,0,pos
FUN_000043,0,0.0,0,pos,0,0.0,0,pos
FUN_006450,72,0.014184397163120567,0,pos,6,0.001182033096926714,0,pos
FUN_015258,0,0.0,0,pos,0,0.0,0,pos
FUN_004475,6,0.005128205128205128,0,pos,0,0.0,0,pos
FUN_008727,396,0.023758099352051837,7,pos_s3504_e3546_s3582_e3618_s4806_e4842_s6060_e6132_s9504_e9552_s10218_e10284_s10290_e10320,18,0.0010799136069114472,0,pos
FUN_007174,0,0.0,0,pos,0,0.0,0,pos
FUN_001838,84,0.03286384976525822,1,pos_s2070_e2148,48,0.018779342723004695,1,pos_s2100_e2148
FUN_002046,36,0.020134228187919462,1,pos_s258_e288,0,0.0,0,pos
FUN_004788,60,0.0273224043715847,1,pos_s708_e756,0,0.0,0,pos
FUN_011855,0,0.0,0,pos,0,0.0,0,pos
FUN_011250,0,0.0,0,pos,0,0.0,0,pos
FUN_008252,0,0.0,0,pos,0,0.0,0,pos
FUN_003527,18,0.007832898172323759,0,pos,0,0.0,0,pos
FUN_000880,186,0.03909205548549811,3,pos_s2856_e2892_s3000_e3036_s3804_e3882,24,0.005044136191677175,0,pos
FUN_002176,0,0.0,0,pos,0,0.0,0,pos
FUN_011619,0,0.0,0,pos,0,0.0,0,pos
FUN_007739,12,0.02,0,pos,0,0.0,0,pos
FUN_005569,210,0.04469987228607918,3,pos_s1194_e1224_s1440_e1482_s4338_e4374,6,0.001277139208173691,0,pos
FUN_010843,0,0.0,0,pos,0,0.0,0,pos
FUN_008859,30,0.018315018315018316,1,pos_s1302_e1332,0,0.0,0,pos
FUN_003450,0,0.0,0,pos,0,0.0,0,pos
FUN_004094,0,0.0,0,pos,0,0.0,0,pos
FUN_005077,6,0.006535947712418301,0,pos,0,0.0,0,pos
FUN_002792,42,0.011217948717948718,1,pos_s2784_e2820,0,0.0,0,pos
FUN_010394,6,0.0049261083743842365,0,pos,0,0.0,0,pos
FUN_012378,0,0.0,0,pos,0,0.0,0,pos
FUN_006660,0,0.0,0,pos,0,0.0,0,pos
FUN_000578,0,0.0,0,pos,0,0.0,0,pos
FUN_011598,0,0.0,0,pos,0,0.0,0,pos
FUN_000518,0,0.0,0,pos,0,0.0,0,pos
FUN_007659,594,0.28125,7,pos_s378_e450_s840_e954_s1362_e1398_s1416_e1476_s1704_e1734_s1758_e1800_s1878_e1944,264,0.125,2,pos_s858_e894_s1416_e1476
FUN_001541,0,0.0,0,pos,0,0.0,0,pos
FUN_015852,0,0.0,0,pos,0,0.0,0,pos
FUN_011417,84,0.020802377414561663,0,pos,0,0.0,0,pos
FUN_003089,0,0.0,0,pos,0,0.0,0,pos
FUN_002381,0,0.0,0,pos,0,0.0,0,pos
FUN_010707,84,0.06086956521739131,1,pos_s426_e510,30,0.021739130434782608,1,pos_s426_e456
FUN_002048,78,0.027600849256900213,1,pos_s1872_e1950,24,0.008492569002123142,0,pos
FUN_011563,0,0.0,0,pos,0,0.0,0,pos
FUN_002167,0,0.0,0,pos,0,0.0,0,pos
FUN_004013,0,0.0,0,pos,0,0.0,0,pos
FUN_001144,0,0.0,0,pos,0,0.0,0,pos
FUN_000010,0,0.0,0,pos,0,0.0,0,pos
FUN_006570,0,0.0,0,pos,0,0.0,0,pos
FUN_010981,210,0.05271084337349398,3,pos_s108_e162_s1638_e1686_s2604_e2646,6,0.0015060240963855422,0,pos
FUN_009307,12,0.021505376344086023,0,pos,6,0.010752688172043012,0,pos
FUN_004310,96,0.07111111111111111,2,pos_s858_e906_s1146_e1194,24,0.017777777777777778,0,pos
FUN_006227,66,0.015714285714285715,1,pos_s3192_e3228,0,0.0,0,pos
FUN_001288,12,0.005263157894736842,0,pos,0,0.0,0,pos
FUN_002864,0,0.0,0,pos,0,0.0,0,pos
FUN_011078,36,0.05405405405405406,0,pos,6,0.009009009009009009,0,pos
FUN_005536,0,0.0,0,pos,0,0.0,0,pos
FUN_011126,6,0.006944444444444444,0,pos,0,0.0,0,pos
FUN_005786,0,0.0,0,pos,0,0.0,0,pos
FUN_006446,54,0.03515625,1,pos_s1374_e1404,0,0.0,0,pos
FUN_011326,0,0.0,0,pos,0,0.0,0,pos
FUN_002013,36,0.030303030303030304,1,pos_s804_e840,0,0.0,0,pos
FUN_012427,0,0.0,0,pos,0,0.0,0,pos
FUN_002073,156,0.02443609022556391,2,pos_s1992_e2112_s2142_e2178,132,0.020676691729323307,1,pos_s1992_e2112
FUN_000467,0,0.0,0,pos,0,0.0,0,pos
FUN_010198,0,0.0,0,pos,0,0.0,0,pos
FUN_005588,192,0.08247422680412371,3,pos_s372_e450_s492_e522_s1230_e1308,36,0.015463917525773196,0,pos
FUN_000934,0,0.0,0,pos,0,0.0,0,pos
FUN_009399,0,0.0,0,pos,0,0.0,0,pos
FUN_009890,54,0.225,0,pos,6,0.025,0,pos
FUN_005961,0,0.0,0,pos,0,0.0,0,pos
FUN_016204,0,0.0,0,pos,0,0.0,0,pos
FUN_004370,60,0.011534025374855825,1,pos_s138_e198,36,0.006920415224913495,1,pos_s162_e198
FUN_001130,0,0.0,0,pos,0,0.0,0,pos
FUN_001933,0,0.0,0,pos,0,0.0,0,pos
FUN_008207,0,0.0,0,pos,0,0.0,0,pos
FUN_004056,0,0.0,0,pos,0,0.0,0,pos
FUN_009921,0,0.0,0,pos,0,0.0,0,pos
FUN_002920,0,0.0,0,pos,0,0.0,0,pos
FUN_016770,0,0.0,0,pos,0,0.0,0,pos
FUN_003345,0,0.0,0,pos,0,0.0,0,pos
FUN_000285,0,0.0,0,pos,0,0.0,0,pos
FUN_004152,0,0.0,0,pos,0,0.0,0,pos
FUN_015961,0,0.0,0,pos,0,0.0,0,pos
FUN_008365,0,0.0,0,pos,0,0.0,0,pos
FUN_009953,12,0.0076045627376425855,0,pos,0,0.0,0,pos
FUN_008937,0,0.0,0,pos,0,0.0,0,pos
FUN_003005,0,0.0,0,pos,0,0.0,0,pos
FUN_005546,0,0.0,0,pos,0,0.0,0,pos
FUN_016635,0,0.0,0,pos,0,0.0,0,pos
FUN_007154,0,0.0,0,pos,0,0.0,0,pos
FUN_009006,0,0.0,0,pos,0,0.0,0,pos
FUN_010651,72,0.0169971671388102,1,pos_s1890_e1920,0,0.0,0,pos
FUN_012434,0,0.0,0,pos,0,0.0,0,pos
FUN_003661,0,0.0,0,pos,0,0.0,0,pos
FUN_012242,0,0.0,0,pos,0,0.0,0,pos
FUN_001855,0,0.0,0,pos,0,0.0,0,pos
FUN_008685,180,0.10452961672473868,3,pos_s30_e90_s108_e144_s600_e678,126,0.07317073170731707,3,pos_s30_e84_s114_e144_s600_e642
FUN_002117,0,0.0,0,pos,0,0.0,0,pos
FUN_001868,0,0.0,0,pos,0,0.0,0,pos
FUN_004903,0,0.0,0,pos,0,0.0,0,pos
FUN_002784,138,0.07165109034267912,2,pos_s426_e534_s1626_e1656,0,0.0,0,pos
FUN_007137,0,0.0,0,pos,0,0.0,0,pos
FUN_010030,120,0.1652892561983471,1,pos_s132_e216,42,0.05785123966942149,0,pos
FUN_010578,0,0.0,0,pos,0,0.0,0,pos
FUN_011380,0,0.0,0,pos,0,0.0,0,pos
FUN_008447,0,0.0,0,pos,0,0.0,0,pos
FUN_016133,0,0.0,0,pos,0,0.0,0,pos
FUN_015369,0,0.0,0,pos,0,0.0,0,pos
FUN_004091,0,0.0,0,pos,0,0.0,0,pos
FUN_009118,0,0.0,0,pos,0,0.0,0,pos
FUN_007389,36,0.04225352112676056,0,pos,0,0.0,0,pos
FUN_000194,0,0.0,0,pos,0,0.0,0,pos
FUN_016000,0,0.0,0,pos,0,0.0,0,pos
FUN_005264,0,0.0,0,pos,0,0.0,0,pos
FUN_004027,0,0.0,0,pos,0,0.0,0,pos
FUN_000577,0,0.0,0,pos,0,0.0,0,pos
FUN_010565,0,0.0,0,pos,0,0.0,0,pos
FUN_016558,0,0.0,0,pos,0,0.0,0,pos
FUN_015371,0,0.0,0,pos,0,0.0,0,pos
FUN_005792,0,0.0,0,pos,0,0.0,0,pos
FUN_007804,522,0.25513196480938416,4,pos_s828_e996_s1002_e1134_s1230_e1356_s1932_e2028,234,0.11436950146627566,4,pos_s948_e990_s1038_e1074_s1278_e1332_s1932_e1980
FUN_000083,108,0.00949868073878628,2,pos_s2406_e2478_s3090_e3126,0,0.0,0,pos
FUN_001621,0,0.0,0,pos,0,0.0,0,pos
FUN_003271,42,0.0625,1,pos_s606_e648,42,0.0625,1,pos_s606_e648
FUN_006194,0,0.0,0,pos,0,0.0,0,pos
FUN_010388,60,0.07518796992481203,1,pos_s102_e138,0,0.0,0,pos
FUN_002059,0,0.0,0,pos,0,0.0,0,pos
FUN_005092,0,0.0,0,pos,0,0.0,0,pos
FUN_001329,36,0.03,1,pos_s432_e468,0,0.0,0,pos
FUN_007301,0,0.0,0,pos,0,0.0,0,pos
FUN_006848,60,0.07042253521126761,0,pos,30,0.035211267605633804,0,pos
FUN_005117,0,0.0,0,pos,0,0.0,0,pos
FUN_008181,0,0.0,0,pos,0,0.0,0,pos
FUN_010275,0,0.0,0,pos,0,0.0,0,pos
FUN_005998,198,0.125,2,pos_s696_e780_s792_e852,132,0.08333333333333333,2,pos_s708_e738_s792_e852
FUN_009792,0,0.0,0,pos,0,0.0,0,pos
FUN_004270,0,0.0,0,pos,0,0.0,0,pos
FUN_000417,0,0.0,0,pos,0,0.0,0,pos
FUN_006234,0,0.0,0,pos,0,0.0,0,pos
FUN_011088,72,0.0547945205479452,1,pos_s282_e354,0,0.0,0,pos
FUN_010398,336,0.3835616438356164,3,pos_s168_e270_s306_e396_s468_e558,180,0.2054794520547945,4,pos_s210_e270_s306_e354_s360_e390_s840_e870
FUN_012366,0,0.0,0,pos,0,0.0,0,pos
FUN_015690,0,0.0,0,pos,0,0.0,0,pos
FUN_004042,54,0.03345724907063197,1,pos_s1260_e1314,54,0.03345724907063197,1,pos_s1260_e1314
FUN_010088,288,0.06857142857142857,4,pos_s738_e780_s1596_e1626_s2418_e2514_s3036_e3072,132,0.03142857142857143,2,pos_s738_e774_s2442_e2478
FUN_004019,246,0.015407741450582487,3,pos_s3906_e3972_s13746_e13794_s14412_e14466,6,0.0003757985719654265,0,pos
FUN_001682,0,0.0,0,pos,0,0.0,0,pos
FUN_008578,0,0.0,0,pos,0,0.0,0,pos
FUN_001890,0,0.0,0,pos,0,0.0,0,pos
FUN_015943,0,0.0,0,pos,0,0.0,0,pos
FUN_011296,0,0.0,0,pos,0,0.0,0,pos
FUN_005204,0,0.0,0,pos,0,0.0,0,pos
FUN_006667,0,0.0,0,pos,0,0.0,0,pos
FUN_003349,0,0.0,0,pos,0,0.0,0,pos
FUN_008344,0,0.0,0,pos,0,0.0,0,pos
FUN_000240,0,0.0,0,pos,0,0.0,0,pos
FUN_005361,72,0.03761755485893417,1,pos_s816_e864,0,0.0,0,pos
FUN_008264,0,0.0,0,pos,0,0.0,0,pos
FUN_005769,0,0.0,0,pos,0,0.0,0,pos
FUN_004714,0,0.0,0,pos,0,0.0,0,pos
FUN_015747,0,0.0,0,pos,0,0.0,0,pos
FUN_007603,102,0.17,1,pos_s492_e576,66,0.11,1,pos_s492_e540
FUN_004883,12,0.006920415224913495,0,pos,0,0.0,0,pos
FUN_004619,6,0.005649717514124294,0,pos,0,0.0,0,pos
FUN_007761,0,0.0,0,pos,0,0.0,0,pos
FUN_016397,96,0.12030075187969924,1,pos_s690_e774,0,0.0,0,pos
FUN_009561,0,0.0,0,pos,0,0.0,0,pos
FUN_004336,18,0.006993006993006993,0,pos,0,0.0,0,pos
FUN_005992,444,0.4157303370786517,4,pos_s0_e66_s198_e258_s528_e582_s612_e828,204,0.19101123595505617,3,pos_s528_e582_s684_e732_s756_e828
FUN_005585,0,0.0,0,pos,0,0.0,0,pos
FUN_009776,0,0.0,0,pos,0,0.0,0,pos
FUN_004982,0,0.0,0,pos,0,0.0,0,pos
FUN_002736,0,0.0,0,pos,0,0.0,0,pos
FUN_001513,0,0.0,0,pos,0,0.0,0,pos
FUN_007861,0,0.0,0,pos,0,0.0,0,pos
FUN_000121,0,0.0,0,pos,0,0.0,0,pos
FUN_001613,72,0.0392156862745098,1,pos_s1578_e1626,0,0.0,0,pos
FUN_008724,0,0.0,0,pos,0,0.0,0,pos
FUN_000090,0,0.0,0,pos,0,0.0,0,pos
FUN_011048,0,0.0,0,pos,0,0.0,0,pos
FUN_004647,36,0.013888888888888888,1,pos_s1194_e1224,0,0.0,0,pos
FUN_002876,0,0.0,0,pos,0,0.0,0,pos
FUN_005562,0,0.0,0,pos,0,0.0,0,pos
FUN_001769,0,0.0,0,pos,0,0.0,0,pos
FUN_004793,48,0.013628620102214651,1,pos_s2148_e2190,0,0.0,0,pos
FUN_004080,30,0.019305019305019305,0,pos,0,0.0,0,pos
FUN_011468,12,0.017857142857142856,0,pos,0,0.0,0,pos
FUN_010477,0,0.0,0,pos,0,0.0,0,pos
FUN_012010,0,0.0,0,pos,0,0.0,0,pos
FUN_011030,0,0.0,0,pos,0,0.0,0,pos
FUN_004595,42,0.05223880597014925,1,pos_s420_e462,18,0.022388059701492536,0,pos
FUN_010918,42,0.08045977011494253,1,pos_s210_e246,0,0.0,0,pos
FUN_009570,0,0.0,0,pos,0,0.0,0,pos
FUN_007287,0,0.0,0,pos,0,0.0,0,pos
FUN_006526,0,0.0,0,pos,0,0.0,0,pos
FUN_004869,18,0.006437768240343348,0,pos,6,0.002145922746781116,0,pos
FUN_003667,0,0.0,0,pos,0,0.0,0,pos
FUN_004339,0,0.0,0,pos,0,0.0,0,pos
FUN_000452,36,0.022813688212927757,1,pos_s246_e282,0,0.0,0,pos
FUN_001934,0,0.0,0,pos,0,0.0,0,pos
FUN_001391,0,0.0,0,pos,0,0.0,0,pos
FUN_011400,0,0.0,0,pos,0,0.0,0,pos
FUN_001071,84,0.037037037037037035,1,pos_s1632_e1668,0,0.0,0,pos
FUN_005720,0,0.0,0,pos,0,0.0,0,pos
FUN_005556,0,0.0,0,pos,0,0.0,0,pos
FUN_010617,0,0.0,0,pos,0,0.0,0,pos
FUN_000708,0,0.0,0,pos,0,0.0,0,pos
FUN_016704,0,0.0,0,pos,0,0.0,0,pos
FUN_003156,0,0.0,0,pos,0,0.0,0,pos
FUN_011242,0,0.0,0,pos,0,0.0,0,pos
FUN_008605,0,0.0,0,pos,0,0.0,0,pos
FUN_005559,0,0.0,0,pos,0,0.0,0,pos
FUN_016063,0,0.0,0,pos,0,0.0,0,pos
FUN_001935,0,0.0,0,pos,0,0.0,0,pos
FUN_011329,0,0.0,0,pos,0,0.0,0,pos
FUN_006501,0,0.0,0,pos,0,0.0,0,pos
FUN_009141,0,0.0,0,pos,0,0.0,0,pos
FUN_009909,0,0.0,0,pos,0,0.0,0,pos
FUN_006171,180,0.046583850931677016,3,pos_s1416_e1446_s2934_e3024_s3456_e3492,48,0.012422360248447204,1,pos_s3456_e3492
FUN_003374,0,0.0,0,pos,0,0.0,0,pos
FUN_012472,0,0.0,0,pos,0,0.0,0,pos
FUN_001916,0,0.0,0,pos,0,0.0,0,pos
FUN_016668,0,0.0,0,pos,0,0.0,0,pos
FUN_016195,0,0.0,0,pos,0,0.0,0,pos
FUN_010292,0,0.0,0,pos,0,0.0,0,pos
FUN_003280,0,0.0,0,pos,0,0.0,0,pos
FUN_005218,90,0.05514705882352941,1,pos_s1182_e1272,18,0.011029411764705883,0,pos
FUN_016250,0,0.0,0,pos,0,0.0,0,pos
FUN_000434,0,0.0,0,pos,0,0.0,0,pos
FUN_003729,0,0.0,0,pos,0,0.0,0,pos
FUN_005635,0,0.0,0,pos,0,0.0,0,pos
FUN_001899,0,0.0,0,pos,0,0.0,0,pos
FUN_003586,0,0.0,0,pos,0,0.0,0,pos
FUN_016127,0,0.0,0,pos,0,0.0,0,pos
FUN_005145,90,0.06048387096774194,1,pos_s372_e462,0,0.0,0,pos
FUN_001308,108,0.1875,1,pos_s48_e156,24,0.041666666666666664,0,pos
FUN_008557,0,0.0,0,pos,0,0.0,0,pos
FUN_012320,0,0.0,0,pos,0,0.0,0,pos
FUN_008285,0,0.0,0,pos,0,0.0,0,pos
FUN_016006,0,0.0,0,pos,0,0.0,0,pos
FUN_007139,0,0.0,0,pos,0,0.0,0,pos
FUN_002185,0,0.0,0,pos,0,0.0,0,pos
FUN_006683,0,0.0,0,pos,0,0.0,0,pos
FUN_001843,204,0.01706827309236948,3,pos_s2298_e2334_s3096_e3126_s4020_e4104,18,0.0015060240963855422,0,pos
FUN_006033,18,0.017142857142857144,0,pos,0,0.0,0,pos
FUN_016652,0,0.0,0,pos,0,0.0,0,pos
FUN_008803,0,0.0,0,pos,0,0.0,0,pos
FUN_003118,0,0.0,0,pos,0,0.0,0,pos
FUN_011147,0,0.0,0,pos,0,0.0,0,pos
FUN_011536,0,0.0,0,pos,0,0.0,0,pos
FUN_012074,0,0.0,0,pos,0,0.0,0,pos
FUN_005977,186,0.012449799196787148,2,pos_s2856_e2934_s7782_e7872,0,0.0,0,pos
FUN_015706,0,0.0,0,pos,0,0.0,0,pos
FUN_008794,402,0.18980169971671387,4,pos_s30_e156_s468_e528_s708_e768_s1962_e2106,198,0.09348441926345609,2,pos_s30_e156_s1968_e2016
FUN_006593,0,0.0,0,pos,0,0.0,0,pos
FUN_002939,0,0.0,0,pos,0,0.0,0,pos
FUN_001736,0,0.0,0,pos,0,0.0,0,pos
FUN_003615,18,0.006024096385542169,0,pos,0,0.0,0,pos
FUN_003737,0,0.0,0,pos,0,0.0,0,pos
FUN_002988,96,0.019975031210986267,0,pos,12,0.0024968789013732834,0,pos
FUN_007074,6,0.005952380952380952,0,pos,0,0.0,0,pos
FUN_004931,0,0.0,0,pos,0,0.0,0,pos
FUN_000757,36,0.027777777777777776,0,pos,0,0.0,0,pos
FUN_002559,0,0.0,0,pos,0,0.0,0,pos
FUN_007625,36,0.015957446808510637,1,pos_s354_e384,0,0.0,0,pos
FUN_004633,0,0.0,0,pos,0,0.0,0,pos
FUN_004976,0,0.0,0,pos,0,0.0,0,pos
FUN_001877,78,0.09352517985611511,1,pos_s198_e276,0,0.0,0,pos
FUN_003814,0,0.0,0,pos,0,0.0,0,pos
FUN_010848,0,0.0,0,pos,0,0.0,0,pos
FUN_005844,6,0.005555555555555556,0,pos,0,0.0,0,pos
FUN_006664,0,0.0,0,pos,0,0.0,0,pos
FUN_011258,0,0.0,0,pos,0,0.0,0,pos
FUN_000362,0,0.0,0,pos,0,0.0,0,pos
FUN_011431,0,0.0,0,pos,0,0.0,0,pos
FUN_008205,0,0.0,0,pos,0,0.0,0,pos
FUN_006620,24,0.01694915254237288,0,pos,0,0.0,0,pos
FUN_009137,72,0.024844720496894408,0,pos,0,0.0,0,pos
FUN_016307,0,0.0,0,pos,0,0.0,0,pos
FUN_011582,0,0.0,0,pos,0,0.0,0,pos
FUN_009238,0,0.0,0,pos,0,0.0,0,pos
FUN_004439,222,0.021637426900584796,3,pos_s9390_e9498_s9504_e9552_s9972_e10032,48,0.004678362573099415,1,pos_s9408_e9456
FUN_007356,0,0.0,0,pos,0,0.0,0,pos
FUN_002872,0,0.0,0,pos,0,0.0,0,pos
FUN_011854,0,0.0,0,pos,0,0.0,0,pos
FUN_007665,0,0.0,0,pos,0,0.0,0,pos
FUN_015529,0,0.0,0,pos,0,0.0,0,pos
FUN_001968,0,0.0,0,pos,0,0.0,0,pos
FUN_005422,0,0.0,0,pos,0,0.0,0,pos
FUN_011610,0,0.0,0,pos,0,0.0,0,pos
FUN_015387,0,0.0,0,pos,0,0.0,0,pos
FUN_007381,0,0.0,0,pos,0,0.0,0,pos
FUN_003008,0,0.0,0,pos,0,0.0,0,pos
FUN_001183,30,0.017985611510791366,1,pos_s612_e642,18,0.01079136690647482,0,pos
FUN_005684,0,0.0,0,pos,0,0.0,0,pos
FUN_008263,90,0.16483516483516483,1,pos_s336_e420,0,0.0,0,pos
FUN_006537,0,0.0,0,pos,0,0.0,0,pos
FUN_003125,12,0.001736111111111111,0,pos,0,0.0,0,pos
FUN_011011,0,0.0,0,pos,0,0.0,0,pos
FUN_009104,0,0.0,0,pos,0,0.0,0,pos
FUN_008450,354,0.12938596491228072,5,pos_s306_e372_s492_e540_s1200_e1278_s1488_e1518_s1542_e1614,72,0.02631578947368421,1,pos_s1206_e1254
FUN_007998,120,0.125,2,pos_s378_e408_s426_e462,6,0.00625,0,pos
FUN_000060,0,0.0,0,pos,0,0.0,0,pos
FUN_004422,30,0.014792899408284023,1,pos_s1836_e1866,0,0.0,0,pos
FUN_016538,0,0.0,0,pos,0,0.0,0,pos
FUN_006622,36,0.043478260869565216,0,pos,12,0.014492753623188406,0,pos
FUN_001841,174,0.060669456066945605,0,pos,102,0.03556485355648536,0,pos
FUN_002651,0,0.0,0,pos,0,0.0,0,pos
FUN_016121,0,0.0,0,pos,0,0.0,0,pos
FUN_011330,0,0.0,0,pos,0,0.0,0,pos
FUN_005766,0,0.0,0,pos,0,0.0,0,pos
FUN_004657,0,0.0,0,pos,0,0.0,0,pos
FUN_003593,0,0.0,0,pos,0,0.0,0,pos
FUN_011548,0,0.0,0,pos,0,0.0,0,pos
FUN_009192,30,0.11363636363636363,1,pos_s0_e30,0,0.0,0,pos
FUN_000692,0,0.0,0,pos,0,0.0,0,pos
FUN_016184,0,0.0,0,pos,0,0.0,0,pos
FUN_002931,0,0.0,0,pos,0,0.0,0,pos
FUN_009465,0,0.0,0,pos,0,0.0,0,pos
FUN_008190,0,0.0,0,pos,0,0.0,0,pos
FUN_002743,0,0.0,0,pos,0,0.0,0,pos
FUN_000808,0,0.0,0,pos,0,0.0,0,pos
FUN_003155,0,0.0,0,pos,0,0.0,0,pos
FUN_009749,0,0.0,0,pos,0,0.0,0,pos
FUN_010260,0,0.0,0,pos,0,0.0,0,pos
FUN_004544,30,0.04,1,pos_s348_e378,18,0.024,0,pos
FUN_003131,0,0.0,0,pos,0,0.0,0,pos
FUN_009994,0,0.0,0,pos,0,0.0,0,pos
FUN_004620,90,0.09316770186335403,1,pos_s132_e204,6,0.006211180124223602,0,pos
FUN_000363,0,0.0,0,pos,0,0.0,0,pos
FUN_016316,0,0.0,0,pos,0,0.0,0,pos
FUN_011591,0,0.0,0,pos,0,0.0,0,pos
FUN_011443,0,0.0,0,pos,0,0.0,0,pos
FUN_001950,0,0.0,0,pos,0,0.0,0,pos
FUN_002305,0,0.0,0,pos,0,0.0,0,pos
FUN_005662,0,0.0,0,pos,0,0.0,0,pos
FUN_011043,1122,0.17894736842105263,9,pos_s540_e732_s1548_e1590_s2166_e2214_s2400_e2532_s2544_e2676_s2682_e2742_s3402_e3714_s4464_e4506_s4740_e4794,606,0.09665071770334928,8,pos_s540_e576_s684_e732_s2406_e2532_s2544_e2586_s3444_e3522_s3528_e3558_s3582_e3714_s4470_e4506
FUN_008898,0,0.0,0,pos,0,0.0,0,pos
FUN_008916,12,0.0125,0,pos,0,0.0,0,pos
FUN_011095,300,0.03604902667627974,3,pos_s2910_e3012_s6126_e6168_s7578_e7608,66,0.007930785868781542,2,pos_s2946_e2976_s2982_e3012
FUN_000522,0,0.0,0,pos,0,0.0,0,pos
FUN_006313,0,0.0,0,pos,0,0.0,0,pos
FUN_016797,0,0.0,0,pos,0,0.0,0,pos
FUN_011215,0,0.0,0,pos,0,0.0,0,pos
FUN_011056,0,0.0,0,pos,0,0.0,0,pos
FUN_007295,0,0.0,0,pos,0,0.0,0,pos
FUN_004451,222,0.07074569789674952,2,pos_s666_e708_s774_e900,42,0.01338432122370937,1,pos_s852_e882
FUN_006610,0,0.0,0,pos,0,0.0,0,pos
FUN_009657,0,0.0,0,pos,0,0.0,0,pos
FUN_001850,0,0.0,0,pos,0,0.0,0,pos
FUN_011081,132,0.44,1,pos_s114_e246,132,0.44,1,pos_s114_e246
FUN_004840,30,0.046296296296296294,1,pos_s0_e30,0,0.0,0,pos
FUN_010408,0,0.0,0,pos,0,0.0,0,pos
FUN_007082,78,0.050980392156862744,1,pos_s54_e126,6,0.00392156862745098,0,pos
FUN_003904,6,0.002183406113537118,0,pos,0,0.0,0,pos
FUN_016768,0,0.0,0,pos,0,0.0,0,pos
FUN_001905,126,0.028965517241379312,3,pos_s792_e822_s2766_e2802_s3294_e3324,18,0.004137931034482759,0,pos
FUN_002262,0,0.0,0,pos,0,0.0,0,pos
FUN_007977,42,0.026923076923076925,1,pos_s1458_e1488,0,0.0,0,pos
FUN_008645,114,0.24050632911392406,1,pos_s24_e132,42,0.08860759493670886,0,pos
FUN_005465,0,0.0,0,pos,0,0.0,0,pos
FUN_016299,0,0.0,0,pos,0,0.0,0,pos
FUN_009901,12,0.01834862385321101,0,pos,0,0.0,0,pos
FUN_009407,0,0.0,0,pos,0,0.0,0,pos
FUN_009270,0,0.0,0,pos,0,0.0,0,pos
FUN_000345,0,0.0,0,pos,0,0.0,0,pos
FUN_001035,150,0.019857029388403495,1,pos_s336_e432,78,0.010325655281969817,1,pos_s342_e420
FUN_012196,0,0.0,0,pos,0,0.0,0,pos
FUN_015945,0,0.0,0,pos,0,0.0,0,pos
FUN_016817,0,0.0,0,pos,0,0.0,0,pos
FUN_007611,12,0.05714285714285714,0,pos,12,0.05714285714285714,0,pos
FUN_001445,12,0.002894356005788712,0,pos,0,0.0,0,pos
FUN_008955,0,0.0,0,pos,0,0.0,0,pos
FUN_016340,0,0.0,0,pos,0,0.0,0,pos
FUN_010623,72,0.04878048780487805,1,pos_s750_e804,18,0.012195121951219513,0,pos
FUN_001583,30,0.0056179775280898875,1,pos_s570_e600,0,0.0,0,pos
FUN_009280,0,0.0,0,pos,0,0.0,0,pos
FUN_007396,0,0.0,0,pos,0,0.0,0,pos
FUN_007054,72,0.010256410256410256,1,pos_s5700_e5760,60,0.008547008547008548,1,pos_s5700_e5760
FUN_002996,0,0.0,0,pos,0,0.0,0,pos
FUN_004508,72,0.0345821325648415,1,pos_s1848_e1920,0,0.0,0,pos
FUN_002558,0,0.0,0,pos,0,0.0,0,pos
FUN_006135,42,0.015730337078651686,1,pos_s12_e54,0,0.0,0,pos
FUN_000369,0,0.0,0,pos,0,0.0,0,pos
FUN_010165,0,0.0,0,pos,0,0.0,0,pos
FUN_015938,0,0.0,0,pos,0,0.0,0,pos
FUN_000094,0,0.0,0,pos,0,0.0,0,pos
FUN_007686,0,0.0,0,pos,0,0.0,0,pos
FUN_006897,0,0.0,0,pos,0,0.0,0,pos
FUN_007184,0,0.0,0,pos,0,0.0,0,pos
FUN_016775,0,0.0,0,pos,0,0.0,0,pos
FUN_007493,0,0.0,0,pos,0,0.0,0,pos
FUN_000872,0,0.0,0,pos,0,0.0,0,pos
FUN_007058,90,0.032119914346895075,2,pos_s1146_e1182_s1650_e1692,36,0.01284796573875803,0,pos
FUN_006808,0,0.0,0,pos,0,0.0,0,pos
FUN_015402,108,0.041379310344827586,1,pos_s1170_e1278,12,0.004597701149425287,0,pos
FUN_005072,0,0.0,0,pos,0,0.0,0,pos
FUN_012357,0,0.0,0,pos,0,0.0,0,pos
FUN_012160,0,0.0,0,pos,0,0.0,0,pos
FUN_015935,0,0.0,0,pos,0,0.0,0,pos
FUN_006371,0,0.0,0,pos,0,0.0,0,pos
FUN_011332,114,0.03079416531604538,1,pos_s3336_e3444,108,0.029173419773095625,1,pos_s3336_e3444
FUN_002423,0,0.0,0,pos,0,0.0,0,pos
FUN_012132,0,0.0,0,pos,0,0.0,0,pos
FUN_002415,12,0.023255813953488372,0,pos,0,0.0,0,pos
FUN_015463,0,0.0,0,pos,0,0.0,0,pos
FUN_010662,0,0.0,0,pos,0,0.0,0,pos
FUN_000341,0,0.0,0,pos,0,0.0,0,pos
FUN_005613,0,0.0,0,pos,0,0.0,0,pos
FUN_000793,0,0.0,0,pos,0,0.0,0,pos
FUN_009283,0,0.0,0,pos,0,0.0,0,pos
FUN_001400,6,0.001851851851851852,0,pos,6,0.001851851851851852,0,pos
FUN_009648,0,0.0,0,pos,0,0.0,0,pos
FUN_016812,0,0.0,0,pos,0,0.0,0,pos
FUN_007822,594,0.3793103448275862,6,pos_s144_e258_s270_e378_s600_e738_s768_e822_s936_e1074_s1086_e1128,330,0.210727969348659,4,pos_s144_e258_s630_e738_s768_e804_s978_e1014
FUN_005320,0,0.0,0,pos,0,0.0,0,pos
FUN_007793,12,0.006369426751592357,0,pos,0,0.0,0,pos
FUN_016648,0,0.0,0,pos,0,0.0,0,pos
FUN_003482,42,0.011382113821138212,1,pos_s1860_e1902,0,0.0,0,pos
FUN_002321,0,0.0,0,pos,0,0.0,0,pos
FUN_015863,0,0.0,0,pos,0,0.0,0,pos
FUN_004926,0,0.0,0,pos,0,0.0,0,pos
FUN_002261,0,0.0,0,pos,0,0.0,0,pos
FUN_000384,66,0.034161490683229816,1,pos_s774_e840,0,0.0,0,pos
FUN_016559,0,0.0,0,pos,0,0.0,0,pos
FUN_001924,48,0.014311270125223614,0,pos,0,0.0,0,pos
FUN_008843,0,0.0,0,pos,0,0.0,0,pos
FUN_003304,0,0.0,0,pos,0,0.0,0,pos
FUN_000494,0,0.0,0,pos,0,0.0,0,pos
FUN_005305,0,0.0,0,pos,0,0.0,0,pos
FUN_003184,0,0.0,0,pos,0,0.0,0,pos
FUN_004130,0,0.0,0,pos,0,0.0,0,pos
FUN_005855,0,0.0,0,pos,0,0.0,0,pos
FUN_016069,0,0.0,0,pos,0,0.0,0,pos
FUN_000304,0,0.0,0,pos,0,0.0,0,pos
FUN_012066,0,0.0,0,pos,0,0.0,0,pos
FUN_009467,0,0.0,0,pos,0,0.0,0,pos
FUN_004960,24,0.038461538461538464,0,pos,24,0.038461538461538464,0,pos
FUN_011572,0,0.0,0,pos,0,0.0,0,pos
FUN_008435,0,0.0,0,pos,0,0.0,0,pos
FUN_015555,0,0.0,0,pos,0,0.0,0,pos
FUN_009058,0,0.0,0,pos,0,0.0,0,pos
FUN_001108,0,0.0,0,pos,0,0.0,0,pos
FUN_002630,0,0.0,0,pos,0,0.0,0,pos
FUN_005101,0,0.0,0,pos,0,0.0,0,pos
FUN_002690,0,0.0,0,pos,0,0.0,0,pos
FUN_002729,0,0.0,0,pos,0,0.0,0,pos
FUN_012382,0,0.0,0,pos,0,0.0,0,pos
FUN_007299,90,0.1595744680851064,2,pos_s0_e42_s234_e264,0,0.0,0,pos
FUN_011812,0,0.0,0,pos,0,0.0,0,pos
FUN_009564,66,0.039568345323741004,1,pos_s1560_e1626,36,0.02158273381294964,1,pos_s1590_e1626
FUN_006631,114,0.14074074074074075,1,pos_s696_e804,54,0.06666666666666667,1,pos_s714_e762
FUN_015622,0,0.0,0,pos,0,0.0,0,pos
FUN_005507,54,0.008563273073263558,1,pos_s3672_e3726,6,0.0009514747859181732,0,pos
FUN_001984,0,0.0,0,pos,0,0.0,0,pos
FUN_000730,0,0.0,0,pos,0,0.0,0,pos
FUN_000554,66,0.028132992327365727,1,pos_s1056_e1086,12,0.005115089514066497,0,pos
FUN_001731,0,0.0,0,pos,0,0.0,0,pos
FUN_007332,12,0.011235955056179775,0,pos,0,0.0,0,pos
FUN_002848,0,0.0,0,pos,0,0.0,0,pos
FUN_000188,6,0.029411764705882353,0,pos,0,0.0,0,pos
FUN_012474,0,0.0,0,pos,0,0.0,0,pos
FUN_007510,0,0.0,0,pos,0,0.0,0,pos
FUN_007884,0,0.0,0,pos,0,0.0,0,pos
FUN_005283,0,0.0,0,pos,0,0.0,0,pos
FUN_003631,0,0.0,0,pos,0,0.0,0,pos
FUN_008375,0,0.0,0,pos,0,0.0,0,pos
FUN_009989,216,0.11392405063291139,2,pos_s0_e114_s1314_e1416,114,0.060126582278481014,1,pos_s0_e114
FUN_000717,0,0.0,0,pos,0,0.0,0,pos
FUN_008884,0,0.0,0,pos,0,0.0,0,pos
FUN_011950,0,0.0,0,pos,0,0.0,0,pos
FUN_000583,0,0.0,0,pos,0,0.0,0,pos
FUN_004719,138,0.11004784688995216,2,pos_s504_e552_s588_e630,12,0.009569377990430622,0,pos
FUN_009236,0,0.0,0,pos,0,0.0,0,pos
FUN_004541,0,0.0,0,pos,0,0.0,0,pos
FUN_012279,0,0.0,0,pos,0,0.0,0,pos
FUN_011052,0,0.0,0,pos,0,0.0,0,pos
FUN_002016,18,0.015544041450777202,0,pos,0,0.0,0,pos
FUN_005036,0,0.0,0,pos,0,0.0,0,pos
FUN_003363,0,0.0,0,pos,0,0.0,0,pos
FUN_008918,0,0.0,0,pos,0,0.0,0,pos
FUN_009587,66,0.03481012658227848,1,pos_s288_e354,0,0.0,0,pos
FUN_012123,0,0.0,0,pos,0,0.0,0,pos
FUN_010681,90,0.06666666666666667,0,pos,12,0.008888888888888889,0,pos
FUN_003134,54,0.17307692307692307,1,pos_s54_e90,6,0.019230769230769232,0,pos
FUN_012519,0,0.0,0,pos,0,0.0,0,pos
FUN_003828,0,0.0,0,pos,0,0.0,0,pos
FUN_000763,0,0.0,0,pos,0,0.0,0,pos
FUN_002099,144,0.038338658146964855,1,pos_s1950_e1986,0,0.0,0,pos
FUN_004577,0,0.0,0,pos,0,0.0,0,pos
FUN_005126,0,0.0,0,pos,0,0.0,0,pos
FUN_006812,0,0.0,0,pos,0,0.0,0,pos
FUN_011518,0,0.0,0,pos,0,0.0,0,pos
FUN_003181,0,0.0,0,pos,0,0.0,0,pos
FUN_007455,0,0.0,0,pos,0,0.0,0,pos
FUN_006186,0,0.0,0,pos,0,0.0,0,pos
FUN_011505,0,0.0,0,pos,0,0.0,0,pos
FUN_003354,48,0.02127659574468085,1,pos_s84_e132,6,0.0026595744680851063,0,pos
FUN_009296,0,0.0,0,pos,0,0.0,0,pos
FUN_010791,0,0.0,0,pos,0,0.0,0,pos
FUN_002557,24,0.021739130434782608,0,pos,0,0.0,0,pos
FUN_004201,0,0.0,0,pos,0,0.0,0,pos
FUN_009897,0,0.0,0,pos,0,0.0,0,pos
FUN_004055,0,0.0,0,pos,0,0.0,0,pos
FUN_009798,0,0.0,0,pos,0,0.0,0,pos
FUN_000904,0,0.0,0,pos,0,0.0,0,pos
FUN_009326,0,0.0,0,pos,0,0.0,0,pos
FUN_009702,0,0.0,0,pos,0,0.0,0,pos
FUN_015475,0,0.0,0,pos,0,0.0,0,pos
FUN_002980,60,0.0411522633744856,1,pos_s1092_e1122,6,0.00411522633744856,0,pos
FUN_001908,0,0.0,0,pos,0,0.0,0,pos
FUN_010024,0,0.0,0,pos,0,0.0,0,pos
FUN_004306,0,0.0,0,pos,0,0.0,0,pos
FUN_000465,78,0.006568974229408792,1,pos_s1212_e1254,12,0.001010611419909045,0,pos
FUN_011452,0,0.0,0,pos,0,0.0,0,pos
FUN_016847,0,0.0,0,pos,0,0.0,0,pos
FUN_008804,0,0.0,0,pos,0,0.0,0,pos
FUN_011562,0,0.0,0,pos,0,0.0,0,pos
FUN_002286,0,0.0,0,pos,0,0.0,0,pos
FUN_008525,0,0.0,0,pos,0,0.0,0,pos
FUN_007047,0,0.0,0,pos,0,0.0,0,pos
FUN_006728,54,0.0481283422459893,1,pos_s486_e540,0,0.0,0,pos
FUN_010677,0,0.0,0,pos,0,0.0,0,pos
FUN_002096,0,0.0,0,pos,0,0.0,0,pos
FUN_008897,72,0.028169014084507043,1,pos_s2466_e2508,0,0.0,0,pos
FUN_008378,0,0.0,0,pos,0,0.0,0,pos
FUN_009038,66,0.14666666666666667,1,pos_s294_e354,0,0.0,0,pos
FUN_000074,162,0.060133630289532294,2,pos_s534_e570_s630_e744,138,0.051224944320712694,1,pos_s630_e744
FUN_002983,0,0.0,0,pos,0,0.0,0,pos
FUN_001821,30,0.025510204081632654,0,pos,0,0.0,0,pos
FUN_005209,270,0.0907258064516129,3,pos_s432_e510_s528_e642_s2880_e2934,144,0.04838709677419355,1,pos_s528_e630
FUN_012543,0,0.0,0,pos,0,0.0,0,pos
FUN_007244,0,0.0,0,pos,0,0.0,0,pos
FUN_006817,84,0.02834008097165992,1,pos_s2820_e2904,0,0.0,0,pos
FUN_004713,0,0.0,0,pos,0,0.0,0,pos
FUN_009122,0,0.0,0,pos,0,0.0,0,pos
FUN_000921,0,0.0,0,pos,0,0.0,0,pos
FUN_007464,0,0.0,0,pos,0,0.0,0,pos
FUN_005104,0,0.0,0,pos,0,0.0,0,pos
FUN_011758,0,0.0,0,pos,0,0.0,0,pos
FUN_009017,0,0.0,0,pos,0,0.0,0,pos
FUN_002924,0,0.0,0,pos,0,0.0,0,pos
FUN_000746,168,0.06140350877192982,2,pos_s2022_e2052_s2286_e2400,90,0.03289473684210526,2,pos_s2286_e2340_s2370_e2400
FUN_007770,54,0.018218623481781375,1,pos_s174_e210,0,0.0,0,pos
FUN_001739,246,0.08299595141700405,3,pos_s1152_e1212_s1482_e1554_s1980_e2028,0,0.0,0,pos
FUN_009211,0,0.0,0,pos,0,0.0,0,pos
FUN_011628,0,0.0,0,pos,0,0.0,0,pos
FUN_003928,18,0.015544041450777202,0,pos,0,0.0,0,pos
FUN_015491,0,0.0,0,pos,0,0.0,0,pos
FUN_016244,0,0.0,0,pos,0,0.0,0,pos
FUN_001382,60,0.0048638132295719845,1,pos_s3108_e3168,0,0.0,0,pos
FUN_002731,96,0.07881773399014778,1,pos_s1032_e1104,54,0.04433497536945813,1,pos_s1032_e1080
FUN_002921,0,0.0,0,pos,0,0.0,0,pos
FUN_006275,0,0.0,0,pos,0,0.0,0,pos
FUN_009028,12,0.013071895424836602,0,pos,0,0.0,0,pos
FUN_000003,0,0.0,0,pos,0,0.0,0,pos
FUN_016302,0,0.0,0,pos,0,0.0,0,pos
FUN_015913,0,0.0,0,pos,0,0.0,0,pos
FUN_003563,0,0.0,0,pos,0,0.0,0,pos
FUN_003473,0,0.0,0,pos,0,0.0,0,pos
FUN_007001,696,0.12903225806451613,5,pos_s696_e936_s1368_e1398_s2718_e2874_s3048_e3162_s3354_e3468,384,0.07119021134593993,4,pos_s696_e756_s2760_e2796_s3048_e3162_s3354_e3468
FUN_006885,0,0.0,0,pos,0,0.0,0,pos
FUN_002193,0,0.0,0,pos,0,0.0,0,pos
FUN_004747,0,0.0,0,pos,0,0.0,0,pos
FUN_000406,0,0.0,0,pos,0,0.0,0,pos
FUN_010097,0,0.0,0,pos,0,0.0,0,pos
FUN_001622,0,0.0,0,pos,0,0.0,0,pos
FUN_009729,0,0.0,0,pos,0,0.0,0,pos
FUN_005185,0,0.0,0,pos,0,0.0,0,pos
FUN_006183,0,0.0,0,pos,0,0.0,0,pos
FUN_010031,0,0.0,0,pos,0,0.0,0,pos
FUN_003824,108,0.05504587155963303,2,pos_s426_e486_s696_e738,6,0.0030581039755351682,0,pos
FUN_012432,0,0.0,0,pos,0,0.0,0,pos
FUN_005400,0,0.0,0,pos,0,0.0,0,pos
FUN_006758,60,0.03484320557491289,1,pos_s1530_e1590,0,0.0,0,pos
FUN_009697,0,0.0,0,pos,0,0.0,0,pos
FUN_004516,0,0.0,0,pos,0,0.0,0,pos
FUN_009161,0,0.0,0,pos,0,0.0,0,pos
FUN_003835,0,0.0,0,pos,0,0.0,0,pos
FUN_009379,0,0.0,0,pos,0,0.0,0,pos
FUN_016821,0,0.0,0,pos,0,0.0,0,pos
FUN_000084,132,0.011937059142702116,2,pos_s3642_e3714_s10140_e10170,6,0.0005425935973955507,0,pos
FUN_015426,0,0.0,0,pos,0,0.0,0,pos
FUN_009981,0,0.0,0,pos,0,0.0,0,pos
FUN_005442,276,0.07232704402515723,2,pos_s966_e1026_s3522_e3654,78,0.020440251572327043,1,pos_s3546_e3606
FUN_006768,18,0.0084985835694051,0,pos,0,0.0,0,pos
FUN_007520,0,0.0,0,pos,0,0.0,0,pos
FUN_005579,0,0.0,0,pos,0,0.0,0,pos
FUN_001451,0,0.0,0,pos,0,0.0,0,pos
FUN_003272,0,0.0,0,pos,0,0.0,0,pos
FUN_009816,0,0.0,0,pos,0,0.0,0,pos
FUN_008095,0,0.0,0,pos,0,0.0,0,pos
FUN_006402,42,0.026923076923076925,0,pos,0,0.0,0,pos
FUN_008995,222,0.027673896783844427,2,pos_s1056_e1128_s2796_e2838,54,0.006731488406881077,1,pos_s1056_e1110
FUN_005206,0,0.0,0,pos,0,0.0,0,pos
FUN_006116,6,0.0013315579227696406,0,pos,0,0.0,0,pos
FUN_009434,18,0.08823529411764706,0,pos,0,0.0,0,pos
FUN_006301,0,0.0,0,pos,0,0.0,0,pos
FUN_005352,0,0.0,0,pos,0,0.0,0,pos
FUN_005619,30,0.06666666666666667,0,pos,0,0.0,0,pos
FUN_012546,0,0.0,0,pos,0,0.0,0,pos
FUN_007266,0,0.0,0,pos,0,0.0,0,pos
FUN_000857,90,0.015991471215351813,1,pos_s4812_e4866,0,0.0,0,pos
FUN_004833,0,0.0,0,pos,0,0.0,0,pos
FUN_010604,0,0.0,0,pos,0,0.0,0,pos
FUN_004423,0,0.0,0,pos,0,0.0,0,pos
FUN_007441,84,0.04487179487179487,1,pos_s330_e408,0,0.0,0,pos
FUN_007897,0,0.0,0,pos,0,0.0,0,pos
FUN_001602,0,0.0,0,pos,0,0.0,0,pos
FUN_008747,0,0.0,0,pos,0,0.0,0,pos
FUN_008053,0,0.0,0,pos,0,0.0,0,pos
FUN_000026,6,0.0006353240152477764,0,pos,0,0.0,0,pos
FUN_008260,96,0.12030075187969924,1,pos_s366_e462,0,0.0,0,pos
FUN_012410,0,0.0,0,pos,0,0.0,0,pos
FUN_005806,78,0.024299065420560748,1,pos_s2556_e2610,0,0.0,0,pos
FUN_005666,0,0.0,0,pos,0,0.0,0,pos
FUN_012061,0,0.0,0,pos,0,0.0,0,pos
FUN_004128,0,0.0,0,pos,0,0.0,0,pos
FUN_008496,0,0.0,0,pos,0,0.0,0,pos
FUN_006092,6,0.005319148936170213,0,pos,0,0.0,0,pos
FUN_011630,0,0.0,0,pos,0,0.0,0,pos
FUN_006634,0,0.0,0,pos,0,0.0,0,pos
FUN_016794,0,0.0,0,pos,0,0.0,0,pos
FUN_011828,0,0.0,0,pos,0,0.0,0,pos
FUN_006715,210,0.07829977628635347,2,pos_s18_e66_s72_e234,78,0.029082774049217,1,pos_s132_e192
FUN_009096,342,0.1532258064516129,5,pos_s372_e402_s942_e978_s1362_e1506_s1902_e1938_s1950_e2010,156,0.06989247311827956,1,pos_s1404_e1506
FUN_007526,0,0.0,0,pos,0,0.0,0,pos
FUN_005787,0,0.0,0,pos,0,0.0,0,pos
FUN_016743,0,0.0,0,pos,0,0.0,0,pos
FUN_007091,0,0.0,0,pos,0,0.0,0,pos
FUN_004034,90,0.06437768240343347,1,pos_s738_e810,78,0.055793991416309016,1,pos_s738_e810
FUN_012076,0,0.0,0,pos,0,0.0,0,pos
FUN_002151,0,0.0,0,pos,0,0.0,0,pos
FUN_011600,0,0.0,0,pos,0,0.0,0,pos
FUN_000493,0,0.0,0,pos,0,0.0,0,pos
FUN_003185,0,0.0,0,pos,0,0.0,0,pos
FUN_011360,18,0.006369426751592357,0,pos,0,0.0,0,pos
FUN_007410,258,0.07037643207855974,4,pos_s0_e54_s348_e396_s408_e462_s2094_e2154,120,0.03273322422258593,2,pos_s0_e42_s348_e396
FUN_005674,0,0.0,0,pos,0,0.0,0,pos
FUN_012192,0,0.0,0,pos,0,0.0,0,pos
FUN_000455,0,0.0,0,pos,0,0.0,0,pos
FUN_007057,0,0.0,0,pos,0,0.0,0,pos
FUN_009969,0,0.0,0,pos,0,0.0,0,pos
FUN_004480,126,0.02539298669891173,2,pos_s2490_e2532_s2868_e2916,0,0.0,0,pos
FUN_000365,0,0.0,0,pos,0,0.0,0,pos
FUN_002295,0,0.0,0,pos,0,0.0,0,pos
FUN_011231,0,0.0,0,pos,0,0.0,0,pos
FUN_004853,18,0.004754358161648178,0,pos,0,0.0,0,pos
FUN_001801,0,0.0,0,pos,0,0.0,0,pos
FUN_008463,78,0.01253616200578592,1,pos_s1452_e1524,12,0.0019286403085824494,0,pos
FUN_000244,0,0.0,0,pos,0,0.0,0,pos
FUN_010732,0,0.0,0,pos,0,0.0,0,pos
FUN_002817,0,0.0,0,pos,0,0.0,0,pos
FUN_011319,0,0.0,0,pos,0,0.0,0,pos
FUN_006180,6,0.0070921985815602835,0,pos,6,0.0070921985815602835,0,pos
FUN_002339,0,0.0,0,pos,0,0.0,0,pos
FUN_003411,0,0.0,0,pos,0,0.0,0,pos
FUN_004794,0,0.0,0,pos,0,0.0,0,pos
FUN_001724,0,0.0,0,pos,0,0.0,0,pos
FUN_008120,24,0.010126582278481013,0,pos,0,0.0,0,pos
FUN_006362,0,0.0,0,pos,0,0.0,0,pos
FUN_004684,540,0.06396588486140725,6,pos_s1038_e1212_s1236_e1272_s2280_e2406_s5154_e5190_s5934_e6000_s6792_e6846,144,0.017057569296375266,1,pos_s1038_e1158
FUN_001485,0,0.0,0,pos,0,0.0,0,pos
FUN_008318,0,0.0,0,pos,0,0.0,0,pos
FUN_005563,84,0.1206896551724138,1,pos_s600_e666,66,0.09482758620689655,1,pos_s600_e666
FUN_007166,192,0.08791208791208792,2,pos_s120_e156_s1548_e1656,18,0.008241758241758242,0,pos
FUN_007318,0,0.0,0,pos,0,0.0,0,pos
FUN_006310,96,0.04040404040404041,1,pos_s1254_e1344,84,0.03535353535353535,1,pos_s1266_e1344
FUN_007913,0,0.0,0,pos,0,0.0,0,pos
FUN_003710,0,0.0,0,pos,0,0.0,0,pos
FUN_005782,0,0.0,0,pos,0,0.0,0,pos
FUN_016403,0,0.0,0,pos,0,0.0,0,pos
FUN_002317,0,0.0,0,pos,0,0.0,0,pos
FUN_003098,0,0.0,0,pos,0,0.0,0,pos
FUN_003980,0,0.0,0,pos,0,0.0,0,pos
FUN_009943,0,0.0,0,pos,0,0.0,0,pos
FUN_005820,0,0.0,0,pos,0,0.0,0,pos
FUN_006067,0,0.0,0,pos,0,0.0,0,pos
FUN_008214,96,0.24242424242424243,1,pos_s180_e276,0,0.0,0,pos
FUN_011632,0,0.0,0,pos,0,0.0,0,pos
FUN_009097,0,0.0,0,pos,0,0.0,0,pos
FUN_008755,18,0.007957559681697613,0,pos,0,0.0,0,pos
FUN_009194,180,0.16393442622950818,2,pos_s600_e660_s966_e1002,36,0.03278688524590164,0,pos
FUN_016624,0,0.0,0,pos,0,0.0,0,pos
FUN_011967,0,0.0,0,pos,0,0.0,0,pos
FUN_003492,66,0.05314009661835749,0,pos,30,0.024154589371980676,0,pos
FUN_005897,0,0.0,0,pos,0,0.0,0,pos
FUN_001469,60,0.047619047619047616,1,pos_s888_e948,60,0.047619047619047616,1,pos_s888_e948
FUN_000946,66,0.03303303303303303,1,pos_s1932_e1968,12,0.006006006006006006,0,pos
FUN_004051,0,0.0,0,pos,0,0.0,0,pos
FUN_012139,0,0.0,0,pos,0,0.0,0,pos
FUN_001052,0,0.0,0,pos,0,0.0,0,pos
FUN_001867,0,0.0,0,pos,0,0.0,0,pos
FUN_006236,6,0.007194244604316547,0,pos,0,0.0,0,pos
FUN_006692,0,0.0,0,pos,0,0.0,0,pos
FUN_008893,30,0.013927576601671309,0,pos,0,0.0,0,pos
FUN_011714,0,0.0,0,pos,0,0.0,0,pos
FUN_015492,0,0.0,0,pos,0,0.0,0,pos
FUN_016031,0,0.0,0,pos,0,0.0,0,pos
FUN_005161,0,0.0,0,pos,0,0.0,0,pos
FUN_016415,0,0.0,0,pos,0,0.0,0,pos
FUN_006062,0,0.0,0,pos,0,0.0,0,pos
FUN_002366,0,0.0,0,pos,0,0.0,0,pos
FUN_015521,0,0.0,0,pos,0,0.0,0,pos
FUN_008539,0,0.0,0,pos,0,0.0,0,pos
FUN_003891,204,0.050073637702503684,4,pos_s1392_e1428_s1464_e1506_s2340_e2376_s2946_e2988,30,0.007363770250368188,1,pos_s2952_e2982
FUN_010989,132,0.24719101123595505,1,pos_s0_e132,132,0.24719101123595505,1,pos_s0_e132
FUN_003651,0,0.0,0,pos,0,0.0,0,pos
FUN_003699,0,0.0,0,pos,0,0.0,0,pos
FUN_016268,0,0.0,0,pos,0,0.0,0,pos
FUN_002030,0,0.0,0,pos,0,0.0,0,pos
FUN_005596,72,0.04918032786885246,1,pos_s792_e852,18,0.012295081967213115,0,pos
FUN_010658,0,0.0,0,pos,0,0.0,0,pos
FUN_004534,12,0.01680672268907563,0,pos,0,0.0,0,pos
FUN_010955,18,0.01910828025477707,0,pos,0,0.0,0,pos
FUN_015578,0,0.0,0,pos,0,0.0,0,pos
FUN_008593,0,0.0,0,pos,0,0.0,0,pos
FUN_006480,0,0.0,0,pos,0,0.0,0,pos
FUN_003726,102,0.11643835616438356,1,pos_s594_e678,12,0.0136986301369863,0,pos
FUN_003511,0,0.0,0,pos,0,0.0,0,pos
FUN_011863,0,0.0,0,pos,0,0.0,0,pos
FUN_016441,0,0.0,0,pos,0,0.0,0,pos
FUN_007135,0,0.0,0,pos,0,0.0,0,pos
FUN_000179,0,0.0,0,pos,0,0.0,0,pos
FUN_011699,0,0.0,0,pos,0,0.0,0,pos
FUN_010411,84,0.08588957055214724,2,pos_s228_e264_s546_e576,0,0.0,0,pos
FUN_010296,0,0.0,0,pos,0,0.0,0,pos
FUN_008558,0,0.0,0,pos,0,0.0,0,pos
FUN_003223,0,0.0,0,pos,0,0.0,0,pos
FUN_016318,0,0.0,0,pos,0,0.0,0,pos
FUN_003550,114,0.07509881422924901,2,pos_s1014_e1044_s1218_e1296,12,0.007905138339920948,0,pos
FUN_016101,0,0.0,0,pos,0,0.0,0,pos
FUN_004817,42,0.047619047619047616,1,pos_s228_e270,0,0.0,0,pos
FUN_015507,0,0.0,0,pos,0,0.0,0,pos
FUN_016406,0,0.0,0,pos,0,0.0,0,pos
FUN_007726,0,0.0,0,pos,0,0.0,0,pos
FUN_001729,0,0.0,0,pos,0,0.0,0,pos
FUN_000220,0,0.0,0,pos,0,0.0,0,pos
FUN_003918,0,0.0,0,pos,0,0.0,0,pos
FUN_005705,0,0.0,0,pos,0,0.0,0,pos
FUN_009440,30,0.01557632398753894,1,pos_s486_e516,0,0.0,0,pos
FUN_002017,6,0.004629629629629629,0,pos,0,0.0,0,pos
FUN_015868,0,0.0,0,pos,0,0.0,0,pos
FUN_008748,0,0.0,0,pos,0,0.0,0,pos
FUN_015445,0,0.0,0,pos,0,0.0,0,pos
FUN_002042,0,0.0,0,pos,0,0.0,0,pos
FUN_000938,0,0.0,0,pos,0,0.0,0,pos
FUN_010222,0,0.0,0,pos,0,0.0,0,pos
FUN_011710,0,0.0,0,pos,0,0.0,0,pos
FUN_004348,0,0.0,0,pos,0,0.0,0,pos
FUN_016805,0,0.0,0,pos,0,0.0,0,pos
FUN_000818,0,0.0,0,pos,0,0.0,0,pos
FUN_002071,0,0.0,0,pos,0,0.0,0,pos
FUN_015871,0,0.0,0,pos,0,0.0,0,pos
FUN_005425,0,0.0,0,pos,0,0.0,0,pos
FUN_010697,0,0.0,0,pos,0,0.0,0,pos
FUN_002929,0,0.0,0,pos,0,0.0,0,pos
FUN_002206,0,0.0,0,pos,0,0.0,0,pos
FUN_001151,36,0.05128205128205128,1,pos_s444_e480,0,0.0,0,pos
FUN_011218,342,0.0778688524590164,4,pos_s654_e684_s1200_e1236_s1914_e2028_s3342_e3438,156,0.03551912568306011,2,pos_s1914_e2010_s3402_e3438
FUN_010685,0,0.0,0,pos,0,0.0,0,pos
FUN_006202,24,0.015748031496062992,0,pos,0,0.0,0,pos
FUN_001069,0,0.0,0,pos,0,0.0,0,pos
FUN_015299,0,0.0,0,pos,0,0.0,0,pos
FUN_007235,0,0.0,0,pos,0,0.0,0,pos
FUN_004500,0,0.0,0,pos,0,0.0,0,pos
FUN_004089,0,0.0,0,pos,0,0.0,0,pos
FUN_000068,0,0.0,0,pos,0,0.0,0,pos
FUN_009755,0,0.0,0,pos,0,0.0,0,pos
FUN_008129,0,0.0,0,pos,0,0.0,0,pos
FUN_004481,120,0.03067484662576687,1,pos_s3048_e3144,0,0.0,0,pos
FUN_001030,0,0.0,0,pos,0,0.0,0,pos
FUN_011021,0,0.0,0,pos,0,0.0,0,pos
FUN_008818,0,0.0,0,pos,0,0.0,0,pos
FUN_009558,30,0.018315018315018316,0,pos,12,0.007326007326007326,0,pos
FUN_005222,0,0.0,0,pos,0,0.0,0,pos
FUN_015810,0,0.0,0,pos,0,0.0,0,pos
FUN_007557,96,0.02102496714848883,1,pos_s4284_e4362,6,0.001314060446780552,0,pos
FUN_011981,0,0.0,0,pos,0,0.0,0,pos
FUN_007747,0,0.0,0,pos,0,0.0,0,pos
FUN_011251,0,0.0,0,pos,0,0.0,0,pos
FUN_010476,0,0.0,0,pos,0,0.0,0,pos
FUN_001264,0,0.0,0,pos,0,0.0,0,pos
FUN_015796,0,0.0,0,pos,0,0.0,0,pos
FUN_007633,0,0.0,0,pos,0,0.0,0,pos
FUN_001234,0,0.0,0,pos,0,0.0,0,pos
FUN_004220,0,0.0,0,pos,0,0.0,0,pos
FUN_003800,192,0.1245136186770428,2,pos_s984_e1110_s1116_e1176,96,0.0622568093385214,2,pos_s1038_e1104_s1140_e1170
FUN_009117,0,0.0,0,pos,0,0.0,0,pos
FUN_005421,0,0.0,0,pos,0,0.0,0,pos
FUN_011432,6,0.007874015748031496,0,pos,0,0.0,0,pos
FUN_010040,0,0.0,0,pos,0,0.0,0,pos
FUN_002465,0,0.0,0,pos,0,0.0,0,pos
FUN_012129,0,0.0,0,pos,0,0.0,0,pos
FUN_004654,0,0.0,0,pos,0,0.0,0,pos
FUN_005321,0,0.0,0,pos,0,0.0,0,pos
FUN_002313,0,0.0,0,pos,0,0.0,0,pos
FUN_003297,0,0.0,0,pos,0,0.0,0,pos
FUN_001693,12,0.013422818791946308,0,pos,0,0.0,0,pos
FUN_008848,0,0.0,0,pos,0,0.0,0,pos
FUN_003622,0,0.0,0,pos,0,0.0,0,pos
FUN_005061,0,0.0,0,pos,0,0.0,0,pos
FUN_010295,132,0.16793893129770993,2,pos_s240_e270_s636_e696,0,0.0,0,pos
FUN_002350,6,0.0018248175182481751,0,pos,0,0.0,0,pos
FUN_000841,0,0.0,0,pos,0,0.0,0,pos
FUN_007407,0,0.0,0,pos,0,0.0,0,pos
FUN_015391,0,0.0,0,pos,0,0.0,0,pos
FUN_010545,0,0.0,0,pos,0,0.0,0,pos
FUN_001753,0,0.0,0,pos,0,0.0,0,pos
FUN_016350,0,0.0,0,pos,0,0.0,0,pos
FUN_001169,0,0.0,0,pos,0,0.0,0,pos
FUN_000155,126,0.05526315789473684,2,pos_s684_e720_s1050_e1134,72,0.031578947368421054,1,pos_s1056_e1128
FUN_009411,60,0.04608294930875576,1,pos_s252_e300,0,0.0,0,pos
FUN_003838,0,0.0,0,pos,0,0.0,0,pos
FUN_015633,0,0.0,0,pos,0,0.0,0,pos
FUN_008313,0,0.0,0,pos,0,0.0,0,pos
FUN_005262,0,0.0,0,pos,0,0.0,0,pos
FUN_009124,114,0.1417910447761194,1,pos_s324_e438,102,0.12686567164179105,1,pos_s336_e438
FUN_002728,0,0.0,0,pos,0,0.0,0,pos
FUN_011775,0,0.0,0,pos,0,0.0,0,pos
FUN_016209,0,0.0,0,pos,0,0.0,0,pos
FUN_000676,18,0.03614457831325301,0,pos,0,0.0,0,pos
FUN_015847,0,0.0,0,pos,0,0.0,0,pos
FUN_007229,0,0.0,0,pos,0,0.0,0,pos
FUN_016435,0,0.0,0,pos,0,0.0,0,pos
FUN_008554,126,0.21649484536082475,1,pos_s138_e252,84,0.14432989690721648,1,pos_s138_e222
FUN_000517,0,0.0,0,pos,0,0.0,0,pos
FUN_015760,0,0.0,0,pos,0,0.0,0,pos
FUN_006184,90,0.29411764705882354,1,pos_s30_e102,72,0.23529411764705882,1,pos_s30_e102
FUN_005026,30,0.009765625,0,pos,0,0.0,0,pos
FUN_010579,0,0.0,0,pos,0,0.0,0,pos
FUN_002228,0,0.0,0,pos,0,0.0,0,pos
FUN_011038,60,0.050761421319796954,1,pos_s1008_e1068,54,0.04568527918781726,1,pos_s1008_e1062
FUN_003169,12,0.007692307692307693,0,pos,0,0.0,0,pos
FUN_005871,0,0.0,0,pos,0,0.0,0,pos
FUN_016787,0,0.0,0,pos,0,0.0,0,pos
FUN_015365,0,0.0,0,pos,0,0.0,0,pos
FUN_010785,0,0.0,0,pos,0,0.0,0,pos
FUN_009249,6,0.0026041666666666665,0,pos,0,0.0,0,pos
FUN_003266,0,0.0,0,pos,0,0.0,0,pos
FUN_009765,0,0.0,0,pos,0,0.0,0,pos
FUN_008497,0,0.0,0,pos,0,0.0,0,pos
FUN_016117,0,0.0,0,pos,0,0.0,0,pos
FUN_010261,0,0.0,0,pos,0,0.0,0,pos
FUN_009506,84,0.047619047619047616,2,pos_s1074_e1110_s1650_e1680,0,0.0,0,pos
FUN_003672,0,0.0,0,pos,0,0.0,0,pos
FUN_010416,108,0.07563025210084033,1,pos_s264_e324,24,0.01680672268907563,0,pos
FUN_004621,0,0.0,0,pos,0,0.0,0,pos
FUN_016639,0,0.0,0,pos,0,0.0,0,pos
FUN_012525,0,0.0,0,pos,0,0.0,0,pos
FUN_011388,0,0.0,0,pos,0,0.0,0,pos
FUN_001242,0,0.0,0,pos,0,0.0,0,pos
FUN_005216,48,0.00517464424320828,0,pos,0,0.0,0,pos
FUN_011028,0,0.0,0,pos,0,0.0,0,pos
FUN_002754,0,0.0,0,pos,0,0.0,0,pos
FUN_011938,0,0.0,0,pos,0,0.0,0,pos
FUN_001943,6,0.002631578947368421,0,pos,0,0.0,0,pos
FUN_012231,0,0.0,0,pos,0,0.0,0,pos
FUN_001195,0,0.0,0,pos,0,0.0,0,pos
FUN_011002,726,0.09166666666666666,9,pos_s336_e378_s1074_e1116_s1464_e1548_s1890_e1938_s4644_e4704_s5460_e5496_s5562_e5754_s5766_e5808_s5910_e5946,240,0.030303030303030304,3,pos_s1890_e1938_s5706_e5742_s5766_e5796
FUN_000892,0,0.0,0,pos,0,0.0,0,pos
FUN_008393,0,0.0,0,pos,0,0.0,0,pos
FUN_009267,18,0.23076923076923078,0,pos,6,0.07692307692307693,0,pos
FUN_008474,126,0.019886363636363636,3,pos_s5574_e5628_s5634_e5670_s5688_e5718,0,0.0,0,pos
FUN_012102,0,0.0,0,pos,0,0.0,0,pos
FUN_012232,0,0.0,0,pos,0,0.0,0,pos
FUN_005200,0,0.0,0,pos,0,0.0,0,pos
FUN_010807,204,0.06601941747572816,2,pos_s1014_e1050_s2538_e2634,30,0.009708737864077669,0,pos
FUN_004823,0,0.0,0,pos,0,0.0,0,pos
FUN_000906,0,0.0,0,pos,0,0.0,0,pos
FUN_002315,54,0.036585365853658534,1,pos_s1410_e1464,0,0.0,0,pos
FUN_011543,0,0.0,0,pos,0,0.0,0,pos
FUN_001945,0,0.0,0,pos,0,0.0,0,pos
FUN_011270,0,0.0,0,pos,0,0.0,0,pos
FUN_007334,12,0.010471204188481676,0,pos,0,0.0,0,pos
FUN_009353,120,0.052770448548812667,1,pos_s2052_e2148,96,0.04221635883905013,1,pos_s2052_e2148
FUN_001537,18,0.004942339373970346,0,pos,0,0.0,0,pos
FUN_009225,0,0.0,0,pos,0,0.0,0,pos
FUN_002637,0,0.0,0,pos,0,0.0,0,pos
FUN_000875,36,0.026200873362445413,1,pos_s234_e270,0,0.0,0,pos
FUN_004606,0,0.0,0,pos,0,0.0,0,pos
FUN_007466,0,0.0,0,pos,0,0.0,0,pos
FUN_001809,30,0.028409090909090908,0,pos,0,0.0,0,pos
FUN_005462,0,0.0,0,pos,0,0.0,0,pos
FUN_010142,6,0.023255813953488372,0,pos,0,0.0,0,pos
FUN_001778,0,0.0,0,pos,0,0.0,0,pos
FUN_016153,0,0.0,0,pos,0,0.0,0,pos
FUN_011997,0,0.0,0,pos,0,0.0,0,pos
FUN_001660,0,0.0,0,pos,0,0.0,0,pos
FUN_000842,0,0.0,0,pos,0,0.0,0,pos
FUN_009175,84,0.07216494845360824,2,pos_s456_e492_s510_e558,0,0.0,0,pos
FUN_004991,0,0.0,0,pos,0,0.0,0,pos
FUN_003598,48,0.050955414012738856,0,pos,0,0.0,0,pos
FUN_003860,18,0.016042780748663103,0,pos,0,0.0,0,pos
FUN_005355,0,0.0,0,pos,0,0.0,0,pos
FUN_003426,108,0.14516129032258066,1,pos_s618_e726,102,0.13709677419354838,1,pos_s624_e726
FUN_011708,0,0.0,0,pos,0,0.0,0,pos
FUN_008739,0,0.0,0,pos,0,0.0,0,pos
FUN_007703,0,0.0,0,pos,0,0.0,0,pos
FUN_007795,0,0.0,0,pos,0,0.0,0,pos
FUN_005366,30,0.0024764735017335313,1,pos_s6642_e6672,0,0.0,0,pos
FUN_015375,0,0.0,0,pos,0,0.0,0,pos
FUN_006879,0,0.0,0,pos,0,0.0,0,pos
FUN_007272,0,0.0,0,pos,0,0.0,0,pos
FUN_001852,0,0.0,0,pos,0,0.0,0,pos
FUN_001045,0,0.0,0,pos,0,0.0,0,pos
FUN_001649,0,0.0,0,pos,0,0.0,0,pos
FUN_010528,0,0.0,0,pos,0,0.0,0,pos
FUN_002474,0,0.0,0,pos,0,0.0,0,pos
FUN_000287,66,0.0140485312899106,1,pos_s3234_e3264,0,0.0,0,pos
FUN_015576,0,0.0,0,pos,0,0.0,0,pos
FUN_001673,138,0.03490136570561457,2,pos_s2520_e2556_s2634_e2712,0,0.0,0,pos
FUN_010526,0,0.0,0,pos,0,0.0,0,pos
FUN_015934,0,0.0,0,pos,0,0.0,0,pos
FUN_006760,0,0.0,0,pos,0,0.0,0,pos
FUN_015689,0,0.0,0,pos,0,0.0,0,pos
FUN_010177,0,0.0,0,pos,0,0.0,0,pos
FUN_001211,0,0.0,0,pos,0,0.0,0,pos
FUN_011310,0,0.0,0,pos,0,0.0,0,pos
FUN_005741,30,0.012919896640826873,1,pos_s1290_e1320,6,0.002583979328165375,0,pos
FUN_006912,12,0.004228329809725159,0,pos,0,0.0,0,pos
FUN_016036,0,0.0,0,pos,0,0.0,0,pos
FUN_016160,0,0.0,0,pos,0,0.0,0,pos
FUN_016073,0,0.0,0,pos,0,0.0,0,pos
FUN_008783,0,0.0,0,pos,0,0.0,0,pos
FUN_002293,0,0.0,0,pos,0,0.0,0,pos
FUN_000372,0,0.0,0,pos,0,0.0,0,pos
FUN_000640,0,0.0,0,pos,0,0.0,0,pos
FUN_006609,0,0.0,0,pos,0,0.0,0,pos
FUN_007619,0,0.0,0,pos,0,0.0,0,pos
FUN_006830,0,0.0,0,pos,0,0.0,0,pos
FUN_011339,0,0.0,0,pos,0,0.0,0,pos
FUN_015788,0,0.0,0,pos,0,0.0,0,pos
FUN_003992,0,0.0,0,pos,0,0.0,0,pos
FUN_000261,0,0.0,0,pos,0,0.0,0,pos
FUN_004464,78,0.014492753623188406,1,pos_s3792_e3846,0,0.0,0,pos
FUN_002767,0,0.0,0,pos,0,0.0,0,pos
FUN_015556,0,0.0,0,pos,0,0.0,0,pos
FUN_011405,12,0.0392156862745098,0,pos,0,0.0,0,pos
FUN_015598,0,0.0,0,pos,0,0.0,0,pos
FUN_005309,0,0.0,0,pos,0,0.0,0,pos
FUN_003317,0,0.0,0,pos,0,0.0,0,pos
FUN_010812,0,0.0,0,pos,0,0.0,0,pos
FUN_004866,0,0.0,0,pos,0,0.0,0,pos
FUN_010979,102,0.01642512077294686,1,pos_s3966_e3996,0,0.0,0,pos
FUN_004023,0,0.0,0,pos,0,0.0,0,pos
FUN_001022,0,0.0,0,pos,0,0.0,0,pos
FUN_011705,0,0.0,0,pos,0,0.0,0,pos
FUN_011777,0,0.0,0,pos,0,0.0,0,pos
FUN_009513,120,0.05181347150259067,2,pos_s1698_e1752_s1764_e1812,30,0.012953367875647668,0,pos
FUN_009941,0,0.0,0,pos,0,0.0,0,pos
FUN_005005,0,0.0,0,pos,0,0.0,0,pos
FUN_010593,0,0.0,0,pos,0,0.0,0,pos
FUN_016873,0,0.0,0,pos,0,0.0,0,pos
FUN_010267,0,0.0,0,pos,0,0.0,0,pos
FUN_000940,0,0.0,0,pos,0,0.0,0,pos
FUN_000438,0,0.0,0,pos,0,0.0,0,pos
FUN_005566,0,0.0,0,pos,0,0.0,0,pos
FUN_010931,48,0.04,1,pos_s498_e534,0,0.0,0,pos
FUN_003258,0,0.0,0,pos,0,0.0,0,pos
FUN_007257,0,0.0,0,pos,0,0.0,0,pos
FUN_007971,72,0.08823529411764706,1,pos_s642_e678,12,0.014705882352941176,0,pos
FUN_006163,0,0.0,0,pos,0,0.0,0,pos
FUN_008529,6,0.001366120218579235,0,pos,0,0.0,0,pos
FUN_002241,66,0.02857142857142857,0,pos,6,0.0025974025974025974,0,pos
FUN_005461,0,0.0,0,pos,0,0.0,0,pos
FUN_002102,0,0.0,0,pos,0,0.0,0,pos
FUN_015418,0,0.0,0,pos,0,0.0,0,pos
FUN_002986,0,0.0,0,pos,0,0.0,0,pos
FUN_008870,216,0.0547945205479452,3,pos_s2388_e2436_s2946_e2976_s3858_e3894,24,0.0060882800608828,0,pos
FUN_009689,24,0.012422360248447204,0,pos,0,0.0,0,pos
FUN_008832,78,0.01616915422885572,1,pos_s4230_e4290,6,0.0012437810945273632,0,pos
FUN_008480,0,0.0,0,pos,0,0.0,0,pos
FUN_016540,0,0.0,0,pos,0,0.0,0,pos
FUN_011811,0,0.0,0,pos,0,0.0,0,pos
FUN_016320,0,0.0,0,pos,0,0.0,0,pos
FUN_001168,0,0.0,0,pos,0,0.0,0,pos
FUN_006716,0,0.0,0,pos,0,0.0,0,pos
FUN_015486,0,0.0,0,pos,0,0.0,0,pos
FUN_012503,0,0.0,0,pos,0,0.0,0,pos
FUN_004741,30,0.011441647597254004,1,pos_s1044_e1074,0,0.0,0,pos
FUN_010339,0,0.0,0,pos,0,0.0,0,pos
FUN_007158,0,0.0,0,pos,0,0.0,0,pos
FUN_000496,0,0.0,0,pos,0,0.0,0,pos
FUN_011467,0,0.0,0,pos,0,0.0,0,pos
FUN_004973,36,0.011627906976744186,1,pos_s162_e198,30,0.009689922480620155,1,pos_s168_e198
FUN_009834,408,0.06582768635043562,6,pos_s3528_e3606_s4602_e4674_s4956_e4998_s5004_e5052_s5868_e5898_s5940_e5982,12,0.001936108422071636,0,pos
FUN_009780,0,0.0,0,pos,0,0.0,0,pos
FUN_008909,126,0.11731843575418995,1,pos_s684_e792,60,0.055865921787709494,1,pos_s732_e792
FUN_009910,0,0.0,0,pos,0,0.0,0,pos
FUN_012230,0,0.0,0,pos,0,0.0,0,pos
FUN_005173,0,0.0,0,pos,0,0.0,0,pos
FUN_000468,0,0.0,0,pos,0,0.0,0,pos
FUN_010610,42,0.02413793103448276,0,pos,0,0.0,0,pos
FUN_006437,0,0.0,0,pos,0,0.0,0,pos
FUN_003769,6,0.004830917874396135,0,pos,0,0.0,0,pos
FUN_007029,0,0.0,0,pos,0,0.0,0,pos
FUN_000199,0,0.0,0,pos,0,0.0,0,pos
FUN_004353,0,0.0,0,pos,0,0.0,0,pos
FUN_011488,0,0.0,0,pos,0,0.0,0,pos
FUN_009872,0,0.0,0,pos,0,0.0,0,pos
FUN_009014,12,0.011695906432748537,0,pos,0,0.0,0,pos
FUN_001116,30,0.002472799208704253,1,pos_s11694_e11724,0,0.0,0,pos
FUN_003680,0,0.0,0,pos,0,0.0,0,pos
FUN_000069,0,0.0,0,pos,0,0.0,0,pos
FUN_000525,24,0.031746031746031744,0,pos,0,0.0,0,pos
FUN_002723,108,0.061224489795918366,2,pos_s1290_e1344_s1350_e1404,30,0.017006802721088437,1,pos_s1302_e1332
FUN_011494,0,0.0,0,pos,0,0.0,0,pos
FUN_005238,0,0.0,0,pos,0,0.0,0,pos
FUN_015887,0,0.0,0,pos,0,0.0,0,pos
FUN_001565,0,0.0,0,pos,0,0.0,0,pos
FUN_004120,0,0.0,0,pos,0,0.0,0,pos
FUN_008512,0,0.0,0,pos,0,0.0,0,pos
FUN_005532,0,0.0,0,pos,0,0.0,0,pos
FUN_009430,0,0.0,0,pos,0,0.0,0,pos
FUN_000807,0,0.0,0,pos,0,0.0,0,pos
FUN_000742,0,0.0,0,pos,0,0.0,0,pos
FUN_002186,48,0.03319502074688797,1,pos_s66_e108,0,0.0,0,pos
FUN_012283,0,0.0,0,pos,0,0.0,0,pos
FUN_008107,54,0.05232558139534884,1,pos_s990_e1020,6,0.005813953488372093,0,pos
FUN_007936,0,0.0,0,pos,0,0.0,0,pos
FUN_008454,18,0.030612244897959183,0,pos,0,0.0,0,pos
FUN_015735,0,0.0,0,pos,0,0.0,0,pos
FUN_010860,0,0.0,0,pos,0,0.0,0,pos
FUN_009544,0,0.0,0,pos,0,0.0,0,pos
FUN_008779,66,0.024943310657596373,0,pos,0,0.0,0,pos
FUN_010718,0,0.0,0,pos,0,0.0,0,pos
FUN_006432,0,0.0,0,pos,0,0.0,0,pos
FUN_009879,0,0.0,0,pos,0,0.0,0,pos
FUN_015883,0,0.0,0,pos,0,0.0,0,pos
FUN_000845,168,0.10566037735849057,1,pos_s294_e360,0,0.0,0,pos
FUN_008601,0,0.0,0,pos,0,0.0,0,pos
FUN_010148,0,0.0,0,pos,0,0.0,0,pos
FUN_002309,0,0.0,0,pos,0,0.0,0,pos
FUN_002170,108,0.11392405063291139,1,pos_s30_e138,108,0.11392405063291139,1,pos_s30_e138
FUN_015283,0,0.0,0,pos,0,0.0,0,pos
FUN_002592,0,0.0,0,pos,0,0.0,0,pos
FUN_002413,0,0.0,0,pos,0,0.0,0,pos
FUN_011082,0,0.0,0,pos,0,0.0,0,pos
FUN_010086,0,0.0,0,pos,0,0.0,0,pos
FUN_006663,0,0.0,0,pos,0,0.0,0,pos
FUN_015566,0,0.0,0,pos,0,0.0,0,pos
FUN_007031,30,0.013404825737265416,1,pos_s2202_e2232,18,0.00804289544235925,0,pos
FUN_002670,60,0.0423728813559322,1,pos_s1008_e1062,0,0.0,0,pos
FUN_012347,0,0.0,0,pos,0,0.0,0,pos
FUN_004548,0,0.0,0,pos,0,0.0,0,pos
FUN_001239,12,0.0035778175313059034,0,pos,0,0.0,0,pos
FUN_006515,0,0.0,0,pos,0,0.0,0,pos
FUN_003827,6,0.014925373134328358,0,pos,0,0.0,0,pos
FUN_003226,0,0.0,0,pos,0,0.0,0,pos
FUN_002964,0,0.0,0,pos,0,0.0,0,pos
FUN_006316,0,0.0,0,pos,0,0.0,0,pos
FUN_012239,0,0.0,0,pos,0,0.0,0,pos
FUN_005713,0,0.0,0,pos,0,0.0,0,pos
FUN_010559,0,0.0,0,pos,0,0.0,0,pos
FUN_001560,0,0.0,0,pos,0,0.0,0,pos
FUN_003632,12,0.0029850746268656717,0,pos,0,0.0,0,pos
FUN_006705,0,0.0,0,pos,0,0.0,0,pos
FUN_003706,0,0.0,0,pos,0,0.0,0,pos
FUN_004579,66,0.048458149779735685,1,pos_s12_e48,66,0.048458149779735685,1,pos_s12_e48
FUN_004870,78,0.015312131919905771,0,pos,0,0.0,0,pos
FUN_000101,0,0.0,0,pos,0,0.0,0,pos
FUN_008033,54,0.24324324324324326,0,pos,24,0.10810810810810811,0,pos
FUN_016416,0,0.0,0,pos,0,0.0,0,pos
FUN_000805,0,0.0,0,pos,0,0.0,0,pos
FUN_011817,0,0.0,0,pos,0,0.0,0,pos
FUN_016722,0,0.0,0,pos,0,0.0,0,pos
FUN_007743,0,0.0,0,pos,0,0.0,0,pos
FUN_007574,18,0.15,0,pos,0,0.0,0,pos
FUN_001464,0,0.0,0,pos,0,0.0,0,pos
FUN_002479,0,0.0,0,pos,0,0.0,0,pos
FUN_002243,0,0.0,0,pos,0,0.0,0,pos
FUN_007918,0,0.0,0,pos,0,0.0,0,pos
FUN_007883,0,0.0,0,pos,0,0.0,0,pos
FUN_002645,60,0.02145922746781116,1,pos_s1656_e1698,60,0.02145922746781116,1,pos_s1656_e1698
FUN_000684,0,0.0,0,pos,0,0.0,0,pos
FUN_004057,0,0.0,0,pos,0,0.0,0,pos
FUN_001923,0,0.0,0,pos,0,0.0,0,pos
FUN_003472,42,0.061946902654867256,1,pos_s258_e288,12,0.017699115044247787,0,pos
FUN_015345,0,0.0,0,pos,0,0.0,0,pos
FUN_010837,0,0.0,0,pos,0,0.0,0,pos
FUN_008573,36,0.03636363636363636,1,pos_s270_e306,0,0.0,0,pos
FUN_000744,42,0.06796116504854369,0,pos,0,0.0,0,pos
FUN_003751,0,0.0,0,pos,0,0.0,0,pos
FUN_012480,0,0.0,0,pos,0,0.0,0,pos
FUN_006607,0,0.0,0,pos,0,0.0,0,pos
FUN_006866,0,0.0,0,pos,0,0.0,0,pos
FUN_015416,0,0.0,0,pos,0,0.0,0,pos
FUN_004663,0,0.0,0,pos,0,0.0,0,pos
FUN_015831,0,0.0,0,pos,0,0.0,0,pos
FUN_002652,0,0.0,0,pos,0,0.0,0,pos
FUN_008391,0,0.0,0,pos,0,0.0,0,pos
FUN_003051,0,0.0,0,pos,0,0.0,0,pos
FUN_007386,0,0.0,0,pos,0,0.0,0,pos
FUN_001358,0,0.0,0,pos,0,0.0,0,pos
FUN_005694,0,0.0,0,pos,0,0.0,0,pos
FUN_001351,0,0.0,0,pos,0,0.0,0,pos
FUN_010286,36,0.012170385395537525,0,pos,0,0.0,0,pos
FUN_006925,0,0.0,0,pos,0,0.0,0,pos
FUN_016011,0,0.0,0,pos,0,0.0,0,pos
FUN_007923,0,0.0,0,pos,0,0.0,0,pos
FUN_008427,6,0.007575757575757576,0,pos,0,0.0,0,pos
FUN_009495,0,0.0,0,pos,0,0.0,0,pos
FUN_006858,0,0.0,0,pos,0,0.0,0,pos
FUN_000313,0,0.0,0,pos,0,0.0,0,pos
FUN_012271,0,0.0,0,pos,0,0.0,0,pos
FUN_004998,6,0.007194244604316547,0,pos,0,0.0,0,pos
FUN_009216,0,0.0,0,pos,0,0.0,0,pos
FUN_010092,0,0.0,0,pos,0,0.0,0,pos
FUN_006075,6,0.004424778761061947,0,pos,0,0.0,0,pos
FUN_009591,12,0.006309148264984227,0,pos,0,0.0,0,pos
FUN_002358,0,0.0,0,pos,0,0.0,0,pos
FUN_001002,54,0.12,1,pos_s372_e408,0,0.0,0,pos
FUN_003377,0,0.0,0,pos,0,0.0,0,pos
FUN_001009,0,0.0,0,pos,0,0.0,0,pos
FUN_007708,0,0.0,0,pos,0,0.0,0,pos
FUN_010704,0,0.0,0,pos,0,0.0,0,pos
FUN_010001,0,0.0,0,pos,0,0.0,0,pos
FUN_010958,18,0.025423728813559324,0,pos,0,0.0,0,pos
FUN_005876,24,0.012195121951219513,0,pos,0,0.0,0,pos
FUN_015450,66,0.171875,1,pos_s18_e84,0,0.0,0,pos
FUN_008287,0,0.0,0,pos,0,0.0,0,pos
FUN_005708,0,0.0,0,pos,0,0.0,0,pos
FUN_000335,18,0.0379746835443038,0,pos,0,0.0,0,pos
FUN_003045,0,0.0,0,pos,0,0.0,0,pos
FUN_001781,0,0.0,0,pos,0,0.0,0,pos
FUN_015795,0,0.0,0,pos,0,0.0,0,pos
FUN_001185,0,0.0,0,pos,0,0.0,0,pos
FUN_011816,0,0.0,0,pos,0,0.0,0,pos
FUN_015510,0,0.0,0,pos,0,0.0,0,pos
FUN_004024,0,0.0,0,pos,0,0.0,0,pos
FUN_006908,0,0.0,0,pos,0,0.0,0,pos
FUN_002999,0,0.0,0,pos,0,0.0,0,pos
FUN_008431,0,0.0,0,pos,0,0.0,0,pos
FUN_005040,0,0.0,0,pos,0,0.0,0,pos
FUN_001719,0,0.0,0,pos,0,0.0,0,pos
FUN_012118,0,0.0,0,pos,0,0.0,0,pos
FUN_011798,198,0.08088235294117647,2,pos_s1950_e2004_s2076_e2190,120,0.049019607843137254,1,pos_s2088_e2190
FUN_006314,0,0.0,0,pos,0,0.0,0,pos
FUN_004784,42,0.03317535545023697,1,pos_s288_e318,0,0.0,0,pos
FUN_008663,12,0.002793296089385475,0,pos,0,0.0,0,pos
FUN_003251,0,0.0,0,pos,0,0.0,0,pos
FUN_012244,0,0.0,0,pos,0,0.0,0,pos
FUN_006303,0,0.0,0,pos,0,0.0,0,pos
FUN_008419,54,0.06,1,pos_s102_e156,0,0.0,0,pos
FUN_015630,0,0.0,0,pos,0,0.0,0,pos
FUN_006042,0,0.0,0,pos,0,0.0,0,pos
FUN_004678,0,0.0,0,pos,0,0.0,0,pos
FUN_003080,0,0.0,0,pos,0,0.0,0,pos
FUN_003823,0,0.0,0,pos,0,0.0,0,pos
FUN_005987,132,0.006126427179058758,1,pos_s8388_e8418,30,0.001392369813422445,0,pos
FUN_010207,0,0.0,0,pos,0,0.0,0,pos
FUN_010328,0,0.0,0,pos,0,0.0,0,pos
FUN_010390,0,0.0,0,pos,0,0.0,0,pos
FUN_015271,0,0.0,0,pos,0,0.0,0,pos
FUN_008612,0,0.0,0,pos,0,0.0,0,pos
FUN_006608,0,0.0,0,pos,0,0.0,0,pos
FUN_009346,0,0.0,0,pos,0,0.0,0,pos
FUN_003991,150,0.12195121951219512,3,pos_s510_e558_s564_e618_s774_e810,48,0.03902439024390244,1,pos_s780_e810
FUN_012287,30,0.021551724137931036,0,pos,12,0.008620689655172414,0,pos
FUN_015363,0,0.0,0,pos,0,0.0,0,pos
FUN_016191,0,0.0,0,pos,0,0.0,0,pos
FUN_007586,0,0.0,0,pos,0,0.0,0,pos
FUN_004166,0,0.0,0,pos,0,0.0,0,pos
FUN_005774,0,0.0,0,pos,0,0.0,0,pos
FUN_010383,18,0.06,0,pos,12,0.04,0,pos
FUN_002113,90,0.021156558533145273,1,pos_s1992_e2046,0,0.0,0,pos
FUN_015600,0,0.0,0,pos,0,0.0,0,pos
FUN_010352,0,0.0,0,pos,0,0.0,0,pos
FUN_008406,444,0.027570789865871834,7,pos_s2316_e2382_s2712_e2748_s9966_e10032_s10998_e11046_s11556_e11586_s13422_e13458_s14082_e14124,18,0.0011177347242921013,0,pos
FUN_007818,12,0.002797202797202797,0,pos,0,0.0,0,pos
FUN_015412,0,0.0,0,pos,0,0.0,0,pos
FUN_007812,84,0.055776892430278883,1,pos_s1308_e1392,66,0.043824701195219126,1,pos_s1326_e1392
FUN_016015,198,0.07857142857142857,1,pos_s816_e990,120,0.047619047619047616,1,pos_s822_e942
FUN_000844,126,0.02644836272040302,1,pos_s372_e468,90,0.018891687657430732,1,pos_s378_e468
FUN_009584,6,0.002145922746781116,0,pos,0,0.0,0,pos
FUN_003391,0,0.0,0,pos,0,0.0,0,pos
FUN_007629,0,0.0,0,pos,0,0.0,0,pos
FUN_001317,0,0.0,0,pos,0,0.0,0,pos
FUN_000421,24,0.005082592121982211,0,pos,0,0.0,0,pos
FUN_001737,42,0.0374331550802139,0,pos,0,0.0,0,pos
FUN_015259,0,0.0,0,pos,0,0.0,0,pos
FUN_005434,0,0.0,0,pos,0,0.0,0,pos
FUN_010748,0,0.0,0,pos,0,0.0,0,pos
FUN_010469,0,0.0,0,pos,0,0.0,0,pos
FUN_008097,36,0.025974025974025976,1,pos_s606_e642,6,0.004329004329004329,0,pos
FUN_002121,0,0.0,0,pos,0,0.0,0,pos
FUN_008812,30,0.02577319587628866,1,pos_s498_e528,0,0.0,0,pos
FUN_005300,30,0.04310344827586207,0,pos,0,0.0,0,pos
FUN_003401,0,0.0,0,pos,0,0.0,0,pos
FUN_010397,0,0.0,0,pos,0,0.0,0,pos
FUN_004858,120,0.37037037037037035,2,pos_s0_e30_s36_e126,30,0.09259259259259259,0,pos
FUN_003893,0,0.0,0,pos,0,0.0,0,pos
FUN_007390,0,0.0,0,pos,0,0.0,0,pos
FUN_010863,0,0.0,0,pos,0,0.0,0,pos
FUN_016638,0,0.0,0,pos,0,0.0,0,pos
FUN_000322,198,0.06875,1,pos_s2460_e2526,0,0.0,0,pos
FUN_016567,0,0.0,0,pos,0,0.0,0,pos
FUN_000140,66,0.010923535253227408,0,pos,0,0.0,0,pos
FUN_002813,30,0.018115942028985508,0,pos,0,0.0,0,pos
FUN_011415,0,0.0,0,pos,0,0.0,0,pos
FUN_009484,0,0.0,0,pos,0,0.0,0,pos
FUN_002874,0,0.0,0,pos,0,0.0,0,pos
FUN_010613,0,0.0,0,pos,0,0.0,0,pos
FUN_015926,0,0.0,0,pos,0,0.0,0,pos
FUN_005963,0,0.0,0,pos,0,0.0,0,pos
FUN_009435,0,0.0,0,pos,0,0.0,0,pos
FUN_011060,198,0.08776595744680851,2,pos_s510_e606_s1662_e1716,30,0.013297872340425532,1,pos_s534_e564
FUN_002835,0,0.0,0,pos,0,0.0,0,pos
FUN_016856,0,0.0,0,pos,0,0.0,0,pos
FUN_007436,132,0.10837438423645321,2,pos_s168_e234_s240_e282,18,0.014778325123152709,0,pos
FUN_008363,282,0.19831223628691982,4,pos_s36_e66_s216_e270_s402_e504_s516_e570,90,0.06329113924050633,2,pos_s420_e450_s456_e504
FUN_006107,156,0.12935323383084577,2,pos_s606_e696_s726_e780,18,0.014925373134328358,0,pos
FUN_004286,0,0.0,0,pos,0,0.0,0,pos
FUN_012169,0,0.0,0,pos,0,0.0,0,pos
FUN_008899,18,0.0054249547920434,0,pos,0,0.0,0,pos
FUN_007323,18,0.05172413793103448,0,pos,0,0.0,0,pos
FUN_006306,0,0.0,0,pos,0,0.0,0,pos
FUN_010902,6,0.003484320557491289,0,pos,0,0.0,0,pos
FUN_003650,0,0.0,0,pos,0,0.0,0,pos
FUN_007271,0,0.0,0,pos,0,0.0,0,pos
FUN_007459,108,0.05405405405405406,2,pos_s1284_e1314_s1320_e1398,54,0.02702702702702703,1,pos_s1326_e1380
FUN_010194,0,0.0,0,pos,0,0.0,0,pos
FUN_005942,0,0.0,0,pos,0,0.0,0,pos
FUN_006575,0,0.0,0,pos,0,0.0,0,pos
FUN_012468,0,0.0,0,pos,0,0.0,0,pos
FUN_004407,108,0.040268456375838924,1,pos_s2004_e2040,48,0.017897091722595078,0,pos
FUN_001104,0,0.0,0,pos,0,0.0,0,pos
FUN_005237,0,0.0,0,pos,0,0.0,0,pos
FUN_008347,0,0.0,0,pos,0,0.0,0,pos
FUN_004643,24,0.013793103448275862,0,pos,0,0.0,0,pos
FUN_003571,30,0.034722222222222224,1,pos_s0_e30,18,0.020833333333333332,0,pos
FUN_008459,0,0.0,0,pos,0,0.0,0,pos
FUN_016425,0,0.0,0,pos,0,0.0,0,pos
FUN_005497,0,0.0,0,pos,0,0.0,0,pos
FUN_004077,6,0.02702702702702703,0,pos,0,0.0,0,pos
FUN_012535,0,0.0,0,pos,0,0.0,0,pos
FUN_009037,0,0.0,0,pos,0,0.0,0,pos
FUN_009826,102,0.1223021582733813,1,pos_s468_e564,90,0.1079136690647482,1,pos_s492_e564
FUN_016457,0,0.0,0,pos,0,0.0,0,pos
FUN_008499,12,0.03571428571428571,0,pos,0,0.0,0,pos
FUN_003573,0,0.0,0,pos,0,0.0,0,pos
FUN_009736,0,0.0,0,pos,0,0.0,0,pos
FUN_001856,0,0.0,0,pos,0,0.0,0,pos
FUN_009545,120,0.03731343283582089,2,pos_s2196_e2226_s2250_e2340,6,0.0018656716417910447,0,pos
FUN_006506,0,0.0,0,pos,0,0.0,0,pos
FUN_006676,66,0.07586206896551724,1,pos_s336_e396,30,0.034482758620689655,1,pos_s348_e378
FUN_000724,0,0.0,0,pos,0,0.0,0,pos
FUN_001699,0,0.0,0,pos,0,0.0,0,pos
FUN_011796,0,0.0,0,pos,0,0.0,0,pos
FUN_000089,0,0.0,0,pos,0,0.0,0,pos
FUN_009723,0,0.0,0,pos,0,0.0,0,pos
FUN_016104,0,0.0,0,pos,0,0.0,0,pos
FUN_015449,0,0.0,0,pos,0,0.0,0,pos
FUN_006153,0,0.0,0,pos,0,0.0,0,pos
FUN_007889,114,0.20212765957446807,2,pos_s102_e162_s168_e210,54,0.09574468085106383,1,pos_s102_e132
FUN_000002,78,0.02195945945945946,1,pos_s1710_e1764,0,0.0,0,pos
FUN_012538,0,0.0,0,pos,0,0.0,0,pos
FUN_008175,0,0.0,0,pos,0,0.0,0,pos
FUN_003178,0,0.0,0,pos,0,0.0,0,pos
FUN_016427,0,0.0,0,pos,0,0.0,0,pos
FUN_003488,0,0.0,0,pos,0,0.0,0,pos
FUN_005007,0,0.0,0,pos,0,0.0,0,pos
FUN_001398,0,0.0,0,pos,0,0.0,0,pos
FUN_002899,0,0.0,0,pos,0,0.0,0,pos
FUN_009679,54,0.018072289156626505,1,pos_s0_e54,0,0.0,0,pos
FUN_002901,0,0.0,0,pos,0,0.0,0,pos
FUN_011085,0,0.0,0,pos,0,0.0,0,pos
FUN_007529,246,0.09975669099756691,5,pos_s0_e48_s1128_e1176_s1188_e1236_s1350_e1380_s1698_e1734,48,0.019464720194647202,0,pos
FUN_005964,0,0.0,0,pos,0,0.0,0,pos
FUN_004612,0,0.0,0,pos,0,0.0,0,pos
FUN_001764,114,0.1623931623931624,1,pos_s582_e696,96,0.13675213675213677,2,pos_s594_e630_s636_e696
FUN_007023,150,0.045871559633027525,0,pos,54,0.01651376146788991,0,pos
FUN_011814,0,0.0,0,pos,0,0.0,0,pos
FUN_009932,0,0.0,0,pos,0,0.0,0,pos
FUN_002768,60,0.12048192771084337,1,pos_s36_e78,0,0.0,0,pos
FUN_007120,0,0.0,0,pos,0,0.0,0,pos
FUN_006725,0,0.0,0,pos,0,0.0,0,pos
FUN_010727,0,0.0,0,pos,0,0.0,0,pos
FUN_001957,192,0.0730593607305936,4,pos_s840_e882_s2298_e2328_s2412_e2466_s2478_e2526,0,0.0,0,pos
FUN_002088,30,0.045454545454545456,0,pos,0,0.0,0,pos
FUN_009026,0,0.0,0,pos,0,0.0,0,pos
FUN_006992,0,0.0,0,pos,0,0.0,0,pos
FUN_005614,0,0.0,0,pos,0,0.0,0,pos
FUN_001891,12,0.02857142857142857,0,pos,0,0.0,0,pos
FUN_008331,0,0.0,0,pos,0,0.0,0,pos
FUN_006721,0,0.0,0,pos,0,0.0,0,pos
FUN_003384,0,0.0,0,pos,0,0.0,0,pos
FUN_005455,0,0.0,0,pos,0,0.0,0,pos
FUN_009670,0,0.0,0,pos,0,0.0,0,pos
FUN_005903,0,0.0,0,pos,0,0.0,0,pos
FUN_012511,6,0.037037037037037035,0,pos,0,0.0,0,pos
FUN_012079,0,0.0,0,pos,0,0.0,0,pos
FUN_003649,0,0.0,0,pos,0,0.0,0,pos
FUN_006680,0,0.0,0,pos,0,0.0,0,pos
FUN_005918,0,0.0,0,pos,0,0.0,0,pos
FUN_007722,0,0.0,0,pos,0,0.0,0,pos
FUN_010173,12,0.044444444444444446,0,pos,0,0.0,0,pos
FUN_006599,0,0.0,0,pos,0,0.0,0,pos
FUN_009294,120,0.05333333333333334,1,pos_s210_e330,48,0.021333333333333333,1,pos_s282_e330
FUN_016251,0,0.0,0,pos,0,0.0,0,pos
FUN_000006,0,0.0,0,pos,0,0.0,0,pos
FUN_002005,0,0.0,0,pos,0,0.0,0,pos
FUN_001379,0,0.0,0,pos,0,0.0,0,pos
FUN_008401,0,0.0,0,pos,0,0.0,0,pos
FUN_012080,0,0.0,0,pos,0,0.0,0,pos
FUN_008621,66,0.03873239436619718,1,pos_s1632_e1698,18,0.01056338028169014,0,pos
FUN_008844,60,0.028011204481792718,1,pos_s1284_e1344,30,0.014005602240896359,1,pos_s1302_e1332
FUN_011805,0,0.0,0,pos,0,0.0,0,pos
FUN_016144,0,0.0,0,pos,0,0.0,0,pos
FUN_012137,0,0.0,0,pos,0,0.0,0,pos
FUN_002857,18,0.005405405405405406,0,pos,12,0.0036036036036036037,0,pos
FUN_000796,0,0.0,0,pos,0,0.0,0,pos
FUN_011810,0,0.0,0,pos,0,0.0,0,pos
FUN_003287,0,0.0,0,pos,0,0.0,0,pos
FUN_004061,0,0.0,0,pos,0,0.0,0,pos
FUN_008858,36,0.015625,0,pos,0,0.0,0,pos
FUN_007769,0,0.0,0,pos,0,0.0,0,pos
FUN_000102,0,0.0,0,pos,0,0.0,0,pos
FUN_006420,30,0.013812154696132596,0,pos,0,0.0,0,pos
FUN_011827,0,0.0,0,pos,0,0.0,0,pos
FUN_004646,0,0.0,0,pos,0,0.0,0,pos
FUN_010326,42,0.020895522388059702,0,pos,6,0.0029850746268656717,0,pos
FUN_010057,84,0.10071942446043165,1,pos_s342_e384,0,0.0,0,pos
FUN_008668,0,0.0,0,pos,0,0.0,0,pos
FUN_006415,0,0.0,0,pos,0,0.0,0,pos
FUN_000547,138,0.02149532710280374,2,pos_s5082_e5118_s5130_e5190,0,0.0,0,pos
FUN_009876,144,0.15,2,pos_s42_e144_s156_e198,114,0.11875,2,pos_s42_e114_s156_e198
FUN_011364,0,0.0,0,pos,0,0.0,0,pos
FUN_002031,0,0.0,0,pos,0,0.0,0,pos
FUN_002109,24,0.02631578947368421,0,pos,0,0.0,0,pos
FUN_002889,120,0.04032258064516129,2,pos_s150_e186_s1548_e1620,0,0.0,0,pos
FUN_004944,0,0.0,0,pos,0,0.0,0,pos
FUN_006781,12,0.01092896174863388,0,pos,0,0.0,0,pos
FUN_011556,0,0.0,0,pos,0,0.0,0,pos
FUN_003707,0,0.0,0,pos,0,0.0,0,pos
FUN_004172,0,0.0,0,pos,0,0.0,0,pos
FUN_012437,0,0.0,0,pos,0,0.0,0,pos
FUN_002972,0,0.0,0,pos,0,0.0,0,pos
FUN_015476,0,0.0,0,pos,0,0.0,0,pos
FUN_008875,126,0.016104294478527608,1,pos_s4404_e4494,84,0.010736196319018405,1,pos_s4404_e4476
FUN_004518,0,0.0,0,pos,0,0.0,0,pos
FUN_000420,42,0.017412935323383085,1,pos_s2286_e2322,42,0.017412935323383085,1,pos_s2286_e2322
FUN_011544,0,0.0,0,pos,0,0.0,0,pos
FUN_000387,30,0.023923444976076555,0,pos,12,0.009569377990430622,0,pos
FUN_006527,0,0.0,0,pos,0,0.0,0,pos
FUN_007552,0,0.0,0,pos,0,0.0,0,pos
FUN_012442,6,0.022222222222222223,0,pos,0,0.0,0,pos
FUN_000082,0,0.0,0,pos,0,0.0,0,pos
FUN_000733,96,0.0761904761904762,2,pos_s348_e414_s432_e462,0,0.0,0,pos
FUN_006277,0,0.0,0,pos,0,0.0,0,pos
FUN_011566,0,0.0,0,pos,0,0.0,0,pos
FUN_004994,0,0.0,0,pos,0,0.0,0,pos
FUN_005761,114,0.013121546961325966,1,pos_s8082_e8184,18,0.0020718232044198894,0,pos
FUN_007003,48,0.024464831804281346,1,pos_s1788_e1830,6,0.0030581039755351682,0,pos
FUN_000367,0,0.0,0,pos,0,0.0,0,pos
FUN_010291,0,0.0,0,pos,0,0.0,0,pos
FUN_007487,6,0.004901960784313725,0,pos,0,0.0,0,pos
FUN_008006,324,0.20074349442379183,4,pos_s150_e246_s276_e324_s768_e816_s1500_e1566,102,0.06319702602230483,1,pos_s768_e816
FUN_006455,0,0.0,0,pos,0,0.0,0,pos
FUN_016154,0,0.0,0,pos,0,0.0,0,pos
FUN_010790,0,0.0,0,pos,0,0.0,0,pos
FUN_000036,12,0.004405286343612335,0,pos,0,0.0,0,pos
FUN_006063,0,0.0,0,pos,0,0.0,0,pos
FUN_005527,0,0.0,0,pos,0,0.0,0,pos
FUN_015750,0,0.0,0,pos,0,0.0,0,pos
FUN_003449,0,0.0,0,pos,0,0.0,0,pos
FUN_002022,378,0.39375,5,pos_s42_e96_s102_e144_s270_e360_s678_e750_s834_e930,96,0.1,0,pos
FUN_015925,0,0.0,0,pos,0,0.0,0,pos
FUN_001360,0,0.0,0,pos,0,0.0,0,pos
FUN_007538,240,0.10666666666666667,3,pos_s258_e312_s1242_e1278_s1302_e1452,204,0.09066666666666667,4,pos_s264_e312_s1242_e1278_s1302_e1350_s1356_e1428
FUN_002145,6,0.005,0,pos,0,0.0,0,pos
FUN_004911,6,0.008130081300813009,0,pos,0,0.0,0,pos
FUN_001600,54,0.004453240969816922,1,pos_s7110_e7140,0,0.0,0,pos
FUN_002593,36,0.011385199240986717,0,pos,0,0.0,0,pos
FUN_004317,0,0.0,0,pos,0,0.0,0,pos
FUN_001260,60,0.03787878787878788,0,pos,24,0.015151515151515152,0,pos
FUN_001480,0,0.0,0,pos,0,0.0,0,pos
FUN_000201,72,0.040955631399317405,2,pos_s822_e858_s1032_e1062,0,0.0,0,pos
FUN_007597,78,0.03857566765578635,1,pos_s1680_e1740,0,0.0,0,pos
FUN_016645,0,0.0,0,pos,0,0.0,0,pos
FUN_001791,0,0.0,0,pos,0,0.0,0,pos
FUN_011509,0,0.0,0,pos,0,0.0,0,pos
FUN_011799,426,0.5916666666666667,4,pos_s0_e60_s156_e216_s318_e456_s462_e582,234,0.325,3,pos_s18_e48_s156_e216_s324_e432
FUN_000374,0,0.0,0,pos,0,0.0,0,pos
FUN_002480,0,0.0,0,pos,0,0.0,0,pos
FUN_004452,0,0.0,0,pos,0,0.0,0,pos
FUN_010523,60,0.0641025641025641,1,pos_s78_e132,0,0.0,0,pos
FUN_008731,252,0.014150943396226415,3,pos_s2220_e2310_s3090_e3174_s3432_e3462,72,0.004043126684636119,2,pos_s2274_e2310_s3114_e3150
FUN_001848,174,0.047697368421052634,2,pos_s870_e906_s1554_e1662,60,0.01644736842105263,1,pos_s1626_e1656
FUN_007433,0,0.0,0,pos,0,0.0,0,pos
FUN_016701,0,0.0,0,pos,0,0.0,0,pos
FUN_000248,0,0.0,0,pos,0,0.0,0,pos
FUN_008086,0,0.0,0,pos,0,0.0,0,pos
FUN_016071,0,0.0,0,pos,0,0.0,0,pos
FUN_016229,0,0.0,0,pos,0,0.0,0,pos
FUN_001758,0,0.0,0,pos,0,0.0,0,pos
FUN_015711,0,0.0,0,pos,0,0.0,0,pos
FUN_006241,0,0.0,0,pos,0,0.0,0,pos
FUN_002049,192,0.04353741496598639,3,pos_s1956_e2010_s2016_e2058_s2292_e2388,6,0.0013605442176870747,0,pos
FUN_002294,0,0.0,0,pos,0,0.0,0,pos
FUN_010827,0,0.0,0,pos,0,0.0,0,pos
FUN_007384,0,0.0,0,pos,0,0.0,0,pos
FUN_001936,174,0.038410596026490065,3,pos_s468_e504_s2544_e2574_s2580_e2610,18,0.003973509933774834,0,pos
FUN_016254,0,0.0,0,pos,0,0.0,0,pos
FUN_001655,0,0.0,0,pos,0,0.0,0,pos
FUN_000552,0,0.0,0,pos,0,0.0,0,pos
FUN_002569,0,0.0,0,pos,0,0.0,0,pos
FUN_007160,192,0.10031347962382445,4,pos_s810_e858_s972_e1008_s1404_e1458_s1482_e1518,48,0.025078369905956112,0,pos
FUN_009806,0,0.0,0,pos,0,0.0,0,pos
FUN_009786,0,0.0,0,pos,0,0.0,0,pos
FUN_015504,0,0.0,0,pos,0,0.0,0,pos
FUN_011735,0,0.0,0,pos,0,0.0,0,pos
FUN_003646,0,0.0,0,pos,0,0.0,0,pos
FUN_004964,192,0.13733905579399142,3,pos_s300_e372_s396_e462_s912_e948,18,0.012875536480686695,0,pos
FUN_003273,0,0.0,0,pos,0,0.0,0,pos
FUN_000279,0,0.0,0,pos,0,0.0,0,pos
FUN_001763,12,0.003418803418803419,0,pos,6,0.0017094017094017094,0,pos
FUN_004958,0,0.0,0,pos,0,0.0,0,pos
FUN_004907,0,0.0,0,pos,0,0.0,0,pos
FUN_005456,0,0.0,0,pos,0,0.0,0,pos
FUN_003487,138,0.12849162011173185,3,pos_s492_e522_s540_e612_s636_e672,0,0.0,0,pos
FUN_011293,162,0.054878048780487805,2,pos_s384_e456_s870_e954,132,0.044715447154471545,2,pos_s384_e456_s912_e954
FUN_007642,0,0.0,0,pos,0,0.0,0,pos
FUN_003060,0,0.0,0,pos,0,0.0,0,pos
FUN_006443,0,0.0,0,pos,0,0.0,0,pos
FUN_009594,0,0.0,0,pos,0,0.0,0,pos
FUN_012390,0,0.0,0,pos,0,0.0,0,pos
FUN_015515,0,0.0,0,pos,0,0.0,0,pos
FUN_003532,0,0.0,0,pos,0,0.0,0,pos
FUN_012439,0,0.0,0,pos,0,0.0,0,pos
FUN_002815,0,0.0,0,pos,0,0.0,0,pos
FUN_009588,30,0.07246376811594203,0,pos,0,0.0,0,pos
FUN_005032,0,0.0,0,pos,0,0.0,0,pos
FUN_000526,30,0.005252100840336135,1,pos_s3750_e3780,0,0.0,0,pos
FUN_016695,0,0.0,0,pos,0,0.0,0,pos
FUN_002842,0,0.0,0,pos,0,0.0,0,pos
FUN_011850,0,0.0,0,pos,0,0.0,0,pos
FUN_010912,0,0.0,0,pos,0,0.0,0,pos
FUN_010503,24,0.0076481835564053535,0,pos,6,0.0019120458891013384,0,pos
FUN_004009,0,0.0,0,pos,0,0.0,0,pos
FUN_003162,0,0.0,0,pos,0,0.0,0,pos
FUN_016702,0,0.0,0,pos,0,0.0,0,pos
FUN_009061,0,0.0,0,pos,0,0.0,0,pos
FUN_004226,126,0.21428571428571427,1,pos_s438_e540,18,0.030612244897959183,0,pos
FUN_009405,0,0.0,0,pos,0,0.0,0,pos
FUN_002619,0,0.0,0,pos,0,0.0,0,pos
FUN_001824,0,0.0,0,pos,0,0.0,0,pos
FUN_011725,0,0.0,0,pos,0,0.0,0,pos
FUN_001218,0,0.0,0,pos,0,0.0,0,pos
FUN_009563,126,0.056451612903225805,3,pos_s336_e378_s396_e450_s1014_e1044,6,0.002688172043010753,0,pos
FUN_002063,24,0.025,0,pos,0,0.0,0,pos
FUN_011314,6,0.005780346820809248,0,pos,0,0.0,0,pos
FUN_000423,0,0.0,0,pos,0,0.0,0,pos
FUN_008091,12,0.0022988505747126436,0,pos,0,0.0,0,pos
FUN_002197,0,0.0,0,pos,0,0.0,0,pos
FUN_006219,0,0.0,0,pos,0,0.0,0,pos
FUN_003562,18,0.039473684210526314,0,pos,0,0.0,0,pos
FUN_008814,72,0.043795620437956206,0,pos,48,0.029197080291970802,1,pos_s1572_e1614
FUN_008441,0,0.0,0,pos,0,0.0,0,pos
FUN_015858,0,0.0,0,pos,0,0.0,0,pos
FUN_007626,0,0.0,0,pos,0,0.0,0,pos
FUN_002043,0,0.0,0,pos,0,0.0,0,pos
FUN_008582,0,0.0,0,pos,0,0.0,0,pos
FUN_016786,0,0.0,0,pos,0,0.0,0,pos
FUN_009246,60,0.020618556701030927,1,pos_s1404_e1464,0,0.0,0,pos
FUN_002210,0,0.0,0,pos,0,0.0,0,pos
FUN_009116,144,0.024120603015075376,3,pos_s822_e894_s2328_e2364_s4770_e4806,30,0.005025125628140704,0,pos
FUN_009473,0,0.0,0,pos,0,0.0,0,pos
FUN_016077,0,0.0,0,pos,0,0.0,0,pos
FUN_002580,0,0.0,0,pos,0,0.0,0,pos
FUN_003212,84,0.027237354085603113,1,pos_s1296_e1368,60,0.019455252918287938,1,pos_s1302_e1362
FUN_004192,0,0.0,0,pos,0,0.0,0,pos
FUN_016708,0,0.0,0,pos,0,0.0,0,pos
FUN_006999,0,0.0,0,pos,0,0.0,0,pos
FUN_003564,0,0.0,0,pos,0,0.0,0,pos
FUN_011201,18,0.024390243902439025,0,pos,6,0.008130081300813009,0,pos
FUN_012558,114,0.19387755102040816,1,pos_s426_e516,84,0.14285714285714285,1,pos_s426_e504
FUN_008308,12,0.006711409395973154,0,pos,0,0.0,0,pos
FUN_004941,0,0.0,0,pos,0,0.0,0,pos
FUN_007395,0,0.0,0,pos,0,0.0,0,pos
FUN_001528,0,0.0,0,pos,0,0.0,0,pos
FUN_002373,78,0.016229712858926344,2,pos_s414_e450_s468_e510,0,0.0,0,pos
FUN_000748,0,0.0,0,pos,0,0.0,0,pos
FUN_009708,6,0.003134796238244514,0,pos,0,0.0,0,pos
FUN_006265,0,0.0,0,pos,0,0.0,0,pos
FUN_006967,6,0.007042253521126761,0,pos,0,0.0,0,pos
FUN_004135,6,0.006097560975609756,0,pos,0,0.0,0,pos
FUN_015782,0,0.0,0,pos,0,0.0,0,pos
FUN_008561,0,0.0,0,pos,0,0.0,0,pos
FUN_008553,6,0.02857142857142857,0,pos,0,0.0,0,pos
FUN_007230,0,0.0,0,pos,0,0.0,0,pos
FUN_009977,0,0.0,0,pos,0,0.0,0,pos
FUN_003968,36,0.010452961672473868,1,pos_s930_e966,0,0.0,0,pos
FUN_016062,0,0.0,0,pos,0,0.0,0,pos
FUN_009057,108,0.045454545454545456,3,pos_s138_e168_s1026_e1062_s1068_e1110,24,0.010101010101010102,0,pos
FUN_003767,126,0.17796610169491525,1,pos_s0_e108,36,0.05084745762711865,0,pos
FUN_005177,18,0.0064516129032258064,0,pos,0,0.0,0,pos
FUN_015360,0,0.0,0,pos,0,0.0,0,pos
FUN_006261,0,0.0,0,pos,0,0.0,0,pos
FUN_005752,0,0.0,0,pos,0,0.0,0,pos
FUN_004171,126,0.024193548387096774,1,pos_s5094_e5178,12,0.002304147465437788,0,pos
FUN_000440,78,0.04262295081967213,1,pos_s1464_e1530,36,0.019672131147540985,1,pos_s1464_e1500
FUN_015505,0,0.0,0,pos,0,0.0,0,pos
FUN_004854,6,0.005813953488372093,0,pos,0,0.0,0,pos
FUN_004892,18,0.008152173913043478,0,pos,0,0.0,0,pos
FUN_010618,0,0.0,0,pos,0,0.0,0,pos
FUN_008130,0,0.0,0,pos,0,0.0,0,pos
FUN_008880,0,0.0,0,pos,0,0.0,0,pos
FUN_000665,0,0.0,0,pos,0,0.0,0,pos
FUN_002621,0,0.0,0,pos,0,0.0,0,pos
FUN_006974,0,0.0,0,pos,0,0.0,0,pos
FUN_009232,0,0.0,0,pos,0,0.0,0,pos
FUN_005131,18,0.005405405405405406,0,pos,0,0.0,0,pos
FUN_008113,0,0.0,0,pos,0,0.0,0,pos
FUN_003094,6,0.001968503937007874,0,pos,0,0.0,0,pos
FUN_003186,0,0.0,0,pos,0,0.0,0,pos
FUN_008849,6,0.004739336492890996,0,pos,0,0.0,0,pos
FUN_011723,0,0.0,0,pos,0,0.0,0,pos
FUN_006556,114,0.04567307692307692,2,pos_s612_e690_s714_e750,0,0.0,0,pos
FUN_007124,36,0.01834862385321101,0,pos,24,0.012232415902140673,0,pos
FUN_006061,0,0.0,0,pos,0,0.0,0,pos
FUN_009683,0,0.0,0,pos,0,0.0,0,pos
FUN_000223,0,0.0,0,pos,0,0.0,0,pos
FUN_000133,0,0.0,0,pos,0,0.0,0,pos
FUN_002585,0,0.0,0,pos,0,0.0,0,pos
FUN_001610,0,0.0,0,pos,0,0.0,0,pos
FUN_000396,174,0.12393162393162394,1,pos_s834_e996,96,0.06837606837606838,1,pos_s840_e924
FUN_004875,0,0.0,0,pos,0,0.0,0,pos
FUN_009311,0,0.0,0,pos,0,0.0,0,pos
FUN_008062,54,0.034220532319391636,1,pos_s0_e54,36,0.022813688212927757,1,pos_s0_e36
FUN_008377,0,0.0,0,pos,0,0.0,0,pos
FUN_015616,0,0.0,0,pos,0,0.0,0,pos
FUN_004587,0,0.0,0,pos,0,0.0,0,pos
FUN_016552,0,0.0,0,pos,0,0.0,0,pos
FUN_011037,0,0.0,0,pos,0,0.0,0,pos
FUN_005086,30,0.03937007874015748,1,pos_s150_e180,0,0.0,0,pos
FUN_016165,0,0.0,0,pos,0,0.0,0,pos
FUN_006004,0,0.0,0,pos,0,0.0,0,pos
FUN_007402,0,0.0,0,pos,0,0.0,0,pos
FUN_004183,0,0.0,0,pos,0,0.0,0,pos
FUN_009886,0,0.0,0,pos,0,0.0,0,pos
FUN_001810,0,0.0,0,pos,0,0.0,0,pos
FUN_001727,54,0.025280898876404494,1,pos_s1314_e1344,6,0.0028089887640449437,0,pos
FUN_007306,66,0.014905149051490514,1,pos_s1242_e1278,0,0.0,0,pos
FUN_000553,0,0.0,0,pos,0,0.0,0,pos
FUN_008683,0,0.0,0,pos,0,0.0,0,pos
FUN_001442,96,0.023323615160349854,2,pos_s1764_e1794_s2838_e2868,12,0.0029154518950437317,0,pos
FUN_007782,0,0.0,0,pos,0,0.0,0,pos
FUN_000320,0,0.0,0,pos,0,0.0,0,pos
FUN_011426,18,0.1,0,pos,18,0.1,0,pos
FUN_006134,0,0.0,0,pos,0,0.0,0,pos
FUN_010930,0,0.0,0,pos,0,0.0,0,pos
FUN_015587,0,0.0,0,pos,0,0.0,0,pos
FUN_011354,0,0.0,0,pos,0,0.0,0,pos
FUN_007934,0,0.0,0,pos,0,0.0,0,pos
FUN_010425,60,0.07042253521126761,1,pos_s516_e552,0,0.0,0,pos
FUN_003018,18,0.15,0,pos,0,0.0,0,pos
FUN_011739,0,0.0,0,pos,0,0.0,0,pos
FUN_008111,0,0.0,0,pos,0,0.0,0,pos
FUN_002981,0,0.0,0,pos,0,0.0,0,pos
FUN_008540,144,0.08333333333333333,2,pos_s588_e666_s1404_e1464,66,0.03819444444444445,1,pos_s606_e666
FUN_003877,0,0.0,0,pos,0,0.0,0,pos
FUN_008316,0,0.0,0,pos,0,0.0,0,pos
FUN_003659,0,0.0,0,pos,0,0.0,0,pos
FUN_005162,0,0.0,0,pos,0,0.0,0,pos
FUN_007750,0,0.0,0,pos,0,0.0,0,pos
FUN_011130,192,0.05071315372424723,2,pos_s2370_e2412_s3234_e3318,0,0.0,0,pos
FUN_000944,0,0.0,0,pos,0,0.0,0,pos
FUN_001555,24,0.016666666666666666,0,pos,0,0.0,0,pos
FUN_006958,24,0.056338028169014086,0,pos,0,0.0,0,pos
FUN_016779,0,0.0,0,pos,0,0.0,0,pos
FUN_003025,12,0.041666666666666664,0,pos,0,0.0,0,pos
FUN_005829,0,0.0,0,pos,0,0.0,0,pos
FUN_009557,0,0.0,0,pos,0,0.0,0,pos
FUN_005965,36,0.0759493670886076,0,pos,6,0.012658227848101266,0,pos
FUN_009474,150,0.033112582781456956,1,pos_s3228_e3378,42,0.009271523178807948,1,pos_s3228_e3264
FUN_002187,0,0.0,0,pos,0,0.0,0,pos
FUN_016569,0,0.0,0,pos,0,0.0,0,pos
FUN_001717,0,0.0,0,pos,0,0.0,0,pos
FUN_002456,0,0.0,0,pos,0,0.0,0,pos
FUN_006038,0,0.0,0,pos,0,0.0,0,pos
FUN_016019,0,0.0,0,pos,0,0.0,0,pos
FUN_010982,0,0.0,0,pos,0,0.0,0,pos
FUN_008681,0,0.0,0,pos,0,0.0,0,pos
FUN_015636,0,0.0,0,pos,0,0.0,0,pos
FUN_012178,0,0.0,0,pos,0,0.0,0,pos
FUN_005755,0,0.0,0,pos,0,0.0,0,pos
FUN_011304,0,0.0,0,pos,0,0.0,0,pos
FUN_008490,66,0.041666666666666664,1,pos_s366_e426,42,0.026515151515151516,1,pos_s384_e426
FUN_007534,0,0.0,0,pos,0,0.0,0,pos
FUN_016541,0,0.0,0,pos,0,0.0,0,pos
FUN_006064,0,0.0,0,pos,0,0.0,0,pos
FUN_003899,0,0.0,0,pos,0,0.0,0,pos
FUN_011437,108,0.07692307692307693,2,pos_s774_e804_s1146_e1188,0,0.0,0,pos
FUN_016459,0,0.0,0,pos,0,0.0,0,pos
FUN_009001,0,0.0,0,pos,0,0.0,0,pos
FUN_001129,6,0.001394700139470014,0,pos,0,0.0,0,pos
FUN_016533,0,0.0,0,pos,0,0.0,0,pos
FUN_005607,180,0.06651884700665188,3,pos_s0_e30_s1350_e1410_s2418_e2466,96,0.03547671840354767,2,pos_s0_e30_s1362_e1410
FUN_003210,60,0.026881720430107527,1,pos_s1164_e1218,18,0.008064516129032258,0,pos
FUN_004865,0,0.0,0,pos,0,0.0,0,pos
FUN_002853,12,0.00980392156862745,0,pos,0,0.0,0,pos
FUN_000263,0,0.0,0,pos,0,0.0,0,pos
FUN_008208,0,0.0,0,pos,0,0.0,0,pos
FUN_015823,0,0.0,0,pos,0,0.0,0,pos
FUN_010210,426,0.16435185185185186,7,pos_s318_e360_s720_e780_s846_e912_s1734_e1812_s2190_e2256_s2274_e2304_s2460_e2496,132,0.05092592592592592,2,pos_s846_e888_s2466_e2496
FUN_001428,108,0.08780487804878048,1,pos_s984_e1038,60,0.04878048780487805,1,pos_s1002_e1038
FUN_004025,0,0.0,0,pos,0,0.0,0,pos
FUN_011843,0,0.0,0,pos,0,0.0,0,pos
FUN_002896,24,0.007532956685499058,0,pos,24,0.007532956685499058,0,pos
FUN_011806,0,0.0,0,pos,0,0.0,0,pos
FUN_002617,0,0.0,0,pos,0,0.0,0,pos
FUN_009913,126,0.14893617021276595,2,pos_s384_e432_s564_e630,0,0.0,0,pos
FUN_001021,0,0.0,0,pos,0,0.0,0,pos
FUN_015613,0,0.0,0,pos,0,0.0,0,pos
FUN_011767,0,0.0,0,pos,0,0.0,0,pos
FUN_006639,0,0.0,0,pos,0,0.0,0,pos
FUN_000652,0,0.0,0,pos,0,0.0,0,pos
FUN_008237,18,0.012145748987854251,0,pos,0,0.0,0,pos
FUN_002832,0,0.0,0,pos,0,0.0,0,pos
FUN_004644,12,0.022222222222222223,0,pos,0,0.0,0,pos
FUN_007025,0,0.0,0,pos,0,0.0,0,pos
FUN_000980,6,0.002336448598130841,0,pos,0,0.0,0,pos
FUN_009568,0,0.0,0,pos,0,0.0,0,pos
FUN_000018,306,0.05957943925233645,3,pos_s546_e660_s756_e828_s4140_e4260,198,0.038551401869158876,3,pos_s546_e642_s756_e804_s4158_e4200
FUN_006326,0,0.0,0,pos,0,0.0,0,pos
FUN_010971,0,0.0,0,pos,0,0.0,0,pos
FUN_009949,0,0.0,0,pos,0,0.0,0,pos
FUN_004137,36,0.015665796344647518,1,pos_s822_e858,0,0.0,0,pos
FUN_012330,0,0.0,0,pos,0,0.0,0,pos
FUN_003911,66,0.02018348623853211,0,pos,0,0.0,0,pos
FUN_004232,18,0.05263157894736842,0,pos,6,0.017543859649122806,0,pos
FUN_005224,66,0.10891089108910891,1,pos_s234_e300,0,0.0,0,pos
FUN_010742,18,0.028846153846153848,0,pos,0,0.0,0,pos
FUN_000928,0,0.0,0,pos,0,0.0,0,pos
FUN_003053,102,0.061371841155234655,1,pos_s12_e114,60,0.036101083032490974,1,pos_s24_e84
FUN_001503,0,0.0,0,pos,0,0.0,0,pos
FUN_006260,18,0.013953488372093023,0,pos,0,0.0,0,pos
FUN_015798,18,0.01282051282051282,0,pos,0,0.0,0,pos
FUN_001980,0,0.0,0,pos,0,0.0,0,pos
FUN_015931,0,0.0,0,pos,0,0.0,0,pos
FUN_016466,0,0.0,0,pos,0,0.0,0,pos
FUN_004487,84,0.034739454094292806,2,pos_s1404_e1434_s1800_e1836,0,0.0,0,pos
FUN_006325,0,0.0,0,pos,0,0.0,0,pos
FUN_015731,0,0.0,0,pos,0,0.0,0,pos
FUN_009773,18,0.015706806282722512,0,pos,0,0.0,0,pos
FUN_003308,0,0.0,0,pos,0,0.0,0,pos
FUN_002272,0,0.0,0,pos,0,0.0,0,pos
FUN_005827,12,0.008298755186721992,0,pos,0,0.0,0,pos
FUN_006837,0,0.0,0,pos,0,0.0,0,pos
FUN_002628,0,0.0,0,pos,0,0.0,0,pos
FUN_016789,0,0.0,0,pos,0,0.0,0,pos
FUN_010470,0,0.0,0,pos,0,0.0,0,pos
FUN_012156,0,0.0,0,pos,0,0.0,0,pos
FUN_004672,54,0.045454545454545456,1,pos_s720_e756,0,0.0,0,pos
FUN_009714,0,0.0,0,pos,0,0.0,0,pos
FUN_000175,0,0.0,0,pos,0,0.0,0,pos
FUN_016349,0,0.0,0,pos,0,0.0,0,pos
FUN_011731,0,0.0,0,pos,0,0.0,0,pos
FUN_005491,0,0.0,0,pos,0,0.0,0,pos
FUN_009978,0,0.0,0,pos,0,0.0,0,pos
FUN_005868,42,0.01078582434514638,1,pos_s2904_e2940,18,0.004622496147919877,0,pos
FUN_001204,108,0.08823529411764706,1,pos_s438_e528,24,0.0196078431372549,0,pos
FUN_004495,0,0.0,0,pos,0,0.0,0,pos
FUN_006392,0,0.0,0,pos,0,0.0,0,pos
FUN_015471,60,0.02976190476190476,1,pos_s1662_e1722,6,0.002976190476190476,0,pos
FUN_006102,18,0.013888888888888888,0,pos,0,0.0,0,pos
FUN_005025,36,0.014634146341463415,1,pos_s882_e918,18,0.007317073170731708,0,pos
FUN_003034,0,0.0,0,pos,0,0.0,0,pos
FUN_009636,42,0.004081632653061225,1,pos_s6858_e6888,0,0.0,0,pos
FUN_003396,0,0.0,0,pos,0,0.0,0,pos
FUN_008595,0,0.0,0,pos,0,0.0,0,pos
FUN_011018,0,0.0,0,pos,0,0.0,0,pos
FUN_005602,0,0.0,0,pos,0,0.0,0,pos
FUN_003083,0,0.0,0,pos,0,0.0,0,pos
FUN_010415,0,0.0,0,pos,0,0.0,0,pos
FUN_007336,0,0.0,0,pos,0,0.0,0,pos
FUN_010407,12,0.0028735632183908046,0,pos,0,0.0,0,pos
FUN_003301,0,0.0,0,pos,0,0.0,0,pos
FUN_008538,0,0.0,0,pos,0,0.0,0,pos
FUN_003000,0,0.0,0,pos,0,0.0,0,pos
FUN_010511,12,0.008130081300813009,0,pos,0,0.0,0,pos
FUN_006394,0,0.0,0,pos,0,0.0,0,pos
FUN_015254,0,0.0,0,pos,0,0.0,0,pos
FUN_008068,0,0.0,0,pos,0,0.0,0,pos
FUN_003428,132,0.026128266033254157,2,pos_s540_e582_s588_e624,0,0.0,0,pos
FUN_007763,18,0.0033444816053511705,0,pos,0,0.0,0,pos
FUN_003201,0,0.0,0,pos,0,0.0,0,pos
FUN_007996,0,0.0,0,pos,0,0.0,0,pos
FUN_012263,0,0.0,0,pos,0,0.0,0,pos
FUN_004295,60,0.007513148009015778,1,pos_s6630_e6666,0,0.0,0,pos
FUN_015900,0,0.0,0,pos,0,0.0,0,pos
FUN_003500,6,0.003401360544217687,0,pos,0,0.0,0,pos
FUN_006315,0,0.0,0,pos,0,0.0,0,pos
FUN_009976,0,0.0,0,pos,0,0.0,0,pos
FUN_003746,198,0.1274131274131274,2,pos_s372_e450_s1206_e1260,72,0.04633204633204633,1,pos_s378_e426
FUN_016072,0,0.0,0,pos,0,0.0,0,pos
FUN_008932,0,0.0,0,pos,0,0.0,0,pos
FUN_002858,0,0.0,0,pos,0,0.0,0,pos
FUN_007674,0,0.0,0,pos,0,0.0,0,pos
FUN_011586,0,0.0,0,pos,0,0.0,0,pos
FUN_004264,0,0.0,0,pos,0,0.0,0,pos
FUN_004942,42,0.026515151515151516,1,pos_s258_e294,0,0.0,0,pos
FUN_003310,0,0.0,0,pos,0,0.0,0,pos
FUN_015465,0,0.0,0,pos,0,0.0,0,pos
FUN_015727,0,0.0,0,pos,0,0.0,0,pos
FUN_000065,108,0.10650887573964497,1,pos_s780_e840,0,0.0,0,pos
FUN_006493,0,0.0,0,pos,0,0.0,0,pos
FUN_011279,0,0.0,0,pos,0,0.0,0,pos
FUN_006327,0,0.0,0,pos,0,0.0,0,pos
FUN_005147,0,0.0,0,pos,0,0.0,0,pos
FUN_006831,0,0.0,0,pos,0,0.0,0,pos
FUN_004029,0,0.0,0,pos,0,0.0,0,pos
FUN_001779,0,0.0,0,pos,0,0.0,0,pos
FUN_002369,96,0.017094017094017096,2,pos_s1866_e1902_s1908_e1938,0,0.0,0,pos
FUN_003749,66,0.03728813559322034,0,pos,42,0.023728813559322035,0,pos
FUN_010429,0,0.0,0,pos,0,0.0,0,pos
FUN_010262,90,0.04225352112676056,2,pos_s1866_e1908_s1920_e1956,0,0.0,0,pos
FUN_009769,18,0.01020408163265306,0,pos,0,0.0,0,pos
FUN_001491,0,0.0,0,pos,0,0.0,0,pos
FUN_004571,0,0.0,0,pos,0,0.0,0,pos
FUN_016265,0,0.0,0,pos,0,0.0,0,pos
FUN_003244,144,0.0664819944598338,3,pos_s66_e96_s132_e186_s1914_e1950,24,0.0110803324099723,0,pos
FUN_004651,0,0.0,0,pos,0,0.0,0,pos
FUN_003007,0,0.0,0,pos,0,0.0,0,pos
FUN_006081,0,0.0,0,pos,0,0.0,0,pos
FUN_012398,0,0.0,0,pos,0,0.0,0,pos
FUN_010753,0,0.0,0,pos,0,0.0,0,pos
FUN_015448,0,0.0,0,pos,0,0.0,0,pos
FUN_005834,0,0.0,0,pos,0,0.0,0,pos
FUN_005719,0,0.0,0,pos,0,0.0,0,pos
FUN_005798,0,0.0,0,pos,0,0.0,0,pos
FUN_008556,0,0.0,0,pos,0,0.0,0,pos
FUN_000923,12,0.003169572107765452,0,pos,0,0.0,0,pos
FUN_003720,0,0.0,0,pos,0,0.0,0,pos
FUN_011797,0,0.0,0,pos,0,0.0,0,pos
FUN_011159,0,0.0,0,pos,0,0.0,0,pos
FUN_009925,36,0.21428571428571427,0,pos,0,0.0,0,pos
FUN_010248,0,0.0,0,pos,0,0.0,0,pos
FUN_011941,0,0.0,0,pos,0,0.0,0,pos
FUN_000136,0,0.0,0,pos,0,0.0,0,pos
FUN_008684,102,0.03238095238095238,2,pos_s1200_e1248_s2796_e2850,0,0.0,0,pos
FUN_010726,0,0.0,0,pos,0,0.0,0,pos
FUN_003694,0,0.0,0,pos,0,0.0,0,pos
FUN_007499,42,0.007106598984771574,1,pos_s1908_e1938,0,0.0,0,pos
FUN_015348,0,0.0,0,pos,0,0.0,0,pos
FUN_006583,0,0.0,0,pos,0,0.0,0,pos
FUN_006117,0,0.0,0,pos,0,0.0,0,pos
FUN_016772,0,0.0,0,pos,0,0.0,0,pos
FUN_009177,0,0.0,0,pos,0,0.0,0,pos
FUN_015274,0,0.0,0,pos,0,0.0,0,pos
FUN_010532,96,0.016666666666666666,1,pos_s2886_e2976,72,0.0125,1,pos_s2910_e2970
FUN_009995,0,0.0,0,pos,0,0.0,0,pos
FUN_005340,162,0.016061867935752528,2,pos_s2640_e2688_s6540_e6570,0,0.0,0,pos
FUN_002541,0,0.0,0,pos,0,0.0,0,pos
FUN_002229,0,0.0,0,pos,0,0.0,0,pos
FUN_005726,0,0.0,0,pos,0,0.0,0,pos
FUN_016079,0,0.0,0,pos,0,0.0,0,pos
FUN_004211,0,0.0,0,pos,0,0.0,0,pos
FUN_001853,0,0.0,0,pos,0,0.0,0,pos
FUN_005677,0,0.0,0,pos,0,0.0,0,pos
FUN_000789,0,0.0,0,pos,0,0.0,0,pos
FUN_015846,0,0.0,0,pos,0,0.0,0,pos
FUN_016622,0,0.0,0,pos,0,0.0,0,pos
FUN_006659,144,0.05741626794258373,2,pos_s0_e42_s132_e186,72,0.028708133971291867,2,pos_s0_e42_s132_e162
FUN_009139,414,0.05877342419080068,4,pos_s3768_e3798_s3924_e4104_s5724_e5820_s6528_e6558,222,0.03151618398637138,2,pos_s4008_e4104_s6528_e6558
FUN_008026,0,0.0,0,pos,0,0.0,0,pos
FUN_006516,0,0.0,0,pos,0,0.0,0,pos
FUN_016782,0,0.0,0,pos,0,0.0,0,pos
FUN_001473,0,0.0,0,pos,0,0.0,0,pos
FUN_009341,0,0.0,0,pos,0,0.0,0,pos
FUN_001998,372,0.14761904761904762,5,pos_s246_e360_s648_e678_s708_e738_s840_e876_s888_e954,186,0.07380952380952381,2,pos_s246_e360_s894_e936
FUN_006398,18,0.016304347826086956,0,pos,0,0.0,0,pos
FUN_002393,24,0.013422818791946308,0,pos,0,0.0,0,pos
FUN_006594,402,0.12959381044487428,4,pos_s180_e276_s1722_e1812_s2634_e2736_s2976_e3042,156,0.05029013539651837,2,pos_s210_e258_s2640_e2700
FUN_010133,72,0.10084033613445378,0,pos,72,0.10084033613445378,0,pos
FUN_011871,0,0.0,0,pos,0,0.0,0,pos
FUN_002764,0,0.0,0,pos,0,0.0,0,pos
FUN_010120,0,0.0,0,pos,0,0.0,0,pos
FUN_006989,66,0.08029197080291971,1,pos_s648_e690,0,0.0,0,pos
FUN_002701,102,0.07203389830508475,3,pos_s180_e210_s726_e756_s1056_e1086,0,0.0,0,pos
FUN_016203,0,0.0,0,pos,0,0.0,0,pos
FUN_015907,0,0.0,0,pos,0,0.0,0,pos
FUN_006737,0,0.0,0,pos,0,0.0,0,pos
FUN_011045,24,0.017094017094017096,0,pos,0,0.0,0,pos
FUN_008602,0,0.0,0,pos,0,0.0,0,pos
FUN_015499,0,0.0,0,pos,0,0.0,0,pos
FUN_001154,0,0.0,0,pos,0,0.0,0,pos
FUN_016521,0,0.0,0,pos,0,0.0,0,pos
FUN_010789,0,0.0,0,pos,0,0.0,0,pos
FUN_016450,6,0.008264462809917356,0,pos,0,0.0,0,pos
FUN_003719,30,0.00794912559618442,1,pos_s210_e240,0,0.0,0,pos
FUN_005869,0,0.0,0,pos,0,0.0,0,pos
FUN_002657,0,0.0,0,pos,0,0.0,0,pos
FUN_008000,0,0.0,0,pos,0,0.0,0,pos
FUN_008613,18,0.0136986301369863,0,pos,6,0.0045662100456621,0,pos
FUN_007725,48,0.01909307875894988,1,pos_s1656_e1704,24,0.00954653937947494,0,pos
FUN_004446,0,0.0,0,pos,0,0.0,0,pos
FUN_008215,0,0.0,0,pos,0,0.0,0,pos
FUN_002248,0,0.0,0,pos,0,0.0,0,pos
FUN_002855,0,0.0,0,pos,0,0.0,0,pos
FUN_002797,132,0.05670103092783505,1,pos_s2022_e2100,0,0.0,0,pos
FUN_016370,0,0.0,0,pos,0,0.0,0,pos
FUN_001167,0,0.0,0,pos,0,0.0,0,pos
FUN_005106,6,0.017241379310344827,0,pos,0,0.0,0,pos
FUN_000333,282,0.12668463611859837,3,pos_s0_e102_s762_e840_s1416_e1446,108,0.04851752021563342,2,pos_s6_e42_s54_e102
FUN_008583,0,0.0,0,pos,0,0.0,0,pos
FUN_001996,0,0.0,0,pos,0,0.0,0,pos
FUN_015351,0,0.0,0,pos,0,0.0,0,pos
FUN_009640,0,0.0,0,pos,0,0.0,0,pos
FUN_010900,0,0.0,0,pos,0,0.0,0,pos
FUN_002289,66,0.014248704663212436,1,pos_s4266_e4296,12,0.0025906735751295338,0,pos
FUN_000632,12,0.03333333333333333,0,pos,12,0.03333333333333333,0,pos
FUN_009164,0,0.0,0,pos,0,0.0,0,pos
FUN_015413,0,0.0,0,pos,0,0.0,0,pos
FUN_010752,0,0.0,0,pos,0,0.0,0,pos
FUN_002554,0,0.0,0,pos,0,0.0,0,pos
FUN_005933,18,0.041666666666666664,0,pos,0,0.0,0,pos
FUN_004594,0,0.0,0,pos,0,0.0,0,pos
FUN_001635,0,0.0,0,pos,0,0.0,0,pos
FUN_008806,144,0.09090909090909091,2,pos_s558_e612_s1014_e1068,30,0.01893939393939394,0,pos
FUN_007421,372,0.15384615384615385,4,pos_s372_e492_s510_e540_s894_e990_s1506_e1620,126,0.052109181141439205,2,pos_s456_e486_s1506_e1596
FUN_000037,0,0.0,0,pos,0,0.0,0,pos
FUN_005413,0,0.0,0,pos,0,0.0,0,pos
FUN_009095,0,0.0,0,pos,0,0.0,0,pos
FUN_004392,0,0.0,0,pos,0,0.0,0,pos
FUN_008881,0,0.0,0,pos,0,0.0,0,pos
FUN_010799,0,0.0,0,pos,0,0.0,0,pos
FUN_008064,318,0.19776119402985073,4,pos_s390_e450_s798_e900_s906_e936_s990_e1032,60,0.03731343283582089,0,pos
FUN_016005,0,0.0,0,pos,0,0.0,0,pos
FUN_010600,0,0.0,0,pos,0,0.0,0,pos
FUN_006938,84,0.030501089324618737,1,pos_s2580_e2628,12,0.004357298474945534,0,pos
FUN_016129,0,0.0,0,pos,0,0.0,0,pos
FUN_009863,30,0.03125,1,pos_s0_e30,18,0.01875,0,pos
FUN_012327,0,0.0,0,pos,0,0.0,0,pos
FUN_004305,0,0.0,0,pos,0,0.0,0,pos
FUN_002078,6,0.007042253521126761,0,pos,0,0.0,0,pos
FUN_011606,0,0.0,0,pos,0,0.0,0,pos
FUN_000800,0,0.0,0,pos,0,0.0,0,pos
FUN_004460,0,0.0,0,pos,0,0.0,0,pos
FUN_008862,96,0.06926406926406926,1,pos_s462_e528,6,0.004329004329004329,0,pos
FUN_006843,114,0.04871794871794872,3,pos_s0_e36_s1554_e1584_s1590_e1632,18,0.007692307692307693,0,pos
FUN_009681,0,0.0,0,pos,0,0.0,0,pos
FUN_002828,0,0.0,0,pos,0,0.0,0,pos
FUN_005385,0,0.0,0,pos,0,0.0,0,pos
FUN_010481,0,0.0,0,pos,0,0.0,0,pos
FUN_004850,0,0.0,0,pos,0,0.0,0,pos
FUN_011410,0,0.0,0,pos,0,0.0,0,pos
FUN_016793,0,0.0,0,pos,0,0.0,0,pos
FUN_003475,0,0.0,0,pos,0,0.0,0,pos
FUN_001774,0,0.0,0,pos,0,0.0,0,pos
FUN_011436,30,0.008361204013377926,0,pos,0,0.0,0,pos
FUN_015648,0,0.0,0,pos,0,0.0,0,pos
FUN_001807,0,0.0,0,pos,0,0.0,0,pos
FUN_001683,12,0.01652892561983471,0,pos,0,0.0,0,pos
FUN_009105,12,0.006389776357827476,0,pos,0,0.0,0,pos
FUN_006653,0,0.0,0,pos,0,0.0,0,pos
FUN_006636,180,0.1079136690647482,2,pos_s924_e990_s1386_e1500,18,0.01079136690647482,0,pos
FUN_016446,0,0.0,0,pos,0,0.0,0,pos
FUN_010744,0,0.0,0,pos,0,0.0,0,pos
FUN_016475,0,0.0,0,pos,0,0.0,0,pos
FUN_006798,0,0.0,0,pos,0,0.0,0,pos
FUN_016390,36,0.016216216216216217,1,pos_s1272_e1302,18,0.008108108108108109,0,pos
FUN_001274,0,0.0,0,pos,0,0.0,0,pos
FUN_015692,0,0.0,0,pos,0,0.0,0,pos
FUN_016287,0,0.0,0,pos,0,0.0,0,pos
FUN_010946,0,0.0,0,pos,0,0.0,0,pos
FUN_001586,24,0.013422818791946308,0,pos,0,0.0,0,pos
FUN_009130,0,0.0,0,pos,0,0.0,0,pos
FUN_016208,0,0.0,0,pos,0,0.0,0,pos
FUN_012343,0,0.0,0,pos,0,0.0,0,pos
FUN_004682,0,0.0,0,pos,0,0.0,0,pos
FUN_012083,0,0.0,0,pos,0,0.0,0,pos
FUN_009406,0,0.0,0,pos,0,0.0,0,pos
FUN_000784,84,0.10144927536231885,1,pos_s72_e132,0,0.0,0,pos
FUN_003274,0,0.0,0,pos,0,0.0,0,pos
FUN_001588,6,0.006097560975609756,0,pos,0,0.0,0,pos
FUN_004242,0,0.0,0,pos,0,0.0,0,pos
FUN_003364,108,0.07142857142857142,1,pos_s630_e714,18,0.011904761904761904,0,pos
FUN_001571,0,0.0,0,pos,0,0.0,0,pos
FUN_009655,48,0.0761904761904762,1,pos_s42_e90,0,0.0,0,pos
FUN_012270,0,0.0,0,pos,0,0.0,0,pos
FUN_015824,0,0.0,0,pos,0,0.0,0,pos
FUN_001365,0,0.0,0,pos,0,0.0,0,pos
FUN_006157,0,0.0,0,pos,0,0.0,0,pos
FUN_004160,66,0.1864406779661017,1,pos_s60_e108,36,0.1016949152542373,1,pos_s66_e102
FUN_002039,0,0.0,0,pos,0,0.0,0,pos
FUN_005872,0,0.0,0,pos,0,0.0,0,pos
FUN_000972,0,0.0,0,pos,0,0.0,0,pos
FUN_006632,0,0.0,0,pos,0,0.0,0,pos
FUN_016517,0,0.0,0,pos,0,0.0,0,pos
FUN_006544,0,0.0,0,pos,0,0.0,0,pos
FUN_002275,0,0.0,0,pos,0,0.0,0,pos
FUN_016755,0,0.0,0,pos,0,0.0,0,pos
FUN_003538,90,0.6,1,pos_s30_e108,24,0.16,0,pos
FUN_004275,12,0.003795066413662239,0,pos,0,0.0,0,pos
FUN_007375,12,0.00816326530612245,0,pos,0,0.0,0,pos
FUN_004513,0,0.0,0,pos,0,0.0,0,pos
FUN_000780,36,0.00966183574879227,1,pos_s1536_e1572,0,0.0,0,pos
FUN_009534,0,0.0,0,pos,0,0.0,0,pos
FUN_007456,0,0.0,0,pos,0,0.0,0,pos
FUN_007437,0,0.0,0,pos,0,0.0,0,pos
FUN_004528,0,0.0,0,pos,0,0.0,0,pos
FUN_003144,180,0.05725190839694656,2,pos_s2310_e2352_s2550_e2652,48,0.015267175572519083,1,pos_s2610_e2652
FUN_011128,24,0.045454545454545456,0,pos,0,0.0,0,pos
FUN_003494,0,0.0,0,pos,0,0.0,0,pos
FUN_016337,42,0.011419249592169658,0,pos,6,0.0016313213703099511,0,pos
FUN_004016,0,0.0,0,pos,0,0.0,0,pos
FUN_015482,0,0.0,0,pos,0,0.0,0,pos
FUN_002917,36,0.016,0,pos,0,0.0,0,pos
FUN_004342,0,0.0,0,pos,0,0.0,0,pos
FUN_010650,0,0.0,0,pos,0,0.0,0,pos
FUN_005295,24,0.02702702702702703,0,pos,0,0.0,0,pos
FUN_011878,0,0.0,0,pos,0,0.0,0,pos
FUN_001131,0,0.0,0,pos,0,0.0,0,pos
FUN_002225,0,0.0,0,pos,0,0.0,0,pos
FUN_006891,0,0.0,0,pos,0,0.0,0,pos
FUN_001749,0,0.0,0,pos,0,0.0,0,pos
FUN_008243,6,0.005076142131979695,0,pos,0,0.0,0,pos
FUN_008268,0,0.0,0,pos,0,0.0,0,pos
FUN_008975,12,0.010752688172043012,0,pos,0,0.0,0,pos
FUN_001250,0,0.0,0,pos,0,0.0,0,pos
FUN_003611,0,0.0,0,pos,0,0.0,0,pos
FUN_002058,0,0.0,0,pos,0,0.0,0,pos
FUN_006914,0,0.0,0,pos,0,0.0,0,pos
FUN_007221,0,0.0,0,pos,0,0.0,0,pos
FUN_010101,0,0.0,0,pos,0,0.0,0,pos
FUN_005794,0,0.0,0,pos,0,0.0,0,pos
FUN_000113,0,0.0,0,pos,0,0.0,0,pos
FUN_003576,0,0.0,0,pos,0,0.0,0,pos
FUN_003114,30,0.018796992481203006,1,pos_s1308_e1338,0,0.0,0,pos
FUN_001876,0,0.0,0,pos,0,0.0,0,pos
FUN_006288,0,0.0,0,pos,0,0.0,0,pos
FUN_001271,0,0.0,0,pos,0,0.0,0,pos
FUN_008057,150,0.023386342376052385,1,pos_s174_e288,126,0.019644527595884004,1,pos_s174_e288
FUN_011458,102,0.026604068857589983,2,pos_s3366_e3426_s3444_e3480,0,0.0,0,pos
FUN_010549,0,0.0,0,pos,0,0.0,0,pos
FUN_009721,12,0.004705882352941176,0,pos,0,0.0,0,pos
FUN_009758,0,0.0,0,pos,0,0.0,0,pos
FUN_008440,0,0.0,0,pos,0,0.0,0,pos
FUN_005331,6,0.008264462809917356,0,pos,0,0.0,0,pos
FUN_005646,0,0.0,0,pos,0,0.0,0,pos
FUN_006713,0,0.0,0,pos,0,0.0,0,pos
FUN_003869,486,0.20506329113924052,6,pos_s594_e624_s816_e930_s960_e1002_s1212_e1320_s1908_e1998_s2010_e2040,198,0.08354430379746836,3,pos_s822_e870_s882_e924_s1908_e1968
FUN_004925,24,0.010282776349614395,0,pos,0,0.0,0,pos
FUN_004066,0,0.0,0,pos,0,0.0,0,pos
FUN_010250,0,0.0,0,pos,0,0.0,0,pos
FUN_012292,0,0.0,0,pos,0,0.0,0,pos
FUN_002830,0,0.0,0,pos,0,0.0,0,pos
FUN_001759,354,0.14824120603015076,1,pos_s2034_e2136,204,0.08542713567839195,1,pos_s2034_e2112
FUN_003740,0,0.0,0,pos,0,0.0,0,pos
FUN_006272,0,0.0,0,pos,0,0.0,0,pos
FUN_015725,0,0.0,0,pos,0,0.0,0,pos
FUN_003456,0,0.0,0,pos,0,0.0,0,pos
FUN_005041,18,0.0034602076124567475,0,pos,0,0.0,0,pos
FUN_010886,6,0.0019455252918287938,0,pos,0,0.0,0,pos
FUN_010928,30,0.011933174224343675,0,pos,6,0.002386634844868735,0,pos
FUN_015892,0,0.0,0,pos,0,0.0,0,pos
FUN_006001,30,0.03816793893129771,1,pos_s204_e234,0,0.0,0,pos
FUN_012282,0,0.0,0,pos,0,0.0,0,pos
FUN_005323,0,0.0,0,pos,0,0.0,0,pos
FUN_000031,222,0.16972477064220184,2,pos_s180_e222_s954_e1092,114,0.0871559633027523,1,pos_s954_e1068
FUN_010273,0,0.0,0,pos,0,0.0,0,pos
FUN_000080,0,0.0,0,pos,0,0.0,0,pos
FUN_011062,0,0.0,0,pos,0,0.0,0,pos
FUN_000487,0,0.0,0,pos,0,0.0,0,pos
FUN_010053,102,0.38636363636363635,1,pos_s96_e198,78,0.29545454545454547,1,pos_s120_e198
FUN_011973,0,0.0,0,pos,0,0.0,0,pos
FUN_007364,114,0.018867924528301886,1,pos_s3624_e3672,6,0.0009930486593843098,0,pos
FUN_004412,0,0.0,0,pos,0,0.0,0,pos
FUN_005505,6,0.006535947712418301,0,pos,0,0.0,0,pos
FUN_002933,0,0.0,0,pos,0,0.0,0,pos
FUN_001661,0,0.0,0,pos,0,0.0,0,pos
FUN_015592,0,0.0,0,pos,0,0.0,0,pos
FUN_003107,0,0.0,0,pos,0,0.0,0,pos
FUN_009501,630,0.1065989847715736,5,pos_s2802_e2916_s3000_e3114_s3132_e3240_s4932_e5082_s5598_e5712,408,0.06903553299492386,4,pos_s3024_e3114_s3132_e3210_s4932_e4968_s4974_e5082
FUN_015948,0,0.0,0,pos,0,0.0,0,pos
FUN_011254,126,0.02485207100591716,1,pos_s2616_e2724,84,0.016568047337278107,1,pos_s2628_e2706
FUN_010580,78,0.1111111111111111,1,pos_s330_e390,6,0.008547008547008548,0,pos
FUN_010888,0,0.0,0,pos,0,0.0,0,pos
FUN_003067,12,0.016129032258064516,0,pos,12,0.016129032258064516,0,pos
FUN_016790,0,0.0,0,pos,0,0.0,0,pos
FUN_004272,0,0.0,0,pos,0,0.0,0,pos
FUN_003644,0,0.0,0,pos,0,0.0,0,pos
FUN_002222,0,0.0,0,pos,0,0.0,0,pos
FUN_005423,0,0.0,0,pos,0,0.0,0,pos
FUN_007132,0,0.0,0,pos,0,0.0,0,pos
FUN_003104,78,0.12745098039215685,1,pos_s480_e516,54,0.08823529411764706,0,pos
FUN_007152,12,0.010582010582010581,0,pos,0,0.0,0,pos
FUN_012278,0,0.0,0,pos,0,0.0,0,pos
FUN_008051,0,0.0,0,pos,0,0.0,0,pos
FUN_007104,0,0.0,0,pos,0,0.0,0,pos
FUN_001388,618,0.16559485530546625,5,pos_s690_e750_s1098_e1380_s1542_e1644_s1692_e1758_s3114_e3180,252,0.06752411575562701,5,pos_s1128_e1158_s1170_e1236_s1254_e1296_s1350_e1380_s1572_e1644
FUN_000008,0,0.0,0,pos,0,0.0,0,pos
FUN_004233,18,0.009771986970684038,0,pos,0,0.0,0,pos
FUN_016822,0,0.0,0,pos,0,0.0,0,pos
FUN_011131,6,0.004608294930875576,0,pos,0,0.0,0,pos
FUN_010525,0,0.0,0,pos,0,0.0,0,pos
FUN_016488,0,0.0,0,pos,0,0.0,0,pos
FUN_002201,0,0.0,0,pos,0,0.0,0,pos
FUN_010797,0,0.0,0,pos,0,0.0,0,pos
FUN_005447,108,0.10588235294117647,2,pos_s204_e246_s888_e948,0,0.0,0,pos
FUN_006095,90,0.15,2,pos_s210_e252_s528_e576,18,0.03,0,pos
FUN_001511,186,0.04704097116843703,1,pos_s180_e234,6,0.0015174506828528073,0,pos
FUN_002542,78,0.05627705627705628,1,pos_s912_e942,18,0.012987012987012988,0,pos
FUN_006216,0,0.0,0,pos,0,0.0,0,pos
FUN_016611,0,0.0,0,pos,0,0.0,0,pos
FUN_012462,0,0.0,0,pos,0,0.0,0,pos
FUN_009091,0,0.0,0,pos,0,0.0,0,pos
FUN_002883,0,0.0,0,pos,0,0.0,0,pos
FUN_008488,0,0.0,0,pos,0,0.0,0,pos
FUN_005184,6,0.0014705882352941176,0,pos,0,0.0,0,pos
FUN_006433,0,0.0,0,pos,0,0.0,0,pos
FUN_006322,0,0.0,0,pos,0,0.0,0,pos
FUN_003145,0,0.0,0,pos,0,0.0,0,pos
FUN_008986,24,0.01509433962264151,0,pos,12,0.007547169811320755,0,pos
FUN_006282,0,0.0,0,pos,0,0.0,0,pos
FUN_000723,0,0.0,0,pos,0,0.0,0,pos
FUN_000059,48,0.022922636103151862,1,pos_s702_e732,0,0.0,0,pos
FUN_010252,0,0.0,0,pos,0,0.0,0,pos
FUN_000027,162,0.19424460431654678,1,pos_s666_e720,96,0.11510791366906475,0,pos
FUN_005540,0,0.0,0,pos,0,0.0,0,pos
FUN_011014,0,0.0,0,pos,0,0.0,0,pos
FUN_001431,0,0.0,0,pos,0,0.0,0,pos
FUN_015252,0,0.0,0,pos,0,0.0,0,pos
FUN_002705,60,0.14084507042253522,1,pos_s48_e84,0,0.0,0,pos
FUN_005560,84,0.05363984674329502,1,pos_s1380_e1434,6,0.0038314176245210726,0,pos
FUN_005652,0,0.0,0,pos,0,0.0,0,pos
FUN_015713,0,0.0,0,pos,0,0.0,0,pos
FUN_006547,0,0.0,0,pos,0,0.0,0,pos
FUN_003656,0,0.0,0,pos,0,0.0,0,pos
FUN_004561,0,0.0,0,pos,0,0.0,0,pos
FUN_000267,0,0.0,0,pos,0,0.0,0,pos
FUN_001696,0,0.0,0,pos,0,0.0,0,pos
FUN_001422,0,0.0,0,pos,0,0.0,0,pos
FUN_002192,42,0.027559055118110236,0,pos,0,0.0,0,pos
FUN_003478,18,0.0196078431372549,0,pos,0,0.0,0,pos
FUN_006270,30,0.035211267605633804,0,pos,0,0.0,0,pos
FUN_007692,108,0.055900621118012424,1,pos_s0_e90,0,0.0,0,pos
FUN_002304,0,0.0,0,pos,0,0.0,0,pos
FUN_015729,0,0.0,0,pos,0,0.0,0,pos
FUN_007333,0,0.0,0,pos,0,0.0,0,pos
FUN_005310,6,0.015625,0,pos,0,0.0,0,pos
FUN_009789,0,0.0,0,pos,0,0.0,0,pos
FUN_011161,0,0.0,0,pos,0,0.0,0,pos
FUN_007840,0,0.0,0,pos,0,0.0,0,pos
FUN_005214,0,0.0,0,pos,0,0.0,0,pos
FUN_002240,0,0.0,0,pos,0,0.0,0,pos
FUN_016305,0,0.0,0,pos,0,0.0,0,pos
FUN_007580,6,0.022222222222222223,0,pos,0,0.0,0,pos
FUN_005943,0,0.0,0,pos,0,0.0,0,pos
FUN_005047,0,0.0,0,pos,0,0.0,0,pos
FUN_001065,0,0.0,0,pos,0,0.0,0,pos
FUN_005277,0,0.0,0,pos,0,0.0,0,pos
FUN_001720,0,0.0,0,pos,0,0.0,0,pos
FUN_007817,0,0.0,0,pos,0,0.0,0,pos
FUN_001014,36,0.03260869565217391,1,pos_s0_e36,24,0.021739130434782608,0,pos
FUN_004750,18,0.01060070671378092,0,pos,18,0.01060070671378092,0,pos
FUN_009337,96,0.0449438202247191,1,pos_s1632_e1686,18,0.008426966292134831,0,pos
FUN_003180,0,0.0,0,pos,0,0.0,0,pos
FUN_010279,0,0.0,0,pos,0,0.0,0,pos
FUN_006148,0,0.0,0,pos,0,0.0,0,pos
FUN_012198,0,0.0,0,pos,0,0.0,0,pos
FUN_011029,96,0.010847457627118645,1,pos_s5640_e5676,36,0.004067796610169492,1,pos_s5640_e5676
FUN_003148,0,0.0,0,pos,0,0.0,0,pos
FUN_010084,0,0.0,0,pos,0,0.0,0,pos
FUN_001931,0,0.0,0,pos,0,0.0,0,pos
FUN_015386,0,0.0,0,pos,0,0.0,0,pos
FUN_011445,0,0.0,0,pos,0,0.0,0,pos
FUN_011471,36,0.05263157894736842,1,pos_s558_e594,0,0.0,0,pos
FUN_005848,0,0.0,0,pos,0,0.0,0,pos
FUN_015438,0,0.0,0,pos,0,0.0,0,pos
FUN_006334,18,0.016216216216216217,0,pos,0,0.0,0,pos
FUN_005922,0,0.0,0,pos,0,0.0,0,pos
FUN_012391,0,0.0,0,pos,0,0.0,0,pos
FUN_009833,0,0.0,0,pos,0,0.0,0,pos
FUN_002360,126,0.0379746835443038,1,pos_s1428_e1506,0,0.0,0,pos
FUN_001898,0,0.0,0,pos,0,0.0,0,pos
FUN_003468,0,0.0,0,pos,0,0.0,0,pos
FUN_000001,0,0.0,0,pos,0,0.0,0,pos
FUN_010693,0,0.0,0,pos,0,0.0,0,pos
FUN_003375,30,0.009074410163339383,1,pos_s1272_e1302,0,0.0,0,pos
FUN_010093,0,0.0,0,pos,0,0.0,0,pos
FUN_004096,0,0.0,0,pos,0,0.0,0,pos
FUN_011765,0,0.0,0,pos,0,0.0,0,pos
FUN_000488,0,0.0,0,pos,0,0.0,0,pos
FUN_005849,66,0.021739130434782608,1,pos_s2016_e2082,0,0.0,0,pos
FUN_015717,0,0.0,0,pos,0,0.0,0,pos
FUN_015382,0,0.0,0,pos,0,0.0,0,pos
FUN_001521,0,0.0,0,pos,0,0.0,0,pos
FUN_000138,0,0.0,0,pos,0,0.0,0,pos
FUN_001289,0,0.0,0,pos,0,0.0,0,pos
FUN_006806,18,0.006521739130434782,0,pos,0,0.0,0,pos
FUN_007474,0,0.0,0,pos,0,0.0,0,pos
FUN_010657,48,0.05263157894736842,1,pos_s648_e684,0,0.0,0,pos
FUN_012385,0,0.0,0,pos,0,0.0,0,pos
FUN_001529,0,0.0,0,pos,0,0.0,0,pos
FUN_006894,0,0.0,0,pos,0,0.0,0,pos
FUN_008345,0,0.0,0,pos,0,0.0,0,pos
FUN_006945,0,0.0,0,pos,0,0.0,0,pos
FUN_009285,0,0.0,0,pos,0,0.0,0,pos
FUN_002890,0,0.0,0,pos,0,0.0,0,pos
FUN_003589,84,0.07329842931937172,1,pos_s966_e1050,0,0.0,0,pos
FUN_010703,18,0.013333333333333334,0,pos,12,0.008888888888888889,0,pos
FUN_010513,24,0.02072538860103627,0,pos,0,0.0,0,pos
FUN_000142,108,0.03765690376569038,1,pos_s1812_e1914,84,0.029288702928870293,1,pos_s1830_e1914
FUN_006487,0,0.0,0,pos,0,0.0,0,pos
FUN_004598,96,0.05351170568561873,1,pos_s186_e240,18,0.010033444816053512,0,pos
FUN_001976,24,0.013157894736842105,0,pos,6,0.003289473684210526,0,pos
FUN_000061,0,0.0,0,pos,0,0.0,0,pos
FUN_008746,0,0.0,0,pos,0,0.0,0,pos
FUN_004346,66,0.03642384105960265,1,pos_s1008_e1044,0,0.0,0,pos
FUN_009942,12,0.07142857142857142,0,pos,0,0.0,0,pos
FUN_007673,24,0.007662835249042145,0,pos,12,0.0038314176245210726,0,pos
FUN_006695,216,0.03951701427003293,2,pos_s3954_e3990_s4398_e4512,138,0.025246981339187707,1,pos_s4398_e4512
FUN_011978,0,0.0,0,pos,0,0.0,0,pos
FUN_009031,90,0.05660377358490566,1,pos_s660_e696,0,0.0,0,pos
FUN_003265,0,0.0,0,pos,0,0.0,0,pos
FUN_010153,24,0.08,0,pos,0,0.0,0,pos
FUN_005306,132,0.02033271719038817,1,pos_s2874_e2934,0,0.0,0,pos
FUN_004326,66,0.08870967741935484,1,pos_s474_e528,18,0.024193548387096774,0,pos
FUN_015581,0,0.0,0,pos,0,0.0,0,pos
FUN_015323,36,0.0032171581769436996,0,pos,6,0.0005361930294906167,0,pos
FUN_000639,0,0.0,0,pos,0,0.0,0,pos
FUN_011733,0,0.0,0,pos,0,0.0,0,pos
FUN_015721,0,0.0,0,pos,0,0.0,0,pos
FUN_007093,0,0.0,0,pos,0,0.0,0,pos
FUN_005075,36,0.046511627906976744,1,pos_s630_e666,0,0.0,0,pos
FUN_015992,0,0.0,0,pos,0,0.0,0,pos
FUN_005628,0,0.0,0,pos,0,0.0,0,pos
FUN_004131,0,0.0,0,pos,0,0.0,0,pos
FUN_005802,0,0.0,0,pos,0,0.0,0,pos
FUN_004143,0,0.0,0,pos,0,0.0,0,pos
FUN_004834,126,0.01984877126654064,1,pos_s5406_e5490,0,0.0,0,pos
FUN_006187,24,0.022598870056497175,0,pos,0,0.0,0,pos
FUN_016481,0,0.0,0,pos,0,0.0,0,pos
FUN_011465,0,0.0,0,pos,0,0.0,0,pos
FUN_007744,0,0.0,0,pos,0,0.0,0,pos
FUN_005369,0,0.0,0,pos,0,0.0,0,pos
FUN_011875,0,0.0,0,pos,0,0.0,0,pos
FUN_016465,0,0.0,0,pos,0,0.0,0,pos
FUN_003023,0,0.0,0,pos,0,0.0,0,pos
FUN_002169,30,0.013623978201634877,0,pos,0,0.0,0,pos
FUN_003454,0,0.0,0,pos,0,0.0,0,pos
FUN_006217,204,0.010611735330836454,3,pos_s14106_e14172_s15030_e15072_s15564_e15594,12,0.0006242197253433209,0,pos
FUN_006854,6,0.0028328611898017,0,pos,0,0.0,0,pos
FUN_001626,0,0.0,0,pos,0,0.0,0,pos
FUN_006357,0,0.0,0,pos,0,0.0,0,pos
FUN_000271,120,0.7407407407407407,1,pos_s6_e114,84,0.5185185185185185,1,pos_s30_e114
FUN_006026,0,0.0,0,pos,0,0.0,0,pos
FUN_015671,0,0.0,0,pos,0,0.0,0,pos
FUN_004886,0,0.0,0,pos,0,0.0,0,pos
FUN_001913,84,0.023255813953488372,1,pos_s0_e84,84,0.023255813953488372,1,pos_s0_e84
FUN_011219,0,0.0,0,pos,0,0.0,0,pos
FUN_008728,0,0.0,0,pos,0,0.0,0,pos
FUN_000236,0,0.0,0,pos,0,0.0,0,pos
FUN_001427,0,0.0,0,pos,0,0.0,0,pos
FUN_001726,0,0.0,0,pos,0,0.0,0,pos
FUN_007527,0,0.0,0,pos,0,0.0,0,pos
FUN_016778,0,0.0,0,pos,0,0.0,0,pos
FUN_003879,0,0.0,0,pos,0,0.0,0,pos
FUN_007358,0,0.0,0,pos,0,0.0,0,pos
FUN_009743,0,0.0,0,pos,0,0.0,0,pos
FUN_006023,0,0.0,0,pos,0,0.0,0,pos
FUN_007125,0,0.0,0,pos,0,0.0,0,pos
FUN_004827,0,0.0,0,pos,0,0.0,0,pos
FUN_007672,0,0.0,0,pos,0,0.0,0,pos
FUN_007512,0,0.0,0,pos,0,0.0,0,pos
FUN_001483,54,0.011306532663316583,1,pos_s4308_e4350,6,0.001256281407035176,0,pos
FUN_002681,0,0.0,0,pos,0,0.0,0,pos
FUN_006199,0,0.0,0,pos,0,0.0,0,pos
FUN_009820,6,0.007042253521126761,0,pos,0,0.0,0,pos
FUN_002824,0,0.0,0,pos,0,0.0,0,pos
FUN_006290,90,0.03875968992248062,1,pos_s72_e162,72,0.031007751937984496,1,pos_s90_e162
FUN_006247,0,0.0,0,pos,0,0.0,0,pos
FUN_004927,0,0.0,0,pos,0,0.0,0,pos
FUN_003727,0,0.0,0,pos,0,0.0,0,pos
FUN_002263,0,0.0,0,pos,0,0.0,0,pos
FUN_015288,12,0.0026917900403768506,0,pos,0,0.0,0,pos
FUN_016490,0,0.0,0,pos,0,0.0,0,pos
FUN_006920,0,0.0,0,pos,0,0.0,0,pos
FUN_001038,0,0.0,0,pos,0,0.0,0,pos
FUN_015960,0,0.0,0,pos,0,0.0,0,pos
FUN_005715,0,0.0,0,pos,0,0.0,0,pos
FUN_005031,0,0.0,0,pos,0,0.0,0,pos
FUN_002562,120,0.0749063670411985,1,pos_s1524_e1596,12,0.00749063670411985,0,pos
FUN_005743,0,0.0,0,pos,0,0.0,0,pos
FUN_015624,0,0.0,0,pos,0,0.0,0,pos
FUN_016535,0,0.0,0,pos,0,0.0,0,pos
FUN_008531,48,0.015355086372360844,1,pos_s2562_e2610,0,0.0,0,pos
FUN_007902,0,0.0,0,pos,0,0.0,0,pos
FUN_008786,0,0.0,0,pos,0,0.0,0,pos
FUN_009940,0,0.0,0,pos,0,0.0,0,pos
FUN_001733,30,0.05,1,pos_s378_e408,0,0.0,0,pos
FUN_010236,0,0.0,0,pos,0,0.0,0,pos
FUN_009601,0,0.0,0,pos,0,0.0,0,pos
FUN_006648,0,0.0,0,pos,0,0.0,0,pos
FUN_016594,0,0.0,0,pos,0,0.0,0,pos
FUN_016026,0,0.0,0,pos,0,0.0,0,pos
FUN_015300,0,0.0,0,pos,0,0.0,0,pos
FUN_010862,0,0.0,0,pos,0,0.0,0,pos
FUN_003286,12,0.001589825119236884,0,pos,0,0.0,0,pos
FUN_006621,6,0.002793296089385475,0,pos,0,0.0,0,pos
FUN_007344,24,0.11764705882352941,0,pos,24,0.11764705882352941,0,pos
FUN_009654,156,0.20155038759689922,2,pos_s348_e378_s432_e540,6,0.007751937984496124,0,pos
FUN_008492,0,0.0,0,pos,0,0.0,0,pos
FUN_001287,0,0.0,0,pos,0,0.0,0,pos
FUN_004971,0,0.0,0,pos,0,0.0,0,pos
FUN_000218,0,0.0,0,pos,0,0.0,0,pos
FUN_000953,0,0.0,0,pos,0,0.0,0,pos
FUN_009988,0,0.0,0,pos,0,0.0,0,pos
FUN_003629,0,0.0,0,pos,0,0.0,0,pos
FUN_005830,66,0.08661417322834646,0,pos,54,0.07086614173228346,0,pos
FUN_007738,78,0.03939393939393939,1,pos_s396_e456,0,0.0,0,pos
FUN_016224,0,0.0,0,pos,0,0.0,0,pos
FUN_010871,0,0.0,0,pos,0,0.0,0,pos
FUN_004922,0,0.0,0,pos,0,0.0,0,pos
FUN_016178,0,0.0,0,pos,0,0.0,0,pos
FUN_002426,0,0.0,0,pos,0,0.0,0,pos
FUN_003075,0,0.0,0,pos,0,0.0,0,pos
FUN_005056,0,0.0,0,pos,0,0.0,0,pos
FUN_000007,0,0.0,0,pos,0,0.0,0,pos
FUN_010627,48,0.020942408376963352,1,pos_s186_e234,0,0.0,0,pos
FUN_011195,0,0.0,0,pos,0,0.0,0,pos
FUN_008154,0,0.0,0,pos,0,0.0,0,pos
FUN_005270,0,0.0,0,pos,0,0.0,0,pos
FUN_016216,0,0.0,0,pos,0,0.0,0,pos
FUN_001762,0,0.0,0,pos,0,0.0,0,pos
FUN_009069,0,0.0,0,pos,0,0.0,0,pos
FUN_003829,0,0.0,0,pos,0,0.0,0,pos
FUN_007945,6,0.0019880715705765406,0,pos,0,0.0,0,pos
FUN_008754,0,0.0,0,pos,0,0.0,0,pos
FUN_015560,0,0.0,0,pos,0,0.0,0,pos
FUN_000810,42,0.03804347826086957,1,pos_s210_e246,0,0.0,0,pos
FUN_015818,0,0.0,0,pos,0,0.0,0,pos
FUN_001546,0,0.0,0,pos,0,0.0,0,pos
FUN_000815,18,0.009009009009009009,0,pos,0,0.0,0,pos
FUN_005921,60,0.0847457627118644,1,pos_s510_e564,0,0.0,0,pos
FUN_007494,12,0.010752688172043012,0,pos,0,0.0,0,pos
FUN_008280,0,0.0,0,pos,0,0.0,0,pos
FUN_010711,0,0.0,0,pos,0,0.0,0,pos
FUN_004650,0,0.0,0,pos,0,0.0,0,pos
FUN_001535,0,0.0,0,pos,0,0.0,0,pos
FUN_005151,0,0.0,0,pos,0,0.0,0,pos
FUN_001677,0,0.0,0,pos,0,0.0,0,pos
FUN_000750,0,0.0,0,pos,0,0.0,0,pos
FUN_000811,0,0.0,0,pos,0,0.0,0,pos
FUN_009250,0,0.0,0,pos,0,0.0,0,pos
FUN_010083,222,0.05692307692307692,4,pos_s1764_e1812_s1818_e1848_s3372_e3420_s3426_e3486,114,0.02923076923076923,2,pos_s1764_e1812_s3372_e3420
FUN_003924,48,0.03333333333333333,0,pos,0,0.0,0,pos
FUN_011872,0,0.0,0,pos,0,0.0,0,pos
FUN_011020,0,0.0,0,pos,0,0.0,0,pos
FUN_004006,114,0.13970588235294118,1,pos_s600_e690,36,0.04411764705882353,0,pos
FUN_005967,18,0.09090909090909091,0,pos,0,0.0,0,pos
FUN_009260,0,0.0,0,pos,0,0.0,0,pos
FUN_010392,0,0.0,0,pos,0,0.0,0,pos
FUN_001053,6,0.003067484662576687,0,pos,0,0.0,0,pos
FUN_006201,0,0.0,0,pos,0,0.0,0,pos
FUN_003509,30,0.0102880658436214,1,pos_s126_e156,0,0.0,0,pos
FUN_009391,0,0.0,0,pos,0,0.0,0,pos
FUN_004708,0,0.0,0,pos,0,0.0,0,pos
FUN_010498,0,0.0,0,pos,0,0.0,0,pos
FUN_004373,0,0.0,0,pos,0,0.0,0,pos
FUN_016575,84,0.1076923076923077,1,pos_s594_e636,0,0.0,0,pos
FUN_009178,72,0.10810810810810811,1,pos_s180_e252,12,0.018018018018018018,0,pos
FUN_004905,0,0.0,0,pos,0,0.0,0,pos
FUN_005286,0,0.0,0,pos,0,0.0,0,pos
FUN_002356,102,0.054838709677419356,2,pos_s168_e222_s1596_e1626,48,0.025806451612903226,1,pos_s174_e222
FUN_001293,132,0.22916666666666666,0,pos,114,0.19791666666666666,0,pos
FUN_007803,78,0.03551912568306011,1,pos_s1146_e1200,66,0.030054644808743168,1,pos_s1146_e1200
FUN_010246,0,0.0,0,pos,0,0.0,0,pos
FUN_016557,0,0.0,0,pos,0,0.0,0,pos
FUN_012430,0,0.0,0,pos,0,0.0,0,pos
FUN_009368,6,0.0024875621890547263,0,pos,0,0.0,0,pos
FUN_002618,0,0.0,0,pos,0,0.0,0,pos
FUN_004362,0,0.0,0,pos,0,0.0,0,pos
FUN_009868,0,0.0,0,pos,0,0.0,0,pos
FUN_012423,0,0.0,0,pos,0,0.0,0,pos
FUN_002800,0,0.0,0,pos,0,0.0,0,pos
FUN_007409,0,0.0,0,pos,0,0.0,0,pos
FUN_003734,0,0.0,0,pos,0,0.0,0,pos
FUN_015991,0,0.0,0,pos,0,0.0,0,pos
FUN_006142,30,0.02512562814070352,1,pos_s84_e114,0,0.0,0,pos
FUN_009668,66,0.009515570934256055,1,pos_s5214_e5250,0,0.0,0,pos
FUN_016598,0,0.0,0,pos,0,0.0,0,pos
FUN_002745,0,0.0,0,pos,0,0.0,0,pos
FUN_004003,0,0.0,0,pos,0,0.0,0,pos
FUN_015933,0,0.0,0,pos,0,0.0,0,pos
FUN_012523,0,0.0,0,pos,0,0.0,0,pos
FUN_002445,0,0.0,0,pos,0,0.0,0,pos
FUN_003195,18,0.002124645892351275,0,pos,0,0.0,0,pos
FUN_011616,0,0.0,0,pos,0,0.0,0,pos
FUN_001198,0,0.0,0,pos,0,0.0,0,pos
FUN_012387,0,0.0,0,pos,0,0.0,0,pos
FUN_002299,0,0.0,0,pos,0,0.0,0,pos
FUN_012450,0,0.0,0,pos,0,0.0,0,pos
FUN_008203,186,0.03252885624344176,2,pos_s3324_e3360_s4422_e4482,0,0.0,0,pos
FUN_012485,0,0.0,0,pos,0,0.0,0,pos
FUN_008777,0,0.0,0,pos,0,0.0,0,pos
FUN_005691,0,0.0,0,pos,0,0.0,0,pos
FUN_007028,0,0.0,0,pos,0,0.0,0,pos
FUN_016354,0,0.0,0,pos,0,0.0,0,pos
FUN_015295,0,0.0,0,pos,0,0.0,0,pos
FUN_009882,0,0.0,0,pos,0,0.0,0,pos
FUN_003081,0,0.0,0,pos,0,0.0,0,pos
FUN_006749,0,0.0,0,pos,0,0.0,0,pos
FUN_005983,0,0.0,0,pos,0,0.0,0,pos
FUN_001057,0,0.0,0,pos,0,0.0,0,pos
FUN_007905,60,0.020964360587002098,1,pos_s1020_e1056,6,0.0020964360587002098,0,pos
FUN_006511,0,0.0,0,pos,0,0.0,0,pos
FUN_010980,0,0.0,0,pos,0,0.0,0,pos
FUN_006513,120,0.008972633467922835,2,pos_s9006_e9048_s12798_e12846,0,0.0,0,pos
FUN_007669,0,0.0,0,pos,0,0.0,0,pos
FUN_009673,0,0.0,0,pos,0,0.0,0,pos
FUN_005493,0,0.0,0,pos,0,0.0,0,pos
FUN_008462,66,0.03273809523809524,1,pos_s342_e384,18,0.008928571428571428,0,pos
FUN_005606,0,0.0,0,pos,0,0.0,0,pos
FUN_001509,0,0.0,0,pos,0,0.0,0,pos
FUN_012055,0,0.0,0,pos,0,0.0,0,pos
FUN_000698,6,0.003125,0,pos,0,0.0,0,pos
FUN_004164,0,0.0,0,pos,0,0.0,0,pos
FUN_011448,90,0.12931034482758622,1,pos_s318_e378,54,0.07758620689655173,1,pos_s318_e372
FUN_002786,0,0.0,0,pos,0,0.0,0,pos
FUN_009213,0,0.0,0,pos,0,0.0,0,pos
FUN_011385,0,0.0,0,pos,0,0.0,0,pos
FUN_004168,0,0.0,0,pos,0,0.0,0,pos
FUN_005150,0,0.0,0,pos,0,0.0,0,pos
FUN_007415,18,0.0057692307692307696,0,pos,18,0.0057692307692307696,0,pos
FUN_003662,102,0.06692913385826772,1,pos_s708_e810,0,0.0,0,pos
FUN_011960,0,0.0,0,pos,0,0.0,0,pos
FUN_007073,0,0.0,0,pos,0,0.0,0,pos
FUN_004645,0,0.0,0,pos,0,0.0,0,pos
FUN_002070,0,0.0,0,pos,0,0.0,0,pos
FUN_015885,0,0.0,0,pos,0,0.0,0,pos
FUN_001882,0,0.0,0,pos,0,0.0,0,pos
FUN_007275,18,0.009836065573770493,0,pos,12,0.006557377049180328,0,pos
FUN_007947,0,0.0,0,pos,0,0.0,0,pos
FUN_006365,0,0.0,0,pos,0,0.0,0,pos
FUN_004182,0,0.0,0,pos,0,0.0,0,pos
FUN_003264,114,0.0815450643776824,2,pos_s744_e816_s852_e888,0,0.0,0,pos
FUN_000804,48,0.03389830508474576,1,pos_s882_e930,12,0.00847457627118644,0,pos
FUN_006137,0,0.0,0,pos,0,0.0,0,pos
FUN_010412,144,0.2033898305084746,1,pos_s204_e312,18,0.025423728813559324,0,pos
FUN_015699,0,0.0,0,pos,0,0.0,0,pos
FUN_016392,0,0.0,0,pos,0,0.0,0,pos
FUN_004054,78,0.18571428571428572,2,pos_s204_e252_s366_e396,48,0.11428571428571428,1,pos_s204_e252
FUN_005468,66,0.1134020618556701,1,pos_s414_e450,0,0.0,0,pos
FUN_006109,0,0.0,0,pos,0,0.0,0,pos
FUN_009471,36,0.08571428571428572,1,pos_s66_e102,24,0.05714285714285714,0,pos
FUN_006093,0,0.0,0,pos,0,0.0,0,pos
FUN_000203,0,0.0,0,pos,0,0.0,0,pos
FUN_007511,0,0.0,0,pos,0,0.0,0,pos
FUN_011352,48,0.05673758865248227,1,pos_s354_e402,0,0.0,0,pos
FUN_004919,6,0.003968253968253968,0,pos,0,0.0,0,pos
FUN_008352,0,0.0,0,pos,0,0.0,0,pos
FUN_006101,0,0.0,0,pos,0,0.0,0,pos
FUN_010654,102,0.1827956989247312,2,pos_s0_e30_s54_e126,6,0.010752688172043012,0,pos
FUN_011771,0,0.0,0,pos,0,0.0,0,pos
FUN_016499,0,0.0,0,pos,0,0.0,0,pos
FUN_007304,0,0.0,0,pos,0,0.0,0,pos
FUN_012277,0,0.0,0,pos,0,0.0,0,pos
FUN_001298,0,0.0,0,pos,0,0.0,0,pos
FUN_009973,0,0.0,0,pos,0,0.0,0,pos
FUN_006907,0,0.0,0,pos,0,0.0,0,pos
FUN_003102,30,0.03546099290780142,0,pos,0,0.0,0,pos
FUN_011113,0,0.0,0,pos,0,0.0,0,pos
FUN_010798,0,0.0,0,pos,0,0.0,0,pos
FUN_009559,42,0.020710059171597635,0,pos,0,0.0,0,pos
FUN_005452,0,0.0,0,pos,0,0.0,0,pos
FUN_000612,0,0.0,0,pos,0,0.0,0,pos
FUN_002635,0,0.0,0,pos,0,0.0,0,pos
FUN_002052,0,0.0,0,pos,0,0.0,0,pos
FUN_000961,0,0.0,0,pos,0,0.0,0,pos
FUN_010338,0,0.0,0,pos,0,0.0,0,pos
FUN_015989,0,0.0,0,pos,0,0.0,0,pos
FUN_002326,0,0.0,0,pos,0,0.0,0,pos
FUN_015970,0,0.0,0,pos,0,0.0,0,pos
FUN_009131,108,0.08653846153846154,2,pos_s582_e630_s930_e978,0,0.0,0,pos
FUN_015513,0,0.0,0,pos,0,0.0,0,pos
FUN_003462,0,0.0,0,pos,0,0.0,0,pos
FUN_007393,0,0.0,0,pos,0,0.0,0,pos
FUN_000360,90,0.03480278422273782,1,pos_s0_e90,6,0.002320185614849188,0,pos
FUN_000902,0,0.0,0,pos,0,0.0,0,pos
FUN_012168,24,0.0016460905349794238,0,pos,0,0.0,0,pos
FUN_004197,6,0.00980392156862745,0,pos,0,0.0,0,pos
FUN_011631,0,0.0,0,pos,0,0.0,0,pos
FUN_015827,0,0.0,0,pos,0,0.0,0,pos
FUN_012219,174,0.5178571428571429,2,pos_s0_e72_s114_e186,54,0.16071428571428573,0,pos
FUN_003327,12,0.02531645569620253,0,pos,0,0.0,0,pos
FUN_002255,0,0.0,0,pos,0,0.0,0,pos
FUN_009015,30,0.02145922746781116,1,pos_s540_e570,0,0.0,0,pos
FUN_009676,30,0.0012807377049180327,0,pos,0,0.0,0,pos
FUN_001886,0,0.0,0,pos,0,0.0,0,pos
FUN_008114,114,0.06484641638225255,1,pos_s60_e174,114,0.06484641638225255,1,pos_s60_e174
FUN_006563,0,0.0,0,pos,0,0.0,0,pos
FUN_002202,0,0.0,0,pos,0,0.0,0,pos
FUN_003585,0,0.0,0,pos,0,0.0,0,pos
FUN_010483,402,0.06215213358070501,8,pos_s3540_e3594_s3600_e3630_s4476_e4518_s4800_e4830_s4842_e4884_s5586_e5628_s6126_e6162_s6264_e6342,60,0.00927643784786642,1,pos_s4476_e4518
FUN_010451,0,0.0,0,pos,0,0.0,0,pos
FUN_015644,0,0.0,0,pos,0,0.0,0,pos
FUN_002438,0,0.0,0,pos,0,0.0,0,pos
FUN_011392,0,0.0,0,pos,0,0.0,0,pos
FUN_016774,0,0.0,0,pos,0,0.0,0,pos
FUN_010042,0,0.0,0,pos,0,0.0,0,pos
FUN_008021,0,0.0,0,pos,0,0.0,0,pos
FUN_003312,6,0.005376344086021506,0,pos,0,0.0,0,pos
FUN_002152,0,0.0,0,pos,0,0.0,0,pos
FUN_008483,0,0.0,0,pos,0,0.0,0,pos
FUN_008122,0,0.0,0,pos,0,0.0,0,pos
FUN_009616,0,0.0,0,pos,0,0.0,0,pos
FUN_009156,42,0.09722222222222222,1,pos_s354_e390,0,0.0,0,pos
FUN_015773,0,0.0,0,pos,0,0.0,0,pos
FUN_004367,0,0.0,0,pos,0,0.0,0,pos
FUN_003306,0,0.0,0,pos,0,0.0,0,pos
FUN_012226,330,0.36423841059602646,3,pos_s18_e186_s306_e408_s438_e480,72,0.07947019867549669,0,pos
FUN_010614,210,0.03858875413450937,3,pos_s144_e180_s2178_e2280_s2460_e2496,102,0.018743109151047408,2,pos_s2178_e2226_s2250_e2280
FUN_006991,0,0.0,0,pos,0,0.0,0,pos
FUN_000999,0,0.0,0,pos,0,0.0,0,pos
FUN_007681,0,0.0,0,pos,0,0.0,0,pos
FUN_002260,0,0.0,0,pos,0,0.0,0,pos
FUN_001318,0,0.0,0,pos,0,0.0,0,pos
FUN_010152,30,0.016611295681063124,0,pos,0,0.0,0,pos
FUN_006239,0,0.0,0,pos,0,0.0,0,pos
FUN_005253,0,0.0,0,pos,0,0.0,0,pos
FUN_009944,36,0.1875,0,pos,0,0.0,0,pos
FUN_015771,0,0.0,0,pos,0,0.0,0,pos
FUN_007190,12,0.00904977375565611,0,pos,0,0.0,0,pos
FUN_007473,0,0.0,0,pos,0,0.0,0,pos
FUN_010119,0,0.0,0,pos,0,0.0,0,pos
FUN_001230,0,0.0,0,pos,0,0.0,0,pos
FUN_012019,0,0.0,0,pos,0,0.0,0,pos
FUN_000795,0,0.0,0,pos,0,0.0,0,pos
FUN_006804,0,0.0,0,pos,0,0.0,0,pos
FUN_005988,18,0.02040816326530612,0,pos,0,0.0,0,pos
FUN_011188,0,0.0,0,pos,0,0.0,0,pos
FUN_012316,0,0.0,0,pos,0,0.0,0,pos
FUN_016317,0,0.0,0,pos,0,0.0,0,pos
FUN_016059,0,0.0,0,pos,0,0.0,0,pos
FUN_002636,0,0.0,0,pos,0,0.0,0,pos
FUN_011351,0,0.0,0,pos,0,0.0,0,pos
FUN_005991,48,0.024464831804281346,1,pos_s1212_e1254,0,0.0,0,pos
FUN_011956,0,0.0,0,pos,0,0.0,0,pos
FUN_006785,0,0.0,0,pos,0,0.0,0,pos
FUN_011281,0,0.0,0,pos,0,0.0,0,pos
FUN_006633,0,0.0,0,pos,0,0.0,0,pos
FUN_007081,0,0.0,0,pos,0,0.0,0,pos
FUN_004068,0,0.0,0,pos,0,0.0,0,pos
FUN_010410,78,0.05855855855855856,1,pos_s1206_e1278,54,0.04054054054054054,1,pos_s1212_e1266
FUN_005946,0,0.0,0,pos,0,0.0,0,pos
FUN_008379,0,0.0,0,pos,0,0.0,0,pos
FUN_016231,0,0.0,0,pos,0,0.0,0,pos
FUN_009481,0,0.0,0,pos,0,0.0,0,pos
FUN_008717,0,0.0,0,pos,0,0.0,0,pos
FUN_002123,54,0.02050113895216401,1,pos_s318_e372,0,0.0,0,pos
FUN_003073,0,0.0,0,pos,0,0.0,0,pos
FUN_000466,0,0.0,0,pos,0,0.0,0,pos
FUN_009150,0,0.0,0,pos,0,0.0,0,pos
FUN_006449,0,0.0,0,pos,0,0.0,0,pos
FUN_016247,0,0.0,0,pos,0,0.0,0,pos
FUN_001471,0,0.0,0,pos,0,0.0,0,pos
FUN_009511,24,0.04081632653061224,0,pos,6,0.01020408163265306,0,pos
FUN_007398,0,0.0,0,pos,0,0.0,0,pos
FUN_000029,0,0.0,0,pos,0,0.0,0,pos
FUN_015294,0,0.0,0,pos,0,0.0,0,pos
FUN_005780,0,0.0,0,pos,0,0.0,0,pos
FUN_000905,0,0.0,0,pos,0,0.0,0,pos
FUN_004658,84,0.01201716738197425,1,pos_s606_e654,0,0.0,0,pos
FUN_008856,0,0.0,0,pos,0,0.0,0,pos
FUN_015431,0,0.0,0,pos,0,0.0,0,pos
FUN_009725,0,0.0,0,pos,0,0.0,0,pos
FUN_007096,0,0.0,0,pos,0,0.0,0,pos
FUN_004723,30,0.040983606557377046,0,pos,18,0.02459016393442623,0,pos
FUN_000942,210,0.07,4,pos_s2550_e2586_s2610_e2652_s2736_e2796_s2820_e2868,24,0.008,0,pos
FUN_006755,0,0.0,0,pos,0,0.0,0,pos
FUN_000714,0,0.0,0,pos,0,0.0,0,pos
FUN_002553,0,0.0,0,pos,0,0.0,0,pos
FUN_006345,0,0.0,0,pos,0,0.0,0,pos
FUN_010635,102,0.04815864022662889,1,pos_s222_e300,60,0.028328611898016998,0,pos
FUN_003796,6,0.004291845493562232,0,pos,0,0.0,0,pos
FUN_002582,0,0.0,0,pos,0,0.0,0,pos
FUN_012096,0,0.0,0,pos,0,0.0,0,pos
FUN_001707,0,0.0,0,pos,0,0.0,0,pos
FUN_006759,0,0.0,0,pos,0,0.0,0,pos
FUN_011801,0,0.0,0,pos,0,0.0,0,pos
FUN_008325,0,0.0,0,pos,0,0.0,0,pos
FUN_009613,0,0.0,0,pos,0,0.0,0,pos
FUN_016090,0,0.0,0,pos,0,0.0,0,pos
FUN_012494,0,0.0,0,pos,0,0.0,0,pos
FUN_010844,0,0.0,0,pos,0,0.0,0,pos
FUN_004193,90,0.029411764705882353,1,pos_s1932_e2004,0,0.0,0,pos
FUN_005887,0,0.0,0,pos,0,0.0,0,pos
FUN_008563,0,0.0,0,pos,0,0.0,0,pos
FUN_011794,0,0.0,0,pos,0,0.0,0,pos
FUN_002926,18,0.13636363636363635,0,pos,0,0.0,0,pos
FUN_003076,0,0.0,0,pos,0,0.0,0,pos
FUN_016388,0,0.0,0,pos,0,0.0,0,pos
FUN_000469,18,0.010869565217391304,0,pos,0,0.0,0,pos
FUN_002967,0,0.0,0,pos,0,0.0,0,pos
FUN_011625,0,0.0,0,pos,0,0.0,0,pos
FUN_016171,0,0.0,0,pos,0,0.0,0,pos
FUN_004881,0,0.0,0,pos,0,0.0,0,pos
FUN_016141,0,0.0,0,pos,0,0.0,0,pos
FUN_001186,120,0.025906735751295335,2,pos_s1686_e1740_s2580_e2616,0,0.0,0,pos
FUN_015703,0,0.0,0,pos,0,0.0,0,pos
FUN_012064,0,0.0,0,pos,0,0.0,0,pos
FUN_010378,0,0.0,0,pos,0,0.0,0,pos
FUN_012332,0,0.0,0,pos,0,0.0,0,pos
FUN_001171,0,0.0,0,pos,0,0.0,0,pos
FUN_002375,0,0.0,0,pos,0,0.0,0,pos
FUN_008587,0,0.0,0,pos,0,0.0,0,pos
FUN_002849,0,0.0,0,pos,0,0.0,0,pos
FUN_002566,12,0.013071895424836602,0,pos,6,0.006535947712418301,0,pos
FUN_008222,0,0.0,0,pos,0,0.0,0,pos
FUN_011579,0,0.0,0,pos,0,0.0,0,pos
FUN_003640,0,0.0,0,pos,0,0.0,0,pos
FUN_006381,0,0.0,0,pos,0,0.0,0,pos
FUN_012539,0,0.0,0,pos,0,0.0,0,pos
FUN_005060,0,0.0,0,pos,0,0.0,0,pos
FUN_002827,0,0.0,0,pos,0,0.0,0,pos
FUN_006009,30,0.00998003992015968,1,pos_s504_e534,0,0.0,0,pos
FUN_001095,24,0.013114754098360656,0,pos,0,0.0,0,pos
FUN_003971,60,0.04524886877828054,1,pos_s840_e894,0,0.0,0,pos
FUN_009768,0,0.0,0,pos,0,0.0,0,pos
FUN_010132,12,0.011976047904191617,0,pos,0,0.0,0,pos
FUN_001730,0,0.0,0,pos,0,0.0,0,pos
FUN_015881,72,0.03821656050955414,1,pos_s228_e270,12,0.006369426751592357,0,pos
FUN_003386,0,0.0,0,pos,0,0.0,0,pos
FUN_007677,0,0.0,0,pos,0,0.0,0,pos
FUN_001637,0,0.0,0,pos,0,0.0,0,pos
FUN_003282,12,0.012345679012345678,0,pos,0,0.0,0,pos
FUN_002347,96,0.060836501901140684,2,pos_s672_e732_s1140_e1176,6,0.0038022813688212928,0,pos
FUN_009493,0,0.0,0,pos,0,0.0,0,pos
FUN_011366,60,0.018518518518518517,0,pos,0,0.0,0,pos
FUN_009896,54,0.10227272727272728,1,pos_s270_e324,42,0.07954545454545454,1,pos_s276_e318
FUN_004917,0,0.0,0,pos,0,0.0,0,pos
FUN_011516,0,0.0,0,pos,0,0.0,0,pos
FUN_007213,0,0.0,0,pos,0,0.0,0,pos
FUN_004884,0,0.0,0,pos,0,0.0,0,pos
FUN_008958,156,0.03566529492455418,2,pos_s3216_e3258_s3570_e3648,6,0.0013717421124828531,0,pos
FUN_001607,0,0.0,0,pos,0,0.0,0,pos
FUN_004087,72,0.06486486486486487,0,pos,12,0.010810810810810811,0,pos
FUN_001019,54,0.013100436681222707,1,pos_s864_e918,18,0.004366812227074236,0,pos
FUN_000177,24,0.015037593984962405,0,pos,0,0.0,0,pos
FUN_005183,0,0.0,0,pos,0,0.0,0,pos
FUN_012527,0,0.0,0,pos,0,0.0,0,pos
FUN_009902,108,0.1005586592178771,2,pos_s348_e378_s450_e498,18,0.01675977653631285,0,pos
FUN_016811,0,0.0,0,pos,0,0.0,0,pos
FUN_008913,168,0.11244979919678715,3,pos_s342_e372_s810_e840_s1254_e1308,18,0.012048192771084338,0,pos
FUN_015882,0,0.0,0,pos,0,0.0,0,pos
FUN_007071,0,0.0,0,pos,0,0.0,0,pos
FUN_015440,0,0.0,0,pos,0,0.0,0,pos
FUN_010646,0,0.0,0,pos,0,0.0,0,pos
FUN_011845,0,0.0,0,pos,0,0.0,0,pos
FUN_002249,42,0.058333333333333334,0,pos,0,0.0,0,pos
FUN_001347,0,0.0,0,pos,0,0.0,0,pos
FUN_000813,0,0.0,0,pos,0,0.0,0,pos
FUN_007531,0,0.0,0,pos,0,0.0,0,pos
FUN_002359,42,0.05426356589147287,1,pos_s570_e612,0,0.0,0,pos
FUN_010032,0,0.0,0,pos,0,0.0,0,pos
FUN_004378,0,0.0,0,pos,0,0.0,0,pos
FUN_008371,0,0.0,0,pos,0,0.0,0,pos
FUN_007302,0,0.0,0,pos,0,0.0,0,pos
FUN_003794,0,0.0,0,pos,0,0.0,0,pos
FUN_005610,0,0.0,0,pos,0,0.0,0,pos
FUN_003011,0,0.0,0,pos,0,0.0,0,pos
FUN_009970,210,0.03731343283582089,4,pos_s1284_e1314_s4812_e4866_s4884_e4944_s5028_e5058,36,0.006396588486140725,1,pos_s4884_e4920
FUN_016731,0,0.0,0,pos,0,0.0,0,pos
FUN_001399,6,0.004048582995951417,0,pos,0,0.0,0,pos
FUN_010530,0,0.0,0,pos,0,0.0,0,pos
FUN_001678,0,0.0,0,pos,0,0.0,0,pos
FUN_008526,0,0.0,0,pos,0,0.0,0,pos
FUN_016055,0,0.0,0,pos,0,0.0,0,pos
FUN_000996,24,0.04597701149425287,0,pos,24,0.04597701149425287,0,pos
FUN_004291,0,0.0,0,pos,0,0.0,0,pos
FUN_008745,0,0.0,0,pos,0,0.0,0,pos
FUN_016654,0,0.0,0,pos,0,0.0,0,pos
FUN_002667,0,0.0,0,pos,0,0.0,0,pos
FUN_001337,144,0.15789473684210525,2,pos_s504_e618_s624_e654,126,0.13815789473684212,2,pos_s504_e534_s540_e612
FUN_004247,0,0.0,0,pos,0,0.0,0,pos
FUN_010010,0,0.0,0,pos,0,0.0,0,pos
FUN_015679,6,0.003703703703703704,0,pos,0,0.0,0,pos
FUN_016035,0,0.0,0,pos,0,0.0,0,pos
FUN_000859,18,0.0027223230490018148,0,pos,0,0.0,0,pos
FUN_000096,198,0.04796511627906977,3,pos_s54_e84_s1476_e1506_s2922_e2964,60,0.014534883720930232,1,pos_s2922_e2964
FUN_005976,0,0.0,0,pos,0,0.0,0,pos
FUN_005790,60,0.03759398496240601,1,pos_s396_e432,0,0.0,0,pos
FUN_016253,0,0.0,0,pos,0,0.0,0,pos
FUN_011070,0,0.0,0,pos,0,0.0,0,pos
FUN_015632,0,0.0,0,pos,0,0.0,0,pos
FUN_010441,324,0.140625,2,pos_s204_e348_s1302_e1404,54,0.0234375,1,pos_s1356_e1404
FUN_004177,84,0.015069967707212056,1,pos_s4098_e4146,18,0.0032292787944025836,0,pos
FUN_009627,12,0.00749063670411985,0,pos,0,0.0,0,pos
FUN_000063,0,0.0,0,pos,0,0.0,0,pos
FUN_003909,216,0.24324324324324326,2,pos_s162_e300_s738_e780,18,0.02027027027027027,0,pos
FUN_009231,54,0.13636363636363635,0,pos,18,0.045454545454545456,0,pos
FUN_008924,0,0.0,0,pos,0,0.0,0,pos
FUN_008366,0,0.0,0,pos,0,0.0,0,pos
FUN_003832,0,0.0,0,pos,0,0.0,0,pos
FUN_016636,0,0.0,0,pos,0,0.0,0,pos
FUN_015904,0,0.0,0,pos,0,0.0,0,pos
FUN_012291,0,0.0,0,pos,0,0.0,0,pos
FUN_000683,0,0.0,0,pos,0,0.0,0,pos
FUN_008008,48,0.013289036544850499,1,pos_s1410_e1440,0,0.0,0,pos
FUN_009600,246,0.18468468468468469,3,pos_s0_e96_s102_e150_s930_e1032,24,0.018018018018018018,0,pos
FUN_002161,24,0.011904761904761904,0,pos,0,0.0,0,pos
FUN_005265,0,0.0,0,pos,0,0.0,0,pos
FUN_011285,0,0.0,0,pos,0,0.0,0,pos
FUN_004904,0,0.0,0,pos,0,0.0,0,pos
FUN_016600,0,0.0,0,pos,0,0.0,0,pos
FUN_004806,0,0.0,0,pos,0,0.0,0,pos
FUN_016484,0,0.0,0,pos,0,0.0,0,pos
FUN_007238,0,0.0,0,pos,0,0.0,0,pos
FUN_015766,0,0.0,0,pos,0,0.0,0,pos
FUN_009453,12,0.014285714285714285,0,pos,6,0.007142857142857143,0,pos
FUN_007970,0,0.0,0,pos,0,0.0,0,pos
FUN_011046,0,0.0,0,pos,0,0.0,0,pos
FUN_002878,6,0.0003916960438699569,0,pos,0,0.0,0,pos
FUN_007976,0,0.0,0,pos,0,0.0,0,pos
FUN_011440,0,0.0,0,pos,0,0.0,0,pos
FUN_010131,0,0.0,0,pos,0,0.0,0,pos
FUN_001215,0,0.0,0,pos,0,0.0,0,pos
FUN_016773,0,0.0,0,pos,0,0.0,0,pos
FUN_009100,0,0.0,0,pos,0,0.0,0,pos
FUN_007888,0,0.0,0,pos,0,0.0,0,pos
FUN_000551,0,0.0,0,pos,0,0.0,0,pos
FUN_003199,0,0.0,0,pos,0,0.0,0,pos
FUN_015680,0,0.0,0,pos,0,0.0,0,pos
FUN_004918,0,0.0,0,pos,0,0.0,0,pos
FUN_003925,132,0.057291666666666664,1,pos_s228_e336,108,0.046875,1,pos_s228_e336
FUN_001309,0,0.0,0,pos,0,0.0,0,pos
FUN_010644,6,0.001557632398753894,0,pos,0,0.0,0,pos
FUN_011995,0,0.0,0,pos,0,0.0,0,pos
FUN_011055,0,0.0,0,pos,0,0.0,0,pos
FUN_006605,24,0.0034071550255536627,0,pos,0,0.0,0,pos
FUN_001944,0,0.0,0,pos,0,0.0,0,pos
FUN_005738,0,0.0,0,pos,0,0.0,0,pos
FUN_008597,0,0.0,0,pos,0,0.0,0,pos
FUN_000148,0,0.0,0,pos,0,0.0,0,pos
FUN_000229,102,0.04047619047619048,2,pos_s768_e816_s1662_e1704,0,0.0,0,pos
FUN_005149,0,0.0,0,pos,0,0.0,0,pos
FUN_001090,0,0.0,0,pos,0,0.0,0,pos
FUN_008029,0,0.0,0,pos,0,0.0,0,pos
FUN_002659,0,0.0,0,pos,0,0.0,0,pos
FUN_010772,0,0.0,0,pos,0,0.0,0,pos
FUN_000806,0,0.0,0,pos,0,0.0,0,pos
FUN_007331,0,0.0,0,pos,0,0.0,0,pos
FUN_002682,0,0.0,0,pos,0,0.0,0,pos
FUN_006964,0,0.0,0,pos,0,0.0,0,pos
FUN_004073,0,0.0,0,pos,0,0.0,0,pos
FUN_003491,0,0.0,0,pos,0,0.0,0,pos
FUN_010381,0,0.0,0,pos,0,0.0,0,pos
FUN_004001,150,0.12135922330097088,2,pos_s30_e66_s516_e612,18,0.014563106796116505,0,pos
FUN_012001,0,0.0,0,pos,0,0.0,0,pos
FUN_001716,0,0.0,0,pos,0,0.0,0,pos
FUN_016777,6,0.006172839506172839,0,pos,0,0.0,0,pos
FUN_010303,0,0.0,0,pos,0,0.0,0,pos
FUN_007825,0,0.0,0,pos,0,0.0,0,pos
FUN_016449,0,0.0,0,pos,0,0.0,0,pos
FUN_012321,0,0.0,0,pos,0,0.0,0,pos
FUN_004590,372,0.03434903047091413,4,pos_s1476_e1530_s4830_e4938_s5130_e5196_s5202_e5238,120,0.0110803324099723,1,pos_s4830_e4914
FUN_010517,72,0.0297029702970297,1,pos_s1848_e1908,18,0.007425742574257425,0,pos
FUN_011006,168,0.0625,2,pos_s216_e324_s582_e642,6,0.002232142857142857,0,pos
FUN_016025,0,0.0,0,pos,0,0.0,0,pos
FUN_005875,0,0.0,0,pos,0,0.0,0,pos
FUN_000680,0,0.0,0,pos,0,0.0,0,pos
FUN_012492,0,0.0,0,pos,0,0.0,0,pos
FUN_010652,0,0.0,0,pos,0,0.0,0,pos
FUN_015498,0,0.0,0,pos,0,0.0,0,pos
FUN_003839,0,0.0,0,pos,0,0.0,0,pos
FUN_007240,0,0.0,0,pos,0,0.0,0,pos
FUN_012237,0,0.0,0,pos,0,0.0,0,pos
FUN_000771,0,0.0,0,pos,0,0.0,0,pos
FUN_000571,0,0.0,0,pos,0,0.0,0,pos
FUN_007760,0,0.0,0,pos,0,0.0,0,pos
FUN_001075,0,0.0,0,pos,0,0.0,0,pos
FUN_005170,42,0.030434782608695653,1,pos_s450_e480,0,0.0,0,pos
FUN_004702,0,0.0,0,pos,0,0.0,0,pos
FUN_010695,0,0.0,0,pos,0,0.0,0,pos
FUN_009781,126,0.0246189917936694,1,pos_s156_e204,0,0.0,0,pos
FUN_009277,0,0.0,0,pos,0,0.0,0,pos
FUN_008716,342,0.14578005115089515,2,pos_s594_e672_s1818_e2064,234,0.09974424552429667,3,pos_s600_e642_s1818_e1962_s1986_e2028
FUN_006096,0,0.0,0,pos,0,0.0,0,pos
FUN_016120,0,0.0,0,pos,0,0.0,0,pos
FUN_004204,0,0.0,0,pos,0,0.0,0,pos
FUN_004535,0,0.0,0,pos,0,0.0,0,pos
FUN_003526,216,0.16744186046511628,3,pos_s846_e918_s924_e972_s1188_e1272,90,0.06976744186046512,1,pos_s846_e918
FUN_008821,12,0.007220216606498195,0,pos,0,0.0,0,pos
FUN_004435,0,0.0,0,pos,0,0.0,0,pos
FUN_005081,156,0.07854984894259819,1,pos_s1236_e1308,54,0.027190332326283987,1,pos_s1272_e1308
FUN_002545,0,0.0,0,pos,0,0.0,0,pos
FUN_005772,0,0.0,0,pos,0,0.0,0,pos
FUN_005114,60,0.052083333333333336,0,pos,0,0.0,0,pos
FUN_008993,0,0.0,0,pos,0,0.0,0,pos
FUN_009371,36,0.045454545454545456,0,pos,0,0.0,0,pos
FUN_011946,0,0.0,0,pos,0,0.0,0,pos
FUN_010259,138,0.047520661157024795,1,pos_s960_e1074,72,0.024793388429752067,2,pos_s960_e996_s1038_e1074
FUN_010264,0,0.0,0,pos,0,0.0,0,pos
FUN_002696,0,0.0,0,pos,0,0.0,0,pos
FUN_008627,48,0.0365296803652968,1,pos_s1260_e1296,36,0.0273972602739726,1,pos_s1260_e1296
FUN_008087,0,0.0,0,pos,0,0.0,0,pos
FUN_007171,0,0.0,0,pos,0,0.0,0,pos
FUN_006993,0,0.0,0,pos,0,0.0,0,pos
FUN_006773,0,0.0,0,pos,0,0.0,0,pos
FUN_015422,0,0.0,0,pos,0,0.0,0,pos
FUN_005475,0,0.0,0,pos,0,0.0,0,pos
FUN_003588,0,0.0,0,pos,0,0.0,0,pos
FUN_015335,0,0.0,0,pos,0,0.0,0,pos
FUN_006458,0,0.0,0,pos,0,0.0,0,pos
FUN_016236,0,0.0,0,pos,0,0.0,0,pos
FUN_002079,48,0.006606110652353427,1,pos_s5844_e5892,0,0.0,0,pos
FUN_007075,0,0.0,0,pos,0,0.0,0,pos
FUN_008544,0,0.0,0,pos,0,0.0,0,pos
FUN_005671,0,0.0,0,pos,0,0.0,0,pos
FUN_007964,108,0.11180124223602485,0,pos,42,0.043478260869565216,0,pos
FUN_009443,120,0.12578616352201258,1,pos_s768_e804,72,0.07547169811320754,1,pos_s774_e804
FUN_010314,0,0.0,0,pos,0,0.0,0,pos
FUN_016336,0,0.0,0,pos,0,0.0,0,pos
FUN_006078,0,0.0,0,pos,0,0.0,0,pos
FUN_003900,48,0.05714285714285714,1,pos_s90_e132,0,0.0,0,pos
FUN_003370,0,0.0,0,pos,0,0.0,0,pos
FUN_010228,30,0.03125,1,pos_s876_e906,0,0.0,0,pos
FUN_009814,0,0.0,0,pos,0,0.0,0,pos
FUN_002642,12,0.0056657223796034,0,pos,0,0.0,0,pos
FUN_010505,0,0.0,0,pos,0,0.0,0,pos
FUN_008388,0,0.0,0,pos,0,0.0,0,pos
FUN_009472,84,0.18666666666666668,1,pos_s0_e84,84,0.18666666666666668,1,pos_s0_e84
FUN_004707,0,0.0,0,pos,0,0.0,0,pos
FUN_004216,42,0.041916167664670656,1,pos_s642_e678,0,0.0,0,pos
FUN_004468,0,0.0,0,pos,0,0.0,0,pos
FUN_010434,48,0.2222222222222222,0,pos,0,0.0,0,pos
FUN_002450,0,0.0,0,pos,0,0.0,0,pos
FUN_010606,0,0.0,0,pos,0,0.0,0,pos
FUN_004090,0,0.0,0,pos,0,0.0,0,pos
FUN_008629,6,0.004132231404958678,0,pos,0,0.0,0,pos
FUN_003934,66,0.040293040293040296,1,pos_s1506_e1554,24,0.014652014652014652,0,pos
FUN_001872,0,0.0,0,pos,0,0.0,0,pos
FUN_008830,0,0.0,0,pos,0,0.0,0,pos
FUN_000656,0,0.0,0,pos,0,0.0,0,pos
FUN_009596,498,0.166,5,pos_s540_e570_s840_e972_s1416_e1536_s2070_e2124_s2862_e2910,168,0.056,2,pos_s858_e918_s1446_e1518
FUN_012119,0,0.0,0,pos,0,0.0,0,pos
FUN_010954,0,0.0,0,pos,0,0.0,0,pos
FUN_001366,0,0.0,0,pos,0,0.0,0,pos
FUN_000135,0,0.0,0,pos,0,0.0,0,pos
FUN_005925,0,0.0,0,pos,0,0.0,0,pos
FUN_003339,42,0.029288702928870293,1,pos_s540_e582,0,0.0,0,pos
FUN_007147,42,0.01046337817638266,1,pos_s1212_e1242,0,0.0,0,pos
FUN_001866,0,0.0,0,pos,0,0.0,0,pos
FUN_000992,0,0.0,0,pos,0,0.0,0,pos
FUN_010154,18,0.03296703296703297,0,pos,0,0.0,0,pos
FUN_001005,36,0.018633540372670808,0,pos,0,0.0,0,pos
FUN_016693,0,0.0,0,pos,0,0.0,0,pos
FUN_006252,0,0.0,0,pos,0,0.0,0,pos
FUN_015272,0,0.0,0,pos,0,0.0,0,pos
FUN_002962,120,0.072992700729927,2,pos_s108_e156_s1482_e1536,42,0.025547445255474453,1,pos_s1482_e1524
FUN_011626,0,0.0,0,pos,0,0.0,0,pos
FUN_016519,0,0.0,0,pos,0,0.0,0,pos
FUN_009623,0,0.0,0,pos,0,0.0,0,pos
FUN_001244,0,0.0,0,pos,0,0.0,0,pos
FUN_008052,0,0.0,0,pos,0,0.0,0,pos
FUN_015967,0,0.0,0,pos,0,0.0,0,pos
FUN_009387,0,0.0,0,pos,0,0.0,0,pos
FUN_011015,132,0.058981233243967826,2,pos_s1230_e1296_s1410_e1458,0,0.0,0,pos
FUN_002414,0,0.0,0,pos,0,0.0,0,pos
FUN_002599,6,0.002398081534772182,0,pos,0,0.0,0,pos
FUN_006403,6,0.0014388489208633094,0,pos,6,0.0014388489208633094,0,pos
FUN_005335,0,0.0,0,pos,0,0.0,0,pos
FUN_001096,0,0.0,0,pos,0,0.0,0,pos
FUN_001436,0,0.0,0,pos,0,0.0,0,pos
FUN_011482,0,0.0,0,pos,0,0.0,0,pos
FUN_010581,120,0.06734006734006734,1,pos_s24_e132,108,0.06060606060606061,1,pos_s24_e132
FUN_011181,90,0.2542372881355932,1,pos_s180_e270,66,0.1864406779661017,1,pos_s180_e246
FUN_000132,0,0.0,0,pos,0,0.0,0,pos
FUN_009532,0,0.0,0,pos,0,0.0,0,pos
FUN_007219,0,0.0,0,pos,0,0.0,0,pos
FUN_007427,0,0.0,0,pos,0,0.0,0,pos
FUN_007910,246,0.06259541984732825,2,pos_s1578_e1644_s2274_e2430,150,0.03816793893129771,2,pos_s2292_e2334_s2352_e2430
FUN_004826,0,0.0,0,pos,0,0.0,0,pos
FUN_006155,0,0.0,0,pos,0,0.0,0,pos
FUN_009617,0,0.0,0,pos,0,0.0,0,pos
FUN_005924,0,0.0,0,pos,0,0.0,0,pos
FUN_011057,0,0.0,0,pos,0,0.0,0,pos
FUN_010406,132,0.08270676691729323,1,pos_s1224_e1338,114,0.07142857142857142,1,pos_s1224_e1338
FUN_005727,150,0.07668711656441718,2,pos_s36_e108_s840_e918,0,0.0,0,pos
FUN_015493,0,0.0,0,pos,0,0.0,0,pos
FUN_004610,12,0.007751937984496124,0,pos,0,0.0,0,pos
FUN_012251,6,0.0007142857142857143,0,pos,0,0.0,0,pos
FUN_002989,0,0.0,0,pos,0,0.0,0,pos
FUN_015547,0,0.0,0,pos,0,0.0,0,pos
FUN_003146,0,0.0,0,pos,0,0.0,0,pos
FUN_006442,54,0.03896103896103896,1,pos_s840_e870,12,0.008658008658008658,0,pos
FUN_007569,0,0.0,0,pos,0,0.0,0,pos
FUN_005644,0,0.0,0,pos,0,0.0,0,pos
FUN_003683,30,0.017361111111111112,1,pos_s360_e390,0,0.0,0,pos
FUN_003243,0,0.0,0,pos,0,0.0,0,pos
FUN_007478,42,0.0603448275862069,0,pos,0,0.0,0,pos
FUN_002665,0,0.0,0,pos,0,0.0,0,pos
FUN_012259,0,0.0,0,pos,0,0.0,0,pos
FUN_005664,0,0.0,0,pos,0,0.0,0,pos
FUN_009358,6,0.004081632653061225,0,pos,0,0.0,0,pos
FUN_005840,48,0.0851063829787234,1,pos_s270_e306,0,0.0,0,pos
FUN_015928,0,0.0,0,pos,0,0.0,0,pos
FUN_003702,0,0.0,0,pos,0,0.0,0,pos
FUN_009998,0,0.0,0,pos,0,0.0,0,pos
FUN_015296,0,0.0,0,pos,0,0.0,0,pos
FUN_000269,0,0.0,0,pos,0,0.0,0,pos
FUN_016192,114,0.09743589743589744,1,pos_s606_e720,102,0.08717948717948718,1,pos_s606_e696
FUN_005094,0,0.0,0,pos,0,0.0,0,pos
FUN_001084,114,0.12418300653594772,1,pos_s228_e306,36,0.0392156862745098,1,pos_s240_e276
FUN_003044,18,0.015,0,pos,0,0.0,0,pos
FUN_012280,0,0.0,0,pos,0,0.0,0,pos
FUN_008749,0,0.0,0,pos,0,0.0,0,pos
FUN_007088,0,0.0,0,pos,0,0.0,0,pos
FUN_004287,0,0.0,0,pos,0,0.0,0,pos
FUN_004609,102,0.3469387755102041,1,pos_s30_e120,30,0.10204081632653061,1,pos_s30_e60
FUN_003516,0,0.0,0,pos,0,0.0,0,pos
FUN_007063,126,0.05817174515235457,1,pos_s648_e750,30,0.013850415512465374,0,pos
FUN_006888,0,0.0,0,pos,0,0.0,0,pos
FUN_001339,0,0.0,0,pos,0,0.0,0,pos
FUN_001732,0,0.0,0,pos,0,0.0,0,pos
FUN_010633,492,0.0780209324452902,3,pos_s1974_e2214_s4950_e4998_s5352_e5430,144,0.022835394862036156,2,pos_s2016_e2082_s2166_e2214
FUN_003443,366,0.13260869565217392,3,pos_s24_e54_s384_e624_s900_e942,156,0.05652173913043478,2,pos_s390_e420_s432_e552
FUN_007056,0,0.0,0,pos,0,0.0,0,pos
FUN_004329,0,0.0,0,pos,0,0.0,0,pos
FUN_004563,24,0.015151515151515152,0,pos,0,0.0,0,pos
FUN_007893,0,0.0,0,pos,0,0.0,0,pos
FUN_002308,0,0.0,0,pos,0,0.0,0,pos
FUN_006774,12,0.011976047904191617,0,pos,0,0.0,0,pos
FUN_007036,0,0.0,0,pos,0,0.0,0,pos
FUN_015853,0,0.0,0,pos,0,0.0,0,pos
FUN_011581,0,0.0,0,pos,0,0.0,0,pos
FUN_016325,0,0.0,0,pos,0,0.0,0,pos
FUN_002388,162,0.052123552123552123,2,pos_s1764_e1830_s2370_e2430,0,0.0,0,pos
FUN_006119,96,0.041025641025641026,2,pos_s1140_e1170_s1188_e1248,24,0.010256410256410256,0,pos
FUN_006900,246,0.12312312312312312,3,pos_s1074_e1146_s1278_e1338_s1356_e1452,96,0.04804804804804805,1,pos_s1074_e1116
FUN_009955,72,0.0784313725490196,1,pos_s678_e750,30,0.032679738562091505,0,pos
FUN_011305,0,0.0,0,pos,0,0.0,0,pos
FUN_009444,0,0.0,0,pos,0,0.0,0,pos
FUN_012534,0,0.0,0,pos,0,0.0,0,pos
FUN_002459,0,0.0,0,pos,0,0.0,0,pos
FUN_016671,0,0.0,0,pos,0,0.0,0,pos
FUN_009408,0,0.0,0,pos,0,0.0,0,pos
FUN_001504,0,0.0,0,pos,0,0.0,0,pos
FUN_009672,12,0.006968641114982578,0,pos,0,0.0,0,pos
FUN_004429,0,0.0,0,pos,0,0.0,0,pos
FUN_016226,0,0.0,0,pos,0,0.0,0,pos
FUN_001829,0,0.0,0,pos,0,0.0,0,pos
FUN_004753,96,0.032,1,pos_s810_e900,24,0.008,0,pos
FUN_007346,36,0.011764705882352941,1,pos_s2916_e2952,6,0.00196078431372549,0,pos
FUN_003123,0,0.0,0,pos,0,0.0,0,pos
FUN_007915,0,0.0,0,pos,0,0.0,0,pos
FUN_016246,0,0.0,0,pos,0,0.0,0,pos
FUN_007315,0,0.0,0,pos,0,0.0,0,pos
FUN_010139,18,0.021897810218978103,0,pos,0,0.0,0,pos
FUN_009828,0,0.0,0,pos,0,0.0,0,pos
FUN_000504,0,0.0,0,pos,0,0.0,0,pos
FUN_001709,0,0.0,0,pos,0,0.0,0,pos
FUN_011230,0,0.0,0,pos,0,0.0,0,pos
FUN_004933,0,0.0,0,pos,0,0.0,0,pos
FUN_006691,48,0.008403361344537815,1,pos_s480_e528,0,0.0,0,pos
FUN_010433,462,0.1774193548387097,3,pos_s1968_e2100_s2262_e2376_s2394_e2508,252,0.0967741935483871,2,pos_s1968_e2082_s2394_e2508
FUN_009293,0,0.0,0,pos,0,0.0,0,pos
FUN_007069,18,0.018633540372670808,0,pos,0,0.0,0,pos
FUN_007283,36,0.2857142857142857,1,pos_s36_e72,0,0.0,0,pos
FUN_000886,18,0.03225806451612903,0,pos,6,0.010752688172043012,0,pos
FUN_016199,0,0.0,0,pos,0,0.0,0,pos
FUN_010926,0,0.0,0,pos,0,0.0,0,pos
FUN_000983,0,0.0,0,pos,0,0.0,0,pos
FUN_011423,0,0.0,0,pos,0,0.0,0,pos
FUN_007546,96,0.07373271889400922,1,pos_s582_e624,30,0.02304147465437788,1,pos_s582_e612
FUN_003785,0,0.0,0,pos,0,0.0,0,pos
FUN_007507,0,0.0,0,pos,0,0.0,0,pos
FUN_002038,6,0.0012706480304955528,0,pos,0,0.0,0,pos
FUN_011175,84,0.015384615384615385,1,pos_s876_e936,30,0.005494505494505495,1,pos_s876_e906
FUN_005165,0,0.0,0,pos,0,0.0,0,pos
FUN_016759,0,0.0,0,pos,0,0.0,0,pos
FUN_011171,66,0.044,1,pos_s1404_e1446,0,0.0,0,pos
FUN_001796,48,0.02168021680216802,1,pos_s1164_e1200,6,0.0027100271002710027,0,pos
FUN_000472,42,0.01912568306010929,1,pos_s696_e738,0,0.0,0,pos
FUN_003305,0,0.0,0,pos,0,0.0,0,pos
FUN_005900,0,0.0,0,pos,0,0.0,0,pos
FUN_002927,0,0.0,0,pos,0,0.0,0,pos
FUN_008594,0,0.0,0,pos,0,0.0,0,pos
FUN_016060,0,0.0,0,pos,0,0.0,0,pos
FUN_000927,0,0.0,0,pos,0,0.0,0,pos
FUN_006348,342,0.23170731707317074,2,pos_s612_e816_s1392_e1470,108,0.07317073170731707,1,pos_s672_e744
FUN_010872,102,0.01596244131455399,1,pos_s3390_e3444,30,0.004694835680751174,0,pos
FUN_011745,0,0.0,0,pos,0,0.0,0,pos
FUN_010023,18,0.007936507936507936,0,pos,0,0.0,0,pos
FUN_016604,0,0.0,0,pos,0,0.0,0,pos
FUN_006259,0,0.0,0,pos,0,0.0,0,pos
FUN_007621,0,0.0,0,pos,0,0.0,0,pos
FUN_005172,138,0.025813692480359147,2,pos_s4548_e4614_s4806_e4860,18,0.003367003367003367,0,pos
FUN_010602,0,0.0,0,pos,0,0.0,0,pos
FUN_016202,0,0.0,0,pos,0,0.0,0,pos
FUN_009936,0,0.0,0,pos,0,0.0,0,pos
FUN_005316,0,0.0,0,pos,0,0.0,0,pos
FUN_015815,6,0.008,0,pos,6,0.008,0,pos
FUN_009939,0,0.0,0,pos,0,0.0,0,pos
FUN_001656,0,0.0,0,pos,0,0.0,0,pos
FUN_012070,0,0.0,0,pos,0,0.0,0,pos
FUN_007325,132,0.030428769017980636,1,pos_s3522_e3576,0,0.0,0,pos
FUN_004733,0,0.0,0,pos,0,0.0,0,pos
FUN_003600,0,0.0,0,pos,0,0.0,0,pos
FUN_000544,0,0.0,0,pos,0,0.0,0,pos
FUN_010524,138,0.03599374021909233,2,pos_s510_e552_s1770_e1830,114,0.0297339593114241,2,pos_s510_e552_s1770_e1830
FUN_009966,0,0.0,0,pos,0,0.0,0,pos
FUN_015829,0,0.0,0,pos,0,0.0,0,pos
FUN_000993,0,0.0,0,pos,0,0.0,0,pos
FUN_010701,18,0.016853932584269662,0,pos,0,0.0,0,pos
FUN_002437,0,0.0,0,pos,0,0.0,0,pos
FUN_008638,294,0.1016597510373444,3,pos_s828_e942_s954_e1080_s2004_e2034,186,0.06431535269709543,3,pos_s834_e942_s954_e990_s1014_e1050
FUN_000492,0,0.0,0,pos,0,0.0,0,pos
FUN_015832,0,0.0,0,pos,0,0.0,0,pos
FUN_016762,0,0.0,0,pos,0,0.0,0,pos
FUN_001879,6,0.0017035775127768314,0,pos,0,0.0,0,pos
FUN_009157,0,0.0,0,pos,0,0.0,0,pos
FUN_003513,516,0.18736383442265794,8,pos_s426_e504_s882_e930_s942_e996_s1152_e1188_s1200_e1272_s1356_e1386_s1410_e1506_s1770_e1842,234,0.08496732026143791,5,pos_s450_e504_s888_e930_s942_e972_s1218_e1266_s1410_e1470
FUN_005969,0,0.0,0,pos,0,0.0,0,pos
FUN_002431,0,0.0,0,pos,0,0.0,0,pos
FUN_004191,0,0.0,0,pos,0,0.0,0,pos
FUN_011394,0,0.0,0,pos,0,0.0,0,pos
FUN_012441,0,0.0,0,pos,0,0.0,0,pos
FUN_001163,42,0.026923076923076925,1,pos_s960_e996,0,0.0,0,pos
FUN_011233,0,0.0,0,pos,0,0.0,0,pos
FUN_000734,66,0.044534412955465584,1,pos_s798_e834,0,0.0,0,pos
FUN_010920,114,0.02679830747531735,1,pos_s4086_e4158,0,0.0,0,pos
FUN_001846,0,0.0,0,pos,0,0.0,0,pos
FUN_011587,0,0.0,0,pos,0,0.0,0,pos
FUN_000812,6,0.012195121951219513,0,pos,0,0.0,0,pos
FUN_004580,114,0.07307692307692308,1,pos_s1098_e1212,102,0.06538461538461539,1,pos_s1104_e1206
FUN_009848,0,0.0,0,pos,0,0.0,0,pos
FUN_010329,0,0.0,0,pos,0,0.0,0,pos
FUN_007300,204,0.11971830985915492,3,pos_s258_e342_s414_e474_s642_e678,72,0.04225352112676056,2,pos_s276_e306_s642_e678
FUN_011521,0,0.0,0,pos,0,0.0,0,pos
FUN_005157,0,0.0,0,pos,0,0.0,0,pos
FUN_005807,0,0.0,0,pos,0,0.0,0,pos
FUN_008622,0,0.0,0,pos,0,0.0,0,pos
FUN_001299,0,0.0,0,pos,0,0.0,0,pos
FUN_010136,0,0.0,0,pos,0,0.0,0,pos
FUN_009136,24,0.01384083044982699,0,pos,0,0.0,0,pos
FUN_011792,0,0.0,0,pos,0,0.0,0,pos
FUN_005882,0,0.0,0,pos,0,0.0,0,pos
FUN_008259,240,0.1702127659574468,2,pos_s930_e1002_s1080_e1224,102,0.07234042553191489,1,pos_s1104_e1206
FUN_008265,12,0.0041841004184100415,0,pos,0,0.0,0,pos
FUN_004939,0,0.0,0,pos,0,0.0,0,pos
FUN_011119,12,0.07692307692307693,0,pos,0,0.0,0,pos
FUN_004530,0,0.0,0,pos,0,0.0,0,pos
FUN_012216,0,0.0,0,pos,0,0.0,0,pos
FUN_002631,0,0.0,0,pos,0,0.0,0,pos
FUN_008172,0,0.0,0,pos,0,0.0,0,pos
FUN_008387,0,0.0,0,pos,0,0.0,0,pos
FUN_010125,0,0.0,0,pos,0,0.0,0,pos
FUN_001893,6,0.02127659574468085,0,pos,0,0.0,0,pos
FUN_012273,0,0.0,0,pos,0,0.0,0,pos
FUN_000412,12,0.003780718336483932,0,pos,0,0.0,0,pos
FUN_015325,0,0.0,0,pos,0,0.0,0,pos
FUN_001101,108,0.030252100840336135,2,pos_s414_e462_s3336_e3366,0,0.0,0,pos
FUN_003135,0,0.0,0,pos,0,0.0,0,pos
FUN_006115,0,0.0,0,pos,0,0.0,0,pos
FUN_011079,156,0.023172905525846704,1,pos_s5520_e5580,66,0.00980392156862745,1,pos_s5520_e5580
FUN_016094,0,0.0,0,pos,0,0.0,0,pos
FUN_010859,0,0.0,0,pos,0,0.0,0,pos
FUN_006088,0,0.0,0,pos,0,0.0,0,pos
FUN_001437,0,0.0,0,pos,0,0.0,0,pos
FUN_001113,102,0.016283524904214558,1,pos_s972_e1062,0,0.0,0,pos
FUN_011865,0,0.0,0,pos,0,0.0,0,pos
FUN_009276,0,0.0,0,pos,0,0.0,0,pos
FUN_010277,0,0.0,0,pos,0,0.0,0,pos
FUN_000252,0,0.0,0,pos,0,0.0,0,pos
FUN_004780,0,0.0,0,pos,0,0.0,0,pos
FUN_002007,0,0.0,0,pos,0,0.0,0,pos
FUN_007690,24,0.017094017094017096,0,pos,0,0.0,0,pos
FUN_000299,0,0.0,0,pos,0,0.0,0,pos
FUN_005105,126,0.20192307692307693,1,pos_s378_e426,24,0.038461538461538464,0,pos
FUN_011588,0,0.0,0,pos,0,0.0,0,pos
FUN_009189,6,0.004032258064516129,0,pos,0,0.0,0,pos
FUN_004914,0,0.0,0,pos,0,0.0,0,pos
FUN_009742,0,0.0,0,pos,0,0.0,0,pos
FUN_009844,42,0.025547445255474453,0,pos,0,0.0,0,pos
FUN_008662,0,0.0,0,pos,0,0.0,0,pos
FUN_009608,0,0.0,0,pos,0,0.0,0,pos
FUN_000770,0,0.0,0,pos,0,0.0,0,pos
FUN_000198,0,0.0,0,pos,0,0.0,0,pos
FUN_002697,60,0.062111801242236024,1,pos_s0_e60,30,0.031055900621118012,0,pos
FUN_002975,0,0.0,0,pos,0,0.0,0,pos
FUN_002075,0,0.0,0,pos,0,0.0,0,pos
FUN_012248,0,0.0,0,pos,0,0.0,0,pos
FUN_016618,0,0.0,0,pos,0,0.0,0,pos
FUN_008279,30,0.01366120218579235,0,pos,0,0.0,0,pos
FUN_015305,0,0.0,0,pos,0,0.0,0,pos
FUN_006861,144,0.04419889502762431,2,pos_s264_e312_s1056_e1128,18,0.0055248618784530384,0,pos
FUN_015696,0,0.0,0,pos,0,0.0,0,pos
FUN_002141,0,0.0,0,pos,0,0.0,0,pos
FUN_002268,0,0.0,0,pos,0,0.0,0,pos
FUN_016651,0,0.0,0,pos,0,0.0,0,pos
FUN_004953,60,0.02857142857142857,1,pos_s1638_e1692,0,0.0,0,pos
FUN_009900,0,0.0,0,pos,0,0.0,0,pos
FUN_007530,126,0.07608695652173914,1,pos_s468_e594,114,0.06884057971014493,1,pos_s474_e588
FUN_016510,0,0.0,0,pos,0,0.0,0,pos
FUN_008679,0,0.0,0,pos,0,0.0,0,pos
FUN_005833,0,0.0,0,pos,0,0.0,0,pos
FUN_008943,168,0.09621993127147767,1,pos_s1260_e1392,78,0.044673539518900345,0,pos
FUN_008942,0,0.0,0,pos,0,0.0,0,pos
FUN_009987,0,0.0,0,pos,0,0.0,0,pos
FUN_004738,0,0.0,0,pos,0,0.0,0,pos
FUN_008737,234,0.09466019417475728,2,pos_s1608_e1764_s1986_e2046,132,0.05339805825242718,1,pos_s1632_e1764
FUN_001543,0,0.0,0,pos,0,0.0,0,pos
FUN_010510,6,0.00125,0,pos,0,0.0,0,pos
FUN_001665,0,0.0,0,pos,0,0.0,0,pos
FUN_003854,0,0.0,0,pos,0,0.0,0,pos
FUN_000183,66,0.016591251885369532,1,pos_s1848_e1890,0,0.0,0,pos
FUN_004591,0,0.0,0,pos,0,0.0,0,pos
FUN_007719,54,0.02912621359223301,1,pos_s276_e330,0,0.0,0,pos
FUN_016729,0,0.0,0,pos,0,0.0,0,pos
FUN_009997,0,0.0,0,pos,0,0.0,0,pos
FUN_004839,150,0.05543237250554324,3,pos_s2328_e2370_s2382_e2430_s2640_e2682,0,0.0,0,pos
FUN_003945,0,0.0,0,pos,0,0.0,0,pos
FUN_006055,0,0.0,0,pos,0,0.0,0,pos
FUN_003951,48,0.1095890410958904,1,pos_s246_e276,0,0.0,0,pos
FUN_011703,0,0.0,0,pos,0,0.0,0,pos
FUN_002211,24,0.01606425702811245,0,pos,0,0.0,0,pos
FUN_004045,144,0.03571428571428571,2,pos_s2256_e2286_s2862_e2976,18,0.004464285714285714,0,pos
FUN_010368,0,0.0,0,pos,0,0.0,0,pos
FUN_016252,0,0.0,0,pos,0,0.0,0,pos
FUN_004496,60,0.09009009009009009,1,pos_s174_e216,0,0.0,0,pos
FUN_008866,72,0.2857142857142857,0,pos,54,0.21428571428571427,1,pos_s192_e240
FUN_007438,0,0.0,0,pos,0,0.0,0,pos
FUN_005419,0,0.0,0,pos,0,0.0,0,pos
FUN_009664,12,0.0111731843575419,0,pos,0,0.0,0,pos
FUN_016841,108,0.06338028169014084,1,pos_s1584_e1686,0,0.0,0,pos
FUN_000473,0,0.0,0,pos,0,0.0,0,pos
FUN_012361,0,0.0,0,pos,0,0.0,0,pos
FUN_003490,78,0.07514450867052024,1,pos_s204_e264,42,0.04046242774566474,1,pos_s222_e264
FUN_001505,126,0.0498812351543943,2,pos_s2256_e2310_s2316_e2364,48,0.019002375296912115,1,pos_s2334_e2364
FUN_003042,0,0.0,0,pos,0,0.0,0,pos
FUN_007903,60,0.025906735751295335,0,pos,12,0.0051813471502590676,0,pos
FUN_004861,0,0.0,0,pos,0,0.0,0,pos
FUN_008342,48,0.017897091722595078,0,pos,6,0.0022371364653243847,0,pos
FUN_009196,24,0.06349206349206349,0,pos,24,0.06349206349206349,0,pos
FUN_005634,0,0.0,0,pos,0,0.0,0,pos
FUN_003910,6,0.0017667844522968198,0,pos,0,0.0,0,pos
FUN_015923,0,0.0,0,pos,0,0.0,0,pos
FUN_015285,0,0.0,0,pos,0,0.0,0,pos
FUN_007730,0,0.0,0,pos,0,0.0,0,pos
FUN_009458,78,0.13402061855670103,2,pos_s60_e90_s126_e174,30,0.05154639175257732,1,pos_s60_e90
FUN_008901,0,0.0,0,pos,0,0.0,0,pos
FUN_001698,0,0.0,0,pos,0,0.0,0,pos
FUN_008274,18,0.003978779840848806,0,pos,0,0.0,0,pos
FUN_003708,0,0.0,0,pos,0,0.0,0,pos
FUN_010022,6,0.0020964360587002098,0,pos,0,0.0,0,pos
FUN_016143,0,0.0,0,pos,0,0.0,0,pos
FUN_003709,0,0.0,0,pos,0,0.0,0,pos
FUN_011565,0,0.0,0,pos,0,0.0,0,pos
FUN_007045,6,0.041666666666666664,0,pos,0,0.0,0,pos
FUN_015947,0,0.0,0,pos,0,0.0,0,pos
FUN_010202,0,0.0,0,pos,0,0.0,0,pos
FUN_003616,48,0.026058631921824105,0,pos,18,0.009771986970684038,0,pos
FUN_015266,0,0.0,0,pos,0,0.0,0,pos
FUN_001895,0,0.0,0,pos,0,0.0,0,pos
FUN_008059,132,0.007837548984681154,2,pos_s960_e1002_s1008_e1044,0,0.0,0,pos
FUN_000262,12,0.016129032258064516,0,pos,0,0.0,0,pos
FUN_016089,0,0.0,0,pos,0,0.0,0,pos
FUN_008283,0,0.0,0,pos,0,0.0,0,pos
FUN_009675,0,0.0,0,pos,0,0.0,0,pos
FUN_009961,0,0.0,0,pos,0,0.0,0,pos
FUN_000311,0,0.0,0,pos,0,0.0,0,pos
FUN_004611,6,0.003205128205128205,0,pos,0,0.0,0,pos
FUN_006027,348,0.08089260808926081,4,pos_s1308_e1350_s1572_e1692_s2280_e2364_s4026_e4098,114,0.026499302649930265,2,pos_s1578_e1638_s2280_e2316
FUN_012516,0,0.0,0,pos,0,0.0,0,pos
FUN_001849,0,0.0,0,pos,0,0.0,0,pos
FUN_009186,0,0.0,0,pos,0,0.0,0,pos
FUN_001672,60,0.007530120481927711,1,pos_s7824_e7854,0,0.0,0,pos
FUN_001311,132,0.11518324607329843,1,pos_s732_e834,78,0.06806282722513089,1,pos_s744_e822
FUN_006943,0,0.0,0,pos,0,0.0,0,pos
FUN_003754,0,0.0,0,pos,0,0.0,0,pos
FUN_000286,84,0.1206896551724138,1,pos_s78_e162,60,0.08620689655172414,1,pos_s96_e150
FUN_009365,0,0.0,0,pos,0,0.0,0,pos
FUN_003048,0,0.0,0,pos,0,0.0,0,pos
FUN_004718,0,0.0,0,pos,0,0.0,0,pos
FUN_003082,114,0.02564102564102564,2,pos_s1110_e1170_s2802_e2832,18,0.004048582995951417,0,pos
FUN_006017,18,0.014778325123152709,0,pos,0,0.0,0,pos
FUN_001985,0,0.0,0,pos,0,0.0,0,pos
FUN_004347,6,0.001349527665317139,0,pos,6,0.001349527665317139,0,pos
FUN_003028,0,0.0,0,pos,0,0.0,0,pos
FUN_004486,66,0.022587268993839837,0,pos,6,0.002053388090349076,0,pos
FUN_008320,186,0.02913533834586466,2,pos_s4920_e5016_s5022_e5112,114,0.017857142857142856,1,pos_s4920_e4986
FUN_012444,0,0.0,0,pos,0,0.0,0,pos
FUN_002498,48,0.06299212598425197,1,pos_s12_e54,0,0.0,0,pos
FUN_004257,0,0.0,0,pos,0,0.0,0,pos
FUN_009620,0,0.0,0,pos,0,0.0,0,pos
FUN_012405,0,0.0,0,pos,0,0.0,0,pos
FUN_007033,36,0.04580152671755725,1,pos_s360_e390,0,0.0,0,pos
FUN_001645,0,0.0,0,pos,0,0.0,0,pos
FUN_000328,6,0.0036101083032490976,0,pos,0,0.0,0,pos
FUN_010068,216,0.13333333333333333,3,pos_s942_e996_s1038_e1122_s1260_e1338,102,0.06296296296296296,0,pos
FUN_004807,0,0.0,0,pos,0,0.0,0,pos
FUN_000591,0,0.0,0,pos,0,0.0,0,pos
FUN_004574,0,0.0,0,pos,0,0.0,0,pos
FUN_001997,0,0.0,0,pos,0,0.0,0,pos
FUN_001800,66,0.07801418439716312,2,pos_s84_e114_s150_e180,54,0.06382978723404255,1,pos_s150_e180
FUN_001955,18,0.003054989816700611,0,pos,18,0.003054989816700611,0,pos
FUN_004063,180,0.12345679012345678,2,pos_s870_e906_s1236_e1320,96,0.06584362139917696,1,pos_s1254_e1320
FUN_011137,0,0.0,0,pos,0,0.0,0,pos
FUN_003969,132,0.15827338129496402,3,pos_s336_e378_s390_e426_s444_e474,12,0.014388489208633094,0,pos
FUN_006015,0,0.0,0,pos,0,0.0,0,pos
FUN_004469,0,0.0,0,pos,0,0.0,0,pos
FUN_001300,0,0.0,0,pos,0,0.0,0,pos
FUN_002175,0,0.0,0,pos,0,0.0,0,pos
FUN_004599,6,0.00390625,0,pos,0,0.0,0,pos
FUN_004380,0,0.0,0,pos,0,0.0,0,pos
FUN_009760,0,0.0,0,pos,0,0.0,0,pos
FUN_000569,0,0.0,0,pos,0,0.0,0,pos
FUN_009504,0,0.0,0,pos,0,0.0,0,pos
FUN_011205,6,0.004545454545454545,0,pos,0,0.0,0,pos
FUN_000829,198,0.07236842105263158,2,pos_s1386_e1488_s1566_e1656,90,0.03289473684210526,1,pos_s1566_e1650
FUN_004966,6,0.0018083182640144665,0,pos,0,0.0,0,pos
FUN_005657,0,0.0,0,pos,0,0.0,0,pos
FUN_005688,0,0.0,0,pos,0,0.0,0,pos
FUN_003334,0,0.0,0,pos,0,0.0,0,pos
FUN_008189,0,0.0,0,pos,0,0.0,0,pos
FUN_003581,0,0.0,0,pos,0,0.0,0,pos
FUN_016319,0,0.0,0,pos,0,0.0,0,pos
FUN_000245,54,0.013996889580093312,1,pos_s1152_e1182,6,0.0015552099533437014,0,pos
FUN_003833,30,0.007052186177715092,1,pos_s4212_e4242,30,0.007052186177715092,1,pos_s4212_e4242
FUN_007848,30,0.008347245409015025,1,pos_s2040_e2070,0,0.0,0,pos
FUN_001067,0,0.0,0,pos,0,0.0,0,pos
FUN_015937,0,0.0,0,pos,0,0.0,0,pos
FUN_008751,0,0.0,0,pos,0,0.0,0,pos
FUN_003466,96,0.10256410256410256,1,pos_s330_e378,12,0.01282051282051282,0,pos
FUN_010542,66,0.102803738317757,1,pos_s228_e264,0,0.0,0,pos
FUN_006732,120,0.05235602094240838,2,pos_s1284_e1320_s1506_e1578,30,0.013089005235602094,0,pos
FUN_008408,0,0.0,0,pos,0,0.0,0,pos
FUN_015811,0,0.0,0,pos,0,0.0,0,pos
FUN_015672,0,0.0,0,pos,0,0.0,0,pos
FUN_004200,0,0.0,0,pos,0,0.0,0,pos
FUN_003236,30,0.01644736842105263,1,pos_s1188_e1218,0,0.0,0,pos
FUN_003499,0,0.0,0,pos,0,0.0,0,pos
FUN_007446,252,0.1,2,pos_s372_e480_s732_e762,72,0.02857142857142857,1,pos_s408_e480
FUN_005565,0,0.0,0,pos,0,0.0,0,pos
FUN_016174,0,0.0,0,pos,0,0.0,0,pos
FUN_000948,0,0.0,0,pos,0,0.0,0,pos
FUN_004754,24,0.026845637583892617,0,pos,0,0.0,0,pos
FUN_009611,0,0.0,0,pos,0,0.0,0,pos
FUN_015278,0,0.0,0,pos,0,0.0,0,pos
FUN_005861,0,0.0,0,pos,0,0.0,0,pos
FUN_016085,0,0.0,0,pos,0,0.0,0,pos
FUN_006387,0,0.0,0,pos,0,0.0,0,pos
FUN_015719,0,0.0,0,pos,0,0.0,0,pos
FUN_015777,0,0.0,0,pos,0,0.0,0,pos
FUN_016078,0,0.0,0,pos,0,0.0,0,pos
FUN_001766,0,0.0,0,pos,0,0.0,0,pos
FUN_001579,78,0.025896414342629483,1,pos_s2790_e2844,0,0.0,0,pos
FUN_002172,216,0.06629834254143646,1,pos_s2802_e2940,18,0.0055248618784530384,0,pos
FUN_011084,0,0.0,0,pos,0,0.0,0,pos
FUN_010028,0,0.0,0,pos,0,0.0,0,pos
FUN_003085,0,0.0,0,pos,0,0.0,0,pos
FUN_011439,0,0.0,0,pos,0,0.0,0,pos
FUN_006072,0,0.0,0,pos,0,0.0,0,pos
FUN_008846,48,0.03686635944700461,1,pos_s984_e1020,0,0.0,0,pos
FUN_001245,18,0.00980392156862745,0,pos,0,0.0,0,pos
FUN_002472,0,0.0,0,pos,0,0.0,0,pos
FUN_001060,0,0.0,0,pos,0,0.0,0,pos
FUN_012125,0,0.0,0,pos,0,0.0,0,pos
FUN_002453,0,0.0,0,pos,0,0.0,0,pos
FUN_006810,0,0.0,0,pos,0,0.0,0,pos
FUN_005519,0,0.0,0,pos,0,0.0,0,pos
FUN_003393,24,0.0182648401826484,0,pos,0,0.0,0,pos
FUN_005242,0,0.0,0,pos,0,0.0,0,pos
FUN_008327,0,0.0,0,pos,0,0.0,0,pos
FUN_003764,66,0.028795811518324606,1,pos_s486_e522,0,0.0,0,pos
FUN_009959,0,0.0,0,pos,0,0.0,0,pos
FUN_009665,24,0.0068143100511073255,0,pos,0,0.0,0,pos
FUN_016149,0,0.0,0,pos,0,0.0,0,pos
FUN_004569,6,0.00199203187250996,0,pos,0,0.0,0,pos
FUN_016576,0,0.0,0,pos,0,0.0,0,pos
FUN_011220,18,0.01935483870967742,0,pos,12,0.012903225806451613,0,pos
FUN_006693,0,0.0,0,pos,0,0.0,0,pos
FUN_008736,0,0.0,0,pos,0,0.0,0,pos
FUN_004974,18,0.008403361344537815,0,pos,0,0.0,0,pos
FUN_009221,0,0.0,0,pos,0,0.0,0,pos
FUN_007608,0,0.0,0,pos,0,0.0,0,pos
FUN_009397,0,0.0,0,pos,0,0.0,0,pos
FUN_001874,0,0.0,0,pos,0,0.0,0,pos
FUN_004078,0,0.0,0,pos,0,0.0,0,pos
FUN_001839,6,0.0045662100456621,0,pos,0,0.0,0,pos
FUN_010336,0,0.0,0,pos,0,0.0,0,pos
FUN_005175,0,0.0,0,pos,0,0.0,0,pos
FUN_007374,0,0.0,0,pos,0,0.0,0,pos
FUN_015916,0,0.0,0,pos,0,0.0,0,pos
FUN_000966,102,0.09090909090909091,1,pos_s702_e792,24,0.0213903743315508,0,pos
FUN_016126,0,0.0,0,pos,0,0.0,0,pos
FUN_000865,0,0.0,0,pos,0,0.0,0,pos
FUN_011707,0,0.0,0,pos,0,0.0,0,pos
FUN_006423,114,0.02679830747531735,1,pos_s1110_e1194,18,0.004231311706629055,0,pos
FUN_005945,0,0.0,0,pos,0,0.0,0,pos
FUN_002363,0,0.0,0,pos,0,0.0,0,pos
FUN_002801,0,0.0,0,pos,0,0.0,0,pos
FUN_008411,0,0.0,0,pos,0,0.0,0,pos
FUN_007146,0,0.0,0,pos,0,0.0,0,pos
FUN_008772,0,0.0,0,pos,0,0.0,0,pos
FUN_006363,114,0.20430107526881722,1,pos_s222_e258,18,0.03225806451612903,0,pos
FUN_004261,6,0.004166666666666667,0,pos,0,0.0,0,pos
FUN_002749,0,0.0,0,pos,0,0.0,0,pos
FUN_007420,0,0.0,0,pos,0,0.0,0,pos
FUN_003602,48,0.017817371937639197,0,pos,0,0.0,0,pos
FUN_007322,144,0.049281314168377825,2,pos_s546_e588_s1944_e2010,54,0.018480492813141684,1,pos_s1950_e2004
FUN_015557,0,0.0,0,pos,0,0.0,0,pos
FUN_005529,0,0.0,0,pos,0,0.0,0,pos
FUN_003059,0,0.0,0,pos,0,0.0,0,pos
FUN_008675,60,0.017152658662092625,1,pos_s2940_e2982,12,0.003430531732418525,0,pos
FUN_000860,0,0.0,0,pos,0,0.0,0,pos
FUN_011177,0,0.0,0,pos,0,0.0,0,pos
FUN_009456,0,0.0,0,pos,0,0.0,0,pos
FUN_009836,0,0.0,0,pos,0,0.0,0,pos
FUN_015307,0,0.0,0,pos,0,0.0,0,pos
FUN_011102,78,0.06806282722513089,1,pos_s0_e42,0,0.0,0,pos
FUN_009382,0,0.0,0,pos,0,0.0,0,pos
FUN_009510,0,0.0,0,pos,0,0.0,0,pos
FUN_005346,0,0.0,0,pos,0,0.0,0,pos
FUN_015835,0,0.0,0,pos,0,0.0,0,pos
FUN_003319,900,0.021536252692031587,9,pos_s1788_e1866_s5016_e5052_s6036_e6126_s9816_e9870_s14034_e14088_s31734_e31764_s32094_e32148_s41070_e41136_s41202_e41286,192,0.004594400574300072,3,pos_s1818_e1866_s14052_e14082_s32100_e32148
FUN_009967,6,0.002079002079002079,0,pos,0,0.0,0,pos
FUN_016548,0,0.0,0,pos,0,0.0,0,pos
FUN_016396,0,0.0,0,pos,0,0.0,0,pos
FUN_005746,18,0.016666666666666666,0,pos,0,0.0,0,pos
FUN_005318,54,0.10714285714285714,1,pos_s378_e426,36,0.07142857142857142,1,pos_s384_e420
FUN_005113,36,0.10714285714285714,0,pos,0,0.0,0,pos
FUN_001089,0,0.0,0,pos,0,0.0,0,pos
FUN_015379,0,0.0,0,pos,0,0.0,0,pos
FUN_012103,0,0.0,0,pos,0,0.0,0,pos
FUN_009226,0,0.0,0,pos,0,0.0,0,pos
FUN_016764,0,0.0,0,pos,0,0.0,0,pos
FUN_003381,36,0.04081632653061224,0,pos,6,0.006802721088435374,0,pos
FUN_008446,390,0.023679417122040074,6,pos_s900_e936_s1578_e1608_s4146_e4182_s4608_e4662_s14874_e14910_s15354_e15390,48,0.0029143897996357013,0,pos
FUN_001189,0,0.0,0,pos,0,0.0,0,pos
FUN_008800,0,0.0,0,pos,0,0.0,0,pos
FUN_012225,0,0.0,0,pos,0,0.0,0,pos
FUN_006681,300,0.30120481927710846,2,pos_s420_e498_s720_e876,216,0.21686746987951808,3,pos_s450_e498_s720_e762_s768_e876
FUN_006919,6,0.0031847133757961785,0,pos,0,0.0,0,pos
FUN_009011,114,0.037037037037037035,2,pos_s54_e102_s1242_e1272,36,0.011695906432748537,1,pos_s1242_e1272
FUN_001229,0,0.0,0,pos,0,0.0,0,pos
FUN_016674,0,0.0,0,pos,0,0.0,0,pos
FUN_007261,0,0.0,0,pos,0,0.0,0,pos
FUN_016222,0,0.0,0,pos,0,0.0,0,pos
FUN_002335,0,0.0,0,pos,0,0.0,0,pos
FUN_007550,30,0.017006802721088437,1,pos_s1230_e1260,0,0.0,0,pos
FUN_008560,0,0.0,0,pos,0,0.0,0,pos
FUN_007483,30,0.020491803278688523,1,pos_s54_e84,0,0.0,0,pos
FUN_001814,0,0.0,0,pos,0,0.0,0,pos
FUN_005144,0,0.0,0,pos,0,0.0,0,pos
FUN_008820,24,0.029197080291970802,0,pos,6,0.0072992700729927005,0,pos
FUN_012532,0,0.0,0,pos,0,0.0,0,pos
FUN_004104,0,0.0,0,pos,0,0.0,0,pos
FUN_011183,6,0.009523809523809525,0,pos,0,0.0,0,pos
FUN_000070,78,0.040372670807453416,1,pos_s30_e108,42,0.021739130434782608,0,pos
FUN_011182,42,0.014462809917355372,0,pos,0,0.0,0,pos
FUN_016487,0,0.0,0,pos,0,0.0,0,pos
FUN_003953,96,0.02831858407079646,1,pos_s1710_e1758,42,0.012389380530973451,0,pos
FUN_000608,72,0.046875,2,pos_s984_e1026_s1044_e1074,0,0.0,0,pos
FUN_012011,0,0.0,0,pos,0,0.0,0,pos
FUN_016353,0,0.0,0,pos,0,0.0,0,pos
FUN_006772,6,0.0022471910112359553,0,pos,0,0.0,0,pos
FUN_009479,0,0.0,0,pos,0,0.0,0,pos
FUN_006383,252,0.08171206225680934,3,pos_s1818_e1932_s2310_e2340_s2346_e2454,162,0.05252918287937743,3,pos_s1830_e1908_s2358_e2412_s2424_e2454
FUN_009565,0,0.0,0,pos,0,0.0,0,pos
FUN_016710,0,0.0,0,pos,0,0.0,0,pos
FUN_006002,12,0.016666666666666666,0,pos,0,0.0,0,pos
FUN_003242,0,0.0,0,pos,0,0.0,0,pos
FUN_005839,30,0.05434782608695652,0,pos,6,0.010869565217391304,0,pos
FUN_002831,48,0.04819277108433735,1,pos_s588_e618,0,0.0,0,pos
FUN_001832,318,0.06608478802992519,3,pos_s276_e324_s456_e546_s1998_e2154,222,0.046134663341645885,2,pos_s468_e546_s2004_e2148
FUN_008176,6,0.003875968992248062,0,pos,0,0.0,0,pos
FUN_008394,0,0.0,0,pos,0,0.0,0,pos
FUN_010675,0,0.0,0,pos,0,0.0,0,pos
FUN_000920,0,0.0,0,pos,0,0.0,0,pos
FUN_011237,198,0.07801418439716312,2,pos_s126_e234_s1974_e2052,72,0.028368794326241134,1,pos_s1998_e2052
FUN_011781,0,0.0,0,pos,0,0.0,0,pos
FUN_005258,120,0.05970149253731343,2,pos_s186_e240_s1938_e1980,24,0.011940298507462687,0,pos
FUN_005345,0,0.0,0,pos,0,0.0,0,pos
FUN_006910,0,0.0,0,pos,0,0.0,0,pos
FUN_010294,0,0.0,0,pos,0,0.0,0,pos
FUN_002843,0,0.0,0,pos,0,0.0,0,pos
FUN_011891,0,0.0,0,pos,0,0.0,0,pos
FUN_005595,6,0.009900990099009901,0,pos,0,0.0,0,pos
FUN_004725,84,0.06698564593301436,1,pos_s900_e954,0,0.0,0,pos
FUN_000337,0,0.0,0,pos,0,0.0,0,pos
FUN_016056,0,0.0,0,pos,0,0.0,0,pos
FUN_016709,0,0.0,0,pos,0,0.0,0,pos
FUN_006016,0,0.0,0,pos,0,0.0,0,pos
FUN_002977,0,0.0,0,pos,0,0.0,0,pos
FUN_010529,0,0.0,0,pos,0,0.0,0,pos
FUN_005784,0,0.0,0,pos,0,0.0,0,pos
FUN_000275,138,0.04722792607802875,3,pos_s1584_e1632_s1650_e1704_s2028_e2058,90,0.030800821355236138,2,pos_s1590_e1632_s1650_e1698
FUN_003732,0,0.0,0,pos,0,0.0,0,pos
FUN_001906,0,0.0,0,pos,0,0.0,0,pos
FUN_002796,66,0.031161473087818695,1,pos_s1602_e1632,24,0.0113314447592068,0,pos
FUN_010313,0,0.0,0,pos,0,0.0,0,pos
FUN_000539,90,0.06048387096774194,1,pos_s1146_e1230,0,0.0,0,pos
FUN_009684,150,0.4807692307692308,2,pos_s36_e156_s162_e192,54,0.17307692307692307,1,pos_s60_e90
FUN_011450,96,0.1951219512195122,1,pos_s60_e150,30,0.06097560975609756,0,pos
FUN_005894,0,0.0,0,pos,0,0.0,0,pos
FUN_006870,0,0.0,0,pos,0,0.0,0,pos
FUN_007697,0,0.0,0,pos,0,0.0,0,pos
FUN_005445,0,0.0,0,pos,0,0.0,0,pos
FUN_001748,0,0.0,0,pos,0,0.0,0,pos
FUN_007652,0,0.0,0,pos,0,0.0,0,pos
FUN_015269,0,0.0,0,pos,0,0.0,0,pos
FUN_016828,0,0.0,0,pos,0,0.0,0,pos
FUN_007083,0,0.0,0,pos,0,0.0,0,pos
FUN_011939,0,0.0,0,pos,0,0.0,0,pos
FUN_005018,504,0.12462908011869436,8,pos_s1860_e1908_s2382_e2424_s2652_e2682_s2838_e2868_s2874_e2952_s2958_e3012_s3042_e3126_s3288_e3342,210,0.05192878338278932,4,pos_s2838_e2868_s2880_e2946_s3078_e3120_s3288_e3336
FUN_016039,0,0.0,0,pos,0,0.0,0,pos
FUN_011140,0,0.0,0,pos,0,0.0,0,pos
FUN_003757,30,0.038461538461538464,0,pos,0,0.0,0,pos
FUN_004188,0,0.0,0,pos,0,0.0,0,pos
FUN_001357,0,0.0,0,pos,0,0.0,0,pos
FUN_001092,54,0.04411764705882353,1,pos_s672_e726,0,0.0,0,pos
FUN_003220,0,0.0,0,pos,0,0.0,0,pos
FUN_005272,0,0.0,0,pos,0,0.0,0,pos
FUN_012109,0,0.0,0,pos,0,0.0,0,pos
FUN_007392,18,0.007075471698113208,0,pos,0,0.0,0,pos
FUN_015776,0,0.0,0,pos,0,0.0,0,pos
FUN_004940,12,0.013422818791946308,0,pos,0,0.0,0,pos
FUN_008395,0,0.0,0,pos,0,0.0,0,pos
FUN_010019,0,0.0,0,pos,0,0.0,0,pos
FUN_005108,0,0.0,0,pos,0,0.0,0,pos
FUN_007815,0,0.0,0,pos,0,0.0,0,pos
FUN_007006,78,0.017663043478260868,1,pos_s1044_e1104,12,0.002717391304347826,0,pos
FUN_001013,0,0.0,0,pos,0,0.0,0,pos
FUN_007808,0,0.0,0,pos,0,0.0,0,pos
FUN_010607,0,0.0,0,pos,0,0.0,0,pos
FUN_012500,0,0.0,0,pos,0,0.0,0,pos
FUN_015580,0,0.0,0,pos,0,0.0,0,pos
FUN_016724,0,0.0,0,pos,0,0.0,0,pos
FUN_001492,0,0.0,0,pos,0,0.0,0,pos
FUN_007959,0,0.0,0,pos,0,0.0,0,pos
FUN_007733,0,0.0,0,pos,0,0.0,0,pos
FUN_004949,0,0.0,0,pos,0,0.0,0,pos
FUN_010741,0,0.0,0,pos,0,0.0,0,pos
FUN_003565,60,0.01447178002894356,1,pos_s1626_e1680,0,0.0,0,pos
FUN_007513,0,0.0,0,pos,0,0.0,0,pos
FUN_001048,0,0.0,0,pos,0,0.0,0,pos
FUN_016460,0,0.0,0,pos,0,0.0,0,pos
FUN_000694,0,0.0,0,pos,0,0.0,0,pos
FUN_005878,102,0.09239130434782608,2,pos_s54_e90_s936_e1002,30,0.02717391304347826,1,pos_s936_e966
FUN_000937,0,0.0,0,pos,0,0.0,0,pos
FUN_001407,0,0.0,0,pos,0,0.0,0,pos
FUN_007050,132,0.02925531914893617,3,pos_s90_e126_s132_e174_s264_e318,36,0.007978723404255319,1,pos_s264_e300
FUN_010342,0,0.0,0,pos,0,0.0,0,pos
FUN_009389,0,0.0,0,pos,0,0.0,0,pos
FUN_011463,36,0.0625,0,pos,0,0.0,0,pos
FUN_015940,0,0.0,0,pos,0,0.0,0,pos
FUN_001684,6,0.006896551724137931,0,pos,0,0.0,0,pos
FUN_001150,0,0.0,0,pos,0,0.0,0,pos
FUN_000270,0,0.0,0,pos,0,0.0,0,pos
FUN_010538,0,0.0,0,pos,0,0.0,0,pos
FUN_004771,0,0.0,0,pos,0,0.0,0,pos
FUN_015860,0,0.0,0,pos,0,0.0,0,pos
FUN_000520,0,0.0,0,pos,0,0.0,0,pos
FUN_011768,0,0.0,0,pos,0,0.0,0,pos
FUN_000225,12,0.0036036036036036037,0,pos,0,0.0,0,pos
FUN_004101,18,0.007042253521126761,0,pos,6,0.002347417840375587,0,pos
FUN_000092,306,0.02230971128608924,5,pos_s1968_e2004_s2778_e2832_s4356_e4392_s5562_e5604_s9774_e9804,54,0.003937007874015748,0,pos
FUN_002014,192,0.08205128205128205,2,pos_s612_e672_s2208_e2274,18,0.007692307692307693,0,pos
FUN_011040,102,0.06227106227106227,1,pos_s918_e1002,0,0.0,0,pos
FUN_005138,6,0.001834862385321101,0,pos,0,0.0,0,pos
FUN_008574,0,0.0,0,pos,0,0.0,0,pos
FUN_001896,0,0.0,0,pos,0,0.0,0,pos
FUN_005712,0,0.0,0,pos,0,0.0,0,pos
FUN_006150,0,0.0,0,pos,0,0.0,0,pos
FUN_011049,0,0.0,0,pos,0,0.0,0,pos
FUN_000588,0,0.0,0,pos,0,0.0,0,pos
FUN_000743,18,0.025210084033613446,0,pos,0,0.0,0,pos
FUN_003643,0,0.0,0,pos,0,0.0,0,pos
FUN_000276,0,0.0,0,pos,0,0.0,0,pos
FUN_006295,0,0.0,0,pos,0,0.0,0,pos
FUN_005301,0,0.0,0,pos,0,0.0,0,pos
FUN_001601,0,0.0,0,pos,0,0.0,0,pos
FUN_007168,0,0.0,0,pos,0,0.0,0,pos
FUN_008289,42,0.019943019943019943,1,pos_s1458_e1500,0,0.0,0,pos
FUN_000851,18,0.03896103896103896,0,pos,6,0.012987012987012988,0,pos
FUN_008350,0,0.0,0,pos,0,0.0,0,pos
FUN_012187,0,0.0,0,pos,0,0.0,0,pos
FUN_016327,0,0.0,0,pos,0,0.0,0,pos
FUN_000344,0,0.0,0,pos,0,0.0,0,pos
FUN_007503,0,0.0,0,pos,0,0.0,0,pos
FUN_001373,0,0.0,0,pos,0,0.0,0,pos
FUN_009822,0,0.0,0,pos,0,0.0,0,pos
FUN_005543,0,0.0,0,pos,0,0.0,0,pos
FUN_006529,6,0.0017094017094017094,0,pos,0,0.0,0,pos
FUN_016454,0,0.0,0,pos,0,0.0,0,pos
FUN_002844,0,0.0,0,pos,0,0.0,0,pos
FUN_007895,24,0.027972027972027972,0,pos,0,0.0,0,pos
FUN_000058,0,0.0,0,pos,0,0.0,0,pos
FUN_001120,0,0.0,0,pos,0,0.0,0,pos
FUN_002020,0,0.0,0,pos,0,0.0,0,pos
FUN_016298,0,0.0,0,pos,0,0.0,0,pos
FUN_006637,0,0.0,0,pos,0,0.0,0,pos
FUN_010676,0,0.0,0,pos,0,0.0,0,pos
FUN_005339,0,0.0,0,pos,0,0.0,0,pos
FUN_002144,0,0.0,0,pos,0,0.0,0,pos
FUN_006726,6,0.008064516129032258,0,pos,0,0.0,0,pos
FUN_002271,0,0.0,0,pos,0,0.0,0,pos
FUN_009719,0,0.0,0,pos,0,0.0,0,pos
FUN_006000,0,0.0,0,pos,0,0.0,0,pos
FUN_007062,0,0.0,0,pos,0,0.0,0,pos
FUN_004583,0,0.0,0,pos,0,0.0,0,pos
FUN_012345,0,0.0,0,pos,0,0.0,0,pos
FUN_010039,264,0.11827956989247312,4,pos_s78_e180_s582_e618_s630_e678_s1512_e1554,36,0.016129032258064516,0,pos
FUN_012171,0,0.0,0,pos,0,0.0,0,pos
FUN_010067,0,0.0,0,pos,0,0.0,0,pos
FUN_012147,0,0.0,0,pos,0,0.0,0,pos
FUN_010488,18,0.010135135135135136,0,pos,0,0.0,0,pos
FUN_011036,0,0.0,0,pos,0,0.0,0,pos
FUN_015819,0,0.0,0,pos,0,0.0,0,pos
FUN_010777,0,0.0,0,pos,0,0.0,0,pos
FUN_010324,0,0.0,0,pos,0,0.0,0,pos
FUN_003583,0,0.0,0,pos,0,0.0,0,pos
FUN_003069,18,0.0028116213683223993,0,pos,0,0.0,0,pos
FUN_015958,0,0.0,0,pos,0,0.0,0,pos
FUN_006998,144,0.15584415584415584,2,pos_s480_e564_s594_e654,78,0.08441558441558442,1,pos_s606_e654
FUN_011959,0,0.0,0,pos,0,0.0,0,pos
FUN_001956,0,0.0,0,pos,0,0.0,0,pos
FUN_010913,78,0.07103825136612021,1,pos_s42_e120,0,0.0,0,pos
FUN_003206,54,0.6,1,pos_s6_e42,42,0.4666666666666667,1,pos_s12_e42
FUN_002902,0,0.0,0,pos,0,0.0,0,pos
FUN_011495,0,0.0,0,pos,0,0.0,0,pos
FUN_006318,78,0.18309859154929578,2,pos_s252_e294_s306_e342,24,0.056338028169014086,0,pos
FUN_005697,0,0.0,0,pos,0,0.0,0,pos
FUN_005999,30,0.03125,0,pos,0,0.0,0,pos
FUN_015246,0,0.0,0,pos,0,0.0,0,pos
FUN_011517,0,0.0,0,pos,0,0.0,0,pos
FUN_006129,246,0.10789473684210527,3,pos_s120_e156_s378_e486_s1596_e1644,84,0.03684210526315789,2,pos_s378_e432_s1596_e1626
FUN_001595,30,0.02577319587628866,1,pos_s384_e414,0,0.0,0,pos
FUN_015455,0,0.0,0,pos,0,0.0,0,pos
FUN_011349,24,0.007067137809187279,0,pos,0,0.0,0,pos
FUN_003858,0,0.0,0,pos,0,0.0,0,pos
FUN_009233,0,0.0,0,pos,0,0.0,0,pos
FUN_003853,0,0.0,0,pos,0,0.0,0,pos
FUN_007482,0,0.0,0,pos,0,0.0,0,pos
FUN_000405,0,0.0,0,pos,0,0.0,0,pos
FUN_010619,6,0.0125,0,pos,0,0.0,0,pos
FUN_011948,0,0.0,0,pos,0,0.0,0,pos
FUN_001641,0,0.0,0,pos,0,0.0,0,pos
FUN_002549,132,0.04365079365079365,2,pos_s1518_e1548_s1872_e1950,90,0.02976190476190476,1,pos_s1878_e1950
FUN_016596,0,0.0,0,pos,0,0.0,0,pos
FUN_004202,0,0.0,0,pos,0,0.0,0,pos
FUN_010576,42,0.0958904109589041,1,pos_s312_e354,0,0.0,0,pos
FUN_007533,0,0.0,0,pos,0,0.0,0,pos
FUN_010820,0,0.0,0,pos,0,0.0,0,pos
FUN_009138,0,0.0,0,pos,0,0.0,0,pos
FUN_004350,126,0.1590909090909091,3,pos_s408_e450_s642_e672_s696_e750,36,0.045454545454545456,1,pos_s420_e450
FUN_010235,24,0.013468013468013467,0,pos,6,0.003367003367003367,0,pos
FUN_007164,0,0.0,0,pos,0,0.0,0,pos
FUN_016280,0,0.0,0,pos,0,0.0,0,pos
FUN_003066,60,0.09345794392523364,0,pos,30,0.04672897196261682,0,pos
FUN_001860,132,0.29333333333333333,1,pos_s36_e90,12,0.02666666666666667,0,pos
FUN_005859,0,0.0,0,pos,0,0.0,0,pos
FUN_009593,6,0.0012062726176115801,0,pos,0,0.0,0,pos
FUN_008077,246,0.10933333333333334,3,pos_s552_e624_s666_e738_s870_e948,114,0.050666666666666665,2,pos_s696_e738_s870_e930
FUN_000190,0,0.0,0,pos,0,0.0,0,pos
FUN_003179,12,0.003780718336483932,0,pos,0,0.0,0,pos
FUN_005357,0,0.0,0,pos,0,0.0,0,pos
FUN_012379,102,0.015468607825295723,0,pos,66,0.010009099181073703,1,pos_s6492_e6558
FUN_006459,0,0.0,0,pos,0,0.0,0,pos
FUN_004205,42,0.010086455331412104,1,pos_s3786_e3822,0,0.0,0,pos
FUN_008501,0,0.0,0,pos,0,0.0,0,pos
FUN_016024,0,0.0,0,pos,0,0.0,0,pos
FUN_005842,6,0.0032258064516129032,0,pos,0,0.0,0,pos
FUN_010882,0,0.0,0,pos,0,0.0,0,pos
FUN_015878,0,0.0,0,pos,0,0.0,0,pos
FUN_006417,78,0.013078470824949699,2,pos_s5364_e5394_s5826_e5856,0,0.0,0,pos
FUN_009904,12,0.005434782608695652,0,pos,0,0.0,0,pos
FUN_004990,192,0.8205128205128205,1,pos_s0_e180,138,0.5897435897435898,1,pos_s30_e126
FUN_004340,0,0.0,0,pos,0,0.0,0,pos
FUN_016442,0,0.0,0,pos,0,0.0,0,pos
FUN_010500,0,0.0,0,pos,0,0.0,0,pos
FUN_007748,42,0.030042918454935622,1,pos_s432_e474,0,0.0,0,pos
FUN_010347,120,0.16260162601626016,2,pos_s126_e204_s294_e324,18,0.024390243902439025,0,pos
FUN_007030,0,0.0,0,pos,0,0.0,0,pos
FUN_010162,114,0.04589371980676329,1,pos_s1536_e1650,42,0.016908212560386472,0,pos
FUN_000114,72,0.04597701149425287,1,pos_s252_e312,0,0.0,0,pos
FUN_001409,0,0.0,0,pos,0,0.0,0,pos
FUN_009799,0,0.0,0,pos,0,0.0,0,pos
FUN_003982,0,0.0,0,pos,0,0.0,0,pos
FUN_005785,0,0.0,0,pos,0,0.0,0,pos
FUN_005879,66,0.16923076923076924,2,pos_s0_e30_s42_e78,0,0.0,0,pos
FUN_009779,276,0.08455882352941177,2,pos_s894_e954_s2214_e2256,30,0.009191176470588236,0,pos
FUN_001808,0,0.0,0,pos,0,0.0,0,pos
FUN_007014,0,0.0,0,pos,0,0.0,0,pos
FUN_010898,0,0.0,0,pos,0,0.0,0,pos
FUN_006332,0,0.0,0,pos,0,0.0,0,pos
FUN_000641,0,0.0,0,pos,0,0.0,0,pos
FUN_003338,0,0.0,0,pos,0,0.0,0,pos
FUN_010782,0,0.0,0,pos,0,0.0,0,pos
FUN_006863,0,0.0,0,pos,0,0.0,0,pos
FUN_001254,0,0.0,0,pos,0,0.0,0,pos
FUN_006841,0,0.0,0,pos,0,0.0,0,pos
FUN_009253,12,0.018018018018018018,0,pos,6,0.009009009009009009,0,pos
FUN_002510,102,0.016129032258064516,1,pos_s3630_e3660,0,0.0,0,pos
FUN_008281,108,0.07792207792207792,2,pos_s1188_e1242_s1290_e1344,36,0.025974025974025976,1,pos_s1290_e1326
FUN_007175,0,0.0,0,pos,0,0.0,0,pos
FUN_006738,264,0.061196105702364396,3,pos_s1122_e1224_s1386_e1434_s2508_e2538,66,0.015299026425591099,1,pos_s1158_e1224
FUN_004560,6,0.009433962264150943,0,pos,0,0.0,0,pos
FUN_006673,66,0.02018348623853211,2,pos_s2670_e2706_s2712_e2742,6,0.001834862385321101,0,pos
FUN_001818,0,0.0,0,pos,0,0.0,0,pos
FUN_003497,0,0.0,0,pos,0,0.0,0,pos
FUN_004803,72,0.021052631578947368,1,pos_s738_e780,0,0.0,0,pos
FUN_008970,0,0.0,0,pos,0,0.0,0,pos
FUN_009869,36,0.056074766355140186,0,pos,0,0.0,0,pos
FUN_009359,0,0.0,0,pos,0,0.0,0,pos
FUN_007930,18,0.005859375,0,pos,0,0.0,0,pos
FUN_006886,0,0.0,0,pos,0,0.0,0,pos
FUN_015924,0,0.0,0,pos,0,0.0,0,pos
FUN_011087,96,0.23529411764705882,2,pos_s24_e60_s168_e222,0,0.0,0,pos
FUN_003036,18,0.02912621359223301,0,pos,0,0.0,0,pos
FUN_008691,0,0.0,0,pos,0,0.0,0,pos
FUN_009187,18,0.023255813953488372,0,pos,0,0.0,0,pos
FUN_007592,162,0.10112359550561797,1,pos_s624_e738,54,0.033707865168539325,1,pos_s696_e726
FUN_008152,24,0.007042253521126761,0,pos,0,0.0,0,pos
FUN_009377,0,0.0,0,pos,0,0.0,0,pos
FUN_015291,0,0.0,0,pos,0,0.0,0,pos
FUN_004015,84,0.022617124394184167,1,pos_s786_e864,0,0.0,0,pos
FUN_001870,0,0.0,0,pos,0,0.0,0,pos
FUN_010514,0,0.0,0,pos,0,0.0,0,pos
FUN_008070,6,0.0045871559633027525,0,pos,0,0.0,0,pos
FUN_001214,0,0.0,0,pos,0,0.0,0,pos
FUN_008220,0,0.0,0,pos,0,0.0,0,pos
FUN_001439,120,0.625,1,pos_s42_e162,108,0.5625,1,pos_s54_e162
FUN_015783,0,0.0,0,pos,0,0.0,0,pos
FUN_002816,0,0.0,0,pos,0,0.0,0,pos
FUN_003570,54,0.1125,1,pos_s228_e282,42,0.0875,1,pos_s234_e264
FUN_008869,0,0.0,0,pos,0,0.0,0,pos
FUN_011597,0,0.0,0,pos,0,0.0,0,pos
FUN_003037,0,0.0,0,pos,0,0.0,0,pos
FUN_002355,162,0.09342560553633218,2,pos_s1368_e1428_s1530_e1608,24,0.01384083044982699,0,pos
FUN_007814,0,0.0,0,pos,0,0.0,0,pos
FUN_003095,0,0.0,0,pos,0,0.0,0,pos
FUN_003994,102,0.024709302325581394,1,pos_s2490_e2526,54,0.01308139534883721,0,pos
FUN_001369,54,0.03501945525291829,1,pos_s1452_e1506,0,0.0,0,pos
FUN_000935,0,0.0,0,pos,0,0.0,0,pos
FUN_008708,0,0.0,0,pos,0,0.0,0,pos
FUN_000349,36,0.00683371298405467,1,pos_s192_e228,0,0.0,0,pos
FUN_007735,0,0.0,0,pos,0,0.0,0,pos
FUN_007826,150,0.10964912280701754,4,pos_s342_e384_s414_e450_s888_e918_s930_e972,54,0.039473684210526314,1,pos_s930_e960
FUN_005980,48,0.5,1,pos_s30_e78,36,0.375,1,pos_s42_e78
FUN_011744,0,0.0,0,pos,0,0.0,0,pos
FUN_016211,0,0.0,0,pos,0,0.0,0,pos
FUN_009530,6,0.004901960784313725,0,pos,0,0.0,0,pos
FUN_008337,0,0.0,0,pos,0,0.0,0,pos
FUN_004550,0,0.0,0,pos,0,0.0,0,pos
FUN_016445,0,0.0,0,pos,0,0.0,0,pos
FUN_010446,0,0.0,0,pos,0,0.0,0,pos
FUN_015833,0,0.0,0,pos,0,0.0,0,pos
FUN_015441,0,0.0,0,pos,0,0.0,0,pos
FUN_011614,0,0.0,0,pos,0,0.0,0,pos
FUN_007993,0,0.0,0,pos,0,0.0,0,pos
FUN_009384,0,0.0,0,pos,0,0.0,0,pos
FUN_002214,0,0.0,0,pos,0,0.0,0,pos
FUN_000590,150,0.07462686567164178,3,pos_s24_e60_s252_e282_s696_e750,18,0.008955223880597015,0,pos
FUN_005633,42,0.03664921465968586,0,pos,0,0.0,0,pos
FUN_004262,18,0.008875739644970414,0,pos,0,0.0,0,pos
FUN_003522,0,0.0,0,pos,0,0.0,0,pos
FUN_009728,0,0.0,0,pos,0,0.0,0,pos
FUN_008706,126,0.058333333333333334,1,pos_s492_e594,72,0.03333333333333333,1,pos_s492_e564
FUN_001420,0,0.0,0,pos,0,0.0,0,pos
FUN_010653,0,0.0,0,pos,0,0.0,0,pos
FUN_003725,0,0.0,0,pos,0,0.0,0,pos
FUN_010587,0,0.0,0,pos,0,0.0,0,pos
FUN_008321,0,0.0,0,pos,0,0.0,0,pos
FUN_012533,0,0.0,0,pos,0,0.0,0,pos
FUN_001190,72,0.00606366851945427,1,pos_s1728_e1764,72,0.00606366851945427,1,pos_s1728_e1764
FUN_002080,0,0.0,0,pos,0,0.0,0,pos
FUN_006191,0,0.0,0,pos,0,0.0,0,pos
FUN_000584,0,0.0,0,pos,0,0.0,0,pos
FUN_007347,12,0.013605442176870748,0,pos,12,0.013605442176870748,0,pos
FUN_015855,0,0.0,0,pos,0,0.0,0,pos
FUN_002997,0,0.0,0,pos,0,0.0,0,pos
FUN_002748,0,0.0,0,pos,0,0.0,0,pos
FUN_004842,126,0.02169421487603306,2,pos_s1770_e1812_s1866_e1920,102,0.01756198347107438,2,pos_s1770_e1812_s1872_e1920
FUN_002560,168,0.05714285714285714,2,pos_s2388_e2478_s2856_e2892,0,0.0,0,pos
FUN_000118,0,0.0,0,pos,0,0.0,0,pos
FUN_000260,18,0.017341040462427744,0,pos,0,0.0,0,pos
FUN_010667,0,0.0,0,pos,0,0.0,0,pos
FUN_004110,0,0.0,0,pos,0,0.0,0,pos
FUN_004781,24,0.03225806451612903,0,pos,0,0.0,0,pos
FUN_005721,0,0.0,0,pos,0,0.0,0,pos
FUN_002595,0,0.0,0,pos,0,0.0,0,pos
FUN_005137,0,0.0,0,pos,0,0.0,0,pos
FUN_011222,0,0.0,0,pos,0,0.0,0,pos
FUN_005359,0,0.0,0,pos,0,0.0,0,pos
FUN_005076,0,0.0,0,pos,0,0.0,0,pos
FUN_003655,0,0.0,0,pos,0,0.0,0,pos
FUN_010965,0,0.0,0,pos,0,0.0,0,pos
FUN_000952,0,0.0,0,pos,0,0.0,0,pos
FUN_006889,0,0.0,0,pos,0,0.0,0,pos
FUN_007177,0,0.0,0,pos,0,0.0,0,pos
FUN_007986,0,0.0,0,pos,0,0.0,0,pos
FUN_001196,0,0.0,0,pos,0,0.0,0,pos
FUN_016147,0,0.0,0,pos,0,0.0,0,pos
FUN_004600,0,0.0,0,pos,0,0.0,0,pos
FUN_002452,0,0.0,0,pos,0,0.0,0,pos
FUN_007457,0,0.0,0,pos,0,0.0,0,pos
FUN_009807,0,0.0,0,pos,0,0.0,0,pos
FUN_004623,0,0.0,0,pos,0,0.0,0,pos
FUN_009415,0,0.0,0,pos,0,0.0,0,pos
FUN_006558,0,0.0,0,pos,0,0.0,0,pos
FUN_011051,18,0.016129032258064516,0,pos,0,0.0,0,pos
FUN_003625,0,0.0,0,pos,0,0.0,0,pos
FUN_000693,114,0.07883817427385892,1,pos_s900_e1014,30,0.02074688796680498,1,pos_s954_e984
FUN_009154,54,0.02631578947368421,1,pos_s1824_e1878,12,0.005847953216374269,0,pos
FUN_016610,0,0.0,0,pos,0,0.0,0,pos
FUN_011225,0,0.0,0,pos,0,0.0,0,pos
FUN_003884,0,0.0,0,pos,0,0.0,0,pos
FUN_015546,0,0.0,0,pos,0,0.0,0,pos
FUN_015659,0,0.0,0,pos,0,0.0,0,pos
FUN_009127,390,0.11245674740484429,4,pos_s180_e210_s1416_e1530_s2682_e2790_s3192_e3294,144,0.04152249134948097,2,pos_s1422_e1530_s2754_e2790
FUN_003949,0,0.0,0,pos,0,0.0,0,pos
FUN_008660,0,0.0,0,pos,0,0.0,0,pos
FUN_016359,0,0.0,0,pos,0,0.0,0,pos
FUN_000207,0,0.0,0,pos,0,0.0,0,pos
FUN_009357,744,0.2380038387715931,7,pos_s798_e864_s1266_e1362_s1410_e1524_s1944_e2058_s2454_e2580_s2682_e2754_s3024_e3078,414,0.1324376199616123,5,pos_s804_e864_s1284_e1362_s1410_e1446_s1944_e2034_s2454_e2532
FUN_000359,0,0.0,0,pos,0,0.0,0,pos
FUN_016462,0,0.0,0,pos,0,0.0,0,pos
FUN_010612,48,0.024691358024691357,1,pos_s1884_e1926,0,0.0,0,pos
FUN_009586,144,0.046875,1,pos_s2646_e2724,60,0.01953125,1,pos_s2670_e2724
FUN_003504,48,0.052980132450331126,1,pos_s810_e840,0,0.0,0,pos
FUN_011841,0,0.0,0,pos,0,0.0,0,pos
FUN_010586,0,0.0,0,pos,0,0.0,0,pos
FUN_015565,0,0.0,0,pos,0,0.0,0,pos
FUN_011338,0,0.0,0,pos,0,0.0,0,pos
FUN_006388,0,0.0,0,pos,0,0.0,0,pos
FUN_003294,54,0.10975609756097561,1,pos_s426_e462,0,0.0,0,pos
FUN_008682,0,0.0,0,pos,0,0.0,0,pos
FUN_003198,0,0.0,0,pos,0,0.0,0,pos
FUN_012289,0,0.0,0,pos,0,0.0,0,pos
FUN_010737,0,0.0,0,pos,0,0.0,0,pos
FUN_004505,0,0.0,0,pos,0,0.0,0,pos
FUN_005228,18,0.011235955056179775,0,pos,0,0.0,0,pos
FUN_010936,0,0.0,0,pos,0,0.0,0,pos
FUN_016381,0,0.0,0,pos,0,0.0,0,pos
FUN_004582,0,0.0,0,pos,0,0.0,0,pos
FUN_009355,0,0.0,0,pos,0,0.0,0,pos
FUN_009653,0,0.0,0,pos,0,0.0,0,pos
FUN_000893,0,0.0,0,pos,0,0.0,0,pos
FUN_001006,0,0.0,0,pos,0,0.0,0,pos
FUN_011962,0,0.0,0,pos,0,0.0,0,pos
FUN_002082,0,0.0,0,pos,0,0.0,0,pos
FUN_008356,0,0.0,0,pos,0,0.0,0,pos
FUN_015289,0,0.0,0,pos,0,0.0,0,pos
FUN_008834,0,0.0,0,pos,0,0.0,0,pos
FUN_010713,0,0.0,0,pos,0,0.0,0,pos
FUN_008432,0,0.0,0,pos,0,0.0,0,pos
FUN_004173,0,0.0,0,pos,0,0.0,0,pos
FUN_001463,0,0.0,0,pos,0,0.0,0,pos
FUN_005167,0,0.0,0,pos,0,0.0,0,pos
FUN_011109,6,0.009345794392523364,0,pos,0,0.0,0,pos
FUN_004046,0,0.0,0,pos,0,0.0,0,pos
FUN_015506,0,0.0,0,pos,0,0.0,0,pos
FUN_012142,0,0.0,0,pos,0,0.0,0,pos
FUN_008050,0,0.0,0,pos,0,0.0,0,pos
FUN_006356,0,0.0,0,pos,0,0.0,0,pos
FUN_011944,0,0.0,0,pos,0,0.0,0,pos
FUN_016688,0,0.0,0,pos,0,0.0,0,pos
FUN_011879,0,0.0,0,pos,0,0.0,0,pos
FUN_007558,0,0.0,0,pos,0,0.0,0,pos
FUN_010332,0,0.0,0,pos,0,0.0,0,pos
FUN_000960,0,0.0,0,pos,0,0.0,0,pos
FUN_001199,54,0.15254237288135594,1,pos_s270_e306,0,0.0,0,pos
FUN_005896,0,0.0,0,pos,0,0.0,0,pos
FUN_007931,60,0.03355704697986577,0,pos,0,0.0,0,pos
FUN_008075,168,0.21052631578947367,1,pos_s246_e414,12,0.015037593984962405,0,pos
FUN_011122,0,0.0,0,pos,0,0.0,0,pos
FUN_015977,0,0.0,0,pos,0,0.0,0,pos
FUN_011376,84,0.18181818181818182,2,pos_s324_e372_s378_e414,0,0.0,0,pos
FUN_012530,0,0.0,0,pos,0,0.0,0,pos
FUN_006172,0,0.0,0,pos,0,0.0,0,pos
FUN_008357,72,0.02586206896551724,1,pos_s1722_e1794,0,0.0,0,pos
FUN_008161,0,0.0,0,pos,0,0.0,0,pos
FUN_010049,0,0.0,0,pos,0,0.0,0,pos
FUN_005909,0,0.0,0,pos,0,0.0,0,pos
FUN_003669,0,0.0,0,pos,0,0.0,0,pos
FUN_015891,0,0.0,0,pos,0,0.0,0,pos
FUN_009290,120,0.027434842249657063,2,pos_s1290_e1320_s3000_e3036,24,0.0054869684499314125,0,pos
FUN_016111,0,0.0,0,pos,0,0.0,0,pos
FUN_010012,0,0.0,0,pos,0,0.0,0,pos
FUN_000541,0,0.0,0,pos,0,0.0,0,pos
FUN_006268,0,0.0,0,pos,0,0.0,0,pos
FUN_005623,0,0.0,0,pos,0,0.0,0,pos
FUN_000321,6,0.007194244604316547,0,pos,6,0.007194244604316547,0,pos
FUN_011984,0,0.0,0,pos,0,0.0,0,pos
FUN_012477,0,0.0,0,pos,0,0.0,0,pos
FUN_003686,0,0.0,0,pos,0,0.0,0,pos
FUN_003019,72,0.08695652173913043,1,pos_s696_e768,36,0.043478260869565216,0,pos
FUN_004795,42,0.026022304832713755,0,pos,0,0.0,0,pos
FUN_006196,0,0.0,0,pos,0,0.0,0,pos
FUN_009425,0,0.0,0,pos,0,0.0,0,pos
FUN_000024,522,0.04456967213114754,6,pos_s612_e672_s2712_e2826_s3924_e3954_s3978_e4014_s6204_e6324_s6618_e6672,132,0.011270491803278689,2,pos_s2712_e2748_s6210_e6300
FUN_005984,0,0.0,0,pos,0,0.0,0,pos
FUN_004161,0,0.0,0,pos,0,0.0,0,pos
FUN_002948,0,0.0,0,pos,0,0.0,0,pos
FUN_011783,0,0.0,0,pos,0,0.0,0,pos
FUN_006445,0,0.0,0,pos,0,0.0,0,pos
FUN_007076,0,0.0,0,pos,0,0.0,0,pos
FUN_005857,0,0.0,0,pos,0,0.0,0,pos
FUN_010396,72,0.11320754716981132,1,pos_s360_e426,42,0.0660377358490566,1,pos_s384_e414
FUN_008654,6,0.009900990099009901,0,pos,0,0.0,0,pos
FUN_005865,0,0.0,0,pos,0,0.0,0,pos
FUN_003547,0,0.0,0,pos,0,0.0,0,pos
FUN_003979,144,0.041237113402061855,2,pos_s0_e90_s2322_e2352,90,0.02577319587628866,1,pos_s0_e90
FUN_003174,0,0.0,0,pos,0,0.0,0,pos
FUN_015349,0,0.0,0,pos,0,0.0,0,pos
FUN_012392,0,0.0,0,pos,0,0.0,0,pos
FUN_004280,24,0.023121387283236993,0,pos,0,0.0,0,pos
FUN_011769,0,0.0,0,pos,0,0.0,0,pos
FUN_000681,0,0.0,0,pos,0,0.0,0,pos
FUN_008361,0,0.0,0,pos,0,0.0,0,pos
FUN_011446,72,0.10344827586206896,1,pos_s354_e426,0,0.0,0,pos
FUN_011860,0,0.0,0,pos,0,0.0,0,pos
FUN_016780,0,0.0,0,pos,0,0.0,0,pos
FUN_005239,0,0.0,0,pos,0,0.0,0,pos
FUN_003151,0,0.0,0,pos,0,0.0,0,pos
FUN_003676,6,0.0031746031746031746,0,pos,0,0.0,0,pos
FUN_008920,0,0.0,0,pos,0,0.0,0,pos
FUN_012308,0,0.0,0,pos,0,0.0,0,pos
FUN_008085,0,0.0,0,pos,0,0.0,0,pos
FUN_010730,0,0.0,0,pos,0,0.0,0,pos
FUN_006378,30,0.021929824561403508,1,pos_s456_e486,0,0.0,0,pos
FUN_004562,0,0.0,0,pos,0,0.0,0,pos
FUN_000521,108,0.03302752293577982,1,pos_s1572_e1632,54,0.01651376146788991,1,pos_s1572_e1626
FUN_011830,0,0.0,0,pos,0,0.0,0,pos
FUN_000152,0,0.0,0,pos,0,0.0,0,pos
FUN_012491,0,0.0,0,pos,0,0.0,0,pos
FUN_006629,0,0.0,0,pos,0,0.0,0,pos
FUN_007134,108,0.4186046511627907,1,pos_s102_e204,48,0.18604651162790697,1,pos_s132_e180
FUN_005169,0,0.0,0,pos,0,0.0,0,pos
FUN_000499,0,0.0,0,pos,0,0.0,0,pos
FUN_004433,6,0.02857142857142857,0,pos,0,0.0,0,pos
FUN_004761,0,0.0,0,pos,0,0.0,0,pos
FUN_010278,180,0.12048192771084337,2,pos_s624_e720_s864_e942,54,0.03614457831325301,1,pos_s672_e720
FUN_016672,0,0.0,0,pos,0,0.0,0,pos
FUN_008326,0,0.0,0,pos,0,0.0,0,pos
FUN_008182,0,0.0,0,pos,0,0.0,0,pos
FUN_003599,624,0.2701298701298701,9,pos_s120_e192_s348_e456_s528_e558_s564_e654_s1422_e1452_s1506_e1566_s1614_e1668_s1848_e1956_s1962_e2004,204,0.08831168831168831,2,pos_s348_e456_s570_e642
FUN_004478,0,0.0,0,pos,0,0.0,0,pos
FUN_000542,168,0.0707070707070707,1,pos_s1788_e1956,36,0.015151515151515152,0,pos
FUN_012435,0,0.0,0,pos,0,0.0,0,pos
FUN_001146,0,0.0,0,pos,0,0.0,0,pos
FUN_010370,0,0.0,0,pos,0,0.0,0,pos
FUN_005567,0,0.0,0,pos,0,0.0,0,pos
FUN_010967,54,0.018036072144288578,1,pos_s2826_e2874,0,0.0,0,pos
FUN_010729,126,0.06086956521739131,2,pos_s1212_e1254_s1758_e1836,78,0.03768115942028986,2,pos_s1224_e1254_s1764_e1812
FUN_011498,0,0.0,0,pos,0,0.0,0,pos
FUN_006421,6,0.001996007984031936,0,pos,0,0.0,0,pos
FUN_015370,0,0.0,0,pos,0,0.0,0,pos
FUN_003664,0,0.0,0,pos,0,0.0,0,pos
FUN_003715,0,0.0,0,pos,0,0.0,0,pos
FUN_016385,0,0.0,0,pos,0,0.0,0,pos
FUN_002325,72,0.03418803418803419,1,pos_s408_e450,18,0.008547008547008548,0,pos
FUN_006577,6,0.012345679012345678,0,pos,0,0.0,0,pos
FUN_007002,0,0.0,0,pos,0,0.0,0,pos
FUN_006644,0,0.0,0,pos,0,0.0,0,pos
FUN_016493,0,0.0,0,pos,0,0.0,0,pos
FUN_003802,0,0.0,0,pos,0,0.0,0,pos
FUN_011869,0,0.0,0,pos,0,0.0,0,pos
FUN_010817,0,0.0,0,pos,0,0.0,0,pos
FUN_005522,18,0.007317073170731708,0,pos,0,0.0,0,pos
FUN_016314,0,0.0,0,pos,0,0.0,0,pos
FUN_005584,42,0.010401188707280832,0,pos,0,0.0,0,pos
FUN_000222,0,0.0,0,pos,0,0.0,0,pos
FUN_010642,0,0.0,0,pos,0,0.0,0,pos
FUN_000858,102,0.07203389830508475,1,pos_s456_e492,0,0.0,0,pos
FUN_009883,0,0.0,0,pos,0,0.0,0,pos
FUN_016621,0,0.0,0,pos,0,0.0,0,pos
FUN_011532,0,0.0,0,pos,0,0.0,0,pos
FUN_000020,84,0.023140495867768594,1,pos_s822_e858,12,0.003305785123966942,0,pos
FUN_002189,0,0.0,0,pos,0,0.0,0,pos
FUN_015342,0,0.0,0,pos,0,0.0,0,pos
FUN_010626,0,0.0,0,pos,0,0.0,0,pos
FUN_002427,0,0.0,0,pos,0,0.0,0,pos
FUN_006182,0,0.0,0,pos,0,0.0,0,pos
FUN_000012,0,0.0,0,pos,0,0.0,0,pos
FUN_004493,108,0.017964071856287425,1,pos_s108_e192,24,0.003992015968063872,0,pos
FUN_001267,0,0.0,0,pos,0,0.0,0,pos
FUN_007388,0,0.0,0,pos,0,0.0,0,pos
FUN_005122,108,0.03428571428571429,2,pos_s954_e984_s3030_e3072,12,0.0038095238095238095,0,pos
FUN_010597,0,0.0,0,pos,0,0.0,0,pos
FUN_004774,0,0.0,0,pos,0,0.0,0,pos
FUN_007766,24,0.014814814814814815,0,pos,0,0.0,0,pos
FUN_007195,0,0.0,0,pos,0,0.0,0,pos
FUN_007516,0,0.0,0,pos,0,0.0,0,pos
FUN_015999,0,0.0,0,pos,0,0.0,0,pos
FUN_011456,0,0.0,0,pos,0,0.0,0,pos
FUN_009158,42,0.07446808510638298,0,pos,6,0.010638297872340425,0,pos
FUN_015336,0,0.0,0,pos,0,0.0,0,pos
FUN_010455,24,0.0087527352297593,0,pos,0,0.0,0,pos
FUN_007288,24,0.14814814814814814,0,pos,0,0.0,0,pos
FUN_015780,0,0.0,0,pos,0,0.0,0,pos
FUN_011994,0,0.0,0,pos,0,0.0,0,pos
FUN_006340,0,0.0,0,pos,0,0.0,0,pos
FUN_001885,30,0.11363636363636363,0,pos,0,0.0,0,pos
FUN_016197,0,0.0,0,pos,0,0.0,0,pos
FUN_003172,0,0.0,0,pos,0,0.0,0,pos
FUN_009393,0,0.0,0,pos,0,0.0,0,pos
FUN_006324,0,0.0,0,pos,0,0.0,0,pos
FUN_006918,0,0.0,0,pos,0,0.0,0,pos
FUN_001283,0,0.0,0,pos,0,0.0,0,pos
FUN_004085,0,0.0,0,pos,0,0.0,0,pos
FUN_011504,0,0.0,0,pos,0,0.0,0,pos
FUN_016643,0,0.0,0,pos,0,0.0,0,pos
FUN_010689,0,0.0,0,pos,0,0.0,0,pos
FUN_015593,0,0.0,0,pos,0,0.0,0,pos
FUN_010803,0,0.0,0,pos,0,0.0,0,pos
FUN_003485,0,0.0,0,pos,0,0.0,0,pos
FUN_003745,0,0.0,0,pos,0,0.0,0,pos
FUN_012452,0,0.0,0,pos,0,0.0,0,pos
FUN_006258,48,0.07142857142857142,1,pos_s516_e564,30,0.044642857142857144,1,pos_s534_e564
FUN_007676,0,0.0,0,pos,0,0.0,0,pos
FUN_015417,0,0.0,0,pos,0,0.0,0,pos
FUN_004786,0,0.0,0,pos,0,0.0,0,pos
FUN_016534,0,0.0,0,pos,0,0.0,0,pos
FUN_010998,198,0.08991825613079019,2,pos_s48_e162_s1476_e1518,126,0.05722070844686648,1,pos_s48_e162
FUN_011359,252,0.09722222222222222,2,pos_s0_e30_s762_e930,132,0.05092592592592592,2,pos_s0_e30_s804_e876
FUN_009109,120,0.09389671361502347,1,pos_s852_e972,36,0.028169014084507043,1,pos_s924_e954
FUN_007640,0,0.0,0,pos,0,0.0,0,pos
FUN_015573,0,0.0,0,pos,0,0.0,0,pos
FUN_005504,0,0.0,0,pos,0,0.0,0,pos
FUN_010698,48,0.06060606060606061,1,pos_s642_e690,0,0.0,0,pos
FUN_007485,0,0.0,0,pos,0,0.0,0,pos
FUN_007247,12,0.004016064257028112,0,pos,0,0.0,0,pos
FUN_008590,120,0.023612750885478158,2,pos_s1488_e1524_s1602_e1644,0,0.0,0,pos
FUN_009827,0,0.0,0,pos,0,0.0,0,pos
FUN_008171,6,0.003194888178913738,0,pos,0,0.0,0,pos
FUN_008448,42,0.03626943005181347,0,pos,0,0.0,0,pos
FUN_011804,0,0.0,0,pos,0,0.0,0,pos
FUN_007875,0,0.0,0,pos,0,0.0,0,pos
FUN_005723,420,0.05021520803443329,5,pos_s1542_e1590_s1890_e1950_s6414_e6492_s6804_e6840_s8226_e8286,72,0.00860832137733142,1,pos_s8238_e8286
FUN_016139,0,0.0,0,pos,0,0.0,0,pos
FUN_008523,36,0.01160541586073501,1,pos_s498_e534,36,0.01160541586073501,1,pos_s498_e534
FUN_000115,0,0.0,0,pos,0,0.0,0,pos
FUN_005023,144,0.04580152671755725,3,pos_s1584_e1662_s1680_e1710_s3042_e3072,72,0.022900763358778626,1,pos_s1596_e1662
FUN_005269,0,0.0,0,pos,0,0.0,0,pos
FUN_009400,0,0.0,0,pos,0,0.0,0,pos
FUN_002530,0,0.0,0,pos,0,0.0,0,pos
FUN_006903,0,0.0,0,pos,0,0.0,0,pos
FUN_002615,0,0.0,0,pos,0,0.0,0,pos
FUN_008105,0,0.0,0,pos,0,0.0,0,pos
FUN_002019,0,0.0,0,pos,0,0.0,0,pos
FUN_000459,0,0.0,0,pos,0,0.0,0,pos
FUN_008138,72,0.02030456852791878,1,pos_s1728_e1776,0,0.0,0,pos
FUN_016177,0,0.0,0,pos,0,0.0,0,pos
FUN_010631,0,0.0,0,pos,0,0.0,0,pos
FUN_009462,0,0.0,0,pos,0,0.0,0,pos
FUN_004483,0,0.0,0,pos,0,0.0,0,pos
FUN_005482,18,0.016666666666666666,0,pos,0,0.0,0,pos
FUN_007577,0,0.0,0,pos,0,0.0,0,pos
FUN_010566,42,0.07,1,pos_s540_e576,6,0.01,0,pos
FUN_016033,0,0.0,0,pos,0,0.0,0,pos
FUN_016697,0,0.0,0,pos,0,0.0,0,pos
FUN_005431,0,0.0,0,pos,0,0.0,0,pos
FUN_015953,0,0.0,0,pos,0,0.0,0,pos
FUN_006790,0,0.0,0,pos,0,0.0,0,pos
FUN_015954,0,0.0,0,pos,0,0.0,0,pos
FUN_005702,0,0.0,0,pos,0,0.0,0,pos
FUN_004692,0,0.0,0,pos,0,0.0,0,pos
